Crop,Crop_Year,Season,State,Area,Production,Annual_Rainfall,Fertilizer,Pesticide,Actual_Yield,Predicted_Yield,Residual,Absolute_Error
Peas & beans (Pulses),2016,Kharif     ,Jammu and Kashmir,210.0,1010.0,902.8,32182.5,73.5,3.82,12.337795820073666,-8.517795820073665,8.517795820073665
Maize,1999,Rabi       ,Odisha,8270.0,10280.0,1484.3,877695.1,2232.9,1.395357143,0.953525972295381,0.44183117070461897,0.44183117070461897
Potato,2016,Winter     ,Meghalaya,6341.0,44026.0,3837.1,971758.25,2219.35,6.522727273,-8.719637268943217,15.242364541943218,15.242364541943218
Ragi,2008,Autumn     ,Jharkhand,29768.73,27189.0,1295.2,4258119.139,2679.1857,0.812857143,-14.921211998218638,15.734069141218638,15.734069141218638
Castor seed,2017,Kharif     ,Madhya Pradesh,8950.0,4970.0,800.0,1409088.0,3401.0,0.508,-1.8780074473637,2.3860074473637,2.3860074473637
Linseed,2000,Rabi       ,Jammu and Kashmir,361.0,94.0,989.5,35439.37,93.86,0.358,-8.06282235638568,8.420822356385681,8.420822356385681
Horse-gram,2007,Kharif     ,Uttarakhand,9001.0,7005.0,1924.3,1200733.4,1440.16,0.749090909,-4.606756323031874,5.3558472320318735,5.3558472320318735
Maize,2018,Rabi       ,Jharkhand,5944.0,11324.0,1222.7,964116.8,2080.4,1.835789474,10.534811574556926,-8.699022100556926,8.699022100556926
Sugarcane,1998,Whole Year ,West Bengal,26949.0,2001900.0,2152.5,2662561.2,7815.21,75.314375,156.84761140320774,-81.53323640320774,81.53323640320774
Ragi,2008,Kharif     ,Puducherry,21.0,52.0,1434.5875,3003.84,1.89,1.775,86.4628715998378,-84.68787159983779,84.68787159983779
Peas & beans (Pulses),2018,Rabi       ,Madhya Pradesh,64696.0,50205.0,1102.2,10493691.2,22643.6,0.7708,8.179173780836834,-7.4083737808368335,7.4083737808368335
Maize,2007,Summer     ,Odisha,2874.0,6495.0,1633.8,383391.6,459.84,1.383043478,1.6074845951934265,-0.2244411171934264,0.2244411171934264
Groundnut,1998,Winter     ,Odisha,5987.0,5184.0,1357.1,591515.6,1736.23,0.94,-1.7676325071572592,2.707632507157259,2.707632507157259
Rice,2002,Rabi       ,Andhra Pradesh,712766.0,2272773.0,648.1,67477557.22,178191.5,2.533636364,44.353156894746405,-41.8195205307464,41.8195205307464
Groundnut,2010,Kharif     ,Nagaland,730.0,740.0,1771.8,121260.3,175.2,1.008,7.434473294400362,-6.426473294400362,6.426473294400362
Rice,2013,Autumn     ,Bihar,549404.0,798676.0,1069.9,79383383.96,148339.08,1.413,5.606423465390293,-4.193423465390293,4.193423465390293
Urad,2003,Summer     ,Uttar Pradesh,57741.0,28301.0,1075.6,5715204.18,13857.84,0.540153846,-9.90581185380455,10.445965699804551,10.445965699804551
Dry chillies,2006,Whole Year ,Uttar Pradesh,15071.0,14295.0,590.5,1924717.41,3315.62,0.953283582,28.350272360490322,-27.39698877849032,27.39698877849032
Groundnut,2014,Kharif     ,Uttar Pradesh,97939.0,84595.0,616.4,14784871.44,32319.87,0.974339623,21.75183280365573,-20.777493180655732,20.777493180655732
Rice,2015,Autumn     ,Bihar,549012.0,725206.0,874.0,86694484.92,181173.96,1.347142857,6.6663686102567965,-5.319225753256797,5.319225753256797
Soyabean,2018,Kharif     ,Himachal Pradesh,554.0,931.0,1052.2,89858.8,193.9,1.59625,12.011091144016603,-10.414841144016604,10.414841144016604
Potato,2017,Rabi       ,Karnataka,5557.0,103976.0,1111.7,874894.08,2111.66,18.17769231,-33.730200834919486,51.907893144919484,51.907893144919484
Gram,2019,Rabi       ,Telangana,129914.0,199000.0,1031.7,22314028.64,48068.18,1.475333333,53.80190312986704,-52.32656979686704,52.32656979686704
Potato,2001,Whole Year ,Arunachal Pradesh,4646.0,32635.0,2128.5,474495.98,1207.96,6.809230769,19.59700844624669,-12.787777677246691,12.787777677246691
Cowpea(Lobia),2011,Kharif     ,Mizoram,1387.0,1458.0,2439.340909,232350.24,457.71,0.96625,-31.528383398938985,32.49463339893899,32.49463339893899
Rice,2011,Summer     ,Odisha,236000.0,755000.0,1346.2,39534720.0,77880.0,2.363913043,19.598344251255696,-17.234431208255696,17.234431208255696
Moong(Green Gram),2016,Winter     ,Odisha,128055.0,41693.0,1460.5,19624428.75,44819.25,0.407916667,3.2839690670625146,-2.8760524000625147,2.8760524000625147
Niger seed,2005,Kharif     ,Chhattisgarh,72798.0,12263.0,1292.7,8729936.16,15287.58,0.163571429,-68.20675484943723,68.37032627843723,68.37032627843723
Peas & beans (Pulses),2017,Rabi       ,Assam,30968.0,28869.0,2098.563636,4875601.92,11767.84,0.903703704,-52.97937646453477,53.88308016853477,53.88308016853477
Groundnut,2011,Rabi       ,Karnataka,167796.0,141687.0,1178.986364,28109185.92,55372.68,0.968928571,-31.820169495520076,32.789098066520076,32.789098066520076
Sweet potato,1998,Whole Year ,Bihar,17925.0,193770.0,1332.5,1770990.0,5198.25,11.04475,24.38621920518898,-13.341469205188979,13.341469205188979
Sunflower,2014,Rabi       ,Telangana,17002.0,24272.0,746.4,2566621.92,5610.66,1.321111111,38.62856223084266,-37.30745111984266,37.30745111984266
Masoor,2008,Rabi       ,Punjab,1100.0,600.0,691.3,157344.0,99.0,0.693333333,4.85954336722736,-4.16621003422736,4.16621003422736
Small millets,2009,Kharif     ,Tamil Nadu,33141.0,31244.0,928.5,5164030.62,5633.97,0.932173913,34.48017318328802,-33.54799927028802,33.54799927028802
Ragi,2015,Whole Year ,Kerala,64.0,76.0,2602.9,10106.24,21.12,1.405,-45.34374999249178,46.74874999249178,46.74874999249178
Small millets,2003,Kharif     ,Gujarat,6800.0,2100.0,902.5,673064.0,1632.0,0.272857143,-8.926241277715093,9.199098420715092,9.199098420715092
Groundnut,2011,Kharif     ,Uttar Pradesh,92243.0,92347.0,777.4,15452547.36,30440.19,1.040526316,19.76610749207461,-18.72558117607461,18.72558117607461
Other Kharif pulses,1999,Kharif     ,Madhya Pradesh,761107.0,232027.0,1222.9,80776285.91,205498.89,0.34220339,-10.75991691924574,11.10212030924574,11.10212030924574
Masoor,2014,Rabi       ,Manipur,560.0,471.0,987.5,84537.6,184.8,0.83,-3.7283417199893165,4.558341719989317,4.558341719989317
Small millets,2019,Rabi       ,Andhra Pradesh,3966.0,3990.0,899.2,681200.16,1467.42,0.921428571,39.78291946930497,-38.86149089830497,38.86149089830497
Urad,2014,Rabi       ,Puducherry,171.0,174.0,1330.0,25814.16,56.43,1.01,78.24433460481197,-77.23433460481196,77.23433460481196
Urad,2010,Kharif     ,Andhra Pradesh,82317.0,46191.0,1297.0,13673676.87,19756.08,0.472857143,35.216923528143724,-34.744066385143725,34.744066385143725
Tobacco,2018,Whole Year ,Maharashtra,460.0,803.0,1387.4,74612.0,161.0,1.75,41.92395012964006,-40.17395012964006,40.17395012964006
Sesamum,2001,Kharif     ,Himachal Pradesh,4475.0,2404.0,918.1,457031.75,1163.5,0.35,-17.548809246893853,17.898809246893855,17.898809246893855
Peas & beans (Pulses),2016,Kharif     ,Arunachal Pradesh,646.0,618.0,2933.7,98999.5,226.1,0.923157895,-1.1157444993601189,2.038902394360119,2.038902394360119
Onion,1998,Summer     ,Karnataka,4797.0,55339.0,1260.8,473943.6,1391.13,11.86631579,-61.792372631870165,73.65868842187017,73.65868842187017
Rapeseed &Mustard,2005,Rabi       ,Himachal Pradesh,9630.0,2800.0,1248.1,1154829.6,2022.3,0.338181818,-0.5724062791402957,0.9105880971402958,0.9105880971402958
Other  Rabi pulses,2013,Rabi       ,Puducherry,50.0,46.0,1083.2,7224.5,13.5,0.92,97.06868487597676,-96.14868487597676,96.14868487597676
other oilseeds,2004,Rabi       ,Uttarakhand,121.0,69.0,1219.6,13109.14,25.41,0.57,-7.876468268319428,8.446468268319428,8.446468268319428
Groundnut,2019,Kharif     ,Tripura,1207.0,1615.0,2252.8,207314.32,446.59,1.345,10.158075479456045,-8.813075479456044,8.813075479456044
Cotton(lint),2012,Rabi       ,Karnataka,48405.0,59666.0,956.2,7299474.0,15005.55,1.118,-34.133106285440846,35.25110628544085,35.25110628544085
Arhar/Tur,2008,Rabi       ,Andhra Pradesh,3466.0,1942.0,944.6,495776.64,311.94,0.56,36.99960737780725,-36.43960737780725,36.43960737780725
Linseed,1998,Rabi       ,Punjab,300.0,300.0,588.6,29640.0,87.0,1.0,-5.7545146917843795,6.7545146917843795,6.7545146917843795
Turmeric,2018,Whole Year ,Karnataka,26579.0,153767.0,1419.1,4311113.8,9302.65,5.617142857,-1.1797583090216222,6.796901166021622,6.796901166021622
Arhar/Tur,2019,Rabi       ,Andhra Pradesh,5940.0,3747.0,899.2,1020254.4,2197.8,0.43,47.96036491869914,-47.53036491869914,47.53036491869914
Gram,2008,Rabi       ,Uttarakhand,683.0,326.0,1363.7,97696.32,61.47,0.31,-1.6889203278082334,1.9989203278082335,1.9989203278082335
Arecanut,2015,Rabi       ,Meghalaya,16965.0,26802.0,3870.8,2678943.15,5598.45,1.436363636,-20.34690412476624,21.78326776076624,21.78326776076624
Mesta,2017,Kharif     ,Madhya Pradesh,2000.0,2200.0,800.0,314880.0,760.0,1.083333333,5.869502779486538,-4.7861694464865385,4.7861694464865385
Peas & beans (Pulses),2015,Rabi       ,West Bengal,15025.0,11320.0,1717.0,2372597.75,4958.25,0.724666667,101.68230592453344,-100.95763925753344,100.95763925753344
Sweet potato,2013,Whole Year ,Assam,6046.0,30513.0,1797.7,873586.54,1632.42,5.091481481,-26.727092947504588,31.818574428504586,31.818574428504586
Rapeseed &Mustard,2004,Rabi       ,Madhya Pradesh,760363.0,755801.0,895.7,82377727.42,159676.23,0.737916667,-12.704641221251052,13.442557888251052,13.442557888251052
Safflower,2007,Rabi       ,Bihar,115.0,92.0,1600.2,15341.0,18.4,0.832857143,-5.782908644405154,6.615765787405154,6.615765787405154
Gram,2014,Rabi       ,Tamil Nadu,6820.0,4177.0,911.3,1029547.2,2250.6,0.535789474,47.4028679654956,-46.867078491495604,46.867078491495604
Wheat,2018,Rabi       ,Gujarat,797156.0,2407132.0,1125.4,129298703.2,279004.6,3.0109375,19.214213059967108,-16.203275559967107,16.203275559967107
Maize,2008,Rabi       ,Maharashtra,85900.0,206700.0,1052.8,12287136.0,7731.0,2.3832,7.6722764414545,-5.289076441454499,5.289076441454499
Peas & beans (Pulses),2005,Kharif     ,Mizoram,123.0,110.0,2075.4,14750.16,25.83,0.683333333,-33.50256427400504,34.18589760700504,34.18589760700504
Cotton(lint),2011,Kharif     ,Uttar Pradesh,3842.0,911.0,777.4,643611.84,1267.86,0.236,17.72552812030355,-17.48952812030355,17.48952812030355
Rice,2010,Autumn     ,Mizoram,28562.0,26499.0,2738.7,4744433.82,6854.88,0.92625,-24.58632574638463,25.51257574638463,25.51257574638463
Rice,2007,Kharif     ,Uttarakhand,259805.0,523203.0,1924.3,34657987.0,41568.8,1.709230769,19.85576866849101,-18.14653789949101,18.14653789949101
Mesta,2001,Kharif     ,Meghalaya,4550.0,24526.0,4241.0,464691.5,1183.0,4.96,-11.306611182051938,16.26661118205194,16.26661118205194
Cotton(lint),2010,Kharif     ,Himachal Pradesh,8.0,13.0,1319.8,1328.88,1.92,1.355,5.480673610377551,-4.12567361037755,4.12567361037755
Rapeseed &Mustard,2005,Rabi       ,Haryana,707712.0,792800.0,516.9,84868823.04,148619.52,1.174,-9.679195233563462,10.853195233563461,10.853195233563461
Ragi,2016,Kharif     ,Telangana,838.0,971.0,942.6,128423.5,293.3,1.094285714,52.679326120876524,-51.58504040687652,51.58504040687652
Ragi,2002,Kharif     ,Bihar,20695.0,14237.0,1105.8,1959195.65,5173.75,0.736206897,-4.039226337728991,4.7754332347289905,4.7754332347289905
Other Kharif pulses,2009,Kharif     ,Tripura,1226.0,855.0,2004.2,191035.32,208.42,0.72,-0.0804371976183802,0.8004371976183802,0.8004371976183802
Rapeseed &Mustard,2000,Rabi       ,Chhattisgarh,48187.0,15950.0,896.4,4730517.79,12528.62,0.311875,-77.96618369459276,78.27805869459276,78.27805869459276
Arhar/Tur,2016,Kharif     ,Manipur,533.0,603.0,2039.8,81682.25,186.55,1.128888889,6.443651374478776,-5.314762485478776,5.314762485478776
Arhar/Tur,2009,Kharif     ,Punjab,4600.0,4400.0,371.3,716772.0,782.0,0.988571429,5.064836050032994,-4.076264621032994,4.076264621032994
Tapioca,2013,Kharif     ,Nagaland,2080.0,42040.0,1350.9,300539.2,561.6,20.20272727,-7.3122332892162945,27.514960559216295,27.514960559216295
Jowar,2001,Kharif     ,Odisha,12260.0,7090.0,1672.5,1252113.8,3187.6,0.607894737,0.7824359177198232,-0.17454118071982327,0.17454118071982327
Rice,2009,Summer     ,Meghalaya,12777.0,46943.0,2995.9,1990912.14,2172.09,2.171428571,-3.4377037453501202,5.60913231635012,5.60913231635012
Maize,2013,Kharif     ,Arunachal Pradesh,47018.0,68978.0,2042.9,6793630.82,12694.86,1.607647059,-10.681365075891193,12.289012134891193,12.289012134891193
Jowar,2015,Kharif     ,Uttar Pradesh,154827.0,104769.0,596.7,24448731.57,51092.91,0.884310345,16.04307939807174,-15.15876905307174,15.15876905307174
Moong(Green Gram),2019,Rabi       ,Chhattisgarh,2728.0,968.0,1420.3,468561.28,1009.36,0.362,-68.60958088556538,68.97158088556537,68.97158088556537
Banana,2016,Kharif     ,Puducherry,252.0,3052.0,1391.3,38619.0,88.2,13.02666667,93.20097198072378,-80.17430531072378,80.17430531072378
Sesamum,2013,Kharif     ,Karnataka,40986.0,23494.0,1235.6,5922067.14,11066.22,0.506923077,-39.113672348820074,39.62059542582008,39.62059542582008
Horse-gram,2012,Kharif     ,Himachal Pradesh,1910.0,744.0,1035.0,288028.0,592.1,0.622,-0.46719083087899094,1.0891908308789908,1.0891908308789908
Peas & beans (Pulses),2006,Kharif     ,Nagaland,1700.0,2010.0,1362.5,217107.0,374.0,1.18625,1.5311457901230199,-0.34489579012301985,0.34489579012301985
Maize,2008,Rabi       ,Uttar Pradesh,3617.0,9495.0,891.6,517375.68,325.53,2.646086957,15.035651276564863,-12.389564319564863,12.389564319564863
Masoor,2000,Rabi       ,Punjab,4700.0,3100.0,405.3,461399.0,1222.0,0.77375,-5.211459837172015,5.985209837172015,5.985209837172015
Safflower,2011,Rabi       ,Madhya Pradesh,157.0,33.0,852.6,26300.64,51.81,0.26,-9.344609249801778,9.604609249801777,9.604609249801777
Soyabean,2014,Rabi       ,Andhra Pradesh,190.0,293.0,687.6,28682.4,62.7,1.615,41.77584066232319,-40.16084066232319,40.16084066232319
Tobacco,2009,Rabi       ,Gujarat,62800.0,101500.0,618.0,9785496.0,10676.0,1.661428571,-29.791925127661386,31.453353698661388,31.453353698661388
Groundnut,2006,Kharif     ,Kerala,2813.0,2081.0,3429.7,359248.23,618.86,0.74,-98.54737399136849,99.28737399136848,99.28737399136848
Other Cereals,2015,Kharif     ,Jammu and Kashmir,392.0,197.0,1572.6,61900.72,129.36,0.535714286,9.016735651751617,-8.481021365751618,8.481021365751618
Groundnut,2018,Summer     ,West Bengal,53347.0,165221.0,2012.6,8652883.4,18671.45,2.840555556,97.05221228034753,-94.21165672434753,94.21165672434753
Castor seed,2016,Kharif     ,Gujarat,543697.0,1126810.0,710.5,83321565.25,190293.95,2.026206897,1.1941065827325303,0.8321003142674694,0.8321003142674694
Maize,2011,Kharif     ,Maharashtra,736200.0,2126700.0,1174.095455,123328224.0,242946.0,2.101851852,11.212952536205592,-9.111100684205592,9.111100684205592
Cotton(lint),2014,Kharif     ,Haryana,647000.0,1939000.0,301.3,97671120.0,213510.0,2.907692308,-0.6096255572082327,3.517317865208233,3.517317865208233
Sugarcane,2011,Whole Year ,Kerala,2604.41,263034.0,3035.1,436290.7632,859.4553,38.00357143,-28.337323716691344,66.34089514669134,66.34089514669134
Peas & beans (Pulses),2003,Rabi       ,Assam,25133.0,14866.0,2213.7,2487664.34,6031.92,0.586956522,-66.5649068038635,67.15186332586349,67.15186332586349
Jowar,2015,Rabi       ,Gujarat,24373.0,29016.0,584.3,3848740.43,8043.09,1.163529412,2.4903844350382656,-1.3268550230382656,1.3268550230382656
Rice,2017,Kharif     ,Delhi,5854.0,16837.0,533.7,921653.76,2224.52,2.88,32.28734519042142,-29.40734519042142,29.40734519042142
Groundnut,2011,Kharif     ,Uttarakhand,1214.0,1538.0,1564.7,203369.28,400.62,1.251666667,5.8666195760953315,-4.614952909095331,4.614952909095331
Jowar,2002,Kharif     ,Andhra Pradesh,263673.0,257241.0,648.1,24961922.91,65918.25,0.661363636,26.99003289594455,-26.32866925994455,26.32866925994455
Sweet potato,2019,Kharif     ,Uttar Pradesh,15852.0,186148.0,814.5,2722739.52,5865.24,11.75044118,7.632370060850178,4.118071119149821,4.118071119149821
Bajra,2011,Kharif     ,Punjab,3000.0,3000.0,705.2,502560.0,990.0,1.0,1.5027507505389508,-0.5027507505389508,0.5027507505389508
Tobacco,1997,Kharif     ,Andhra Pradesh,201900.0,201600.0,927.5,19214823.0,62589.0,1.116666667,-1.8983553403926123,3.0150220073926124,3.0150220073926124
Urad,2016,Summer     ,Karnataka,2218.0,1205.0,1147.2,339908.5,776.3,0.526363636,-46.23489572428264,46.76125936028264,46.76125936028264
Bajra,2008,Kharif     ,Maharashtra,865400.0,661900.0,1052.8,123786816.0,77886.0,0.642727273,-5.5973566868776174,6.240083959877618,6.240083959877618
Maize,2013,Kharif     ,Punjab,130000.0,507000.0,586.6,18783700.0,35100.0,4.231428571,12.903206140603345,-8.671777569603345,8.671777569603345
Moong(Green Gram),2005,Kharif     ,Mizoram,18.0,23.0,2075.4,2158.56,3.78,0.94,-47.76226641648799,48.70226641648799,48.70226641648799
Small millets,2014,Kharif     ,Chhattisgarh,116185.0,27670.0,1274.7,17539287.6,38341.05,0.24,-69.48638370300142,69.72638370300142,69.72638370300142
Groundnut,2019,Kharif     ,Maharashtra,221102.0,191433.0,1555.8,37976479.52,81807.74,0.680740741,24.587005359783603,-23.906264618783602,23.906264618783602
Sesamum,2011,Autumn     ,West Bengal,944.0,538.0,1686.5,158138.88,311.52,0.563,69.17254024797555,-68.60954024797554,68.60954024797554
Cardamom,2015,Whole Year ,Karnataka,17660.0,1528.0,1024.9,2788690.6,5827.8,0.08,-7.998034901630177,8.078034901630177,8.078034901630177
Coriander,2003,Whole Year ,Puducherry,2.0,1.0,1434.5875,197.96,0.48,0.5,90.48117374857458,-89.98117374857458,89.98117374857458
Sugarcane,2006,Whole Year ,Himachal Pradesh,3019.0,59184.0,1207.0,385556.49,664.18,13.465,70.84749809294883,-57.38249809294882,57.38249809294882
Jowar,2010,Rabi       ,Karnataka,1020743.0,999104.0,1317.7,169555619.7,244978.32,0.940526316,-43.57248631508298,44.51301263108299,44.51301263108299
Small millets,2016,Kharif     ,Nagaland,8800.0,9880.0,1959.8,1348600.0,3080.0,1.12,3.8430368498837595,-2.7230368498837594,2.7230368498837594
Potato,2007,Whole Year ,Delhi,56.0,888.0,677.5,7470.4,8.96,15.86,47.63764322642524,-31.77764322642524,31.77764322642524
Small millets,2014,Rabi       ,Meghalaya,2878.0,2649.0,3484.4,434462.88,949.74,1.076,-15.012564828302743,16.088564828302744,16.088564828302744
Cowpea(Lobia),2015,Kharif     ,Manipur,962.0,1051.0,1329.1,151909.42,317.46,1.107777778,-2.145542211571069,3.253319989571069,3.253319989571069
Horse-gram,2007,Rabi       ,Chhattisgarh,2814.0,823.0,1246.2,375387.6,450.24,0.324166667,-77.2908371448525,77.6150038118525,77.6150038118525
Other Cereals,2018,Kharif     ,Maharashtra,46642.0,21610.0,1387.4,7565332.4,16324.7,0.400740741,17.57490976683954,-17.17416902583954,17.17416902583954
Potato,2000,Whole Year ,West Bengal,299664.0,7673130.0,1907.7,29418014.88,77912.64,22.39388889,129.1263797003815,-106.7324908103815,106.7324908103815
Arhar/Tur,2012,Kharif     ,Manipur,445.0,407.0,1176.7,67106.0,137.95,0.922222222,-3.2612182949434327,4.183440516943433,4.183440516943433
Urad,2016,Kharif     ,Arunachal Pradesh,1118.0,966.0,2933.7,171333.5,391.3,0.828333333,-13.671014999004655,14.499348332004654,14.499348332004654
Potato,2000,Whole Year ,Arunachal Pradesh,5621.0,36743.0,2157.7,551813.57,1461.46,6.783076923,18.756154338017126,-11.973077415017126,11.973077415017126
Rice,2017,Autumn     ,Meghalaya,33575.0,78848.0,4472.3,5286048.0,12758.5,2.551818182,9.065362400899431,-6.5135442188994315,6.5135442188994315
Peas & beans (Pulses),2012,Kharif     ,Himachal Pradesh,1381.0,1785.0,1035.0,208254.8,428.11,1.318333333,9.055332147667912,-7.736998814667912,7.736998814667912
Maize,2013,Winter     ,Odisha,278.0,420.0,1632.4,40168.22,75.06,1.802222222,15.853142026207308,-14.05091980420731,14.05091980420731
Tobacco,2003,Whole Year ,Kerala,76.0,423.0,2386.0,7522.48,18.24,5.57,-90.07244150240365,95.64244150240364,95.64244150240364
Rapeseed &Mustard,2002,Rabi       ,Manipur,2310.0,1030.0,1743.7,218687.7,577.5,0.45,-10.033763312776188,10.483763312776187,10.483763312776187
Peas & beans (Pulses),2019,Rabi       ,Uttarakhand,5903.0,5153.0,1378.9,1013899.28,2184.11,0.640769231,10.362676953113748,-9.721907722113748,9.721907722113748
Ginger,2015,Whole Year ,Karnataka,29285.0,1093397.0,1024.9,4624394.35,9664.05,36.35782609,11.381375281870561,24.976450808129442,24.976450808129442
Rapeseed &Mustard,2007,Rabi       ,Tripura,1451.0,1062.0,2831.8,193563.4,232.16,0.725,-1.300278170270218,2.025278170270218,2.025278170270218
Ragi,2018,Kharif     ,Uttarakhand,94004.0,114457.0,1373.0,15247448.8,32901.4,1.364545455,9.947983315145052,-8.583437860145052,8.583437860145052
Linseed,2016,Rabi       ,West Bengal,6605.0,2447.0,1795.8,1012216.25,2311.75,0.375625,102.00413862997186,-101.62851362997186,101.62851362997186
Sweet potato,2001,Whole Year ,Andhra Pradesh,1945.0,25810.0,928.4,198642.85,505.7,14.05764706,65.50269704117478,-51.44504998117478,51.44504998117478
Peas & beans (Pulses),2014,Rabi       ,Meghalaya,2235.0,4280.0,3484.4,337395.6,737.55,1.743636364,-3.238224991798859,4.981861355798859,4.981861355798859
Maize,2017,Rabi       ,Manipur,7120.0,17250.0,1780.0,1120972.8,2705.6,2.426666667,5.586039905482011,-3.1593732384820106,3.1593732384820106
Arecanut,1999,Whole Year ,West Bengal,7677.0,13124.0,2318.1,814760.01,2072.79,1.864117647,122.6843467374886,-120.8202290904886,120.8202290904886
Moong(Green Gram),2013,Kharif     ,Uttar Pradesh,38504.0,12350.0,995.2,5563442.96,10396.08,0.362181818,10.106630590715781,-9.744448772715781,9.744448772715781
Groundnut,2001,Rabi       ,West Bengal,8679.0,11650.0,1556.6,886386.27,2256.54,1.285384615,85.47525533790565,-84.18987072290565,84.18987072290565
Coriander,2006,Whole Year ,Tamil Nadu,17425.0,5676.0,927.9,2225346.75,3833.5,0.321304348,50.22899374326724,-49.90768939526724,49.90768939526724
Tapioca,2015,Kharif     ,Nagaland,2270.0,45880.0,1308.3,358455.7,749.1,20.18818182,-5.542268372796798,25.7304501927968,25.7304501927968
Bajra,2017,Kharif     ,Telangana,944.0,998.0,815.7,148623.36,358.72,1.01,43.69350704724306,-42.68350704724306,42.68350704724306
Coriander,2015,Whole Year ,Tamil Nadu,11084.0,6569.0,1201.9,1750274.44,3657.72,0.596956522,61.27424696648583,-60.677290444485834,60.677290444485834
Small millets,2010,Kharif     ,Maharashtra,53600.0,27170.0,1389.0,8903496.0,12864.0,0.503448276,4.1978825185317135,-3.6944342425317136,3.6944342425317136
Urad,2009,Kharif     ,Karnataka,109099.0,9259.0,1321.0,16999806.18,18546.83,0.153181818,-41.109079255913514,41.262261073913514,41.262261073913514
Rapeseed &Mustard,2008,Rabi       ,Madhya Pradesh,756292.0,798644.0,895.0,108180007.7,68066.28,0.796458333,-9.054566156740748,9.851024489740748,9.851024489740748
Rice,2001,Summer     ,Gujarat,3800.0,11500.0,666.5,388094.0,988.0,2.935,4.132940074894037,-1.1979400748940372,1.1979400748940372
Peas & beans (Pulses),2012,Rabi       ,Chhattisgarh,13666.0,5131.0,1366.8,2060832.8,4236.46,0.3496,-61.92638436342236,62.27598436342236,62.27598436342236
Arhar/Tur,2017,Kharif     ,Meghalaya,1178.0,1525.0,4472.3,185464.32,447.64,1.118,5.998617567065395,-4.880617567065395,4.880617567065395
Castor seed,2003,Kharif     ,Andhra Pradesh,290915.0,131870.0,826.0,28794766.7,69819.6,0.447894737,25.473202547320497,-25.0253078103205,25.0253078103205
Maize,2016,Rabi       ,Telangana,165415.0,1125685.0,942.6,25349848.75,57895.25,6.661666667,50.07129523941893,-43.40962857241893,43.40962857241893
Rice,2013,Rabi       ,Nagaland,3810.0,10000.0,1350.9,550506.9,1028.7,2.633333333,22.000401352845913,-19.367068019845913,19.367068019845913
Horse-gram,2012,Kharif     ,Chhattisgarh,46068.0,14340.0,1366.8,6947054.4,14281.08,0.3325,-68.30696069291233,68.63946069291232,68.63946069291232
Urad,2014,Rabi       ,Chhattisgarh,3256.0,863.0,1274.7,491525.76,1074.48,0.272380952,-72.97106020280717,73.24344115480717,73.24344115480717
Moth,2003,Kharif     ,Punjab,600.0,400.0,451.7,59388.0,144.0,0.833333333,-6.816368804534562,7.649702137534562,7.649702137534562
Coconut ,2010,Whole Year ,West Bengal,28933.0,364187600.0,1096.0,4806060.63,6943.92,12327.335,8990.102149270926,3337.232850729073,3337.232850729073
Moong(Green Gram),2001,Rabi       ,Mizoram,82.77,72.0,2406.4,8453.3001,21.5202,1.05,-53.02747272067495,54.07747272067495,54.07747272067495
Moong(Green Gram),2009,Kharif     ,Chhattisgarh,9429.0,2343.0,956.9,1469226.78,1602.93,0.241111111,-78.58581606722626,78.82692717822626,78.82692717822626
Maize,2005,Kharif     ,Madhya Pradesh,852591.0,1240520.0,1032.7,102242712.7,179044.11,1.380638298,-8.040437586815898,9.421075884815899,9.421075884815899
Soyabean,2011,Kharif     ,Andhra Pradesh,130488.0,210812.0,861.9,21859349.76,43061.04,1.570769231,42.42823303635717,-40.85746380535717,40.85746380535717
Maize,2010,Kharif     ,Tripura,3101.0,4104.0,2348.3,515107.11,744.24,1.3325,1.9918096565928067,-0.6593096565928067,0.6593096565928067
Small millets,2019,Kharif     ,Andhra Pradesh,19344.0,18085.0,899.2,3322525.44,7157.28,0.758333333,43.02441994152849,-42.26608660852849,42.26608660852849
Onion,2004,Kharif     ,Andhra Pradesh,21907.0,344540.0,781.8,2373404.38,4600.47,14.4,28.180447276104573,-13.780447276104573,13.780447276104573
Potato,2013,Rabi       ,Himachal Pradesh,3408.0,23871.0,1216.9,492421.92,920.16,4.882,-1.4229822481727297,6.304982248172729,6.304982248172729
Sunflower,2002,Kharif     ,Tamil Nadu,7709.0,8908.0,315.9,729811.03,1927.25,1.075217391,25.76520667153781,-24.689989280537812,24.689989280537812
Potato,2014,Whole Year ,Assam,104521.0,783768.0,1899.0,15778490.16,34491.93,7.653703704,-13.23280976010571,20.88651346410571,20.88651346410571
Tapioca,2007,Kharif     ,Puducherry,333.0,13371.0,1434.5875,44422.2,53.28,26.9,71.70228911007553,-44.80228911007553,44.80228911007553
Rice,2018,Rabi       ,Karnataka,11442.0,28334.0,1419.1,1855892.4,4004.7,2.480833333,-4.667504857766971,7.148338190766971,7.148338190766971
Dry chillies,2013,Whole Year ,Meghalaya,2193.0,1860.0,2448.4,316866.57,592.11,1.020909091,5.974186400238921,-4.953277309238921,4.953277309238921
Urad,2018,Kharif     ,Haryana,1276.0,734.0,533.2,206967.2,446.6,0.615,-0.334318515883524,0.949318515883524,0.949318515883524
Sunflower,2000,Kharif     ,Chhattisgarh,1235.0,513.0,896.4,121239.95,321.1,0.4275,-83.38687526528358,83.81437526528357,83.81437526528357
Linseed,1999,Rabi       ,Bihar,43996.0,24687.0,1402.7,4669295.48,11878.92,0.565135135,-7.710249658607495,8.275384793607495,8.275384793607495
Cardamom,2012,Whole Year ,Kerala,41600.0,10222.0,2187.6,6273280.0,12896.0,0.075555556,-84.10983338004883,84.18538893604882,84.18538893604882
Maize,2006,Kharif     ,Manipur,3340.0,8270.0,1533.561905,426551.4,734.8,2.48,-3.9395460628507237,6.419546062850724,6.419546062850724
Urad,2009,Whole Year ,Tamil Nadu,259722.0,98712.0,928.5,40469882.04,44152.74,0.392333333,82.89539988263536,-82.50306654963536,82.50306654963536
Other Kharif pulses,2006,Kharif     ,Chhattisgarh,6487.0,1856.0,1317.2,828454.77,1427.14,0.267222222,-64.27647959510037,64.54370181710037,64.54370181710037
Sugarcane,2019,Kharif     ,Puducherry,1308.0,183120.0,1317.0,224662.08,483.96,140.0,115.27276925372887,24.727230746271132,24.727230746271132
Peas & beans (Pulses),2008,Kharif     ,Himachal Pradesh,887.0,1116.0,1357.1,126876.48,79.83,1.17,7.055449589169456,-5.885449589169456,5.885449589169456
Groundnut,2011,Kharif     ,Gujarat,1454000.0,2273100.0,890.5,243574080.0,479820.0,1.493333333,2.0021379795928738,-0.5088046465928737,0.5088046465928737
Cardamom,1998,Whole Year ,Tamil Nadu,4197.0,311.0,1077.1,414663.6,1217.13,0.07875,51.87646141179596,-51.79771141179596,51.79771141179596
Arecanut,2014,Kharif     ,Andhra Pradesh,483.0,338.0,687.6,72913.68,159.39,1.775,27.838154985405822,-26.063154985405824,26.063154985405824
Other Kharif pulses,2013,Kharif     ,Goa,172.0,139.0,3642.6,24852.28,46.44,0.73,-198.78030160547894,199.51030160547893,199.51030160547893
Horse-gram,2015,Kharif     ,Karnataka,53718.0,24923.0,1024.9,8482609.38,17726.94,0.4544,-33.44141237270324,33.89581237270324,33.89581237270324
Other  Rabi pulses,2013,Rabi       ,Karnataka,8711.0,6130.0,1235.6,1258652.39,2351.97,0.707368421,-18.780413871733913,19.48778229273391,19.48778229273391
Urad,2016,Kharif     ,Punjab,2100.0,1100.0,635.9,321825.0,735.0,0.684,5.001505246132666,-4.317505246132666,4.317505246132666
Wheat,2018,Rabi       ,Jammu and Kashmir,288387.0,671799.0,1016.3,46776371.4,100935.45,1.687142857,17.600117248532797,-15.912974391532797,15.912974391532797
Other  Rabi pulses,2015,Rabi       ,Puducherry,58.0,72.0,1980.6,9158.78,19.14,1.24,104.94933376116839,-103.7093337611684,103.7093337611684
Urad,2010,Rabi       ,Puducherry,189.0,206.0,1434.5875,31394.79,45.36,1.09,74.82891819031136,-73.73891819031135,73.73891819031135
Mesta,2018,Kharif     ,Madhya Pradesh,29.0,9.0,1102.2,4703.8,10.15,0.355714286,8.867904891447438,-8.512190605447438,8.512190605447438
Moong(Green Gram),2003,Kharif     ,Karnataka,264392.0,39470.0,867.6,26169520.16,63454.08,0.097727273,-52.88679546806591,52.98452274106591,52.98452274106591
Wheat,2008,Rabi       ,Punjab,3466000.0,15733000.0,691.3,495776640.0,311940.0,4.5035,-13.54634071523759,18.04984071523759,18.04984071523759
Maize,1998,Summer     ,Odisha,276.0,240.0,1357.1,27268.8,80.04,0.94125,-9.386244590787442,10.327494590787442,10.327494590787442
Sugarcane,2001,Whole Year ,Mizoram,1379.0,9359.0,2406.4,140837.27,358.54,8.115,31.382477292025257,-23.267477292025255,23.267477292025255
Jowar,2019,Summer     ,Karnataka,5069.0,8457.0,1422.3,870651.44,1875.53,1.702857143,-35.99511285918126,37.697970002181265,37.697970002181265
Wheat,2002,Rabi       ,Himachal Pradesh,359439.0,495558.0,890.8,34028090.13,89859.75,1.389166667,-0.3729194622392811,1.762086129239281,1.762086129239281
Garlic,2003,Whole Year ,Tamil Nadu,595.0,3411.0,345.6,58893.1,142.8,5.54,57.964687342105606,-52.42468734210561,52.42468734210561
Wheat,2001,Rabi       ,Gujarat,470100.0,1144700.0,666.5,48011313.0,122226.0,2.474736842,0.28853355705044237,2.1862032849495576,2.1862032849495576
other oilseeds,2018,Rabi       ,Uttarakhand,8.0,5.0,1373.0,1297.6,2.8,0.583333333,7.454035508168801,-6.870702175168801,6.870702175168801
Urad,2011,Kharif     ,Maharashtra,363900.0,249460.0,1174.095455,60960528.0,120087.0,0.616060606,1.3843451831472464,-0.7682845771472464,0.7682845771472464
Jute,2005,Kharif     ,Nagaland,2100.0,10500.0,1568.6,251832.0,441.0,6.96,8.856049082638663,-1.8960490826386627,1.8960490826386627
Maize,2018,Rabi       ,Uttar Pradesh,13442.0,37694.0,792.8,2180292.4,4704.7,2.801395349,24.581743050622194,-21.780347701622194,21.780347701622194
Urad,2014,Kharif     ,Tripura,889.0,520.0,2015.7,134203.44,293.37,0.5725,-8.194360790207185,8.766860790207184,8.766860790207184
Wheat,2016,Rabi       ,Haryana,2542100.0,12310000.0,554.7,389576825.0,889735.0,4.744761905,-1.1119705357315866,5.856732440731586,5.856732440731586
Horse-gram,2015,Kharif     ,Tamil Nadu,11492.0,6908.0,1201.9,1814701.72,3792.36,0.623181818,44.80880810687191,-44.18562628887191,44.18562628887191
Peas & beans (Pulses),2006,Rabi       ,Nagaland,7300.0,8790.0,1362.5,932283.0,1606.0,1.20375,-1.826738798802353,3.0304887988023532,3.0304887988023532
Rice,2004,Autumn     ,West Bengal,320822.0,653044.0,1612.9,34757855.48,67372.62,2.037222222,90.60583877202512,-88.56861655002513,88.56861655002513
Rapeseed &Mustard,2008,Rabi       ,Uttarakhand,12051.0,7906.0,1363.7,1723775.04,1084.59,0.44,-1.5248647583161699,1.9648647583161698,1.9648647583161698
Soyabean,2004,Kharif     ,Meghalaya,967.0,935.0,4767.9,104764.78,203.07,0.915714286,-5.108851717553023,6.024566003553023,6.024566003553023
Black pepper,2013,Whole Year ,Tamil Nadu,3918.0,860.0,740.9,566111.82,1057.86,0.184166667,101.10471195293457,-100.92054528593457,100.92054528593457
Other Kharif pulses,2019,Kharif     ,Arunachal Pradesh,2506.0,2346.0,2433.3,430430.56,927.22,0.9816,-0.5486353505836234,1.5302353505836235,1.5302353505836235
Rapeseed &Mustard,2015,Rabi       ,Bihar,89657.0,94392.0,874.0,14157736.87,29586.81,1.002894737,5.798415555868758,-4.7955208188687575,4.7955208188687575
Sesamum,2005,Kharif     ,Gujarat,364000.0,142500.0,942.4,43650880.0,76440.0,0.412727273,-11.738168821816771,12.15089609481677,12.15089609481677
Mesta,2011,Kharif     ,Bihar,20060.0,248116.0,1097.1,3360451.2,6619.8,12.03882353,4.316588199387553,7.722235330612447,7.722235330612447
Sunflower,2012,Kharif     ,West Bengal,7345.0,9591.0,1566.0,1107626.0,2276.95,1.31,91.48291572987196,-90.17291572987196,90.17291572987196
other oilseeds,2003,Whole Year ,Sikkim,60.0,30.0,2838.1,5938.8,14.4,0.5,47.99931619404836,-47.49931619404836,47.49931619404836
Sugarcane,2012,Whole Year ,Andhra Pradesh,196000.0,15448000.0,968.7,29556800.0,60760.0,81.79941176,111.2943628098962,-29.4949510498962,29.4949510498962
Maize,2010,Summer     ,Odisha,4454.0,12540.0,1291.9,739853.94,1068.96,1.8296,2.448106071213431,-0.6185060712134309,0.6185060712134309
Groundnut,2010,Kharif     ,Tamil Nadu,385509.0,895638.0,1095.2,64036899.99,92522.16,2.338387097,45.27154677024126,-42.933159673241256,42.933159673241256
Horse-gram,1999,Rabi       ,Andhra Pradesh,83409.0,29925.0,650.4,8852197.17,22520.43,0.379047619,19.44687804408636,-19.06783042508636,19.06783042508636
Groundnut,2016,Kharif     ,Gujarat,1694732.0,2761198.0,710.5,259717679.0,593156.2,1.838,4.667247086361613,-2.8292470863616126,2.8292470863616126
Rice,2010,Kharif     ,Haryana,1243281.0,3465000.0,639.2,206521406.9,298387.44,2.561428571,13.440465038251773,-10.879036467251773,10.879036467251773
Sunflower,2001,Kharif     ,Madhya Pradesh,2035.0,905.0,955.0,207834.55,529.1,0.337368421,-16.03456507842634,16.37193349942634,16.37193349942634
Rapeseed &Mustard,2001,Rabi       ,Assam,272323.0,137056.0,1824.7,27812347.99,70803.98,0.479130435,-73.16462963528008,73.64376007028008,73.64376007028008
Linseed,1999,Rabi       ,Assam,10248.0,5323.0,2201.8,1087620.24,2766.96,0.502727273,-71.90004075034378,72.40276802334378,72.40276802334378
Ginger,2018,Whole Year ,Kerala,3275.09,15124.0,2989.7,531219.598,1146.2815,3.463571429,-52.91157883244239,56.375150261442386,56.375150261442386
Cotton(lint),2017,Kharif     ,Gujarat,2626487.0,10112737.0,814.8,413514113.3,998065.06,3.962,-1.7263331534930444,5.688333153493044,5.688333153493044
Urad,2014,Kharif     ,Nagaland,790.0,640.0,1333.3,119258.4,260.7,0.820909091,-3.0145931067043534,3.8355021977043533,3.8355021977043533
Maize,1999,Rabi       ,Bihar,199600.0,600608.0,1402.7,21183548.0,53892.0,2.928333333,-7.918268067298186,10.846601400298185,10.846601400298185
Gram,2004,Rabi       ,Assam,2141.0,1084.0,2536.9,231955.94,449.61,0.470434783,-64.00892429945873,64.47935908245873,64.47935908245873
Gram,2001,Rabi       ,Himachal Pradesh,1144.0,1004.0,918.1,116836.72,297.44,0.763,-7.003539689301078,7.766539689301078,7.766539689301078
Potato,2017,Rabi       ,Himachal Pradesh,3413.0,24219.0,1182.2,537342.72,1296.94,5.426,2.4492591690641916,2.9767408309358085,2.9767408309358085
Cotton(lint),2016,Kharif     ,Assam,882.0,427.0,2296.8,135166.5,308.7,0.567272727,-52.62299115943867,53.19026388643867,53.19026388643867
Barley,2004,Rabi       ,West Bengal,2421.0,4047.0,1612.9,262291.14,508.41,1.574285714,85.28679595949833,-83.71251024549834,83.71251024549834
Wheat,2005,Rabi       ,Uttar Pradesh,9163949.0,23573776.0,751.9,1098940764.0,1924429.29,2.538142857,-44.173218806045185,46.71136166304518,46.71136166304518
Turmeric,2004,Rabi       ,Uttar Pradesh,1594.0,2770.0,704.0,172693.96,334.74,1.731842105,-23.54442278879955,25.27626489379955,25.27626489379955
Sweet potato,2012,Kharif     ,Nagaland,1320.0,11230.0,1296.6,199056.0,409.2,8.500909091,-14.572658123277677,23.073567214277677,23.073567214277677
Urad,2016,Rabi       ,Nagaland,820.0,670.0,1959.8,125665.0,287.0,0.806363636,-0.21611109475142598,1.022474730751426,1.022474730751426
Bajra,2009,Kharif     ,Himachal Pradesh,213.0,106.0,969.9,33189.66,36.21,0.584,-5.810406829241288,6.394406829241287,6.394406829241287
Horse-gram,2010,Kharif     ,Jammu and Kashmir,1006.0,312.0,1352.0,167106.66,241.44,0.345714286,-0.4094538056204158,0.7551680916204158,0.7551680916204158
Potato,2002,Whole Year ,Jammu and Kashmir,1737.0,18011.0,933.2,164441.79,434.25,9.146666667,39.52389093012438,-30.377224263124383,30.377224263124383
Rice,2006,Rabi       ,Puducherry,12061.0,33581.0,1434.5875,1540310.31,2653.42,4.05,99.91832296146386,-95.86832296146386,95.86832296146386
Peas & beans (Pulses),1999,Rabi       ,West Bengal,7041.0,6027.0,2318.1,747261.33,1901.07,0.931333333,89.24813763535067,-88.31680430235068,88.31680430235068
Arecanut,2004,Whole Year ,Karnataka,152759.0,203646.0,1117.7,16549910.06,32079.39,1.297272727,-5.196348602816215,6.493621329816215,6.493621329816215
Soyabean,1999,Kharif     ,Nagaland,12500.0,14000.0,1782.2,1326625.0,3375.0,1.121428571,-6.2784363577483475,7.399864928748348,7.399864928748348
Arhar/Tur,2017,Rabi       ,West Bengal,3843.0,5794.0,1830.0,605041.92,1460.34,1.64,100.94307226893648,-99.30307226893648,99.30307226893648
Sugarcane,2000,Whole Year ,Bihar,93529.0,3985577.0,1207.0,9181741.93,24317.54,37.13647059,62.473135389621035,-25.336664799621033,25.336664799621033
Urad,2011,Kharif     ,Himachal Pradesh,9664.0,6150.0,1108.3,1618913.28,3189.12,0.690909091,-4.089265975238277,4.780175066238277,4.780175066238277
Tobacco,2013,Whole Year ,Kerala,9.0,17.0,3255.4,1300.41,2.43,1.89,-74.18319264724886,76.07319264724886,76.07319264724886
Urad,2015,Kharif     ,Tamil Nadu,59145.0,40922.0,1201.9,9339586.95,19517.85,0.709285714,41.513152863845846,-40.80386714984584,40.80386714984584
Other  Rabi pulses,2016,Rabi       ,Jammu and Kashmir,548.0,297.0,902.8,83981.0,191.8,0.796666667,17.91380194195594,-17.11713527495594,17.11713527495594
Cashewnut,2004,Whole Year ,Andhra Pradesh,150352.0,33571.0,781.8,16289135.68,31573.92,0.256875,77.05751074639632,-76.80063574639632,76.80063574639632
Castor seed,2017,Kharif     ,Nagaland,350.0,240.0,1722.1,55104.0,133.0,0.624444444,4.448136333010666,-3.823691889010666,3.823691889010666
Maize,2008,Autumn     ,Odisha,64461.0,128056.0,1539.0,9220501.44,5801.49,1.1028,-3.6374455883972416,4.740245588397242,4.740245588397242
Soyabean,2004,Kharif     ,West Bengal,540.0,305.0,1612.9,58503.6,113.4,0.5375,89.84138324512861,-89.30388324512862,89.30388324512862
other oilseeds,2015,Kharif     ,Nagaland,2370.0,1420.0,1308.3,374246.7,782.1,0.595555556,8.51369741745296,-7.91814186145296,7.91814186145296
Urad,2015,Rabi       ,West Bengal,11177.0,10658.0,1717.0,1764960.07,3688.41,0.9,89.15044523813623,-88.25044523813622,88.25044523813622
Soyabean,2000,Kharif     ,Chhattisgarh,12662.0,6926.0,896.4,1243028.54,3292.12,0.580666667,-77.25454850546353,77.83521517246353,77.83521517246353
Rice,1999,Autumn     ,Odisha,797000.0,743000.0,1484.3,84585610.0,215190.0,0.971333333,-0.5988424433349167,1.5701757763349167,1.5701757763349167
Dry chillies,2003,Whole Year ,Chhattisgarh,6486.0,4248.0,1643.7,641984.28,1556.64,0.645,-52.33480241648715,52.97980241648715,52.97980241648715
Jowar,2003,Kharif     ,Gujarat,122100.0,135900.0,902.5,12085458.0,29304.0,1.010526316,-5.069781357434209,6.080307673434209,6.080307673434209
Maize,2005,Kharif     ,Uttarakhand,31372.0,39735.0,1353.3,3762130.24,6588.12,1.142307692,-1.412696141782959,2.5550038337829593,2.5550038337829593
Other Kharif pulses,2008,Kharif     ,Nagaland,1400.0,1260.0,1540.9,200256.0,126.0,0.878181818,5.497138890180906,-4.618957072180907,4.618957072180907
Dry chillies,2014,Kharif     ,Telangana,55485.0,180323.0,746.4,8376015.6,18310.05,2.612222222,14.190746312177737,-11.578524090177737,11.578524090177737
Jowar,2001,Rabi       ,Madhya Pradesh,4676.0,4222.0,955.0,477559.88,1215.76,1.232142857,-17.02192615608834,18.25406901308834,18.25406901308834
Dry chillies,2002,Whole Year ,Tamil Nadu,68566.0,40646.0,315.9,6491143.22,17141.5,0.640740741,48.53221622716984,-47.89147548616984,47.89147548616984
Gram,2009,Rabi       ,Meghalaya,561.0,351.0,2995.9,87415.02,95.37,0.59,-12.240230752060029,12.830230752060029,12.830230752060029
Arecanut,2019,Whole Year ,Goa,1971.0,3704.0,4489.5,338538.96,729.27,1.965,-157.78027479346895,159.74527479346895,159.74527479346895
Coriander,2000,Whole Year ,Andhra Pradesh,58441.0,19993.0,935.6,5737152.97,15194.66,0.395,42.25656617747778,-41.861566177477776,41.861566177477776
Cowpea(Lobia),2018,Kharif     ,Nagaland,550.0,810.0,1372.7,89210.0,192.5,1.473333333,7.363471551966512,-5.890138218966512,5.890138218966512
Rice,2014,Autumn     ,Mizoram,20064.0,23583.0,2029.9,3028861.44,6621.12,1.14875,-25.036921052383093,26.185671052383093,26.185671052383093
Small millets,2010,Kharif     ,Uttar Pradesh,8762.0,6290.0,742.6,1455455.82,2102.88,0.781666667,8.058122525929434,-7.276455858929435,7.276455858929435
Gram,2001,Rabi       ,Odisha,29520.0,19180.0,1672.5,3014877.6,7675.2,0.514642857,3.792101094054175,-3.2774582370541747,3.2774582370541747
Jute,2018,Kharif     ,Bihar,70634.0,928636.0,1521.4,11456834.8,24721.9,12.475,23.854985766519462,-11.379985766519463,11.379985766519463
Sugarcane,2015,Whole Year ,Gujarat,157130.0,10947109.0,584.3,24812398.3,51852.9,68.724375,77.23041544000495,-8.506040440004952,8.506040440004952
Rice,1999,Kharif     ,Madhya Pradesh,5514025.0,6663769.0,1222.9,585203473.3,1488786.75,1.110508475,-24.993522946031902,26.1040314210319,26.1040314210319
Tapioca,2011,Whole Year ,Kerala,74497.84,2547399.0,3035.1,12479878.16,24584.2872,34.15642857,-61.19294272595198,95.34937129595198,95.34937129595198
Moong(Green Gram),2007,Rabi       ,Chhattisgarh,6937.0,1627.0,1246.2,925395.8,1109.92,0.255714286,-82.05926382589905,82.31497811189905,82.31497811189905
Arhar/Tur,2000,Kharif     ,Haryana,14482.0,11400.0,383.7,1421697.94,3765.32,0.748333333,-10.85031546697644,11.59864879997644,11.59864879997644
Small millets,2016,Rabi       ,Andhra Pradesh,6643.0,6934.0,890.0,1018039.75,2325.05,0.78,36.63620043197906,-35.85620043197906,35.85620043197906
Ginger,2011,Whole Year ,Tamil Nadu,635.0,7011.0,926.5,106375.2,209.55,11.01444444,83.85538008981374,-72.84093564981373,72.84093564981373
Sunflower,1999,Kharif     ,West Bengal,150.0,90.0,2318.1,15919.5,40.5,0.683333333,83.10435733791257,-82.42102400491258,82.42102400491258
Peas & beans (Pulses),2018,Rabi       ,Himachal Pradesh,2550.0,5253.0,1052.2,413610.0,892.5,2.054545455,11.982185364032091,-9.927639909032091,9.927639909032091
Rice,2010,Rabi       ,Nagaland,1330.0,3150.0,1771.8,220926.3,319.2,2.38,21.680661421399492,-19.300661421399493,19.300661421399493
Dry chillies,2009,Kharif     ,Puducherry,1.0,1.0,1434.5875,155.82,0.17,1.0,52.648667301128725,-51.648667301128725,51.648667301128725
Rice,2003,Kharif     ,Odisha,4501000.0,6801000.0,1648.2,445508980.0,1080240.0,1.516333333,-3.212790252809782,4.729123585809782,4.729123585809782
Turmeric,2017,Whole Year ,Assam,16871.0,20787.0,2098.563636,2656170.24,6410.98,1.164074074,-32.60589695910011,33.769971033100106,33.769971033100106
Sugarcane,2004,Kharif     ,Uttar Pradesh,2002320.0,121755620.0,704.0,216931348.8,420487.2,53.14528571,-4.15683206119698,57.30211777119698,57.30211777119698
Linseed,2019,Rabi       ,Uttar Pradesh,27073.0,18626.0,814.5,4650058.48,10017.01,0.693695652,24.8412757323686,-24.147580080368602,24.147580080368602
Maize,2005,Kharif     ,Tripura,2150.0,2100.0,1765.9,257828.0,451.5,0.9825,-6.907670619258084,7.890170619258084,7.890170619258084
Sugarcane,2002,Whole Year ,Gujarat,202900.0,14069000.0,458.4,19208543.0,50725.0,67.23714286,62.13412646127607,5.103016398723938,5.103016398723938
Maize,2004,Kharif     ,Arunachal Pradesh,37800.0,54985.0,2939.5,4095252.0,7938.0,1.495,-14.034574784370278,15.52957478437028,15.52957478437028
Ginger,2009,Kharif     ,Meghalaya,9321.0,54008.0,2995.9,1452398.22,1584.57,6.834285714,-23.59545106802605,30.42973678202605,30.42973678202605
Cotton(lint),2005,Kharif     ,West Bengal,1506.0,3857.0,1650.1,180599.52,316.26,2.22,91.01739120234592,-88.79739120234592,88.79739120234592
Ragi,1999,Kharif     ,Kerala,870.0,704.0,2914.6,92333.1,234.9,0.815,-110.38386795174557,111.19886795174557,111.19886795174557
Rice,2002,Autumn     ,Bihar,583274.0,682933.0,1105.8,55218549.58,145818.5,1.060714286,-5.860143779479301,6.920858065479301,6.920858065479301
Soyabean,2017,Kharif     ,Uttarakhand,10537.0,12759.0,1475.8,1658945.28,4004.06,0.925833333,8.937926362436826,-8.012093029436826,8.012093029436826
Linseed,2013,Rabi       ,West Bengal,4315.0,1554.0,1939.9,623474.35,1165.05,0.367692308,99.87917063359774,-99.51147832559774,99.51147832559774
Ragi,2003,Summer     ,Karnataka,6565.0,7808.0,867.6,649803.7,1575.6,1.190833333,-51.03322828305565,52.22406161605565,52.22406161605565
Castor seed,2017,Rabi       ,Meghalaya,72.0,65.0,4472.3,11335.68,27.36,1.004,-4.424122177684154,5.428122177684154,5.428122177684154
Peas & beans (Pulses),2011,Rabi       ,Manipur,17524.0,16368.0,1533.561905,2935620.48,5782.92,0.935555556,-1.796520649792626,2.732076205792626,2.732076205792626
Groundnut,2012,Summer     ,West Bengal,55054.0,127130.0,1566.0,8302143.2,17066.74,2.3825,87.98534958240958,-85.60284958240959,85.60284958240959
Sesamum,2015,Kharif     ,Telangana,4012.0,148.0,747.9,633534.92,1323.96,0.068571429,38.00376257444756,-37.93519114544756,37.93519114544756
Rapeseed &Mustard,2010,Rabi       ,Bihar,86378.0,95817.0,629.2,14348249.58,20730.72,1.101842105,-0.9430269099377995,2.0448690149377997,2.0448690149377997
Masoor,2019,Rabi       ,Nagaland,2210.0,1820.0,1593.0,379589.6,817.7,0.825555556,11.469915307790274,-10.644359751790274,10.644359751790274
Peas & beans (Pulses),1998,Rabi       ,West Bengal,9230.0,6776.0,2152.5,911924.0,2676.7,0.70625,87.13528888052304,-86.42903888052304,86.42903888052304
Arhar/Tur,1997,Kharif     ,Maharashtra,1005600.0,348000.0,1156.1,95702952.0,311736.0,0.3325,-8.120613857401281,8.45311385740128,8.45311385740128
Garlic,2019,Whole Year ,Madhya Pradesh,183713.76,1869431.0,1446.7,31554675.42,67974.0912,10.3632,35.29572109746363,-24.932521097463628,24.932521097463628
Arhar/Tur,2005,Kharif     ,Himachal Pradesh,43.0,20.0,1248.1,5156.56,9.03,0.3675,-0.30189327199164495,0.6693932719916449,0.6693932719916449
Turmeric,1997,Whole Year ,Bihar,2904.0,3216.0,1303.7,276373.68,900.24,1.173333333,11.41714509379446,-10.24381176079446,10.24381176079446
Urad,2010,Kharif     ,Tamil Nadu,304432.0,123011.0,1095.2,50569199.52,73063.68,0.484666667,34.19227119098656,-33.70760452398656,33.70760452398656
Sunflower,2002,Rabi       ,Odisha,3860.0,2610.0,1102.8,365426.2,965.0,0.599655172,-7.516542872242894,8.116198044242894,8.116198044242894
Cotton(lint),2016,Kharif     ,Gujarat,2390944.0,5155549.0,710.5,366412168.0,836830.4,2.946333333,-1.9462030052587522,4.892536338258752,4.892536338258752
Masoor,2002,Rabi       ,Jharkhand,3053.66,2381.0,1041.2,289089.9922,763.415,0.796666667,-8.139423378281862,8.936090045281862,8.936090045281862
Bajra,2017,Kharif     ,West Bengal,30.0,12.0,1830.0,4723.2,11.4,0.4,96.49048394880774,-96.09048394880773,96.09048394880773
Urad,2009,Kharif     ,Jammu and Kashmir,15747.0,5676.0,751.7,2453697.54,2676.99,0.453846154,-8.465429961561341,8.919276115561342,8.919276115561342
Soyabean,2018,Kharif     ,Nagaland,25110.0,31640.0,1372.7,4072842.0,8788.5,1.253636364,10.45346718058667,-9.19983081658667,9.19983081658667
Tapioca,2013,Rabi       ,Andhra Pradesh,20.0,368.0,1062.3,2889.8,5.4,18.4,30.56610322281489,-12.16610322281489,12.16610322281489
Sesamum,2019,Kharif     ,Gujarat,109958.0,56270.0,1067.8,18886386.08,40684.46,0.507931034,5.2176047343510845,-4.709673700351084,4.709673700351084
Guar seed,2002,Whole Year ,Gujarat,179600.0,55700.0,458.4,17002732.0,44900.0,0.371,12.503267396368926,-12.132267396368926,12.132267396368926
Rice,2003,Kharif     ,Nagaland,155000.0,220990.0,1709.8,15341900.0,37200.0,1.36,16.416005855016493,-15.056005855016494,15.056005855016494
Gram,2019,Rabi       ,Uttar Pradesh,620776.0,851211.0,814.5,106624485.8,229687.12,1.258,22.256711371855346,-20.998711371855347,20.998711371855347
Turmeric,2003,Whole Year ,Bihar,2789.0,2758.0,1353.9,276055.22,669.36,0.994782609,17.885493746238808,-16.890711137238807,16.890711137238807
Sesamum,2018,Kharif     ,Puducherry,2.0,2.0,1693.9,324.4,0.7,1.0,86.01698230055374,-85.01698230055374,85.01698230055374
Potato,2008,Whole Year ,Andhra Pradesh,5227.0,50118.0,944.6,747670.08,470.43,9.332,85.21782611830236,-75.88582611830236,75.88582611830236
Onion,2001,Whole Year ,Puducherry,16.0,251.0,1434.5875,1634.08,4.16,15.69,121.77654457898575,-106.08654457898575,106.08654457898575
Maize,2015,Kharif     ,Gujarat,297588.0,393828.0,584.3,46992121.08,98204.04,1.486818182,11.014788231444811,-9.52797004944481,9.52797004944481
Bajra,2016,Kharif     ,West Bengal,167.0,49.0,1795.8,25592.75,58.45,0.315,95.24368519596626,-94.92868519596627,94.92868519596627
Sesamum,2014,Summer     ,Odisha,4255.0,1278.0,1536.9,642334.8,1404.15,0.350434783,-6.00254330697399,6.35297808997399,6.35297808997399
Sesamum,2000,Kharif     ,Madhya Pradesh,143565.0,40347.0,723.3,14093776.05,37326.9,0.3,-24.508541679749555,24.808541679749556,24.808541679749556
Urad,2002,Kharif     ,Sikkim,3780.0,2790.0,2496.2,357852.6,945.0,0.6425,-16.62741442803369,17.269914428033687,17.269914428033687
Masoor,2009,Rabi       ,Assam,23227.0,11661.0,1727.1,3619231.14,3948.59,0.498148148,-65.12234850353397,65.62049665153397,65.62049665153397
Maize,1999,Kharif     ,Gujarat,391000.0,504000.0,458.9,41496830.0,105570.0,1.324117647,-6.988249824656236,8.312367471656236,8.312367471656236
Gram,2002,Rabi       ,Tamil Nadu,6199.0,4172.0,315.9,586859.33,1549.75,0.581666667,31.245444720761952,-30.663778053761952,30.663778053761952
Barley,2002,Rabi       ,Himachal Pradesh,23596.0,30614.0,890.8,2233833.32,5899.0,1.299090909,-10.111353398913906,11.410444307913906,11.410444307913906
Groundnut,2010,Kharif     ,Tripura,336.0,362.0,2348.3,55812.96,80.64,1.09,1.5692782691982643,-0.4792782691982642,0.4792782691982642
Peas & beans (Pulses),1998,Summer     ,Karnataka,1583.0,13707.0,1260.8,156400.4,459.07,7.827,-51.37140549154083,59.198405491540825,59.198405491540825
Maize,2011,Kharif     ,Delhi,38.0,843.0,641.3954545,6365.76,12.54,22.18,9.745094347486287,12.434905652513713,12.434905652513713
Soyabean,2002,Kharif     ,Nagaland,26000.0,35000.0,1536.6,2461420.0,6500.0,1.4075,-4.895179430129474,6.302679430129474,6.302679430129474
Gram,2013,Rabi       ,Andhra Pradesh,472380.0,648031.0,1062.3,68254186.2,127542.6,1.639090909,42.88503773181182,-41.24594682281182,41.24594682281182
Cotton(lint),1999,Kharif     ,Puducherry,357.0,1835.0,1434.5875,37888.41,96.39,5.14,76.05391661745348,-70.91391661745348,70.91391661745348
Maize,2010,Kharif     ,Arunachal Pradesh,45061.0,64714.0,2574.1,7485082.71,10814.64,1.515625,-10.290822207552196,11.806447207552196,11.806447207552196
Linseed,2003,Rabi       ,West Bengal,6024.0,1907.0,1526.7,596255.52,1445.76,0.316923077,86.94270482099174,-86.62578174399174,86.62578174399174
Horse-gram,2001,Kharif     ,Chhattisgarh,57694.0,19650.0,1550.0,5892288.22,15000.44,0.325625,-78.48024808631038,78.80587308631038,78.80587308631038
Niger seed,2014,Kharif     ,Madhya Pradesh,42000.0,18000.0,891.2,6340320.0,13860.0,0.478333333,4.590077417319435,-4.111744084319435,4.111744084319435
Sunflower,2011,Summer     ,Karnataka,18482.0,18869.0,1178.986364,3096104.64,6099.06,1.035,-48.19244839594958,49.22744839594958,49.22744839594958
Maize,2013,Summer     ,Karnataka,27180.0,88183.0,1235.6,3927238.2,7338.6,3.111724138,-36.7610746099769,39.8727987479769,39.8727987479769
Gram,2015,Rabi       ,Delhi,25.0,53.0,757.7,3947.75,8.25,2.12,10.977122012145855,-8.857122012145854,8.857122012145854
Coconut ,2006,Whole Year ,Kerala,872943.0,6054000000.0,3429.7,111483550.5,192047.46,6522.32,7821.397722910382,-1299.0777229103824,1299.0777229103824
Masoor,2000,Rabi       ,Uttar Pradesh,651730.0,408052.0,874.4,63980334.1,169449.8,0.757391304,1.4982602085271992,-0.7408689045271992,0.7408689045271992
Moong(Green Gram),2005,Winter     ,Odisha,104909.0,19319.0,1503.4,12580687.28,22030.89,0.239259259,-7.694565557342656,7.933824816342656,7.933824816342656
Tobacco,2013,Whole Year ,Madhya Pradesh,100.0,49.0,1451.4,14449.0,27.0,0.545714286,26.451537427682496,-25.905823141682497,25.905823141682497
Jowar,2016,Kharif     ,Puducherry,1.0,2.0,1391.3,153.25,0.35,2.0,89.40790269183164,-87.40790269183164,87.40790269183164
Horse-gram,2007,Kharif     ,Himachal Pradesh,2422.0,1097.0,1095.4,323094.8,387.52,0.444,-5.199046418449171,5.643046418449171,5.643046418449171
Cotton(lint),2001,Kharif     ,Jammu and Kashmir,69.0,34.0,953.8,7046.97,17.94,0.49,-6.072555504594845,6.562555504594846,6.562555504594846
Other Kharif pulses,2007,Kharif     ,Andhra Pradesh,6000.0,3000.0,1004.2,800400.0,960.0,0.5,44.01055029394442,-43.51055029394442,43.51055029394442
Cotton(lint),2016,Kharif     ,Madhya Pradesh,600000.0,947000.0,1048.4,91950000.0,210000.0,1.417,2.7326625358565195,-1.3156625358565195,1.3156625358565195
Tapioca,2008,Whole Year ,Meghalaya,4187.0,21773.0,3114.3,598908.48,376.83,6.267142857,26.269097635972884,-20.001954778972884,20.001954778972884
Sugarcane,2005,Whole Year ,Andhra Pradesh,229960.0,17656395.0,1075.5,27576803.2,48291.6,83.59,104.05542265153078,-20.465422651530773,20.465422651530773
Sesamum,2007,Kharif     ,Maharashtra,88700.0,28600.0,1257.2,11832580.0,14192.0,0.412727273,-2.797478953344978,3.2102062263449778,3.2102062263449778
Coriander,2016,Whole Year ,Karnataka,1778.0,770.0,1147.2,272478.5,622.3,0.390625,-14.875200815769716,15.265825815769716,15.265825815769716
Gram,2016,Rabi       ,Karnataka,1002932.0,592570.0,1147.2,153699329.0,351026.2,0.450833333,-31.246662667446856,31.697496000446854,31.697496000446854
Rapeseed &Mustard,1997,Whole Year ,West Bengal,327123.0,250950.0,1852.9,31132295.91,101408.13,0.718333333,135.7748345153734,-135.0565011823734,135.0565011823734
Onion,2013,Whole Year ,Haryana,30163.0,672164.0,452.2,4358251.87,8144.01,22.45714286,46.57428557326152,-24.11714271326152,24.11714271326152
Tobacco,2014,Whole Year ,Tamil Nadu,5478.0,8334.0,911.3,826958.88,1807.74,1.497,68.90172985270043,-67.40472985270043,67.40472985270043
Urad,2009,Kharif     ,Punjab,2800.0,1400.0,371.3,436296.0,476.0,0.49,-3.8918842472235156,4.381884247223516,4.381884247223516
Sesamum,2013,Whole Year ,Kerala,265.0,88.0,3255.4,38289.85,71.55,0.255714286,-55.52037929092086,55.77609357692086,55.77609357692086
Maize,2009,Kharif     ,Assam,19481.0,13981.0,1727.1,3035529.42,3311.77,0.617407407,-60.64952830622218,61.26693571322218,61.26693571322218
Maize,2013,Rabi       ,Gujarat,92747.0,196862.0,1006.5,13401014.03,25041.69,2.120714286,9.482389761013309,-7.361675475013309,7.361675475013309
Rice,2019,Kharif     ,Karnataka,964087.0,3088937.0,1422.3,165591583.1,356712.19,2.924,-5.614453483199497,8.538453483199497,8.538453483199497
Maize,2000,Kharif     ,Sikkim,39903.0,59611.0,2504.8,3917277.51,10374.78,1.49,-6.720186143425053,8.210186143425053,8.210186143425053
Moong(Green Gram),2000,Rabi       ,Chhattisgarh,4327.0,940.0,896.4,424781.59,1125.02,0.200666667,-91.47965988820064,91.68032655520064,91.68032655520064
Ragi,2006,Autumn     ,Odisha,24822.0,15419.0,1716.9,3170017.62,5460.84,0.5665,-5.981547745301555,6.548047745301554,6.548047745301554
Maize,1998,Rabi       ,Andhra Pradesh,83700.0,363700.0,1048.3,8269560.0,24273.0,4.245,30.059080470727736,-25.814080470727735,25.814080470727735
Rice,1998,Kharif     ,Madhya Pradesh,5438800.0,3346300.0,962.7,537353440.0,1577252.0,0.586785714,-26.18366827211628,26.77045398611628,26.77045398611628
Moong(Green Gram),2016,Kharif     ,Punjab,4800.0,4000.0,635.9,735600.0,1680.0,0.8025,3.279071579445798,-2.476571579445798,2.476571579445798
Linseed,2011,Rabi       ,Nagaland,5740.0,4630.0,1544.354545,961564.8,1894.2,0.808181818,3.2286908890907853,-2.4205090710907853,2.4205090710907853
Linseed,2017,Rabi       ,Madhya Pradesh,162000.0,85550.0,800.0,25505280.0,61560.0,0.675609756,3.443185976801118,-2.767576220801118,2.767576220801118
Arhar/Tur,2005,Kharif     ,Nagaland,8000.0,7600.0,1568.6,959360.0,1680.0,0.9225,-1.7785044590170003,2.701004459017,2.701004459017
Mesta,2005,Kharif     ,Assam,4914.0,24678.0,2184.6,589286.88,1031.94,4.650434783,-64.23765674819916,68.88809153119915,68.88809153119915
Dry chillies,2008,Whole Year ,Bihar,2364.0,3238.0,1197.7,338146.56,212.76,1.227666667,18.65951079160226,-17.431844124602257,17.431844124602257
Horse-gram,2011,Kharif     ,Jammu and Kashmir,957.0,282.0,887.6,160316.64,315.81,0.343333333,-2.4034259809398577,2.7467593139398576,2.7467593139398576
Rice,2005,Winter     ,Jharkhand,954735.25,536165.0,965.2,114491851.2,200494.4025,0.531363636,6.024352600586951,-5.492988964586951,5.492988964586951
Sugarcane,2017,Whole Year ,Assam,30559.0,1142974.0,2098.563636,4811208.96,11612.42,36.48703704,16.99199967600441,19.495037363995586,19.495037363995586
Cashewnut,2003,Whole Year ,Puducherry,217.0,172.0,1434.5875,21478.66,52.08,1.08,122.8031317708717,-121.7231317708717,121.7231317708717
Ragi,2018,Summer     ,Karnataka,4276.0,7667.0,1419.1,693567.2,1496.6,1.835333333,-32.072556745802444,33.907890078802446,33.907890078802446
Sesamum,2018,Kharif     ,Tamil Nadu,9457.0,4494.0,986.2,1533925.4,3309.95,0.472,41.44799681739049,-40.97599681739049,40.97599681739049
Wheat,2010,Rabi       ,Manipur,2100.0,5250.0,2160.5,348831.0,504.0,2.475,8.756766613920178,-6.281766613920178,6.281766613920178
Cowpea(Lobia),2018,Rabi       ,Meghalaya,1676.0,2537.0,5649.1,271847.2,586.6,1.631818182,8.403987113924444,-6.772168931924444,6.772168931924444
Dry chillies,2001,Whole Year ,Haryana,1933.0,2200.0,483.8,197417.29,502.58,0.806111111,8.137088090599349,-7.330976979599349,7.330976979599349
Horse-gram,2012,Kharif     ,Jammu and Kashmir,1165.0,362.0,1116.7,175682.0,361.15,0.337142857,0.10809491145582228,0.22904794554417773,0.22904794554417773
Onion,2014,Kharif     ,Tamil Nadu,11835.0,100221.0,911.3,1786611.6,3905.55,8.114074074,41.0031305132259,-32.8890564392259,32.8890564392259
Rapeseed &Mustard,2006,Rabi       ,Tripura,1744.0,1361.0,1764.3,222726.24,383.68,0.78,-9.264210541232728,10.044210541232728,10.044210541232728
Coriander,2013,Whole Year ,Madhya Pradesh,143986.0,94851.0,1451.4,20804537.14,38876.22,0.465,15.078215782915777,-14.613215782915777,14.613215782915777
Moong(Green Gram),2007,Kharif     ,West Bengal,536.0,287.0,2007.5,71502.4,85.76,0.58,84.52066486156724,-83.94066486156724,83.94066486156724
Dry chillies,2002,Whole Year ,Chhattisgarh,6450.0,5687.0,1001.4,610621.5,1612.5,0.856875,-57.533295195457356,58.39017019545736,58.39017019545736
Other  Rabi pulses,2004,Rabi       ,Karnataka,23981.0,2810.0,1117.7,2598101.54,5036.01,0.120384615,-28.86509387240909,28.98547848740909,28.98547848740909
Moth,2010,Kharif     ,Gujarat,22400.0,12600.0,1107.5,3720864.0,5376.0,0.651875,1.3800195403001965,-0.7281445403001965,0.7281445403001965
Rice,2011,Rabi       ,Karnataka,43192.0,94196.0,1178.986364,7235523.84,14253.36,2.378181818,-13.576273838598638,15.954455656598638,15.954455656598638
Other Kharif pulses,2007,Kharif     ,Bihar,1403.0,917.0,1600.2,187160.2,224.48,0.657368421,7.368507740829244,-6.711139319829244,6.711139319829244
Ginger,2000,Whole Year ,Andhra Pradesh,2329.0,6515.0,935.6,228637.93,605.54,3.14875,71.01891011619794,-67.87016011619794,67.87016011619794
Arhar/Tur,2016,Kharif     ,Himachal Pradesh,11.0,2.0,1373.9,1685.75,3.85,0.37,11.777393915659133,-11.407393915659133,11.407393915659133
Rice,2013,Kharif     ,Madhya Pradesh,1881546.0,3321724.0,1451.4,271864581.5,508017.42,1.410204082,14.072859446610977,-12.662655364610977,12.662655364610977
Peas & beans (Pulses),2002,Kharif     ,Nagaland,1100.0,1250.0,1536.6,104137.0,275.0,1.1525,-1.4283036420753774,2.5808036420753773,2.5808036420753773
Linseed,2013,Rabi       ,Bihar,18674.0,15874.0,1069.9,2698206.26,5041.98,0.854705882,4.620078567664677,-3.765372685664677,3.765372685664677
Ginger,1998,Kharif     ,Karnataka,3896.0,51169.0,1260.8,384924.8,1129.84,12.75944444,-54.858102994683975,67.61754743468397,67.61754743468397
Sugarcane,2014,Kharif     ,Puducherry,1921.0,316965.0,1330.0,289994.16,633.93,165.0,110.21180221924331,54.78819778075669,54.78819778075669
Wheat,2005,Rabi       ,Punjab,3468000.0,14493000.0,566.7,415882560.0,728280.0,4.145294118,-14.875182720267532,19.02047683826753,19.02047683826753
Sunflower,2019,Kharif     ,Karnataka,105942.0,80163.0,1422.3,18196597.92,39198.54,0.726,-27.004638673921107,27.730638673921106,27.730638673921106
Barley,2012,Rabi       ,Himachal Pradesh,20802.0,35916.0,1035.0,3136941.6,6448.62,1.756363636,1.0960736920313252,0.6602899439686747,0.6602899439686747
Rice,2014,Kharif     ,Madhya Pradesh,2057000.0,3522660.0,891.2,310524720.0,678810.0,1.663488372,11.315680240745422,-9.652191868745422,9.652191868745422
Onion,2019,Summer     ,Karnataka,10300.0,119070.0,1422.3,1769128.0,3811.0,11.37333333,-39.27742411443887,50.650757444438874,50.650757444438874
Cotton(lint),2009,Kharif     ,Uttar Pradesh,4971.0,838.0,585.8,774581.22,845.07,0.1875,14.420786033670907,-14.233286033670907,14.233286033670907
Bajra,2009,Kharif     ,Maharashtra,1033500.0,766300.0,1002.4,161039970.0,175695.0,0.686666667,-5.469326853409683,6.155993520409683,6.155993520409683
Turmeric,2006,Whole Year ,Arunachal Pradesh,532.0,1965.0,1940.0,67941.72,117.04,4.425,-0.8330229711516779,5.258022971151678,5.258022971151678
Cotton(lint),2008,Kharif     ,Haryana,456086.0,1862000.0,715.6,65238541.44,41047.74,1.7835,-3.780451725094622,5.563951725094622,5.563951725094622
Rice,2004,Summer     ,Odisha,293000.0,652000.0,1290.4,31743620.0,61530.0,1.938148148,11.435353679794844,-9.497205531794844,9.497205531794844
Turmeric,2019,Whole Year ,Madhya Pradesh,16271.0,285338.0,1446.7,2794706.96,6020.27,18.86708333,31.959350228882215,-13.092266898882215,13.092266898882215
Sesamum,1998,Whole Year ,West Bengal,100425.0,85448.0,2152.5,9921990.0,29123.25,0.741111111,126.01156763590433,-125.27045652490433,125.27045652490433
Tobacco,2013,Whole Year ,Assam,259.0,139.0,1797.7,37422.91,69.93,0.6295,-38.095058645691665,38.724558645691666,38.724558645691666
Maize,2019,Summer     ,Uttarakhand,362.0,491.0,1378.9,62177.12,133.94,1.7,1.4323058975310516,0.2676941024689483,0.2676941024689483
Sesamum,2013,Kharif     ,Mizoram,774.0,574.0,1848.8,111835.26,208.98,0.65625,-41.35194798157005,42.00819798157005,42.00819798157005
Soyabean,2019,Kharif     ,Meghalaya,1873.0,3570.0,3844.4,321706.48,693.01,2.148181818,4.2411710343521065,-2.0929892163521067,2.0929892163521067
Urad,2019,Kharif     ,Uttar Pradesh,518986.0,212530.0,814.5,89141035.36,192024.82,0.592739726,14.363397365870611,-13.770657639870612,13.770657639870612
Rice,1999,Rabi       ,Meghalaya,3929.0,13846.0,6200.3,416984.77,1060.83,1.755714286,15.757988728902234,-14.002274442902234,14.002274442902234
Potato,2015,Rabi       ,Karnataka,6029.0,90778.0,1024.9,952039.39,1989.57,14.405,-36.34410691019815,50.74910691019815,50.74910691019815
Groundnut,1999,Rabi       ,West Bengal,6098.0,9269.0,2318.1,647180.74,1646.46,1.525,88.39454209570621,-86.86954209570621,86.86954209570621
Maize,2004,Kharif     ,Gujarat,459500.0,412500.0,719.8,49782230.0,96495.0,1.0375,-0.7597852154871134,1.7972852154871135,1.7972852154871135
Maize,1998,Kharif     ,Karnataka,450472.0,1542607.0,1260.8,44506633.6,130636.88,3.366,-42.8964211374643,46.2624211374643,46.2624211374643
Wheat,2013,Rabi       ,Arunachal Pradesh,2960.0,4470.0,2042.9,427690.4,799.2,1.73,-5.89412274394661,7.624122743946611,7.624122743946611
Coriander,2004,Whole Year ,Bihar,2078.0,1362.0,1147.8,225130.52,436.38,0.644375,7.537868596295056,-6.893493596295055,6.893493596295055
Rice,2015,Rabi       ,Telangana,297475.0,850259.0,747.9,46974277.25,98166.75,2.785555556,64.23090499980819,-61.44534944380819,61.44534944380819
Other Kharif pulses,2009,Kharif     ,Jammu and Kashmir,5595.0,6616.0,751.7,871812.9,951.15,0.807777778,4.911058814590604,-4.103281036590603,4.103281036590603
Horse-gram,2001,Kharif     ,Himachal Pradesh,2418.0,967.0,918.1,246950.34,628.68,0.396,-12.492826924851897,12.888826924851898,12.888826924851898
Garlic,2004,Whole Year ,Karnataka,5202.0,3584.0,1117.7,563584.68,1092.42,1.360625,-12.892007207150755,14.252632207150755,14.252632207150755
Turmeric,1999,Whole Year ,Bihar,3134.0,3302.0,1402.7,332611.42,846.18,1.154210526,14.106148796401982,-12.951938270401982,12.951938270401982
Sweet potato,2014,Rabi       ,Telangana,96.0,744.0,746.4,14492.16,31.68,7.745,26.412842058262285,-18.667842058262284,18.667842058262284
Horse-gram,2013,Rabi       ,Karnataka,102917.0,52585.0,1235.6,14870477.33,27787.59,0.492592593,-37.761385116826716,38.253977709826714,38.253977709826714
Maize,2007,Autumn     ,Bihar,263299.0,321402.0,1600.2,35124086.6,42127.84,1.305526316,-12.672359317307468,13.977885633307467,13.977885633307467
Maize,2011,Autumn     ,Odisha,98714.0,202050.0,1346.2,16536569.28,32575.62,1.3072,-1.8989605743662423,3.2061605743662422,3.2061605743662422
Peas & beans (Pulses),2008,Rabi       ,Himachal Pradesh,8395.0,11461.0,1357.1,1200820.8,755.55,1.122727273,3.678905765935184,-2.5561784929351843,2.5561784929351843
Maize,2019,Kharif     ,Uttarakhand,21193.0,40823.0,1378.9,3640109.68,7841.41,1.706923077,13.18176724033384,-11.474844163333842,11.474844163333842
Turmeric,2018,Rabi       ,Uttar Pradesh,1420.0,1913.0,792.8,230324.0,497.0,1.254230769,-8.631467740379094,9.885698509379093,9.885698509379093
Potato,1999,Whole Year ,Arunachal Pradesh,4960.0,32434.0,2338.6,526404.8,1339.2,6.365833333,18.913696037192523,-12.547862704192521,12.547862704192521
Other Kharif pulses,2007,Kharif     ,Jammu and Kashmir,1635.0,879.0,1042.2,218109.0,261.6,0.772307692,4.778183339942927,-4.005875647942927,4.005875647942927
Ragi,1999,Kharif     ,Andhra Pradesh,82280.0,85732.0,650.4,8732376.4,22215.6,1.038666667,30.091782823300576,-29.053116156300575,29.053116156300575
Rapeseed &Mustard,1999,Rabi       ,Uttar Pradesh,655386.0,668346.0,883.4,69556116.18,176954.22,0.874390244,1.6188823499263094,-0.7444921059263094,0.7444921059263094
Peas & beans (Pulses),2012,Rabi       ,Assam,30952.0,19821.0,2167.5,4667561.6,9595.12,0.654814815,-57.664563926673225,58.319378741673226,58.319378741673226
Groundnut,2005,Kharif     ,Nagaland,340.0,320.0,1568.6,40772.8,71.4,0.97,0.9970905428742469,-0.027090542874246948,0.027090542874246948
Banana,2004,Whole Year ,Kerala,58866.0,475371.0,2880.2,6377542.44,12361.86,7.803571429,-56.43591168370821,64.23948311270821,64.23948311270821
Urad,2013,Kharif     ,Gujarat,86413.0,52715.0,1006.5,12485814.37,23331.51,0.6348,0.7319675333735063,-0.09716753337350625,0.09716753337350625
Bajra,2001,Kharif     ,Karnataka,208213.0,111091.0,1002.9,21264793.69,54135.38,0.510666667,-50.79413572241512,51.30480238941512,51.30480238941512
Onion,2007,Summer     ,Uttar Pradesh,11716.0,158183.0,672.9,1562914.4,1874.56,13.49166667,-6.002994474447888,19.49466114444789,19.49466114444789
Garlic,2010,Whole Year ,Karnataka,4234.0,5467.0,1317.7,703309.74,1016.16,1.322857143,-5.441070917346906,6.763928060346906,6.763928060346906
Barley,2015,Rabi       ,Sikkim,447.0,472.0,2949.1,70585.77,147.51,1.005,4.354730163547885,-3.3497301635478847,3.3497301635478847
Groundnut,2001,Kharif     ,Maharashtra,353400.0,382200.0,1035.8,36092742.0,91884.0,0.733703704,1.6632637010502833,-0.9295599970502834,0.9295599970502834
Coconut ,2014,Whole Year ,Chhattisgarh,59.0,0.0,1274.7,8906.64,19.47,0.0,8899.334472554925,-8899.334472554925,8899.334472554925
Jute,2008,Kharif     ,Assam,60111.0,647455.0,2109.9,8598277.44,5409.99,10.38925926,-52.162361030466116,62.55162029046612,62.55162029046612
Small millets,2002,Kharif     ,Assam,8310.0,4328.0,1973.6,786707.7,2077.5,0.489090909,-77.48986167795209,77.97895258695209,77.97895258695209
Niger seed,2008,Kharif     ,Assam,7493.0,3821.0,2109.9,1071798.72,674.37,0.509565217,-60.25023553386001,60.75980075086001,60.75980075086001
Arhar/Tur,2017,Kharif     ,Maharashtra,1375105.0,1250678.0,1129.5,216496531.2,522539.9,0.813225806,11.0292283958251,-10.2160025898251,10.2160025898251
Peas & beans (Pulses),2014,Rabi       ,Manipur,18101.0,17106.0,987.5,2732526.96,5973.33,0.938888889,-2.2797251481258343,3.2186140371258345,3.2186140371258345
Sesamum,2019,Kharif     ,Puducherry,2.0,2.0,1317.0,343.52,0.74,1.0,84.59087056680426,-83.59087056680426,83.59087056680426
Moong(Green Gram),2013,Summer     ,Uttarakhand,10.0,5.0,1735.4,1444.9,2.7,0.5,-16.232354731518058,16.732354731518058,16.732354731518058
Tobacco,2011,Whole Year ,Karnataka,114558.0,104965.0,1178.986364,19190756.16,37804.14,0.943076923,-9.896065736319002,10.839142659319002,10.839142659319002
Potato,2015,Whole Year ,Manipur,15250.0,129170.0,1329.1,2408127.5,5032.5,8.488888889,45.616690586812126,-37.127801697812124,37.127801697812124
Sesamum,2003,Rabi       ,Andhra Pradesh,46892.0,9544.0,826.0,4641370.16,11254.08,0.204210526,19.855663812995218,-19.651453286995217,19.651453286995217
Rice,2012,Summer     ,Kerala,47294.0,134609.0,2187.6,7131935.2,14661.14,2.482142857,-95.03652250890332,97.51866536590332,97.51866536590332
Bajra,2007,Kharif     ,Haryana,627983.0,1156000.0,443.8,83772932.2,100477.28,2.016,-15.403436440644867,17.419436440644866,17.419436440644866
Horse-gram,2012,Kharif     ,Tamil Nadu,63505.0,25455.0,706.8,9576554.0,19686.55,0.331923077,38.2243117853683,-37.8923887083683,37.8923887083683
Maize,2003,Kharif     ,Nagaland,45000.0,78000.0,1709.8,4454100.0,10800.0,1.69125,0.009304014494091462,1.6819459855059085,1.6819459855059085
Bajra,2015,Kharif     ,Puducherry,6.0,15.0,1980.6,947.46,1.98,2.5,87.99405153860964,-85.49405153860964,85.49405153860964
Maize,2009,Whole Year ,Madhya Pradesh,812456.0,1018820.0,904.1,126596893.9,138117.52,1.0752,46.15342122014056,-45.078221220140556,45.078221220140556
Safflower,2019,Rabi       ,Andhra Pradesh,710.0,348.0,899.2,121949.6,262.7,0.475,42.49008278486963,-42.01508278486963,42.01508278486963
Banana,2017,Whole Year ,Gujarat,29630.0,2125489.0,814.8,4664947.2,11259.4,71.83,63.45770785010842,8.372292149891578,8.372292149891578
Masoor,2011,Rabi       ,Jammu and Kashmir,234.0,130.0,887.6,39199.68,77.22,0.5525,2.2521627506953052,-1.6996627506953053,1.6996627506953053
Other Kharif pulses,2004,Kharif     ,Gujarat,18900.0,10000.0,719.8,2047626.0,3969.0,0.564210526,3.357812092472841,-2.793601566472841,2.793601566472841
Mesta,2012,Kharif     ,Chhattisgarh,1222.0,2273.0,1366.8,184277.6,378.82,2.078421053,-61.51443619831565,63.59285725131565,63.59285725131565
Rapeseed &Mustard,2018,Rabi       ,Jharkhand,236853.0,164643.0,1222.7,38417556.6,82898.55,0.710833333,9.250029939088193,-8.539196606088193,8.539196606088193
Ginger,2010,Kharif     ,Uttar Pradesh,893.0,2538.0,742.6,148336.23,214.32,2.850555556,4.549241171176959,-1.698685615176959,1.698685615176959
Rice,2010,Winter     ,Kerala,91555.59,215011.0,3131.8,15208299.05,21973.3416,2.202142857,-83.14871785350721,85.3508607105072,85.3508607105072
Moong(Green Gram),2018,Summer     ,Uttar Pradesh,41462.0,34413.0,792.8,6725136.4,14511.7,0.794444444,2.054738459806856,-1.260294015806856,1.260294015806856
Bajra,2012,Kharif     ,Haryana,410731.0,791000.0,307.9,61938234.8,127326.61,1.788095238,-9.18300548804308,10.97110072604308,10.97110072604308
Sesamum,2001,Kharif     ,Odisha,51573.0,11341.0,1672.5,5267150.49,13408.98,0.225,-6.867932609707907,7.092932609707907,7.092932609707907
Tapioca,2015,Whole Year ,Kerala,69404.71,2662610.0,2602.9,10959697.76,22903.5543,38.13857143,-59.90382088980411,98.04239231980411,98.04239231980411
Ragi,1998,Kharif     ,Maharashtra,157000.0,159100.0,1314.8,15511600.0,45530.0,1.03,0.3582727093537983,0.6717272906462017,0.6717272906462017
Banana,2010,Whole Year ,Karnataka,65767.0,1536239.0,1317.7,10924556.37,15784.08,23.71172414,19.821518571709063,3.8902055682909378,3.8902055682909378
Rice,1999,Kharif     ,Maharashtra,1457100.0,2466400.0,1166.5,154642023.0,393417.0,1.211935484,10.95881447817223,-9.74687899417223,9.74687899417223
Jowar,2013,Rabi       ,Andhra Pradesh,85513.0,208482.0,1062.3,12355773.37,23088.51,3.579090909,38.79619392646316,-35.21710301746316,35.21710301746316
Castor seed,2006,Kharif     ,Karnataka,20230.0,16163.0,1146.3,2583573.3,4450.6,0.827727273,-42.87445196186229,43.70217923486229,43.70217923486229
Small millets,2010,Kharif     ,Chhattisgarh,158948.0,33299.0,1283.1,26402852.28,38147.52,0.213888889,-73.84325175006347,74.05714063906348,74.05714063906348
Banana,2015,Kharif     ,Telangana,1756.0,84008.0,747.9,277289.96,579.48,48.41333333,49.20189918311351,-0.7885658531135107,0.7885658531135107
Sugarcane,2013,Whole Year ,Assam,29083.0,1075171.0,1797.7,4202202.67,7852.41,36.24925926,10.936115491714446,25.313143768285556,25.313143768285556
Rapeseed &Mustard,2002,Rabi       ,Sikkim,4800.0,3360.0,2496.2,454416.0,1200.0,0.6575,-7.873270760897952,8.530770760897953,8.530770760897953
Other Summer Pulses,2018,Summer     ,Maharashtra,2030.0,648.0,1387.4,329266.0,710.5,0.426363636,-26.375038381201023,26.801402017201024,26.801402017201024
Garlic,2016,Whole Year ,Bihar,1866.0,2830.0,1205.6,285964.5,653.1,1.525517241,34.687183236437704,-33.1616659954377,33.1616659954377
Cotton(lint),2013,Kharif     ,Madhya Pradesh,573812.0,1225443.0,1451.4,82910095.88,154929.24,1.891875,2.0264983557829908,-0.13462335578299078,0.13462335578299078
Masoor,2013,Rabi       ,Uttarakhand,9839.0,8822.0,1735.4,1421637.11,2656.53,0.836153846,4.961803180797489,-4.1256493347974885,4.1256493347974885
Ginger,2009,Whole Year ,Chhattisgarh,1780.0,1780.0,956.9,277359.6,302.6,0.828,-28.92218796817471,29.75018796817471,29.75018796817471
Turmeric,2018,Whole Year ,Uttarakhand,1308.0,4092.0,1373.0,212157.6,457.8,2.91,29.624503574750676,-26.714503574750676,26.714503574750676
Masoor,2001,Rabi       ,Haryana,9325.0,7500.0,483.8,952362.25,2424.5,0.811333333,-10.427093589785983,11.238426922785983,11.238426922785983
Sesamum,2006,Kharif     ,Jammu and Kashmir,5412.0,2298.0,1786.5,691166.52,1190.64,0.4275,-6.751778228096413,7.179278228096413,7.179278228096413
Wheat,2019,Rabi       ,Assam,11336.0,14430.0,2084.7,1947071.36,4194.32,1.272083333,-43.501021200275034,44.77310453327503,44.77310453327503
Groundnut,2009,Whole Year ,Tamil Nadu,413011.0,895718.0,928.5,64355374.02,70211.87,2.120322581,93.45718962375759,-91.33686704275759,91.33686704275759
Barley,2007,Rabi       ,Uttarakhand,24704.0,25856.0,1924.3,3295513.6,3952.64,1.125384615,-3.040753972321312,4.166138587321312,4.166138587321312
Linseed,2002,Rabi       ,Karnataka,17401.0,6118.0,860.8,1647352.67,4350.25,0.342857143,-42.69755363700827,43.04041078000827,43.04041078000827
Small millets,2008,Kharif     ,Nagaland,11920.0,11340.0,1540.9,1705036.8,1072.8,0.943333333,-7.10861713799477,8.05195047099477,8.05195047099477
Turmeric,2011,Rabi       ,Jammu and Kashmir,3.0,3.0,887.6,502.56,0.99,0.93,-29.90114913008236,30.83114913008236,30.83114913008236
Rapeseed &Mustard,2008,Rabi       ,Karnataka,4573.0,1836.0,1164.1,654121.92,411.57,0.3875,-33.71425425666624,34.10175425666624,34.10175425666624
Jowar,2017,Kharif     ,Jharkhand,3329.0,2210.0,1165.7,524117.76,1265.02,0.702857143,5.739457756456403,-5.036600613456403,5.036600613456403
Onion,2016,Kharif     ,Andhra Pradesh,32006.0,555944.0,890.0,4904919.5,11202.1,21.05416667,41.106554020042594,-20.052387350042594,20.052387350042594
Moong(Green Gram),2007,Summer     ,Odisha,148138.0,38981.0,1633.8,19761609.2,23702.08,0.288928571,-13.21340786115428,13.50233643215428,13.50233643215428
Rice,2019,Kharif     ,Jharkhand,1357726.0,3612589.0,1137.8,233203017.8,502358.62,2.663333333,24.045471643082664,-21.382138310082663,21.382138310082663
Rice,2008,Summer     ,Puducherry,4981.0,14263.0,1434.5875,712482.24,448.29,2.125,93.4701197722517,-91.3451197722517,91.3451197722517
Arhar/Tur,2013,Kharif     ,Gujarat,209870.0,208963.0,1006.5,30324116.3,56664.9,0.961666667,8.947790734907699,-7.986124067907698,7.986124067907698
Small millets,2010,Kharif     ,Madhya Pradesh,262854.0,88106.0,856.3,43662677.94,63084.96,0.356666667,-11.293089811618472,11.649756478618473,11.649756478618473
Maize,2016,Kharif     ,Tripura,12196.0,16608.0,2475.3,1869037.0,4268.6,1.38375,8.91178831942554,-7.52803831942554,7.52803831942554
Coriander,2016,Kharif     ,Andhra Pradesh,8.0,1.0,890.0,1226.0,2.8,0.13,8.027322788009258,-7.897322788009258,7.897322788009258
Jowar,2008,Kharif     ,Kerala,2306.0,1177.0,2524.8,329850.24,207.54,0.6525,-108.67876901332863,109.33126901332864,109.33126901332864
Peas & beans (Pulses),2006,Rabi       ,Madhya Pradesh,189486.0,83842.0,1072.3,24199257.06,41686.92,0.455,-5.1673180477211815,5.622318047721182,5.622318047721182
Coriander,2003,Whole Year ,Karnataka,7797.0,1187.0,867.6,771747.06,1871.28,0.1195,-30.041842589838296,30.161342589838295,30.161342589838295
Moong(Green Gram),2010,Kharif     ,Himachal Pradesh,433.0,202.0,1319.8,71925.63,103.92,0.505714286,-5.395979670600866,5.901693956600866,5.901693956600866
Small millets,2017,Kharif     ,Arunachal Pradesh,26765.0,27300.0,2745.5,4213881.6,10170.7,0.9945,-13.222756853835335,14.217256853835336,14.217256853835336
Niger seed,2002,Kharif     ,Chhattisgarh,71979.0,11512.0,1001.4,6814251.93,17994.75,0.159230769,-73.15758188885155,73.31681265785156,73.31681265785156
Sesamum,2014,Autumn     ,Odisha,3679.0,833.0,1536.9,555381.84,1214.07,0.25125,-11.191036946601855,11.442286946601856,11.442286946601856
Wheat,2016,Rabi       ,Assam,17452.0,23459.0,2296.8,2674519.0,6108.2,1.2684,-45.230331757810546,46.498731757810546,46.498731757810546
Rice,2006,Summer     ,Bihar,109436.0,163989.0,1052.8,13976071.56,24075.92,1.45173913,6.16901360987805,-4.71727447987805,4.71727447987805
Sesamum,2008,Winter     ,Odisha,28319.0,5310.0,1539.0,4050749.76,2548.71,0.19625,-4.217289353526098,4.413539353526098,4.413539353526098
Tobacco,2017,Whole Year ,Tamil Nadu,3788.0,5710.0,970.9,596382.72,1439.44,1.594545455,72.3714910799892,-70.7769456249892,70.7769456249892
Groundnut,2007,Kharif     ,Uttarakhand,1546.0,1318.0,1924.3,206236.4,247.36,0.792,4.105144032716851,-3.313144032716851,3.313144032716851
Ginger,2002,Whole Year ,Andhra Pradesh,2026.0,3313.0,648.1,191801.42,506.5,1.635,71.19991653219162,-69.56491653219162,69.56491653219162
Potato,2007,Whole Year ,Tamil Nadu,4066.0,68169.0,1067.2,542404.4,650.56,17.018,86.62108090338765,-69.60308090338765,69.60308090338765
Banana,2009,Whole Year ,Madhya Pradesh,8040.0,501350.0,904.1,1252792.8,1366.8,44.35692308,48.52650991754611,-4.169586837546106,4.169586837546106
Maize,2019,Autumn     ,West Bengal,50026.0,170292.0,1733.4,8592465.76,18509.62,3.178333333,91.5353903882307,-88.3570570552307,88.3570570552307
Turmeric,2016,Whole Year ,Uttarakhand,855.0,1749.0,1580.9,131028.75,299.25,1.975,28.931066319255706,-26.956066319255704,26.956066319255704
Castor seed,2016,Kharif     ,Maharashtra,7049.0,2074.0,1151.1,1080259.25,2467.15,0.379473684,10.160431794780635,-9.780958110780634,9.780958110780634
Other Kharif pulses,2014,Kharif     ,Himachal Pradesh,6180.0,5244.0,1019.9,932932.8,2039.4,0.843333333,11.736175335634556,-10.892842002634556,10.892842002634556
Rapeseed &Mustard,2015,Rabi       ,Mizoram,743.0,694.0,2310.8,117327.13,245.19,0.86625,-25.530186612578376,26.396436612578377,26.396436612578377
Rice,2000,Kharif     ,Mizoram,51839.0,103673.0,2834.3,5089034.63,13478.14,1.8875,-17.316083088901394,19.203583088901393,19.203583088901393
Rice,2019,Rabi       ,Puducherry,9397.0,28114.0,1317.0,1614028.72,3476.89,3.883333333,112.4928727718538,-108.6095394388538,108.6095394388538
Sesamum,2019,Kharif     ,Haryana,422.0,337.0,351.8,72482.72,156.14,0.823333333,-2.495045046489196,3.3183783794891957,3.3183783794891957
Castor seed,2010,Kharif     ,Haryana,1654.0,700.0,639.2,274745.94,396.96,0.138333333,-5.976932153326544,6.115265486326544,6.115265486326544
Safflower,2011,Rabi       ,Andhra Pradesh,10080.0,7508.0,861.9,1688601.6,3326.4,0.73125,34.00616109208664,-33.27491109208664,33.27491109208664
Sesamum,2016,Kharif     ,Mizoram,850.0,572.0,2626.8,130262.5,297.5,0.7225,-33.22355875137933,33.946058751379326,33.946058751379326
Cowpea(Lobia),2013,Rabi       ,Mizoram,188.0,204.0,1848.8,27164.12,50.76,1.0175,-36.634191314074485,37.65169131407448,37.65169131407448
Moong(Green Gram),1998,Summer     ,Uttar Pradesh,81599.0,41796.0,743.4,8061981.2,23663.71,0.534788732,-19.018045617105116,19.552834349105115,19.552834349105115
Banana,2002,Whole Year ,Madhya Pradesh,16117.0,363109.0,800.8,1525796.39,4029.25,17.72565217,40.66255526264361,-22.936903092643607,22.936903092643607
Niger seed,2013,Kharif     ,Maharashtra,40300.0,13020.0,1409.8,5822947.0,10881.0,0.218888889,17.700732894443234,-17.481844005443236,17.481844005443236
Castor seed,2015,Kharif     ,Nagaland,330.0,220.0,1308.3,52110.3,108.9,0.62,-0.28911489446181804,0.909114894461818,0.909114894461818
Small millets,2008,Rabi       ,Andhra Pradesh,232.0,177.0,944.6,33185.28,20.88,0.763333333,28.835616669118096,-28.072283336118097,28.072283336118097
Other  Rabi pulses,2003,Rabi       ,Karnataka,24803.0,2864.0,867.6,2455000.94,5952.72,0.114,-31.51622140850489,31.63022140850489,31.63022140850489
Wheat,2015,Rabi       ,Nagaland,3250.0,5950.0,1308.3,513207.5,1072.5,1.828888889,14.483064969504909,-12.654176080504909,12.654176080504909
Linseed,2003,Rabi       ,Uttar Pradesh,36435.0,17968.0,1075.6,3606336.3,8744.4,0.5034,10.062514214700286,-9.559114214700287,9.559114214700287
Tobacco,2010,Rabi       ,Meghalaya,631.0,420.0,3119.7,104815.41,151.44,0.7475,-42.92183169963465,43.669331699634654,43.669331699634654
Castor seed,2019,Kharif     ,Tamil Nadu,5259.0,1646.0,910.1,903285.84,1945.83,0.306428571,45.8721878532765,-45.5657592822765,45.5657592822765
Cotton(lint),2019,Whole Year ,Kerala,54.0,82.0,3119.2,9275.04,19.98,1.51,-39.085435975133436,40.595435975133434,40.595435975133434
Maize,2009,Kharif     ,Punjab,139000.0,475000.0,371.3,21658980.0,23630.0,3.489166667,7.2757316151427744,-3.7865649481427743,3.7865649481427743
Arhar/Tur,2005,Rabi       ,West Bengal,1830.0,1584.0,1650.1,219453.6,384.3,0.885,87.49692711884495,-86.61192711884495,86.61192711884495
Sunflower,2004,Rabi       ,Odisha,7578.0,5845.0,1290.4,821000.52,1591.38,0.65137931,-4.275129951119794,4.9265092611197945,4.9265092611197945
Tapioca,2012,Kharif     ,Nagaland,1970.0,39810.0,1296.6,297076.0,610.7,20.16636364,-8.687302711478281,28.85366635147828,28.85366635147828
Soyabean,2016,Kharif     ,Madhya Pradesh,5402000.0,6650000.0,1048.4,827856500.0,1890700.0,1.172222222,-23.524085021279603,24.696307243279602,24.696307243279602
Rice,2016,Kharif     ,Manipur,244000.0,645600.0,2039.8,37393000.0,85400.0,2.313333333,25.343983234801883,-23.030649901801883,23.030649901801883
Sweet potato,2019,Whole Year ,Chhattisgarh,1666.0,10107.0,1420.3,286152.16,616.42,6.238695652,-22.163023205971,28.401718857971,28.401718857971
Peas & beans (Pulses),2005,Rabi       ,Haryana,1048.0,1200.0,516.9,125676.16,220.08,0.72,-4.517873989055744,5.2378739890557435,5.2378739890557435
Tobacco,2016,Rabi       ,Gujarat,116736.0,388498.0,710.5,17889792.0,40857.6,3.33,-22.281789544065674,25.611789544065672,25.611789544065672
Sugarcane,2001,Whole Year ,Odisha,10988.0,644007.0,1672.5,1122204.44,2856.88,52.85172414,74.67705630571372,-21.825332165713718,21.825332165713718
Mesta,2004,Kharif     ,Bihar,15549.0,124048.0,1147.8,1684578.66,3265.29,7.949090909,-2.493427986003468,10.442518895003467,10.442518895003467
Ragi,2009,Autumn     ,Jharkhand,27726.0,20392.0,996.1,4320265.32,4713.42,0.564,-15.808533669751853,16.372533669751853,16.372533669751853
Jute,2013,Kharif     ,Madhya Pradesh,1054.0,0.0,1451.4,152292.46,284.58,0.0,16.005254627961335,-16.005254627961335,16.005254627961335
Mesta,2013,Rabi       ,Andhra Pradesh,52.0,472.0,1062.3,7513.48,14.04,9.08,43.51274065791148,-34.43274065791148,34.43274065791148
Safflower,2003,Rabi       ,Madhya Pradesh,632.0,172.0,1163.0,62555.36,151.68,0.24,-15.520282222739297,15.760282222739297,15.760282222739297
Rice,2013,Kharif     ,Telangana,1166334.0,3768045.0,1348.7,168523599.7,314910.18,3.115555556,63.65302912696595,-60.53747357096595,60.53747357096595
Garlic,1999,Whole Year ,Gujarat,8800.0,44700.0,458.9,933944.0,2376.0,4.888,17.27709729495126,-12.389097294951261,12.389097294951261
Safflower,2019,Kharif     ,Telangana,1.0,0.0,1031.7,171.76,0.37,0.0,49.44691051000977,-49.44691051000977,49.44691051000977
Niger seed,2018,Winter     ,Odisha,18987.0,5195.0,1635.9,3079691.4,6645.45,0.231111111,19.756137509370106,-19.525026398370105,19.525026398370105
Maize,2015,Rabi       ,Nagaland,5270.0,10440.0,1308.3,832185.7,1739.1,1.981666667,6.633139700731931,-4.651473033731931,4.651473033731931
Dry chillies,2011,Whole Year ,Gujarat,8000.0,7400.0,890.5,1340160.0,2640.0,0.925333333,24.606021432448756,-23.680688099448755,23.680688099448755
Barley,2006,Rabi       ,Punjab,19000.0,64000.0,569.6,2426490.0,4180.0,3.3,-1.079463637732573,4.379463637732573,4.379463637732573
Linseed,2018,Rabi       ,Karnataka,1704.0,352.0,1419.1,276388.8,596.4,0.187857143,-22.586217833935365,22.774074976935363,22.774074976935363
Sesamum,1998,Kharif     ,Kerala,3303.0,1057.0,3151.5,326336.4,957.87,0.467272727,-122.25159442469885,122.71886715169884,122.71886715169884
Maize,2001,Kharif     ,Maharashtra,254500.0,459110.0,1035.8,25992085.0,66170.0,1.910769231,2.7043608045086955,-0.7935915735086956,0.7935915735086956
Potato,2016,Whole Year ,Arunachal Pradesh,5985.0,43092.0,2933.7,917201.25,2094.75,6.596,40.18272326697404,-33.58672326697403,33.58672326697403
Groundnut,2005,Winter     ,Odisha,3171.0,2831.0,1503.4,380266.32,665.91,0.913157895,6.365699442140766,-5.452541547140766,5.452541547140766
Sesamum,2008,Kharif     ,Bihar,2298.0,1844.0,1197.7,328705.92,206.82,0.824482759,-9.55178887211963,10.37627163111963,10.37627163111963
Rapeseed &Mustard,2010,Rabi       ,Haryana,509709.0,953000.0,639.2,84667761.99,122330.16,2.010952381,-2.2664602585112164,4.277412639511216,4.277412639511216
Coconut ,2013,Whole Year ,Kerala,808647.0,5921000000.0,3255.4,116841405.0,218334.69,6785.354286,7850.866563860705,-1065.5122778607056,1065.5122778607056
Maize,2010,Summer     ,Gujarat,33000.0,66000.0,1107.5,5481630.0,7920.0,2.00125,-1.1007530458700217,3.102003045870022,3.102003045870022
Jowar,2008,Kharif     ,Bihar,2399.0,2543.0,1197.7,343152.96,215.91,1.063846154,-2.1472753202896797,3.21112147428968,3.21112147428968
Urad,2007,Kharif     ,Puducherry,57.0,39.0,1434.5875,7603.8,9.12,0.68,75.07969057820846,-74.39969057820845,74.39969057820845
Rice,2006,Autumn     ,Assam,379441.0,335708.0,1774.9,48458410.11,83477.02,1.028148148,-65.66131042251243,66.68945857051243,66.68945857051243
Urad,2013,Kharif     ,Uttarakhand,11132.0,8839.0,1735.4,1608462.68,3005.64,0.793076923,-2.7304811040294226,3.5235580270294227,3.5235580270294227
Castor seed,2007,Kharif     ,Karnataka,23387.0,15682.0,1323.3,3119825.8,3741.92,0.6725,-40.72887211096884,41.401372110968836,41.401372110968836
Rice,2017,Summer     ,Tripura,72224.0,235115.0,3326.8,11370946.56,27445.12,3.1475,20.403360643856587,-17.255860643856586,17.255860643856586
Wheat,2019,Rabi       ,Jharkhand,214780.0,439401.0,1137.8,36890612.8,79468.6,2.055,17.722398070293764,-15.667398070293764,15.667398070293764
Other  Rabi pulses,1999,Rabi       ,Assam,106576.0,58390.0,2201.8,11310910.88,28775.52,0.532173913,-62.337998339748765,62.870172252748766,62.870172252748766
Dry chillies,2018,Whole Year ,Arunachal Pradesh,3630.0,10346.0,2992.9,588786.0,1270.5,2.795,14.948656603576268,-12.153656603576268,12.153656603576268
Coconut ,2013,Whole Year ,Goa,25750.0,128100000.0,3642.6,3720617.5,6952.5,4972.855,8734.892415374034,-3762.037415374034,3762.037415374034
Rice,2016,Kharif     ,Gujarat,792207.0,1808275.0,710.5,121405722.8,277272.45,2.0745,27.1688780952242,-25.0943780952242,25.0943780952242
Sugarcane,2015,Whole Year ,Haryana,93000.0,6992000.0,426.8,14685630.0,30690.0,74.57733333,73.60717906800105,0.9701542619989567,0.9701542619989567
Other Cereals,2009,Kharif     ,Uttarakhand,3767.0,1460.0,847.8,586973.94,640.39,0.435,-6.650147714328227,7.085147714328227,7.085147714328227
Barley,2016,Kharif     ,Madhya Pradesh,116100.0,384790.0,1048.4,17792325.0,40635.0,3.232105263,4.247130785151853,-1.0150255221518534,1.0150255221518534
Ginger,2012,Whole Year ,Arunachal Pradesh,6847.0,56004.0,2760.7,1032527.6,2122.57,6.931875,28.973954798913198,-22.0420797989132,22.0420797989132
Other  Rabi pulses,2013,Rabi       ,Telangana,467.0,660.0,1348.7,67476.83,126.09,1.315,60.02064928721221,-58.70564928721221,58.70564928721221
Urad,2018,Kharif     ,Arunachal Pradesh,1144.0,1028.0,2992.9,185556.8,400.4,0.987,-11.238776782339386,12.225776782339386,12.225776782339386
Safflower,2016,Rabi       ,Karnataka,32118.0,21654.0,1147.2,4922083.5,11241.3,0.385384615,-34.38471000613049,34.77009462113049,34.77009462113049
Moong(Green Gram),2010,Kharif     ,Maharashtra,553700.0,372400.0,1389.0,91975107.0,132888.0,0.68125,-1.3291253509375736,2.0103753509375735,2.0103753509375735
Safflower,2014,Rabi       ,Chhattisgarh,1329.0,393.0,1274.7,200625.84,438.57,0.321818182,-69.48875593739393,69.81057411939393,69.81057411939393
Other Kharif pulses,2014,Kharif     ,Mizoram,1000.0,1800.0,2029.9,150960.0,330.0,1.40125,-23.83145751881787,25.23270751881787,25.23270751881787
Cardamom,2010,Whole Year ,Karnataka,19081.0,1550.0,1317.7,3169544.91,4579.44,0.068888889,-11.232075011525012,11.300963900525012,11.300963900525012
Jowar,2013,Kharif     ,Madhya Pradesh,244308.0,361585.0,1451.4,35300062.92,65963.16,1.211372549,0.3416302508989588,0.8697422981010412,0.8697422981010412
Rapeseed &Mustard,2003,Rabi       ,Haryana,619257.0,965000.0,592.3,61294057.86,148621.68,1.351052632,-10.648438906242518,11.999491538242518,11.999491538242518
Maize,2006,Kharif     ,Tripura,2450.0,2420.0,1764.3,312889.5,539.0,0.9925,-5.896014086355677,6.888514086355677,6.888514086355677
Gram,2008,Whole Year ,Tamil Nadu,6852.0,4355.0,1201.9,980110.08,616.68,0.534761905,97.13964958239424,-96.60488767739425,96.60488767739425
Black pepper,2017,Whole Year ,Assam,3458.0,7622.0,2098.563636,544427.52,1314.04,2.112592593,2.2647595525395445,-0.1521669595395445,0.1521669595395445
Ragi,2008,Kharif     ,Kerala,608.0,492.0,2524.8,86968.32,54.72,0.856,-103.7027237085459,104.5587237085459,104.5587237085459
Garlic,2014,Rabi       ,Himachal Pradesh,4608.0,6519.0,1019.9,695623.68,1520.64,1.084,-21.58718670113231,22.67118670113231,22.67118670113231
Jowar,2006,Kharif     ,Bihar,3397.0,3507.0,1052.8,433830.87,747.34,1.04,-5.141226495869233,6.181226495869233,6.181226495869233
Other  Rabi pulses,2006,Rabi       ,Chhattisgarh,2728.0,412.0,1317.2,348392.88,600.16,0.279375,-59.43271811819261,59.71209311819261,59.71209311819261
Moong(Green Gram),2004,Kharif     ,Mizoram,15.0,17.0,2640.8,1625.1,3.15,1.13,-45.11087403752674,46.240874037526744,46.240874037526744
Linseed,1997,Whole Year ,West Bengal,16486.0,4210.0,1852.9,1568972.62,5110.66,0.251538462,136.86316212647563,-136.61162366447562,136.61162366447562
Arhar/Tur,2001,Kharif     ,Meghalaya,818.0,631.0,4241.0,83542.34,212.68,0.793333333,-11.883982620425456,12.677315953425456,12.677315953425456
Groundnut,2008,Kharif     ,Maharashtra,253600.0,257500.0,1052.8,36274944.0,22824.0,0.7352,9.350252953387837,-8.615052953387837,8.615052953387837
Onion,2018,Rabi       ,Jammu and Kashmir,550.0,1311.0,1016.3,89210.0,192.5,1.9925,1.4054812616221284,0.5870187383778716,0.5870187383778716
Jute,2015,Autumn     ,Odisha,1204.0,2617.0,1210.1,190123.64,397.32,1.901666667,9.297632867915894,-7.395966200915894,7.395966200915894
Ragi,2013,Kharif     ,Karnataka,639203.0,1207396.0,1235.6,92358441.47,172584.81,1.7395,-30.466450390824463,32.20595039082446,32.20595039082446
Safflower,2015,Rabi       ,Karnataka,53833.0,21027.0,1024.9,8500769.03,17764.89,0.360714286,-36.32385950143751,36.68457378743751,36.68457378743751
Gram,2017,Rabi       ,Meghalaya,1858.0,1981.0,4472.3,292523.52,706.04,1.08,5.540516127614552,-4.460516127614552,4.460516127614552
Maize,2014,Whole Year ,Kerala,67.0,69.0,3046.4,10114.32,22.11,1.166666667,-41.710400750452095,42.877067417452096,42.877067417452096
Safflower,1997,Whole Year ,West Bengal,10800.0,3000.0,1852.9,1027836.0,3348.0,0.2975,129.07778435622077,-128.78028435622076,128.78028435622076
Oilseeds total,2016,Rabi       ,Andhra Pradesh,133813.0,240747.0,890.0,20506842.25,46834.55,1.706923077,9.749667557040397,-8.042744480040398,8.042744480040398
Ginger,2019,Whole Year ,Chhattisgarh,1162.0,1503.0,1420.3,199585.12,429.94,1.413181818,-15.666693901572046,17.079875719572044,17.079875719572044
Safflower,2016,Kharif     ,Andhra Pradesh,4.0,3.0,890.0,613.0,1.4,0.75,42.683892770622265,-41.933892770622265,41.933892770622265
Horse-gram,2015,Kharif     ,Himachal Pradesh,1614.0,757.0,1223.2,254866.74,532.62,0.452,3.829338241948278,-3.3773382419482783,3.3773382419482783
Moong(Green Gram),2000,Kharif     ,Nagaland,2000.0,1800.0,1631.8,196340.0,520.0,0.90125,-17.123020838523445,18.024270838523446,18.024270838523446
Arhar/Tur,2016,Kharif     ,Nagaland,3200.0,2890.0,1959.8,490400.0,1120.0,0.901818182,12.061147844208676,-11.159329662208677,11.159329662208677
Other Kharif pulses,2006,Kharif     ,Gujarat,36800.0,22200.0,1056.2,4699728.0,8096.0,0.656666667,7.4801113542469295,-6.82344468724693,6.82344468724693
Sesamum,2007,Kharif     ,Andhra Pradesh,82000.0,18000.0,1004.2,10938800.0,13120.0,0.177857143,28.177680924518228,-27.999823781518227,27.999823781518227
Gram,2001,Rabi       ,Chhattisgarh,169488.0,124574.0,1550.0,17309809.44,44066.88,0.7325,-73.71144372457789,74.44394372457789,74.44394372457789
Dry chillies,2006,Whole Year ,Haryana,1467.0,1200.0,329.3,187350.57,322.74,0.505625,12.254523744004615,-11.748898744004615,11.748898744004615
Small millets,2006,Kharif     ,Nagaland,25000.0,17250.0,1362.5,3192750.0,5500.0,0.69375,-10.390069940382062,11.083819940382062,11.083819940382062
Cotton(lint),2009,Kharif     ,Mizoram,201.0,129.0,2086.3,31319.82,34.17,0.653333333,-32.72349549462595,33.37682882762595,33.37682882762595
Moong(Green Gram),2018,Autumn     ,Odisha,10615.0,2798.0,1635.9,1721753.0,3715.25,0.418,-6.186012125916847,6.604012125916847,6.604012125916847
Sweet potato,2015,Whole Year ,Chhattisgarh,2652.0,15570.0,1136.0,418777.32,875.16,5.950740741,-28.112873944832728,34.063614685832725,34.063614685832725
Sesamum,2016,Kharif     ,Jammu and Kashmir,5747.0,2497.0,902.8,880727.75,2011.45,0.432857143,-2.2544160699322617,2.687273212932262,2.687273212932262
Urad,1997,Kharif     ,Sikkim,4400.0,3300.0,2804.1,418748.0,1364.0,0.69,-19.747034877062333,20.437034877062334,20.437034877062334
Coconut ,2012,Whole Year ,Assam,20233.0,136640000.0,2167.5,3051136.4,6272.23,6245.638519,8878.845448763817,-2633.2069297638172,2633.2069297638172
Maize,2014,Kharif     ,Nagaland,63600.0,125630.0,1333.3,9601056.0,20988.0,1.973636364,8.756352054768143,-6.782715690768144,6.782715690768144
Arecanut,1997,Whole Year ,Kerala,76145.0,93995.0,3252.4,7246719.65,23604.95,1.147857143,-78.38304857165059,79.53090571465059,79.53090571465059
Potato,2016,Rabi       ,Uttar Pradesh,575641.0,13956310.0,965.3,88216983.25,201474.35,23.69093333,9.384725648704006,14.306207681295994,14.306207681295994
Jowar,2004,Kharif     ,Uttar Pradesh,243547.0,249206.0,704.0,26385881.98,51144.87,0.9465625,4.701758326635826,-3.755195826635826,3.755195826635826
Onion,2006,Rabi       ,Jharkhand,2914.72,16719.0,1465.1,372238.8912,641.2384,5.84,-10.138307836418363,15.978307836418363,15.978307836418363
Horse-gram,2017,Kharif     ,Tamil Nadu,8712.0,6273.0,970.9,1371617.28,3310.56,0.77,45.37286655419389,-44.60286655419389,44.60286655419389
Rice,2018,Kharif     ,Nagaland,208990.0,519600.0,1372.7,33898178.0,73146.5,2.444545455,29.425244938379322,-26.980699483379322,26.980699483379322
Sesamum,2007,Rabi       ,Maharashtra,3700.0,1300.0,1257.2,493580.0,592.0,0.64,-5.544097414726991,6.184097414726991,6.184097414726991
Banana,1997,Whole Year ,Gujarat,19300.0,1108400.0,798.9,1836781.0,5983.0,55.276,43.08803343988279,12.18796656011721,12.18796656011721
Other  Rabi pulses,2015,Rabi       ,West Bengal,374.0,186.0,1717.0,59058.34,123.42,0.554,110.66213574582099,-110.10813574582099,110.10813574582099
Sesamum,2005,Kharif     ,Nagaland,5500.0,3750.0,1568.6,659560.0,1155.0,0.67875,-12.740652278820392,13.419402278820392,13.419402278820392
Banana,2011,Whole Year ,Andhra Pradesh,62103.0,2308295.0,861.9,10403494.56,20493.99,35.52157895,93.05739963328371,-57.53582068328371,57.53582068328371
Rapeseed &Mustard,2010,Rabi       ,Uttar Pradesh,603593.0,716960.0,742.6,100262833.2,144862.32,1.056944444,12.372927303695349,-11.31598285969535,11.31598285969535
Mesta,2017,Kharif     ,Assam,3418.0,20167.0,2098.563636,538129.92,1298.84,5.701538462,-52.496598513670534,58.198136975670536,58.198136975670536
Bajra,2008,Rabi       ,Karnataka,354.0,331.0,1164.1,50636.16,31.86,0.94,-44.591093719005585,45.53109371900558,45.53109371900558
Sweet potato,2000,Whole Year ,Chhattisgarh,2870.0,16869.0,896.4,281747.9,746.2,5.77875,-45.03051371600853,50.80926371600853,50.80926371600853
Horse-gram,2018,Kharif     ,Andhra Pradesh,57122.0,10517.0,1220.5,9265188.4,19992.7,0.136,46.140515102492216,-46.00451510249221,46.00451510249221
Groundnut,2008,Kharif     ,Karnataka,694390.0,276049.0,1164.1,99325545.6,62495.1,0.56962963,-35.7433191326042,36.3129487626042,36.3129487626042
Gram,2019,Rabi       ,Punjab,1500.0,1800.0,653.2,257640.0,555.0,1.17,16.70300414027477,-15.533004140274771,15.533004140274771
Tapioca,2013,Whole Year ,Assam,3128.0,27642.0,1797.7,451964.72,844.56,8.4792,-20.815584726343502,29.2947847263435,29.2947847263435
Ragi,2019,Kharif     ,Uttarakhand,91584.0,129994.0,1378.9,15730467.84,33886.08,1.525454545,11.0380341291864,-9.5125795841864,9.5125795841864
Moth,1999,Kharif     ,Gujarat,25900.0,1600.0,458.9,2748767.0,6993.0,0.081538462,-14.120504203052434,14.202042665052433,14.202042665052433
Other  Rabi pulses,2008,Rabi       ,Meghalaya,2215.0,2276.0,3114.3,316833.6,199.35,1.028571429,-2.8908031464052044,3.9193745754052047,3.9193745754052047
Onion,2018,Kharif     ,Tamil Nadu,12414.0,108888.0,986.2,2013550.8,4344.9,8.912692308,45.58296073917431,-36.67026843117431,36.67026843117431
Ginger,2019,Kharif     ,Uttar Pradesh,880.0,4620.0,814.5,151148.8,325.6,5.2475,14.230970008474657,-8.983470008474658,8.983470008474658
Potato,2006,Rabi       ,Chhattisgarh,9513.0,37815.0,1317.2,1214905.23,2092.86,4.25125,-77.72802449197968,81.97927449197968,81.97927449197968
Barley,2003,Rabi       ,Uttar Pradesh,233928.0,516818.0,1075.6,23154193.44,56142.72,2.085142857,5.457184555967075,-3.3720416989670747,3.3720416989670747
Small millets,2012,Kharif     ,Uttarakhand,65057.0,80661.0,1309.8,9810595.6,20167.67,1.164545455,-6.048283852478164,7.212829307478164,7.212829307478164
Sugarcane,2019,Whole Year ,Himachal Pradesh,1603.0,36143.0,1217.7,275331.28,593.11,16.91166667,84.24089822457361,-67.32923155457361,67.32923155457361
Cotton(lint),1999,Kharif     ,Kerala,4772.0,7702.0,2914.6,506452.36,1288.44,1.61,-111.60172183695636,113.21172183695636,113.21172183695636
Dry chillies,2000,Whole Year ,West Bengal,61498.0,54971.0,1907.7,6037258.66,15989.48,0.941111111,104.22595747506992,-103.28484636406992,103.28484636406992
Jowar,2012,Kharif     ,Madhya Pradesh,291553.0,587479.0,1049.5,43966192.4,90381.43,1.712653061,-3.5198242177403642,5.232477278740364,5.232477278740364
Garlic,2009,Whole Year ,Kerala,336.0,5712.0,2821.5,52355.52,57.12,17.0,-77.12712517912976,94.12712517912976,94.12712517912976
Rice,2012,Rabi       ,Nagaland,3550.0,8950.0,1296.6,535340.0,1100.5,2.52,20.626507666602336,-18.106507666602337,18.106507666602337
Peas & beans (Pulses),2011,Rabi       ,Karnataka,1321.0,9710.0,1178.986364,221293.92,435.93,7.387647059,-30.051269119689977,37.43891617868998,37.43891617868998
Ginger,2005,Kharif     ,Himachal Pradesh,2179.0,16213.0,1248.1,261305.68,457.59,7.377777778,-12.062153229069821,19.43993100706982,19.43993100706982
Mesta,2015,Kharif     ,West Bengal,9379.0,109716.0,1717.0,1481037.89,3095.07,9.565,102.0380998876453,-92.4730998876453,92.4730998876453
Cotton(lint),2016,Rabi       ,Tamil Nadu,54532.0,80339.0,912.4,8357029.0,19086.2,1.55037037,46.52433101852273,-44.97396064852273,44.97396064852273
Coriander,2006,Whole Year ,Uttar Pradesh,5515.0,2869.0,590.5,704320.65,1213.3,0.516290323,21.706840650613813,-21.190550327613813,21.190550327613813
Moong(Green Gram),2017,Kharif     ,Manipur,448.0,498.0,1780.0,70533.12,170.24,1.11,-4.8973399269141,6.0073399269141,6.0073399269141
Groundnut,2013,Kharif     ,Madhya Pradesh,215619.0,354909.0,1451.4,31154789.31,58217.13,1.2828,6.810127923029938,-5.527327923029938,5.527327923029938
Garlic,2007,Whole Year ,Tamil Nadu,505.0,2994.0,1067.2,67367.0,80.8,5.763333333,66.75064339181998,-60.98731005881998,60.98731005881998
Rice,2012,Kharif     ,Delhi,6068.0,19768.0,451.9,915054.4,1881.08,3.26,26.63210422913349,-23.37210422913349,23.37210422913349
Jowar,1999,Kharif     ,Delhi,8515.0,3681.0,365.9,903696.95,2299.05,0.43,-11.121340051232437,11.551340051232437,11.551340051232437
Khesari,2013,Rabi       ,Chhattisgarh,315247.0,174016.0,1418.3,45550039.03,85116.69,0.564782609,-74.91992655643935,75.48470916543936,75.48470916543936
Ragi,2018,Kharif     ,Nagaland,350.0,340.0,1372.7,56770.0,122.5,0.982857143,11.698253356797153,-10.715396213797153,10.715396213797153
Rice,2018,Summer     ,Uttar Pradesh,29145.0,87266.0,792.8,4727319.0,10200.75,2.662631579,33.08314938694163,-30.42051780794163,30.42051780794163
Other Kharif pulses,2017,Kharif     ,Karnataka,59826.0,58153.0,1111.7,9419005.44,22733.88,0.8096,-20.570267730869148,21.379867730869147,21.379867730869147
Groundnut,1997,Kharif     ,Uttar Pradesh,138588.0,124084.0,473.9,13189419.96,42962.28,0.872727273,3.1274164345431643,-2.2546891615431646,2.2546891615431646
Urad,2010,Rabi       ,Chhattisgarh,4298.0,1097.0,1283.1,713940.78,1031.52,0.233076923,-77.01944795399749,77.25252487699748,77.25252487699748
Maize,2015,Rabi       ,Mizoram,205.0,427.0,2310.8,32371.55,67.65,2.57,-25.47567444643289,28.04567444643289,28.04567444643289
Cashewnut,2018,Rabi       ,Meghalaya,10466.0,14830.0,5649.1,1697585.2,3663.1,1.398,3.4689682061549547,-2.070968206154955,2.070968206154955
Dry chillies,2007,Kharif     ,Karnataka,126372.0,113828.0,1323.3,16858024.8,20219.52,0.993928571,-67.77677487860635,68.77070344960634,68.77070344960634
Rapeseed &Mustard,2014,Rabi       ,Assam,281006.0,187522.0,1899.0,42420665.76,92731.98,0.634074074,-59.21609678160573,59.850170855605725,59.850170855605725
Groundnut,2013,Summer     ,Maharashtra,84200.0,125850.0,1409.8,12166058.0,22734.0,1.507407407,6.262506491780101,-4.755099084780101,4.755099084780101
Maize,1997,Kharif     ,Arunachal Pradesh,34504.0,50025.0,2274.9,3283745.68,10696.24,1.686923077,-25.477678872927214,27.164601949927214,27.164601949927214
Other  Rabi pulses,2006,Rabi       ,Meghalaya,2167.0,1706.0,2454.7,276747.57,476.74,0.76,-9.223597776930518,9.983597776930518,9.983597776930518
Turmeric,2008,Whole Year ,Tamil Nadu,29875.0,172334.0,1201.9,4273320.0,2688.75,5.326296296,63.96272732839945,-58.63643103239945,58.63643103239945
Wheat,2019,Kharif     ,Telangana,1.0,0.0,1031.7,171.76,0.37,0.0,65.94696949458599,-65.94696949458599,65.94696949458599
Arhar/Tur,2014,Kharif     ,Meghalaya,1148.0,1465.0,3484.4,173302.08,378.84,1.1,-3.494346355061623,4.594346355061623,4.594346355061623
Cotton(lint),1997,Kharif     ,Madhya Pradesh,511500.0,862000.0,1189.1,48679455.0,158565.0,1.559,-15.645409407479775,17.204409407479776,17.204409407479776
Other Kharif pulses,2008,Kharif     ,Sikkim,2680.0,2970.0,2247.5,383347.2,241.2,1.04,1.2140413702259139,-0.17404137022591382,0.17404137022591382
Tapioca,2010,Kharif     ,Puducherry,256.0,4783.0,1434.5875,42524.16,61.44,15.8,74.77574038993833,-58.97574038993834,58.97574038993834
Jowar,2001,Kharif     ,Nagaland,1500.0,1200.0,1532.0,153195.0,390.0,0.8025,-9.641670650272971,10.444170650272971,10.444170650272971
Rapeseed &Mustard,2018,Rabi       ,Andhra Pradesh,4485.0,1545.0,1220.5,727467.0,1569.75,0.25,52.14493694134529,-51.89493694134529,51.89493694134529
Other Kharif pulses,2005,Kharif     ,Sikkim,2930.0,3780.0,2041.6,351365.6,615.3,1.24,-3.1955296155519193,4.4355296155519195,4.4355296155519195
Ragi,2003,Kharif     ,Gujarat,20800.0,24000.0,902.5,2058784.0,4992.0,1.0775,0.5584379728864235,0.5190620271135764,0.5190620271135764
Cotton(lint),2011,Kharif     ,Punjab,515000.0,1621000.0,705.2,86272800.0,169950.0,3.010909091,6.4887617920219895,-3.4778527010219897,3.4778527010219897
Linseed,2009,Rabi       ,Jammu and Kashmir,135.0,78.0,751.7,21035.7,22.95,0.471666667,-0.39332067230560597,0.864987339305606,0.864987339305606
Gram,2010,Rabi       ,Jharkhand,15453.0,10278.0,694.6,2566897.83,3708.72,0.642083333,-1.446664703018854,2.088748036018854,2.088748036018854
Urad,1998,Rabi       ,Andhra Pradesh,354800.0,230600.0,1048.3,35054240.0,102892.0,0.544117647,16.313726419899723,-15.769608772899723,15.769608772899723
Cashewnut,2006,Whole Year ,Kerala,70463.0,61680.0,3429.7,8998829.73,15501.86,0.577857143,-58.860171514219815,59.43802865721982,59.43802865721982
Sesamum,2004,Kharif     ,Bihar,3516.0,2717.0,1147.8,380923.44,738.36,0.763928571,-13.977872122658056,14.741800693658055,14.741800693658055
Rice,2016,Winter     ,Bihar,2698627.0,7065073.0,1205.6,413564587.8,944519.45,2.571052632,10.753879777255918,-8.182827145255917,8.182827145255917
Gram,2019,Rabi       ,Tamil Nadu,5552.0,5138.0,910.1,953611.52,2054.24,0.871538462,52.52282543916692,-51.651286977166926,51.651286977166926
Rice,2016,Autumn     ,West Bengal,247978.0,642310.0,1795.8,38002628.5,86792.3,2.493809524,104.86280072757083,-102.36899120357083,102.36899120357083
Maize,2013,Kharif     ,Delhi,37.0,828.0,706.8,5346.13,9.99,22.38,12.217734715032037,10.162265284967962,10.162265284967962
Dry chillies,2009,Summer     ,Puducherry,4.0,4.0,1434.5875,623.28,0.68,1.0,40.78749726886785,-39.78749726886785,39.78749726886785
Rice,2002,Kharif     ,Meghalaya,107742.0,190937.0,4355.3,10199935.14,26935.5,1.767142857,9.4699651441004,-7.7028222871004,7.7028222871004
Wheat,1997,Rabi       ,Punjab,3300000.0,12715000.0,690.1,314061000.0,1023000.0,3.781176471,-19.120968330924427,22.90214480192443,22.90214480192443
Peas & beans (Pulses),2005,Kharif     ,Jammu and Kashmir,81.0,37.0,1721.8,9713.52,17.01,0.46,6.400738756522742,-5.940738756522742,5.940738756522742
Onion,2004,Whole Year ,Assam,7122.0,16786.0,2536.9,771597.48,1495.62,2.396956522,-19.71924268861227,22.11619921061227,22.11619921061227
Cotton(lint),2011,Kharif     ,Madhya Pradesh,616858.0,1153463.0,852.6,103336052.2,203563.14,1.800952381,-3.8133090881855765,5.614261469185577,5.614261469185577
Gram,2004,Rabi       ,Odisha,31811.0,19941.0,1290.4,3446403.74,6680.31,0.536,4.3556693055304265,-3.8196693055304265,3.8196693055304265
Sweet potato,2018,Kharif     ,Andhra Pradesh,91.0,1476.0,1220.5,14760.2,31.85,17.15,34.140096195474456,-16.990096195474457,16.990096195474457
Soyabean,2016,Kharif     ,West Bengal,605.0,443.0,1795.8,92716.25,211.75,0.6275,103.3156615949247,-102.68816159492471,102.68816159492471
Soyabean,2011,Kharif     ,Uttarakhand,9041.0,14414.0,1564.7,1514548.32,2983.53,1.133636364,3.37796421239085,-2.24432784839085,2.24432784839085
Maize,2011,Rabi       ,Bihar,239586.0,1098173.0,1097.1,40135446.72,79063.38,4.221764706,2.239962119340362,1.9818025866596383,1.9818025866596383
Maize,2015,Rabi       ,Tripura,1412.0,2076.0,2334.4,222968.92,465.96,1.4625,3.710183168991165,-2.247683168991165,2.247683168991165
Jute,2010,Kharif     ,Chhattisgarh,542.0,0.0,1283.1,90031.62,130.08,0.0,-54.10966566719412,54.10966566719412,54.10966566719412
Arhar/Tur,1998,Kharif     ,Uttar Pradesh,427079.0,497339.0,743.4,42195405.2,123852.91,0.982,1.3591261101460077,-0.3771261101460077,0.3771261101460077
Cotton(lint),2004,Kharif     ,Haryana,621234.0,2075000.0,484.6,67304491.56,130459.14,1.804444444,-10.2125641326422,12.0170085766422,12.0170085766422
Bajra,2014,Kharif     ,Karnataka,234289.0,248601.0,1238.5,35368267.44,77315.37,0.985555556,-35.95651088189223,36.94206643789223,36.94206643789223
Mesta,2002,Kharif     ,Meghalaya,4513.0,20599.0,4355.3,427245.71,1128.25,4.706666667,-9.539512041354016,14.246178708354016,14.246178708354016
Linseed,2000,Rabi       ,Nagaland,6500.0,3000.0,1631.8,638105.0,1690.0,0.46625,-7.473934364578156,7.940184364578156,7.940184364578156
Sunflower,2014,Kharif     ,Karnataka,154579.0,85506.0,1238.5,23335245.84,51011.07,0.5684,-33.62593808834927,34.19433808834927,34.19433808834927
Rice,2017,Winter     ,Tripura,148232.0,455932.0,3326.8,23337646.08,56328.16,3.045,28.075300324531412,-25.03030032453141,25.03030032453141
Other Summer Pulses,2016,Summer     ,Maharashtra,2170.0,1443.0,1151.1,332552.5,759.5,0.68875,-29.959508763692668,30.648258763692667,30.648258763692667
Wheat,2008,Rabi       ,Haryana,2461420.0,11360000.0,715.6,352081516.8,221527.8,4.437142857,-12.204853909945683,16.641996766945685,16.641996766945685
Groundnut,2010,Kharif     ,Goa,461.0,1390.0,4193.3,76576.71,110.64,3.02,-199.8907111485359,202.9107111485359,202.9107111485359
other oilseeds,2011,Rabi       ,Jammu and Kashmir,460.0,637.0,887.6,77059.2,151.8,1.39,1.9205677780734618,-0.5305677780734619,0.5305677780734619
Other Cereals,2015,Rabi       ,Jammu and Kashmir,11416.0,4904.0,1572.6,1802700.56,3767.28,0.3625,5.635224223330738,-5.272724223330738,5.272724223330738
Onion,2019,Summer     ,Puducherry,1.0,5.0,1317.0,171.76,0.37,5.0,76.8979393013125,-71.8979393013125,71.8979393013125
Sunflower,2005,Kharif     ,Karnataka,661178.0,273972.0,1316.2,79288465.76,138847.38,0.5125,-45.78932569682257,46.301825696822576,46.301825696822576
Niger seed,2002,Rabi       ,Odisha,19930.0,5810.0,1102.8,1886773.1,4982.5,0.330909091,0.330167858700122,0.0007412322998779919,0.0007412322998779919
Maize,2017,Kharif     ,Himachal Pradesh,280811.0,711114.0,1182.2,44210883.84,106708.18,2.886666667,13.180057485614356,-10.293390818614355,10.293390818614355
Ragi,2006,Kharif     ,Bihar,14328.0,12452.0,1052.8,1829828.88,3152.16,0.806333333,-0.24811794161050216,1.0544512746105021,1.0544512746105021
Coriander,2002,Whole Year ,Bihar,2190.0,1426.0,1105.8,207327.3,547.5,0.661333333,5.217020913287627,-4.555687580287627,4.555687580287627
Groundnut,2019,Kharif     ,Haryana,2725.0,3089.0,351.8,468046.0,1008.25,1.037777778,11.196791157696083,-10.159013379696082,10.159013379696082
Rice,2013,Kharif     ,Sikkim,11158.0,20260.0,2567.6,1612219.42,3012.66,1.76,24.318688144312517,-22.558688144312516,22.558688144312516
Arhar/Tur,2010,Kharif     ,Manipur,490.0,508.0,2160.5,81393.9,117.6,1.028888889,1.0855627771389607,-0.05667388813896057,0.05667388813896057
Coconut ,1997,Whole Year ,Assam,19656.0,126905000.0,2051.4,1870661.52,6093.36,5238.051739,8864.390065398477,-3626.338326398476,3626.338326398476
Wheat,1998,Rabi       ,Nagaland,1000.0,3000.0,1498.0,98800.0,290.0,3.0,-1.6757963238592026,4.675796323859203,4.675796323859203
Potato,2006,Kharif     ,Chhattisgarh,1781.0,7189.0,1317.2,227451.51,391.82,6.25,-74.35257963319472,80.60257963319472,80.60257963319472
Cowpea(Lobia),2015,Rabi       ,Telangana,6021.0,16132.0,747.9,950776.11,1986.93,2.523333333,42.70445329342472,-40.181119960424724,40.181119960424724
Ginger,2012,Kharif     ,Nagaland,3370.0,30730.0,1296.6,508196.0,1044.7,9.116363636,-8.095076656122359,17.21144029212236,17.21144029212236
Ginger,2008,Kharif     ,Bihar,780.0,1270.0,1197.7,111571.2,70.2,1.624615385,-10.305683106960146,11.930298491960146,11.930298491960146
Moong(Green Gram),2001,Kharif     ,Karnataka,251332.0,65336.0,1002.9,25668537.16,65346.32,0.31826087,-53.9367713331996,54.255032203199605,54.255032203199605
Sunflower,2002,Kharif     ,Uttar Pradesh,7230.0,10383.0,664.0,684464.1,1807.5,1.377735849,1.6257519246613583,-0.2480160756613583,0.2480160756613583
Urad,1997,Summer     ,Uttar Pradesh,72023.0,33793.0,473.9,6854428.91,22327.13,0.466567164,-20.018544590345613,20.485111754345613,20.485111754345613
Dry chillies,2003,Whole Year ,Bihar,3233.0,2198.0,1353.9,320002.34,775.92,0.732647059,14.552448280174701,-13.819801221174702,13.819801221174702
Niger seed,1999,Kharif     ,Assam,8904.0,4582.0,2201.8,944981.52,2404.08,0.548947368,-68.86795439463117,69.41690176263117,69.41690176263117
Jowar,2007,Kharif     ,Puducherry,3.0,5.0,1434.5875,400.2,0.48,1.67,80.4754204898826,-78.8054204898826,78.8054204898826
Other Kharif pulses,2004,Kharif     ,Tripura,1724.0,1151.0,2706.3,186778.16,362.04,0.6675,-0.6388647971584476,1.3063647971584476,1.3063647971584476
Jowar,2003,Kharif     ,Delhi,8686.0,10727.0,962.3,859740.28,2084.64,1.23,-3.154080761926565,4.384080761926565,4.384080761926565
Ginger,2007,Kharif     ,Bihar,699.0,1075.0,1600.2,93246.6,111.84,1.644545455,-8.712265571439815,10.356811026439814,10.356811026439814
Moong(Green Gram),2004,Kharif     ,West Bengal,674.0,315.0,1612.9,73021.16,141.54,0.484285714,78.88365898150903,-78.39937326750903,78.39937326750903
Urad,2006,Summer     ,Odisha,6118.0,2164.0,1716.9,781329.78,1345.96,0.300588235,-11.028379507662635,11.328967742662634,11.328967742662634
Niger seed,2012,Kharif     ,Karnataka,11639.0,2791.0,956.2,1755161.2,3608.09,0.2492,-28.770276665145957,29.019476665145955,29.019476665145955
Banana,2002,Whole Year ,Kerala,55668.0,421809.0,2511.2,5270089.56,13917.0,8.055714286,-60.84142299296454,68.89713727896454,68.89713727896454
Rice,2008,Kharif     ,Maharashtra,1499500.0,2234300.0,1052.8,214488480.0,134955.0,1.170740741,17.70668460982725,-16.53594386882725,16.53594386882725
Maize,2009,Kharif     ,Arunachal Pradesh,43630.0,60144.0,1701.9,6798426.6,7417.1,1.47875,-16.99830862445134,18.47705862445134,18.47705862445134
Potato,2010,Kharif     ,Karnataka,32843.0,249472.0,1317.7,5455550.73,7882.32,8.056875,-36.42858724051527,44.48546224051527,44.48546224051527
Sesamum,2009,Kharif     ,Kerala,608.0,206.0,2821.5,94738.56,103.36,0.28,-113.11914823870575,113.39914823870575,113.39914823870575
Urad,2006,Rabi       ,Tripura,521.0,330.0,1764.3,66536.91,114.62,0.6,-21.33826854369832,21.93826854369832,21.93826854369832
Turmeric,2002,Whole Year ,Uttarakhand,142.0,295.0,1610.3,13443.14,35.5,1.926,14.793396826836158,-12.867396826836158,12.867396826836158
Coconut ,2013,Whole Year ,Telangana,428.0,6956712.0,1348.7,61841.72,115.56,16254.0,9009.6716629339,7244.328337066099,7244.328337066099
Jowar,1997,Kharif     ,Karnataka,389690.0,516093.0,1266.7,37086797.3,120803.9,1.228,-50.03394753697967,51.26194753697967,51.26194753697967
Peas & beans (Pulses),2009,Rabi       ,Punjab,1600.0,1800.0,371.3,249312.0,272.0,1.071428571,5.347284777054483,-4.275856206054483,4.275856206054483
Small millets,2007,Kharif     ,Chhattisgarh,207112.0,53408.0,1246.2,27628740.8,33137.92,0.258888889,-77.59990919852572,77.85879808752573,77.85879808752573
Peas & beans (Pulses),2018,Kharif     ,Haryana,15586.0,144678.0,533.2,2528049.2,5455.1,10.43333333,12.119060005724009,-1.685726675724009,1.685726675724009
Turmeric,2002,Whole Year ,Himachal Pradesh,125.0,65.0,890.8,11833.75,31.25,0.418571429,14.867234292727062,-14.448662863727062,14.448662863727062
Rapeseed &Mustard,2001,Rabi       ,Gujarat,247100.0,292100.0,666.5,25236323.0,64246.0,1.121875,-6.070263822781499,7.192138822781499,7.192138822781499
Other  Rabi pulses,2018,Rabi       ,Maharashtra,109680.0,51185.0,1387.4,17790096.0,38388.0,0.4368,29.468180125004565,-29.031380125004564,29.031380125004564
Rice,2001,Rabi       ,Andhra Pradesh,1398674.0,4889246.0,928.4,142846575.6,363655.24,3.025909091,40.524755767302594,-37.49884667630259,37.49884667630259
Dry chillies,2014,Whole Year ,Arunachal Pradesh,2660.0,7500.0,2403.2,401553.6,877.8,2.8275,7.025540368282606,-4.198040368282605,4.198040368282605
Rice,2010,Kharif     ,Uttarakhand,270416.0,495083.0,1419.0,44918801.76,64899.84,1.540769231,19.778847332894188,-18.23807810189419,18.23807810189419
Soyabean,2006,Kharif     ,Manipur,300.0,360.0,1533.561905,38313.0,66.0,1.215,-6.803322939944707,8.018322939944706,8.018322939944706
Barley,2019,Rabi       ,West Bengal,278.0,599.0,1733.4,47749.28,102.86,2.073333333,101.44141899585497,-99.36808566285498,99.36808566285498
Bajra,2018,Kharif     ,Karnataka,193010.0,175359.0,1419.1,31306222.0,67553.5,0.9675,-30.410975729203443,31.378475729203444,31.378475729203444
Bajra,2019,Summer     ,Puducherry,7.0,18.0,1317.0,1202.32,2.59,2.57,75.91449870513269,-73.3444987051327,73.3444987051327
Rice,2018,Kharif     ,Jharkhand,1527103.0,2894101.0,1222.7,247696106.6,534486.05,1.817916667,22.544668106300477,-20.72675143930048,20.72675143930048
Onion,2015,Whole Year ,Madhya Pradesh,147866.95,3413490.0,1000.7,23349670.07,48796.0935,22.43019608,47.023703773894525,-24.593507693894523,24.593507693894523
Sugarcane,2007,Whole Year ,Madhya Pradesh,77120.0,3276720.0,740.4,10287808.0,12339.2,30.21326087,63.996409439781985,-33.783148569781986,33.783148569781986
Sweet potato,2007,Whole Year ,Assam,6918.0,24301.0,2154.1,922861.2,1106.88,3.395925926,-30.562786796508732,33.95871272250873,33.95871272250873
Jowar,2009,Kharif     ,Maharashtra,1064300.0,1151844.0,1002.4,165839226.0,180931.0,1.0732,-1.5146702010895865,2.5878702010895864,2.5878702010895864
Coconut ,2001,Whole Year ,Kerala,905718.0,5479000000.0,2946.7,92500979.34,235486.68,5636.355,7911.037920277054,-2274.682920277054,2274.682920277054
Guar seed,2001,Whole Year ,Gujarat,264200.0,111400.0,666.5,26982746.0,68692.0,0.47,12.317526112548222,-11.847526112548222,11.847526112548222
Banana,2015,Whole Year ,Manipur,6952.0,93946.0,1329.1,1097790.32,2294.16,13.58,51.65201819762737,-38.07201819762737,38.07201819762737
Groundnut,2019,Winter     ,Odisha,1422.0,2262.0,1593.9,244242.72,526.14,1.509090909,21.29997626757641,-19.79088535857641,19.79088535857641
Khesari,2013,Rabi       ,West Bengal,30728.0,38132.0,1939.9,4439888.72,8296.56,1.117333333,88.43490323875375,-87.31756990575374,87.31756990575374
Barley,2009,Whole Year ,Madhya Pradesh,75065.0,97660.0,904.1,11696628.3,12761.05,1.586052632,46.998182948340116,-45.41213031634012,45.41213031634012
Masoor,1999,Rabi       ,Andhra Pradesh,4942.0,1872.0,650.4,524494.46,1334.34,0.346153846,27.904934996824252,-27.558781150824252,27.558781150824252
Dry chillies,2006,Kharif     ,Jammu and Kashmir,560.0,577.0,1786.5,71517.6,123.2,0.972857143,-29.189705303329617,30.162562446329616,30.162562446329616
Arhar/Tur,2007,Kharif     ,Meghalaya,804.0,634.0,4702.0,107253.6,128.64,0.796666667,-2.745206119681768,3.5418727866817683,3.5418727866817683
Small millets,2009,Kharif     ,Chhattisgarh,171071.0,29998.0,956.9,26656283.22,29082.07,0.181111111,-77.15182280443344,77.33293391543344,77.33293391543344
Cotton(lint),2016,Whole Year ,Chhattisgarh,79.0,147.0,1298.9,12106.75,27.65,2.162,-7.580206851937248,9.742206851937247,9.742206851937247
Moong(Green Gram),2013,Autumn     ,Odisha,24135.0,7728.0,1632.4,3487266.15,6516.45,0.2575,-11.41493255136453,11.67243255136453,11.67243255136453
Rice,2006,Summer     ,Karnataka,284632.0,822692.0,1146.3,36350352.72,62619.04,2.6825,-29.14306848926651,31.825568489266512,31.825568489266512
Tobacco,2002,Whole Year ,Meghalaya,719.0,470.0,4355.3,68067.73,179.75,0.584,10.920983721784694,-10.336983721784694,10.336983721784694
Wheat,2003,Rabi       ,Andhra Pradesh,11928.0,6741.0,826.0,1180633.44,2862.72,0.481818182,42.060677939361966,-41.57885975736197,41.57885975736197
Masoor,2012,Rabi       ,Madhya Pradesh,509842.0,296355.0,1049.5,76884173.6,158051.02,0.6,-2.39713161658662,2.99713161658662,2.99713161658662
Bajra,2003,Kharif     ,Chhattisgarh,47.0,19.0,1643.7,4652.06,11.28,0.5575,-77.3202643286784,77.87776432867841,77.87776432867841
Sesamum,2011,Kharif     ,Chhattisgarh,19734.0,7579.0,1302.7,3305839.68,6512.22,0.395925926,-74.63771637373401,75.03364229973401,75.03364229973401
Moong(Green Gram),2017,Kharif     ,Uttar Pradesh,45050.0,17766.0,652.1,7092672.0,17119.0,0.400655738,11.969583408394783,-11.568927670394784,11.568927670394784
other oilseeds,2016,Rabi       ,Haryana,1300.0,1500.0,554.7,199225.0,455.0,1.066666667,5.111954611072406,-4.045287944072406,4.045287944072406
Maize,2008,Rabi       ,Mizoram,385.0,412.0,1912.1,55070.4,34.65,1.884,-35.235201930935176,37.119201930935176,37.119201930935176
Sugarcane,2014,Whole Year ,Jharkhand,713.0,37431.0,1156.6,107634.48,235.29,42.421,76.61123676017364,-34.19023676017364,34.19023676017364
Sannhamp,2006,Whole Year ,West Bengal,1294.0,7252.0,1631.4,165256.74,284.68,5.58125,115.47071723334335,-109.88946723334335,109.88946723334335
Sesamum,2018,Kharif     ,Himachal Pradesh,327.0,147.0,1052.2,53039.4,114.45,0.442222222,0.7532479970533643,-0.3110257750533643,0.3110257750533643
Horse-gram,2008,Rabi       ,Karnataka,122164.0,45265.0,1164.1,17474338.56,10994.76,0.416428571,-43.608603378344725,44.02503194934472,44.02503194934472
Sannhamp,2014,Whole Year ,Karnataka,311.0,76.0,1238.5,46948.56,102.63,0.236,-3.100998515330616,3.336998515330616,3.336998515330616
Wheat,2011,Rabi       ,West Bengal,315659.0,872895.0,1686.5,52879195.68,104167.47,2.49,103.05927118706293,-100.56927118706294,100.56927118706294
Barley,2001,Rabi       ,West Bengal,2622.0,2825.0,1556.6,267784.86,681.72,1.0675,81.84925873281159,-80.7817587328116,80.7817587328116
Onion,2008,Rabi       ,Jharkhand,3049.28,15459.0,1295.2,436169.0112,274.4352,4.964347826,-9.19821126212048,14.162559088120481,14.162559088120481
Safflower,2010,Rabi       ,Andhra Pradesh,13090.0,8897.0,1297.0,2174379.9,3141.6,0.705,35.78611125785481,-35.081111257854815,35.081111257854815
Coriander,2004,Whole Year ,Meghalaya,53.0,306.0,4767.9,5742.02,11.13,5.4925,5.144186366557619,0.3483136334423804,0.3483136334423804
Linseed,2004,Rabi       ,Chhattisgarh,71171.0,16298.0,1122.8,7710666.14,14945.91,0.242,-73.35388685522582,73.59588685522583,73.59588685522583
Tobacco,2014,Summer     ,Uttar Pradesh,409.0,1072.0,616.4,61742.64,134.97,2.661428571,-21.933353085692033,24.594781656692035,24.594781656692035
Ragi,2014,Kharif     ,Telangana,1196.0,1333.0,746.4,180548.16,394.68,1.38,49.35436156344922,-47.974361563449214,47.974361563449214
Turmeric,2005,Whole Year ,Assam,11611.0,8500.0,2184.6,1392391.12,2438.31,0.728888889,-44.31930856857565,45.04819745757565,45.04819745757565
Gram,2009,Rabi       ,Andhra Pradesh,646894.0,846659.0,711.0,100799023.1,109971.98,1.386818182,35.04800063644532,-33.661182454445324,33.661182454445324
Ginger,2010,Whole Year ,Assam,16386.0,112548.0,2578.5,2721878.46,3932.64,6.940740741,-18.306809259923995,25.247550000923994,25.247550000923994
Turmeric,2019,Whole Year ,Bihar,2834.0,2889.0,1194.7,486767.84,1048.58,1.008,33.234326047430386,-32.22632604743038,32.22632604743038
Wheat,2018,Rabi       ,Chhattisgarh,99925.0,166979.0,1515.5,16207835.0,34973.75,1.792692308,-47.87197573199862,49.66466803999862,49.66466803999862
Niger seed,2019,Kharif     ,West Bengal,1005.0,519.0,1733.4,172618.8,371.85,0.584,107.72371194898932,-107.13971194898932,107.13971194898932
Rice,1999,Winter     ,Assam,1793994.0,2692709.0,2201.8,190396583.2,484378.38,1.501304348,-65.7481391718963,67.2494435198963,67.2494435198963
Rice,2008,Kharif     ,Uttar Pradesh,6011761.0,13051365.0,891.6,859922293.4,541058.49,2.124428571,-9.547224367281899,11.671652938281898,11.671652938281898
Khesari,2014,Rabi       ,Chhattisgarh,338202.0,297877.0,1274.7,51054973.92,111606.66,0.924347826,-74.83333527256059,75.75768309856059,75.75768309856059
Banana,2016,Whole Year ,Assam,49266.0,854853.0,2296.8,7550014.5,17243.1,16.79111111,-2.319408262233054,19.110519372233053,19.110519372233053
Guar seed,2008,Kharif     ,Uttar Pradesh,2460.0,2066.0,891.6,351878.4,221.4,0.8445,-17.224094710198955,18.068594710198955,18.068594710198955
Rice,2016,Rabi       ,Karnataka,18686.0,49615.0,1147.2,2863629.5,6540.1,2.525333333,-8.524916353180885,11.050249686180884,11.050249686180884
Tapioca,2003,Whole Year ,Meghalaya,3974.0,20588.0,3321.3,393346.52,953.76,6.367142857,22.500532780086758,-16.133389923086757,16.133389923086757
Urad,2012,Kharif     ,Himachal Pradesh,9519.0,3841.0,1035.0,1435465.2,2950.89,0.527272727,-3.543078347126624,4.070351074126624,4.070351074126624
Peas & beans (Pulses),2008,Rabi       ,Tripura,599.0,494.0,1827.8,85680.96,53.91,0.8675,-6.326275802042005,7.193775802042005,7.193775802042005
Castor seed,2000,Kharif     ,Maharashtra,18100.0,4350.0,1057.8,1776877.0,4706.0,0.285454545,-6.902245949331586,7.187700494331587,7.187700494331587
Guar seed,2015,Kharif     ,Uttar Pradesh,1755.0,1444.0,596.7,277132.05,579.15,0.822888889,-11.966468759472832,12.789357648472832,12.789357648472832
Maize,2011,Kharif     ,Manipur,20000.0,35500.0,1533.561905,3350400.0,6600.0,1.696666667,1.0891212511819504,0.6075454158180496,0.6075454158180496
Sesamum,2001,Kharif     ,Haryana,4838.0,1400.0,483.8,494104.94,1257.88,0.161111111,-20.092834834673027,20.253945945673028,20.253945945673028
Urad,2014,Kharif     ,Madhya Pradesh,841000.0,427000.0,891.2,126957360.0,277530.0,0.5156,-10.814620312558048,11.330220312558048,11.330220312558048
Other Kharif pulses,2009,Kharif     ,Karnataka,114169.0,82364.0,1321.0,17789813.58,19408.73,0.6076,-27.843822667051853,28.451422667051855,28.451422667051855
Rapeseed &Mustard,2006,Rabi       ,Manipur,40.0,20.0,1533.561905,5108.4,8.8,0.5,-7.290096294135708,7.790096294135708,7.790096294135708
Other Cereals,2001,Kharif     ,Uttarakhand,7411.0,2004.0,1541.3,756885.43,1926.86,0.283636364,-10.354097563805254,10.637733927805254,10.637733927805254
Dry chillies,2008,Rabi       ,Karnataka,5903.0,10002.0,1164.1,844365.12,531.27,1.681111111,-70.28602409687343,71.96713520787344,71.96713520787344
Dry chillies,2007,Kharif     ,Uttar Pradesh,15658.0,15093.0,672.9,2088777.2,2505.28,0.964461538,-20.781040641963557,21.745502179963555,21.745502179963555
Moth,2003,Kharif     ,Gujarat,47200.0,27100.0,902.5,4671856.0,11328.0,0.533333333,-7.28853584340618,7.82186917640618,7.82186917640618
Ragi,2010,Summer     ,Odisha,328.0,276.0,1291.9,54484.08,78.72,0.854285714,0.7004221587147015,0.1538635552852985,0.1538635552852985
Maize,2018,Rabi       ,Maharashtra,201409.0,379865.0,1387.4,32668539.8,70493.15,1.349230769,19.614519201644555,-18.265288432644553,18.265288432644553
Moong(Green Gram),2003,Kharif     ,Maharashtra,700100.0,390500.0,1037.4,69295898.0,168024.0,0.583939394,-11.94567433816681,12.52961373216681,12.52961373216681
Peas & beans (Pulses),2017,Rabi       ,Nagaland,7240.0,7980.0,1722.1,1139865.6,2751.2,1.101818182,11.781815980746302,-10.679997798746301,10.679997798746301
Rapeseed &Mustard,2010,Rabi       ,Uttarakhand,12663.0,10288.0,1419.0,2103450.93,3039.12,0.660769231,0.8921472498719254,-0.23137801887192544,0.23137801887192544
Other Kharif pulses,2004,Kharif     ,Jammu and Kashmir,2989.0,1466.0,1032.1,323828.26,627.69,0.508888889,1.6326350374849596,-1.1237461484849596,1.1237461484849596
Wheat,1997,Rabi       ,Odisha,5162.0,6360.0,1496.6,491267.54,1600.22,0.856666667,6.844984368048586,-5.988317701048586,5.988317701048586
Onion,2001,Whole Year ,Bihar,14083.0,134445.0,1247.0,1438296.79,3661.58,10.47351351,38.35776516038243,-27.884251650382428,27.884251650382428
Barley,2001,Rabi       ,Jammu and Kashmir,9837.0,4783.0,953.8,1004652.81,2557.62,0.6525,-10.592992773582154,11.245492773582153,11.245492773582153
Coconut ,2013,Whole Year ,Puducherry,1536.0,16608000.0,1083.2,221936.64,414.72,9619.11,9045.065692490423,574.0443075095773,574.0443075095773
Urad,2013,Kharif     ,Maharashtra,334400.0,206440.0,1409.8,48317456.0,90288.0,0.555483871,4.943728216749832,-4.388244345749833,4.388244345749833
Tapioca,2000,Whole Year ,Puducherry,342.0,9685.0,1434.5875,33574.14,88.92,18.69,115.21764058022777,-96.52764058022777,96.52764058022777
Ginger,2000,Kharif     ,Bihar,711.0,978.0,1207.0,69798.87,184.86,1.295714286,-18.434138482456518,19.729852768456517,19.729852768456517
Arecanut,2007,Whole Year ,Tamil Nadu,5553.0,11739.0,1067.2,740770.2,888.48,2.057391304,75.40684746253564,-73.34945615853563,73.34945615853563
Peas & beans (Pulses),2005,Rabi       ,Chhattisgarh,17158.0,6034.0,1292.7,2057587.36,3603.18,0.329333333,-69.60898129912582,69.93831463212581,69.93831463212581
Wheat,2004,Rabi       ,Arunachal Pradesh,4278.0,6652.0,2939.5,463478.52,898.38,1.549230769,-9.29084703307609,10.84007780207609,10.84007780207609
Other Kharif pulses,2006,Kharif     ,Karnataka,116341.0,88598.0,1146.3,14857909.11,25595.02,0.785,-32.046169030899534,32.83116903089953,32.83116903089953
Maize,2010,Rabi       ,Manipur,3850.0,8000.0,2160.5,639523.5,924.0,2.051111111,0.907603492560412,1.143507618439588,1.143507618439588
Ragi,2006,Autumn     ,Jharkhand,32829.89,25216.0,1465.1,4192705.252,7222.5758,0.827727273,-15.8597285432746,16.6874558162746,16.6874558162746
Bajra,2017,Rabi       ,Tamil Nadu,17001.0,35113.0,970.9,2676637.44,6460.38,2.121851852,40.14665075390937,-38.02479890190937,38.02479890190937
Maize,2000,Kharif     ,Odisha,54371.0,68866.0,1066.0,5337601.07,14136.46,0.8808,2.2810364317233223,-1.4002364317233222,1.4002364317233222
Groundnut,2017,Rabi       ,Tripura,1148.0,1413.0,3326.8,180741.12,436.24,1.21,11.77064718199685,-10.560647181996849,10.560647181996849
Barley,1999,Rabi       ,Punjab,30000.0,106000.0,364.4,3183900.0,8100.0,3.483,-9.650104774031178,13.133104774031178,13.133104774031178
Rice,2013,Kharif     ,Himachal Pradesh,73139.0,106899.0,1216.9,10567854.11,19747.53,1.565454545,27.533486392931337,-25.968031847931336,25.968031847931336
Ginger,2013,Whole Year ,Chhattisgarh,1802.0,1987.0,1418.3,260370.98,486.54,1.166818182,-21.827092244325343,22.993910426325343,22.993910426325343
Cashewnut,2009,Whole Year ,Tamil Nadu,99043.0,49550.0,928.5,15432880.26,16837.31,0.496785714,85.08664422662284,-84.58985851262284,84.58985851262284
Rice,2019,Kharif     ,Arunachal Pradesh,133500.0,244741.0,2433.3,22929960.0,49395.0,1.7792,14.705621103206312,-12.926421103206312,12.926421103206312
Peas & beans (Pulses),2008,Rabi       ,Uttar Pradesh,351030.0,423753.0,891.6,50211331.2,31592.7,1.223043478,12.908607877143027,-11.685564399143027,11.685564399143027
Tobacco,2005,Whole Year ,Meghalaya,721.0,475.0,3374.4,86462.32,151.41,0.562,7.61625728991288,-7.05425728991288,7.05425728991288
Rice,2013,Kharif     ,Uttarakhand,246959.0,551758.0,1735.4,35683105.91,66678.93,1.736153846,25.054628420838412,-23.31847457483841,23.31847457483841
Groundnut,2019,Rabi       ,West Bengal,4687.0,9127.0,1733.4,805039.12,1734.19,1.797272727,105.0829198953121,-103.2856471683121,103.2856471683121
Urad,2019,Kharif     ,Sikkim,2789.0,2612.0,2740.0,479038.64,1031.93,0.943333333,2.3711348270527424,-1.4278014940527424,1.4278014940527424
Banana,2019,Kharif     ,Meghalaya,7284.0,94870.0,3844.4,1251099.84,2695.08,10.73090909,4.139487926948647,6.591421163051354,6.591421163051354
Bajra,2009,Summer     ,Gujarat,174200.0,396400.0,618.0,27143844.0,29614.0,2.33,-17.256943471088817,19.586943471088816,19.586943471088816
Moong(Green Gram),2006,Kharif     ,Madhya Pradesh,71963.0,22894.0,1072.3,9190394.73,15831.86,0.325319149,-15.352096769488838,15.677415918488839,15.677415918488839
Wheat,2019,Whole Year ,Kerala,1.0,2.0,3119.2,171.76,0.37,2.0,-28.27975674811495,30.27975674811495,30.27975674811495
Sweet potato,2009,Whole Year ,Karnataka,2397.0,15751.0,1321.0,373500.54,407.49,6.936666667,0.9971206531607777,5.939546013839222,5.939546013839222
Arhar/Tur,2003,Kharif     ,Bihar,38855.0,48100.0,1353.9,3845867.9,9325.2,1.206315789,-2.9153872365982068,4.121703025598206,4.121703025598206
Banana,2016,Summer     ,Uttar Pradesh,3376.0,186413.0,965.3,517372.0,1181.6,55.18416667,12.199435365290043,42.98473130470996,42.98473130470996
Bajra,2001,Kharif     ,Odisha,4010.0,2270.0,1672.5,409541.3,1042.6,0.555,-3.386023300923142,3.9410233009231423,3.9410233009231423
Jute,2006,Kharif     ,Madhya Pradesh,4608.0,8650.0,1072.3,588487.68,1013.76,1.976904762,6.350322282636256,-4.373417520636256,4.373417520636256
Sesamum,2012,Whole Year ,Tamil Nadu,33181.0,17179.0,706.8,5003694.8,10286.11,0.477241379,84.03266496378617,-83.55542358478617,83.55542358478617
Rice,2019,Summer     ,Bihar,60399.0,128812.0,1194.7,10374132.24,22347.63,2.142857143,20.795092032465988,-18.652234889465987,18.652234889465987
Rice,2001,Kharif     ,Madhya Pradesh,1766150.0,1685799.0,955.0,180376899.5,459199.0,0.849333333,-1.0630818122163248,1.912415145216325,1.912415145216325
Cowpea(Lobia),2018,Kharif     ,Telangana,1310.0,1045.0,1350.3,212482.0,458.5,0.81,53.040829438809766,-52.230829438809764,52.230829438809764
Sesamum,2013,Kharif     ,Tripura,2824.0,1706.0,2043.5,408039.76,762.48,0.595,-11.059398595286723,11.654398595286724,11.654398595286724
Groundnut,2010,Kharif     ,Madhya Pradesh,201177.0,300558.0,856.3,33417511.47,48282.48,1.348958333,-0.049604827048455036,1.398563160048455,1.398563160048455
Dry chillies,2012,Whole Year ,Chhattisgarh,6486.0,6552.0,1366.8,978088.8,2010.66,1.008518519,-44.91604275752576,45.92456127652576,45.92456127652576
Dry chillies,1997,Whole Year ,Manipur,3.0,2.0,2053.3,285.51,0.93,0.75,4.315953258925447,-3.565953258925447,3.565953258925447
Rice,2016,Summer     ,Tripura,71877.0,231509.0,2475.3,11015150.25,25156.95,3.145,13.830548194177368,-10.685548194177368,10.685548194177368
Rapeseed &Mustard,2011,Kharif     ,Mizoram,10.0,4.0,2439.340909,1675.2,3.3,0.4,-25.46435291945616,25.86435291945616,25.86435291945616
Maize,2013,Kharif     ,Telangana,552897.0,2436849.0,1348.7,79888087.53,149282.19,4.022222222,50.35784059232468,-46.33561837032468,46.33561837032468
Peas & beans (Pulses),2003,Rabi       ,Haryana,994.0,1100.0,592.3,98386.12,238.56,0.975833333,-6.07484813540421,7.05068146840421,7.05068146840421
Turmeric,2007,Whole Year ,Kerala,3155.0,7434.0,3489.6,420877.0,504.8,2.167857143,-79.30009664237289,81.4679537853729,81.4679537853729
Moong(Green Gram),2017,Summer     ,Uttarakhand,6.0,4.0,1475.8,944.64,2.28,0.67,-13.824701955563029,14.494701955563029,14.494701955563029
Small millets,2009,Rabi       ,Madhya Pradesh,595.0,201.0,904.1,92712.9,101.15,0.500666667,-13.750593973265325,14.251260640265325,14.251260640265325
Jute,2009,Kharif     ,Nagaland,1250.0,1960.0,1225.9,194775.0,212.5,1.554,10.730387795478578,-9.176387795478577,9.176387795478577
Gram,2015,Rabi       ,Tamil Nadu,4876.0,3176.0,1201.9,769969.16,1609.08,0.6,50.32648735165013,-49.72648735165013,49.72648735165013
Khesari,2004,Rabi       ,West Bengal,35048.0,33277.0,1612.9,3797100.32,7360.08,0.838823529,77.04874498302013,-76.20992145402013,76.20992145402013
Moong(Green Gram),2014,Autumn     ,Odisha,22009.0,4904.0,1536.9,3322478.64,7262.97,0.278888889,-10.98901718612268,11.26790607512268,11.26790607512268
Arhar/Tur,2019,Kharif     ,Andhra Pradesh,237647.0,114451.0,899.2,40818248.72,87929.39,0.44,50.096904269775465,-49.65690426977547,49.65690426977547
Bajra,1999,Kharif     ,Karnataka,421185.0,251109.0,1203.8,44700364.05,113719.95,0.53625,-52.84384630131268,53.38009630131268,53.38009630131268
Urad,2005,Kharif     ,Himachal Pradesh,11267.0,4192.0,1248.1,1351138.64,2366.07,0.428181818,-9.343892651834437,9.772074469834438,9.772074469834438
Maize,1998,Summer     ,Bihar,151459.0,364449.0,1332.5,14964149.2,43923.11,2.175306122,-17.58938838544657,19.764694507446567,19.764694507446567
Small millets,2003,Kharif     ,Assam,8299.0,4320.0,2213.7,821435.02,1991.76,0.506956522,-74.90571471668954,75.41267123868954,75.41267123868954
Other Cereals,2006,Kharif     ,Uttarakhand,4615.0,1971.0,1178.9,589381.65,1015.3,0.43625,-7.574075998127029,8.010325998127028,8.010325998127028
Linseed,2001,Rabi       ,Bihar,40599.0,28819.0,1247.0,4146375.87,10555.74,0.72,-6.65848148442015,7.37848148442015,7.37848148442015
Onion,2006,Whole Year ,Madhya Pradesh,37825.0,629635.0,1072.3,4830630.75,8321.5,14.81125,39.30743627217119,-24.496186272171187,24.496186272171187
Banana,2016,Whole Year ,Goa,2435.0,26908.0,3266.9,373163.75,852.25,11.1,-151.6069562974019,162.7069562974019,162.7069562974019
Horse-gram,2015,Kharif     ,Jammu and Kashmir,192.0,67.0,1572.6,30318.72,63.36,0.371666667,6.148257025388972,-5.7765903583889715,5.7765903583889715
Jute,2008,Kharif     ,West Bengal,584238.0,7872588.0,1560.1,83569403.52,52581.42,14.03470588,98.40859234036355,-84.37388646036355,84.37388646036355
Wheat,2018,Rabi       ,Uttar Pradesh,9855900.0,38039724.0,792.8,1598626980.0,3449565.0,3.8556,-25.50866794937872,29.364267949378718,29.364267949378718
Small millets,2001,Kharif     ,Maharashtra,87600.0,57900.0,1035.8,8946588.0,22776.0,0.679333333,-7.54208739376017,8.22142072676017,8.22142072676017
Banana,2015,Whole Year ,Assam,51103.0,882706.0,2155.3,8069674.73,16863.99,16.6337037,-4.282908010472539,20.91661171047254,20.91661171047254
Moong(Green Gram),2006,Kharif     ,Himachal Pradesh,452.0,202.0,1207.0,57724.92,99.44,0.415555556,-10.224507449667527,10.640063005667526,10.640063005667526
Arhar/Tur,2017,Kharif     ,Manipur,527.0,595.0,1780.0,82970.88,200.26,1.128888889,5.7788509797610175,-4.649962090761018,4.649962090761018
Dry chillies,2004,Whole Year ,West Bengal,52182.0,61442.0,1612.9,5653397.88,10958.22,1.038888889,106.44720018379601,-105.40831129479601,105.40831129479601
Banana,2003,Whole Year ,Tamil Nadu,71088.0,2514729.0,345.6,7036290.24,17061.12,34.52965517,82.9776175821362,-48.44796241213621,48.44796241213621
Arhar/Tur,2015,Rabi       ,Andhra Pradesh,4995.0,3472.0,940.7,788760.45,1648.35,0.643,44.138085518386106,-43.495085518386105,43.495085518386105
Sunflower,2018,Summer     ,Uttar Pradesh,1245.0,1699.0,792.8,201939.0,435.75,1.359090909,7.022692660186067,-5.663601751186067,5.663601751186067
Potato,2015,Rabi       ,Jammu and Kashmir,1532.0,14418.0,1572.6,241918.12,505.56,10.39166667,2.990029468643229,7.40163720135677,7.40163720135677
Moong(Green Gram),2017,Rabi       ,Andhra Pradesh,121311.0,81419.0,868.2,19099203.84,46098.18,0.693076923,34.43858932413502,-33.745512401135024,33.745512401135024
Jowar,2015,Summer     ,Karnataka,5201.0,10281.0,1024.9,821289.91,1716.33,1.904166667,-42.67611863728726,44.58028530428726,44.58028530428726
Black pepper,2002,Whole Year ,Karnataka,10414.0,23178.0,860.8,985893.38,2603.5,2.213076923,13.707055041924377,-11.493978118924378,11.493978118924378
Other  Rabi pulses,2006,Rabi       ,Mizoram,2112.0,2790.0,2353.0,269723.52,464.64,1.14375,-25.10975145693311,26.25350145693311,26.25350145693311
Onion,2002,Whole Year ,Tamil Nadu,23492.0,198715.0,315.9,2223987.64,5873.0,8.54625,75.42767380413478,-66.88142380413478,66.88142380413478
Wheat,2007,Rabi       ,Delhi,17482.0,76222.0,677.5,2332098.8,2797.12,4.36,10.271848793885312,-5.911848793885311,5.911848793885311
Small millets,2013,Kharif     ,Telangana,882.0,665.0,1348.7,127440.18,238.14,0.75,42.66941231955799,-41.91941231955799,41.91941231955799
Maize,2010,Kharif     ,Manipur,18520.0,33510.0,2160.5,3076357.2,4444.8,1.74,4.137152011811338,-2.397152011811338,2.397152011811338
Moong(Green Gram),2009,Rabi       ,Chhattisgarh,7089.0,1597.0,956.9,1104607.98,1205.13,0.204,-81.89176025194718,82.09576025194717,82.09576025194717
Other  Rabi pulses,2014,Rabi       ,Bihar,1049.0,1049.0,1061.0,158357.04,346.17,1.0,15.853400944421509,-14.853400944421509,14.853400944421509
Rapeseed &Mustard,2016,Rabi       ,Arunachal Pradesh,27986.0,28514.0,2933.7,4288854.5,9795.1,1.233157895,-5.05694981871423,6.29010771371423,6.29010771371423
Dry chillies,2005,Whole Year ,Arunachal Pradesh,2168.0,2646.0,2767.0,259986.56,455.28,1.486666667,0.17772799874600764,1.3089386682539923,1.3089386682539923
Sesamum,2014,Kharif     ,Mizoram,785.0,608.0,2029.9,118503.6,259.05,0.9075,-39.15074438298822,40.05824438298822,40.05824438298822
Other  Rabi pulses,2002,Rabi       ,Assam,101665.0,53967.0,1973.6,9624625.55,25416.25,0.512173913,-60.74032193039915,61.252495843399146,61.252495843399146
Arhar/Tur,2012,Kharif     ,Karnataka,659742.0,467109.0,956.2,99489093.6,204520.02,0.573333333,-34.4849260255491,35.0582593585491,35.0582593585491
Masoor,2005,Rabi       ,Assam,18583.0,9877.0,2184.6,2228473.36,3902.43,0.5112,-66.2121465898338,66.7233465898338,66.7233465898338
Rapeseed &Mustard,2007,Rabi       ,Maharashtra,9200.0,4300.0,1257.2,1227280.0,1472.0,0.482758621,8.51047438020288,-8.027715759202879,8.027715759202879
Wheat,2011,Rabi       ,Jharkhand,47933.0,73657.0,1374.7,8029736.16,15817.89,1.486666667,11.959657385956575,-10.472990718956575,10.472990718956575
Peas & beans (Pulses),2010,Kharif     ,Himachal Pradesh,1250.0,1629.0,1319.8,207637.5,300.0,1.310909091,8.85930444624023,-7.54839535524023,7.54839535524023
Bajra,2019,Kharif     ,Chhattisgarh,96.0,50.0,1420.3,16488.96,35.52,0.696,-62.39240957316494,63.08840957316494,63.08840957316494
Ragi,2008,Autumn     ,Odisha,26091.0,17371.0,1539.0,3732056.64,2348.19,0.573,-5.119512904313609,5.69251290431361,5.69251290431361
Barley,2002,Rabi       ,Chhattisgarh,4017.0,3145.0,1001.4,380289.39,1004.25,0.606666667,-79.011997910849,79.618664577849,79.618664577849
Sugarcane,2013,Whole Year ,Madhya Pradesh,55448.0,2797460.0,1451.4,8011681.52,14970.96,39.73108696,75.0330768322324,-35.3019898722324,35.3019898722324
Tobacco,2012,Kharif     ,Himachal Pradesh,1.0,2.0,1035.0,150.8,0.31,1.1,-24.163715084186492,25.263715084186494,25.263715084186494
Sugarcane,2007,Whole Year ,Goa,1034.0,56027.0,3674.7,137935.6,165.44,57.615,-138.64969176933823,196.26469176933824,196.26469176933824
Cotton(lint),2018,Whole Year ,Kerala,59.4,90.0,2989.7,9634.68,20.79,1.51,-40.95099346588688,42.46099346588688,42.46099346588688
Rice,2009,Kharif     ,Tamil Nadu,1845553.0,5665258.0,928.5,287574068.5,313744.01,3.539677419,50.22424763705243,-46.68457021805243,46.68457021805243
Sugarcane,2012,Whole Year ,Punjab,82000.0,5832000.0,338.9,12365600.0,25420.0,72.55625,76.92700090498066,-4.370750904980653,4.370750904980653
Dry chillies,2001,Whole Year ,Odisha,70030.0,59180.0,1672.5,7152163.9,18207.8,0.844666667,21.22122936638351,-20.376562699383513,20.376562699383513
Dry chillies,1997,Kharif     ,Gujarat,18400.0,21300.0,798.9,1751128.0,5704.0,1.115,-41.0715067812402,42.186506781240205,42.186506781240205
Other Kharif pulses,2004,Kharif     ,Chhattisgarh,7220.0,1773.0,1122.8,782214.8,1516.2,0.278125,-67.59359274750574,67.87171774750574,67.87171774750574
Tobacco,2013,Whole Year ,Uttarakhand,6.0,22.0,1735.4,866.94,1.62,3.67,27.343112003071127,-23.673112003071125,23.673112003071125
Small millets,2016,Rabi       ,Jammu and Kashmir,74.0,51.0,902.8,11340.5,25.9,0.63,-2.753725941825934,3.383725941825934,3.383725941825934
Jowar,2009,Kharif     ,Andhra Pradesh,184976.0,184211.0,711.0,28822960.32,31445.92,1.144,35.04407948845663,-33.90007948845663,33.90007948845663
Other  Rabi pulses,2006,Rabi       ,Madhya Pradesh,2051.0,647.0,1072.3,261933.21,451.22,0.276,4.932318021789001,-4.6563180217890014,4.6563180217890014
Groundnut,1998,Kharif     ,Kerala,7021.0,5219.0,3151.5,693674.8,2036.09,0.62,-108.57082691200293,109.19082691200293,109.19082691200293
Cashewnut,1997,Whole Year ,Kerala,96073.0,74142.0,3252.4,9143267.41,29782.63,0.589285714,-69.35077675781338,69.94006247181338,69.94006247181338
Maize,2015,Whole Year ,Kerala,59.0,74.0,2602.9,9316.69,19.47,1.73,-43.569371603499576,45.29937160349957,45.29937160349957
Rapeseed &Mustard,2000,Rabi       ,Gujarat,186600.0,230500.0,379.7,18318522.0,48516.0,1.163076923,-8.576348023146181,9.739424946146181,9.739424946146181
Bajra,2012,Kharif     ,Karnataka,274615.0,285157.0,956.2,41411942.0,85130.65,0.986190476,-40.10222558590044,41.08841606190044,41.08841606190044
Jowar,2008,Rabi       ,Karnataka,1134555.0,1155110.0,1164.1,162286747.2,102109.95,0.9535,-48.6495153736673,49.6030153736673,49.6030153736673
Wheat,2008,Rabi       ,Chhattisgarh,94834.0,97424.0,1117.9,13565055.36,8535.06,1.15,-60.835554289987414,61.98555428998741,61.98555428998741
Sesamum,1999,Rabi       ,Odisha,73980.0,26690.0,1484.3,7851497.4,19974.6,0.372857143,-13.595006972207699,13.967864115207698,13.967864115207698
Other Cereals,2015,Kharif     ,Madhya Pradesh,52000.0,41584.0,1000.7,8211320.0,17160.0,0.785263158,1.1785864049940926,-0.3933232469940926,0.3933232469940926
Masoor,2008,Rabi       ,Nagaland,1260.0,880.0,1540.9,180230.4,113.4,0.705,-0.12779381098656017,0.8327938109865601,0.8327938109865601
Sunflower,2017,Kharif     ,Telangana,411.0,871.0,815.7,64707.84,156.18,1.98,45.565872255851644,-43.58587225585165,43.58587225585165
Maize,2013,Rabi       ,Mizoram,175.0,227.0,1848.8,25285.75,47.25,1.4325,-30.52611144920536,31.95861144920536,31.95861144920536
Cardamom,2009,Whole Year ,Karnataka,19178.0,1267.0,1321.0,2988315.96,3260.26,0.085,-12.245322376894023,12.330322376894024,12.330322376894024
Arhar/Tur,2017,Kharif     ,Nagaland,3200.0,2920.0,1722.1,503808.0,1216.0,0.91,11.540578657268838,-10.630578657268838,10.630578657268838
Rapeseed &Mustard,2011,Rabi       ,Maharashtra,13100.0,4570.0,1174.095455,2194512.0,4323.0,0.384782609,12.057133143959675,-11.672350534959675,11.672350534959675
Rice,2002,Kharif     ,Madhya Pradesh,1671107.0,1024930.0,800.8,158203699.7,417776.75,0.608,-0.5296565846453518,1.137656584645352,1.137656584645352
Peas & beans (Pulses),2017,Rabi       ,Haryana,1700.0,2130.0,417.1,267648.0,646.0,1.221111111,7.116547874357224,-5.895436763357224,5.895436763357224
Banana,2016,Whole Year ,Tamil Nadu,90993.0,3028869.0,912.4,13944677.25,31847.55,33.24096774,99.85526839682218,-66.61430065682218,66.61430065682218
Jowar,2016,Kharif     ,Tripura,683.0,546.0,2475.3,104669.75,239.05,0.79625,2.237165604800822,-1.4409156048008218,1.4409156048008218
Sugarcane,2011,Whole Year ,Madhya Pradesh,49502.0,1965790.0,852.6,8292575.04,16335.66,26.90304348,69.29742121425733,-42.394377734257326,42.394377734257326
Small millets,2015,Rabi       ,Telangana,64.0,51.0,747.9,10106.24,21.12,0.8,37.4953669403711,-36.6953669403711,36.6953669403711
Wheat,2014,Rabi       ,Himachal Pradesh,345548.0,639209.0,1019.9,52163926.08,114030.84,1.846666667,13.123947902361095,-11.277281235361095,11.277281235361095
Sesamum,2010,Whole Year ,Madhya Pradesh,360426.0,177690.0,856.3,59870362.86,86502.24,0.5646,35.99980194804331,-35.435201948043314,35.435201948043314
Maize,2010,Winter     ,Odisha,740.0,1529.0,1291.9,122921.4,177.6,1.978666667,10.565631828228504,-8.586965161228504,8.586965161228504
Tobacco,2018,Rabi       ,Uttar Pradesh,25327.0,54342.0,792.8,4108039.4,8864.45,2.135416667,-8.291087810408072,10.426504477408072,10.426504477408072
Sunflower,2018,Kharif     ,Karnataka,95442.0,81315.0,1419.1,15480692.4,33404.7,0.787692308,-28.015256256665992,28.802948564665993,28.802948564665993
Arhar/Tur,2001,Kharif     ,Bihar,41954.0,53809.0,1247.0,4284762.02,10908.04,1.242162162,-5.671918074073432,6.914080236073431,6.914080236073431
Groundnut,2016,Kharif     ,Arunachal Pradesh,888.0,868.0,2933.7,136086.0,310.8,1.177142857,-1.9758805070684389,3.1530233640684386,3.1530233640684386
Arhar/Tur,2019,Whole Year ,Kerala,313.0,522.0,3119.2,53760.88,115.81,1.335,-39.284297175737436,40.61929717573744,40.61929717573744
Small millets,2018,Summer     ,Uttar Pradesh,63.0,57.0,792.8,10218.6,22.05,0.95,4.766278521608456,-3.8162785216084556,3.8162785216084556
Gram,2013,Rabi       ,Himachal Pradesh,475.0,448.0,1216.9,68632.75,128.25,0.822222222,7.228203664336718,-6.405981442336718,6.405981442336718
Small millets,2003,Kharif     ,West Bengal,2756.0,1828.0,1526.7,272788.88,661.44,0.8025,79.77544271641148,-78.97294271641148,78.97294271641148
Sesamum,1998,Kharif     ,Tamil Nadu,163232.0,81359.0,1077.1,16127321.6,47337.28,0.473076923,20.615845524988217,-20.142768601988216,20.142768601988216
Sunflower,2007,Kharif     ,Maharashtra,111500.0,64600.0,1257.2,14874100.0,17840.0,0.681304348,2.0979461653770386,-1.4166418173770388,1.4166418173770388
Turmeric,2008,Whole Year ,Uttarakhand,215.0,433.0,1363.7,30753.6,19.35,2.056666667,19.33238429863397,-17.275717631633967,17.275717631633967
Cotton(lint),2007,Kharif     ,Andhra Pradesh,1134000.0,3489000.0,1004.2,151275600.0,181440.0,2.668,31.70780922456383,-29.039809224563832,29.039809224563832
Groundnut,2002,Summer     ,West Bengal,22596.0,35480.0,1629.1,2139163.32,5649.0,1.360588235,78.33727097409141,-76.97668273909142,76.97668273909142
Safflower,2015,Rabi       ,Maharashtra,56815.0,12753.0,875.7,8971656.65,18748.95,0.245,5.364527760460902,-5.119527760460902,5.119527760460902
Ginger,2009,Whole Year ,Karnataka,44837.0,1411977.0,1321.0,6986501.34,7622.29,31.71,6.9756490991368025,24.7343509008632,24.7343509008632
Other  Rabi pulses,2018,Rabi       ,Goa,6033.0,6179.0,4406.0,978552.6,2111.55,1.17,-183.91119323446168,185.08119323446167,185.08119323446167
Sesamum,2017,Kharif     ,Gujarat,107763.0,65229.0,814.8,16966206.72,40949.94,0.60862069,1.5329550167530215,-0.9243343267530215,0.9243343267530215
Garlic,2006,Whole Year ,Chhattisgarh,896.0,2626.0,1317.2,114428.16,197.12,3.061666667,-43.57068312786555,46.63234979486555,46.63234979486555
Ragi,2018,Kharif     ,Andhra Pradesh,23993.0,29467.0,1220.5,3891664.6,8397.55,1.305555556,53.63669432584277,-52.33113876984277,52.33113876984277
Gram,2019,Rabi       ,Jharkhand,230073.0,275506.0,1137.8,39517338.48,85127.01,1.2225,9.53719150181422,-8.31469150181422,8.31469150181422
Onion,2010,Summer     ,Karnataka,4680.0,49792.0,1317.7,777394.8,1123.2,10.59809524,-49.13541159309949,59.73350683309949,59.73350683309949
Horse-gram,2013,Kharif     ,Chhattisgarh,44568.0,13804.0,1418.3,6439630.32,12033.36,0.322727273,-66.95393873900758,67.27666601200758,67.27666601200758
Maize,2014,Rabi       ,Mizoram,142.0,180.0,2029.9,21436.32,46.86,2.23,-28.324924929854205,30.554924929854206,30.554924929854206
Small millets,2000,Kharif     ,Assam,10591.0,5410.0,1965.5,1039718.47,2753.66,0.495454545,-79.60369773048922,80.09915227548922,80.09915227548922
Safflower,1999,Rabi       ,Madhya Pradesh,1887.0,497.0,1222.9,200267.31,509.49,0.259677419,-19.233547342947162,19.49322476194716,19.49322476194716
Ginger,2018,Whole Year ,Karnataka,15858.0,244065.0,1419.1,2572167.6,5550.3,15.20103448,17.23470912152422,-2.033674641524218,2.033674641524218
Groundnut,2002,Kharif     ,Haryana,2512.0,1900.0,353.9,237811.04,628.0,0.496,-6.195458342531538,6.691458342531538,6.691458342531538
Jowar,2019,Rabi       ,Maharashtra,1981591.0,1591616.0,1555.8,340358070.2,733188.67,0.932222222,5.87034897489437,-4.9381267528943695,4.9381267528943695
Cashewnut,2011,Kharif     ,Puducherry,159.0,50.0,1434.5875,26635.68,52.47,0.466666667,80.31282329659834,-79.84615662959834,79.84615662959834
Maize,2018,Summer     ,Gujarat,3090.0,6356.0,1125.4,501198.0,1081.5,1.765,7.396256712953829,-5.631256712953829,5.631256712953829
Peas & beans (Pulses),2001,Rabi       ,Assam,24375.0,14305.0,1824.7,2489418.75,6337.5,0.587826087,-71.13221347062381,71.7200395576238,71.7200395576238
Sunflower,2013,Kharif     ,Karnataka,186601.0,108957.0,1235.6,26961978.49,50382.27,0.562083333,-34.930645737061354,35.49272907006135,35.49272907006135
Urad,2006,Rabi       ,West Bengal,7434.0,5615.0,1631.4,949396.14,1635.48,0.697,79.39425696774126,-78.69725696774125,78.69725696774125
Bajra,1998,Kharif     ,West Bengal,175.0,84.0,2152.5,17290.0,50.75,0.436666667,79.13440084040411,-78.69773417340411,78.69773417340411
Sugarcane,1999,Whole Year ,Arunachal Pradesh,809.0,16219.0,2338.6,85859.17,218.43,16.47375,44.44587031877157,-27.97212031877157,27.97212031877157
Sesamum,2009,Kharif     ,Puducherry,5.0,3.0,1434.5875,779.1,0.85,0.6,75.11757563687593,-74.51757563687593,74.51757563687593
Other Kharif pulses,1998,Kharif     ,Maharashtra,276300.0,116900.0,1314.8,27298440.0,80127.0,0.407586207,2.597666927932181,-2.190080720932181,2.190080720932181
Cardamom,2006,Whole Year ,Karnataka,23827.0,1377.0,1146.3,3042946.17,5241.94,0.0575,-16.47836707585941,16.53586707585941,16.53586707585941
Bajra,1998,Kharif     ,Madhya Pradesh,145600.0,172300.0,962.7,14385280.0,42224.0,0.913478261,-21.819852839518944,22.733331100518946,22.733331100518946
Potato,2014,Kharif     ,Himachal Pradesh,6548.0,65364.0,1019.9,988486.08,2160.84,10.461,1.618947931233464,8.842052068766536,8.842052068766536
Ginger,2001,Kharif     ,Madhya Pradesh,4950.0,6801.0,955.0,505543.5,1287.0,1.149487179,-21.872950120505152,23.022437299505153,23.022437299505153
Cotton(lint),2013,Kharif     ,Uttar Pradesh,3901.0,884.0,995.2,563655.49,1053.27,0.22125,21.18629404167909,-20.96504404167909,20.96504404167909
Moth,1998,Kharif     ,Gujarat,42900.0,13900.0,775.6,4238520.0,12441.0,0.331333333,-13.18791054494983,13.51924387794983,13.51924387794983
Small millets,2017,Kharif     ,Sikkim,2469.0,2547.0,2873.6,388719.36,938.22,1.0325,1.975189194928248,-0.9426891949282481,0.9426891949282481
Arecanut,2016,Whole Year ,Karnataka,254640.0,2586795.0,1147.2,39023580.0,89124.0,10.12181818,6.524857183695644,3.5969609963043556,3.5969609963043556
Sannhamp,2011,Kharif     ,Madhya Pradesh,3283.0,4400.0,852.6,549968.16,1083.39,1.528974359,-27.47684427931611,29.00581863831611,29.00581863831611
Potato,2012,Rabi       ,Jammu and Kashmir,1161.0,13930.0,1116.7,175078.8,359.91,12.59,-3.0427530813855697,15.63275308138557,15.63275308138557
Moong(Green Gram),2010,Kharif     ,Manipur,390.0,399.0,2160.5,64782.9,93.6,1.033333333,-9.590429489143048,10.623762822143048,10.623762822143048
Soyabean,2016,Kharif     ,Mizoram,1019.0,1604.0,2626.8,156161.75,356.65,1.4825,-21.965463998551797,23.4479639985518,23.4479639985518
Ragi,2014,Winter     ,Odisha,35945.0,26950.0,1536.9,5426257.2,11861.85,0.682857143,14.283593156818881,-13.600736013818882,13.600736013818882
Moong(Green Gram),2017,Kharif     ,Haryana,13720.0,6330.0,417.1,2160076.8,5213.6,0.416666667,-3.884000643234316,4.300667310234316,4.300667310234316
Sugarcane,2014,Whole Year ,Haryana,95000.0,7035000.0,301.3,14341200.0,31350.0,72.15153846,71.74548183918137,0.4060566208186316,0.4060566208186316
Bajra,2018,Kharif     ,Chhattisgarh,44.0,26.0,1515.5,7136.8,15.4,0.591666667,-62.79710670957175,63.38877337657175,63.38877337657175
Rice,2016,Kharif     ,Delhi,5973.0,17260.0,747.1,915362.25,2090.55,2.89,32.64864341393128,-29.75864341393128,29.75864341393128
Ragi,2009,Kharif     ,Andhra Pradesh,38906.0,41951.0,711.0,6062332.92,6614.02,1.08,40.98151043522934,-39.90151043522934,39.90151043522934
Other  Rabi pulses,2019,Rabi       ,Nagaland,10830.0,13810.0,1593.0,1860160.8,4007.1,1.281111111,21.870213928385937,-20.589102817385935,20.589102817385935
Urad,2014,Kharif     ,Karnataka,63176.0,17572.0,1238.5,9537048.96,20848.08,0.281428571,-36.16216520947586,36.44359378047586,36.44359378047586
Arecanut,2004,Whole Year ,Tamil Nadu,5077.0,7390.0,1034.0,550042.18,1066.17,1.55,72.12465334855392,-70.57465334855392,70.57465334855392
Sugarcane,2018,Whole Year ,Goa,888.0,35296.0,4406.0,144033.6,310.8,34.38,-122.6290162926582,157.0090162926582,157.0090162926582
Bajra,2019,Kharif     ,Andhra Pradesh,20484.0,47045.0,899.2,3518331.84,7579.08,2.004545455,43.406969815303995,-41.402424360303996,41.402424360303996
Groundnut,2008,Rabi       ,Karnataka,155886.0,121999.0,1164.1,22297933.44,14029.74,0.898928571,-35.20104170805837,36.09997027905837,36.09997027905837
Dry chillies,2016,Rabi       ,Andhra Pradesh,40105.0,164689.0,890.0,6146091.25,14036.75,3.75,11.172024769855255,-7.4220247698552555,7.4220247698552555
Tapioca,2010,Kharif     ,Meghalaya,4180.0,21793.0,3119.7,694339.8,1003.2,6.087142857,-22.32429076223667,28.41143361923667,28.41143361923667
Ginger,2012,Kharif     ,Uttar Pradesh,822.0,4023.0,746.3,123957.6,254.82,4.8875,6.621297199923305,-1.7337971999233046,1.7337971999233046
Castor seed,2006,Kharif     ,Maharashtra,11900.0,4000.0,1439.4,1519749.0,2618.0,0.34875,1.7583803733033108,-1.4096303733033109,1.4096303733033109
Gram,2019,Rabi       ,Maharashtra,2043208.0,2240091.0,1555.8,350941406.1,755986.96,0.963030303,11.890048630831046,-10.927018327831046,10.927018327831046
Gram,2009,Rabi       ,Karnataka,112804.0,52780.0,1321.0,17577119.28,19176.68,0.455714286,-32.626235133275685,33.08194941927569,33.08194941927569
Small millets,2018,Kharif     ,Telangana,96.0,97.0,1350.3,15571.2,33.6,0.986666667,47.80339642155154,-46.81672975455154,46.81672975455154
Oilseeds total,2017,Kharif     ,Andhra Pradesh,786064.0,2643671.0,868.2,123757916.2,298704.32,7.239230769,10.27958335639488,-3.0403525873948807,3.0403525873948807
Sunflower,2006,Rabi       ,Karnataka,583983.0,175417.0,1146.3,74580468.93,128476.26,0.612608696,-48.60872859407684,49.22133729007684,49.22133729007684
Maize,2012,Kharif     ,Jammu and Kashmir,310909.0,512296.0,1116.7,46885077.2,96381.79,1.407,7.395625940194776,-5.988625940194776,5.988625940194776
Rice,2011,Autumn     ,Assam,276486.0,338015.0,1743.4,46316934.72,91240.38,1.268518519,-59.8198429259935,61.088361444993495,61.088361444993495
Groundnut,2018,Kharif     ,Uttarakhand,709.0,735.0,1373.0,114999.8,248.15,1.025,11.789780170244285,-10.764780170244284,10.764780170244284
Small millets,2011,Rabi       ,Andhra Pradesh,1841.0,1519.0,861.9,308404.32,607.53,0.745,31.360950081033593,-30.615950081033592,30.615950081033592
Sweet potato,2016,Kharif     ,Meghalaya,4667.0,15534.0,3837.1,715217.75,1633.45,3.69,-17.41112733982419,21.101127339824192,21.101127339824192
Rice,2013,Kharif     ,Puducherry,3671.0,12091.0,1083.2,530422.79,991.17,2.696666667,108.18029181428327,-105.48362514728326,105.48362514728326
Urad,2018,Summer     ,Uttar Pradesh,45514.0,35754.0,792.8,7382370.8,15929.9,0.82265625,3.741004065724809,-2.918347815724809,2.918347815724809
Potato,2007,Kharif     ,Chhattisgarh,1910.0,8060.0,1246.2,254794.0,305.6,6.440909091,-73.79200670334129,80.23291579434128,80.23291579434128
Urad,2000,Kharif     ,Tamil Nadu,503982.0,244412.0,971.1,49475912.94,131035.32,0.517777778,21.79665279694541,-21.27887501894541,21.27887501894541
Safflower,2002,Rabi       ,Odisha,1250.0,500.0,1102.8,118337.5,312.5,0.51,-7.072379410501185,7.582379410501185,7.582379410501185
Peas & beans (Pulses),2002,Kharif     ,Manipur,4110.0,2100.0,1743.7,389093.7,1027.5,0.518888889,-6.253315017243835,6.772203906243836,6.772203906243836
Castor seed,2012,Kharif     ,Assam,902.0,492.0,2167.5,136021.6,279.62,0.5436,-64.8636439996836,65.4072439996836,65.4072439996836
Rice,2009,Kharif     ,Chhattisgarh,3837610.0,4347316.0,956.9,597976390.2,652393.7,1.106666667,-73.23390290206481,74.34056956906481,74.34056956906481
Gram,1997,Rabi       ,Uttar Pradesh,881819.0,746516.0,473.9,83922714.23,273363.89,0.823037975,-4.554116536689492,5.377154511689492,5.377154511689492
Urad,2008,Summer     ,Odisha,9669.0,3745.0,1539.0,1383053.76,870.21,0.31,-10.167661272518956,10.477661272518956,10.477661272518956
Jowar,2007,Kharif     ,Gujarat,81400.0,110900.0,1021.6,10858760.0,13024.0,1.297777778,0.035631208034942574,1.2621465699650574,1.2621465699650574
Rice,2001,Rabi       ,Goa,16637.0,47452.0,2530.6,1699136.81,4325.62,2.85,-205.7705103298772,208.6205103298772,208.6205103298772
Potato,1999,Summer     ,West Bengal,2478.0,33214.0,2318.1,262990.14,669.06,13.4,71.38453228853561,-57.98453228853561,57.98453228853561
Sesamum,2008,Kharif     ,Haryana,3644.0,1300.0,715.6,521237.76,327.96,0.157,-11.415688979357498,11.572688979357498,11.572688979357498
Sesamum,2017,Kharif     ,Uttar Pradesh,278080.0,82116.0,652.1,43780915.2,105670.4,0.250588235,10.479159779397662,-10.228571544397662,10.228571544397662
Other  Rabi pulses,2012,Rabi       ,West Bengal,223.0,97.0,1566.0,33628.4,69.13,0.443333333,106.6101364774373,-106.1668031444373,106.1668031444373
Sunflower,2003,Rabi       ,Punjab,20000.0,34000.0,451.7,1979600.0,4800.0,1.78875,-9.903416840330266,11.692166840330266,11.692166840330266
Moong(Green Gram),2015,Kharif     ,Uttarakhand,3.0,2.0,1247.6,473.73,0.99,0.75,-5.494370308396469,6.244370308396469,6.244370308396469
Other Kharif pulses,2000,Kharif     ,West Bengal,825.0,409.0,1907.7,80990.25,214.5,0.548333333,91.72241142830032,-91.17407809530032,91.17407809530032
Linseed,2018,Rabi       ,Assam,4763.0,2898.0,2372.9,772558.6,1667.05,0.597826087,-51.298203301738226,51.89602938873823,51.89602938873823
Rice,2014,Rabi       ,Goa,14130.0,39236.0,3491.2,2133064.8,4662.9,2.775,-186.18967321634955,188.96467321634955,188.96467321634955
Maize,2007,Kharif     ,Gujarat,424000.0,583100.0,1021.6,56561600.0,67840.0,1.401176471,4.395862190397963,-2.994685719397963,2.994685719397963
Ginger,2006,Kharif     ,Nagaland,2600.0,23040.0,1362.5,332046.0,572.0,8.82875,-13.805652960175308,22.634402960175308,22.634402960175308
Groundnut,1999,Kharif     ,West Bengal,4804.0,3311.0,2318.1,509848.52,1297.08,1.16625,91.72475772846511,-90.5585077284651,90.5585077284651
Potato,2003,Whole Year ,Sikkim,7470.0,33440.0,2838.1,739380.6,1792.8,4.455,40.47645524783502,-36.02145524783502,36.02145524783502
Arhar/Tur,2006,Kharif     ,Andhra Pradesh,395644.0,157669.0,845.2,50527695.24,87041.68,0.420454545,35.12090077231689,-34.70044622731689,34.70044622731689
Potato,2006,Whole Year ,Karnataka,63374.0,561001.0,1146.3,8093493.54,13942.28,12.976875,8.784570840153577,4.192304159846422,4.192304159846422
Cotton(lint),2013,Summer     ,Karnataka,2022.0,7289.0,1235.6,292158.78,545.94,3.655714286,-39.56637484218382,43.22208912818382,43.22208912818382
Gram,2012,Rabi       ,Bihar,61473.0,86186.0,924.1,9270128.4,19056.63,1.6196875,2.948658920072262,-1.328971420072262,1.328971420072262
Moong(Green Gram),2011,Kharif     ,Karnataka,283536.0,72069.0,1178.986364,47497950.72,93566.88,0.259166667,-42.5056920910437,42.7648587580437,42.7648587580437
Soyabean,2020,Kharif     ,Uttarakhand,7246.0,8800.0,1313.947826,1402898.06,2681.02,1.214166667,10.975575591565786,-9.761408924565785,9.761408924565785
Potato,2010,Whole Year ,Manipur,13650.0,114000.0,2160.5,2267401.5,3276.0,8.286666667,45.905529279854136,-37.61886261285414,37.61886261285414
Turmeric,2018,Whole Year ,Arunachal Pradesh,820.0,3731.0,2992.9,133004.0,287.0,4.379090909,18.2947858683724,-13.9156949593724,13.9156949593724
Horse-gram,2000,Kharif     ,Chhattisgarh,61595.0,18258.0,896.4,6046781.15,16014.7,0.276875,-83.77795293114784,84.05482793114784,84.05482793114784
Arhar/Tur,2000,Kharif     ,Himachal Pradesh,272.0,44.0,1068.4,26702.24,70.72,0.305714286,-6.5901764116154595,6.895890697615459,6.895890697615459
Masoor,2010,Rabi       ,Bihar,172692.0,162224.0,629.2,28685868.12,41446.08,0.843947368,-2.544506542108138,3.3884539101081383,3.3884539101081383
Sesamum,2002,Kharif     ,Uttarakhand,2152.0,269.0,1610.3,203729.84,538.0,0.123333333,-16.76163898380244,16.884972316802443,16.884972316802443
Sesamum,2005,Kharif     ,Jammu and Kashmir,2623.0,1179.0,1721.8,314550.16,550.83,0.436666667,-8.178551591842194,8.615218258842194,8.615218258842194
Rapeseed &Mustard,2020,Rabi       ,Uttarakhand,13150.0,11853.0,1313.947826,2545971.5,4865.5,0.693846154,10.457666254088792,-9.763820100088793,9.763820100088793
Barley,2005,Rabi       ,Uttar Pradesh,214717.0,413368.0,751.9,25748862.64,45090.57,1.887285714,5.524255848840454,-3.636970134840454,3.636970134840454
Coriander,2004,Whole Year ,Odisha,19060.0,9107.0,1290.4,2064960.4,4002.6,0.482333333,15.422432690200196,-14.940099357200197,14.940099357200197
Rapeseed &Mustard,2006,Rabi       ,Uttarakhand,13480.0,7582.0,1178.9,1721530.8,2965.6,0.453846154,-4.772997692478583,5.226843846478583,5.226843846478583
Other Kharif pulses,2014,Kharif     ,Karnataka,59108.0,46736.0,1238.5,8922943.68,19505.64,0.8136,-22.834363426505377,23.647963426505378,23.647963426505378
Sesamum,2013,Summer     ,Gujarat,78474.0,39287.0,1006.5,11338708.26,21187.98,0.44,-13.090167607560659,13.530167607560658,13.530167607560658
Jowar,2017,Whole Year ,Chhattisgarh,3729.0,4703.0,1124.5,587093.76,1417.02,1.263181818,-11.480304667836378,12.743486485836378,12.743486485836378
Jowar,2002,Kharif     ,Kerala,2571.0,1311.0,2511.2,243396.57,642.75,0.5025,-114.90958965792294,115.41208965792293,115.41208965792293
Cashewnut,2014,Kharif     ,Puducherry,144.0,44.0,1330.0,21738.24,47.52,0.4,82.70434413871465,-82.30434413871464,82.30434413871464
Sugarcane,2000,Whole Year ,Odisha,16775.0,963917.0,1066.0,1646801.75,4361.5,51.06793103,69.6201170872256,-18.552186057225597,18.552186057225597
Rapeseed &Mustard,2014,Rabi       ,Tamil Nadu,302.0,72.0,911.3,45589.92,99.66,0.161428571,47.68533899839467,-47.52391042739467,47.52391042739467
Groundnut,2003,Kharif     ,Tamil Nadu,591696.0,918241.0,345.6,58566070.08,142007.04,1.513928571,31.75593358145767,-30.242005010457667,30.242005010457667
Sunflower,2007,Kharif     ,Puducherry,5.0,3.0,1434.5875,667.0,0.8,0.75,78.1245122023204,-77.3745122023204,77.3745122023204
Sunflower,2019,Summer     ,Karnataka,4487.0,4869.0,1422.3,770687.12,1660.19,1.268181818,-38.34246812091595,39.610649938915955,39.610649938915955
Cotton(lint),2018,Kharif     ,Assam,843.0,431.0,2372.9,136734.6,295.05,0.626190476,-50.08056530404701,50.70675578004701,50.70675578004701
Banana,2007,Whole Year ,Manipur,9360.0,120380.0,1435.7,1248624.0,1497.6,12.88444444,44.125050416316796,-31.240605976316797,31.240605976316797
Niger seed,2016,Kharif     ,Maharashtra,14052.0,2320.0,1151.1,2153469.0,4918.2,0.175263158,19.255181882081416,-19.079918724081416,19.079918724081416
Cotton(lint),2000,Kharif     ,Tripura,910.0,1340.0,2437.5,89334.7,236.6,1.44,-10.61984606887421,12.05984606887421,12.05984606887421
Rapeseed &Mustard,2011,Rabi       ,Gujarat,207600.0,327300.0,890.5,34777152.0,68508.0,1.5275,6.045973919559231,-4.518473919559231,4.518473919559231
Maize,2009,Summer     ,Uttar Pradesh,29237.0,42540.0,585.8,4555709.34,4970.29,1.462833333,5.361944506580613,-3.8991111735806134,3.8991111735806134
Dry chillies,1997,Rabi       ,Karnataka,4565.0,7895.0,1266.7,434451.05,1415.15,1.869444444,-80.86505278708552,82.73449723108551,82.73449723108551
Masoor,1998,Rabi       ,Punjab,4800.0,3200.0,588.6,474240.0,1392.0,0.73125,-6.06715503606182,6.79840503606182,6.79840503606182
Small millets,2005,Kharif     ,Uttar Pradesh,20663.0,14011.0,751.9,2477906.96,4339.23,0.705483871,2.917441461543433,-2.2119575905434328,2.2119575905434328
Bajra,2019,Whole Year ,Chhattisgarh,2008.0,32314.0,1420.3,344894.08,742.96,17.71173913,-11.726586837631487,29.43832596763149,29.43832596763149
Tobacco,2016,Whole Year ,Karnataka,89741.0,65370.0,1147.2,13752808.25,31409.35,0.773846154,-4.840419257526435,5.614265411526435,5.614265411526435
Bajra,2006,Kharif     ,Gujarat,742300.0,528400.0,1056.2,94799133.0,163306.0,0.868571429,-9.207993208302355,10.076564637302354,10.076564637302354
Cotton(lint),2007,Kharif     ,Assam,1359.0,635.0,2154.1,181290.6,217.44,0.445217391,-62.76887712018808,63.21409451118808,63.21409451118808
Other  Rabi pulses,2008,Rabi       ,Goa,9467.0,9853.0,3271.6,1354159.68,852.03,1.22,-201.55900606593474,202.77900606593474,202.77900606593474
Potato,2011,Summer     ,West Bengal,2455.0,29706.0,1686.5,411261.6,810.15,12.1,79.56688923585688,-67.46688923585688,67.46688923585688
Coconut ,2013,Whole Year ,Andhra Pradesh,99066.0,1610007000.0,1062.3,14314046.34,26747.82,13712.57308,8731.24136153648,4981.33171846352,4981.33171846352
Arecanut,2016,Whole Year ,Kerala,97696.0,116839.0,2924.3,14971912.0,34193.6,0.883571429,-61.13390896446916,62.01748039346916,62.01748039346916
other oilseeds,2013,Rabi       ,Haryana,2.0,2.0,452.2,288.98,0.54,1.0,1.3815303266977708,-0.38153032669777076,0.38153032669777076
Horse-gram,2012,Kharif     ,Haryana,343.0,136.0,307.9,51724.4,106.33,0.26,-4.90351442910648,5.163514429106479,5.163514429106479
Small millets,1998,Kharif     ,West Bengal,3742.0,1877.0,2152.5,369709.6,1085.18,0.575714286,78.71936753913832,-78.14365325313832,78.14365325313832
Sweet potato,2014,Whole Year ,Chhattisgarh,2553.0,13977.0,1274.7,385400.88,842.49,5.429230769,-28.234379829600783,33.66361059860078,33.66361059860078
Masoor,2013,Rabi       ,Uttar Pradesh,449264.0,310261.0,995.2,64914155.36,121301.28,0.862666667,17.031106896284683,-16.168440229284684,16.168440229284684
Sunflower,1998,Rabi       ,Haryana,24721.0,35700.0,687.6,2442434.8,7169.09,0.977,-20.231053589898238,21.20805358989824,21.20805358989824
Sesamum,2016,Summer     ,Puducherry,72.0,70.0,1391.3,11034.0,25.2,0.605,70.14101360970305,-69.53601360970305,69.53601360970305
Onion,2018,Whole Year ,Uttarakhand,3345.0,53748.0,1373.0,542559.0,1170.75,16.14384615,52.91222836440396,-36.76838221440396,36.76838221440396
Niger seed,2002,Kharif     ,Madhya Pradesh,102500.0,17296.0,800.8,9703675.0,25625.0,0.1828,-8.702975632231357,8.885775632231358,8.885775632231358
Bajra,2007,Kharif     ,Gujarat,728200.0,851700.0,1021.6,97141880.0,116512.0,1.3015,-8.648602623861109,9.95010262386111,9.95010262386111
Gram,2016,Rabi       ,Gujarat,164412.0,184887.0,710.5,25196139.0,57544.2,1.025454545,10.01099893872248,-8.98554439372248,8.98554439372248
Groundnut,2007,Kharif     ,Madhya Pradesh,201078.0,186600.0,740.4,26823805.2,32172.48,0.910212766,-4.004911646804828,4.915124412804828,4.915124412804828
Coconut ,2018,Whole Year ,Goa,26381.0,132750000.0,4406.0,4278998.2,9233.35,5013.69,8744.194448134958,-3730.5044481349587,3730.5044481349587
Moong(Green Gram),2018,Kharif     ,Nagaland,480.0,500.0,1372.7,77856.0,168.0,1.026666667,-0.369320460677784,1.395987127677784,1.395987127677784
Sesamum,2018,Kharif     ,Bihar,1619.0,1381.0,1521.4,262601.8,566.65,0.854583333,2.797868617716489,-1.943285284716489,1.943285284716489
Coriander,2013,Whole Year ,Karnataka,2648.0,822.0,1235.6,382609.52,714.96,0.319473684,-17.378073308113784,17.697546992113782,17.697546992113782
Jowar,2009,Kharif     ,Haryana,77671.0,390.0,393.0,12102695.22,13204.07,0.003571429,-5.562182618460952,5.565754047460952,5.565754047460952
Ginger,2003,Whole Year ,Arunachal Pradesh,4680.0,37177.0,2782.2,463226.4,1123.2,6.168,19.911412671392384,-13.743412671392385,13.743412671392385
Onion,2000,Whole Year ,Uttarakhand,1781.0,11027.0,1413.4,174840.77,463.06,7.395384615,34.7608111294917,-27.3654265144917,27.3654265144917
Maize,2015,Kharif     ,Assam,28420.0,87175.0,2155.3,4487802.2,9378.6,2.514074074,-51.76271607472245,54.27679014872245,54.27679014872245
Sweet potato,2011,Whole Year ,Madhya Pradesh,4924.0,22878.0,852.6,824868.48,1624.92,5.097111111,31.889423234502175,-26.792312123502175,26.792312123502175
Sweet potato,2006,Whole Year ,Karnataka,3014.0,25028.0,1146.3,384917.94,663.08,6.240714286,-3.214800456853993,9.455514742853993,9.455514742853993
Cotton(lint),2008,Kharif     ,Uttar Pradesh,3556.0,781.0,891.6,508650.24,320.04,0.231111111,15.391722324696985,-15.160611213696985,15.160611213696985
Barley,2009,Rabi       ,West Bengal,1749.0,2352.0,1317.2,272529.18,297.33,1.45,88.48822959575523,-87.03822959575523,87.03822959575523
Bajra,2003,Kharif     ,Delhi,2334.0,3762.0,962.3,231019.32,560.16,1.61,-7.332975423361262,8.942975423361261,8.942975423361261
Banana,2014,Summer     ,Uttar Pradesh,2441.0,110118.0,616.4,368493.36,805.53,45.10709677,7.90161950921032,37.20547726078968,37.20547726078968
Maize,2014,Kharif     ,Jammu and Kashmir,297496.0,359960.0,1278.4,44909996.16,98173.68,1.048421053,10.635934059756721,-9.587513006756721,9.587513006756721
Other  Rabi pulses,2011,Rabi       ,Manipur,4999.0,4328.0,1533.561905,837432.48,1649.67,0.878888889,7.171260610900873,-6.2923717219008735,6.2923717219008735
Moong(Green Gram),2004,Rabi       ,Assam,7293.0,3429.0,2536.9,790123.62,1531.53,0.449565217,-77.58620269491047,78.03576791191047,78.03576791191047
Ragi,2016,Kharif     ,Himachal Pradesh,1867.0,1958.0,1373.9,286117.75,653.45,0.852857143,13.15751632155434,-12.30465917855434,12.30465917855434
Masoor,2013,Rabi       ,Chhattisgarh,16245.0,5298.0,1418.3,2347240.05,4386.15,0.320454545,-62.13411563431359,62.454570179313585,62.454570179313585
Banana,2004,Whole Year ,Karnataka,41977.0,526898.0,1117.7,4547788.18,8815.17,16.32777778,12.669114458856427,3.6586633211435746,3.6586633211435746
Urad,2011,Kharif     ,Puducherry,15.0,12.0,1434.5875,2512.8,4.95,0.8,79.17503661125514,-78.37503661125514,78.37503661125514
Maize,2012,Kharif     ,Gujarat,373200.0,625000.0,460.6,56278560.0,115692.0,1.673888889,6.624972568991808,-4.951083679991807,4.951083679991807
Sesamum,2016,Autumn     ,Odisha,3571.0,1027.0,1460.5,547255.75,1249.85,0.270909091,-9.639028607202249,9.90993769820225,9.90993769820225
Masoor,2011,Rabi       ,Tripura,425.0,335.0,2295.609091,71196.0,140.25,0.775,-1.758945834555135,2.533945834555135,2.533945834555135
Maize,2016,Autumn     ,Bihar,241450.0,624300.0,1205.6,37002212.5,84507.5,2.579459459,-5.58489797748436,8.16435743648436,8.16435743648436
Rapeseed &Mustard,2009,Whole Year ,Madhya Pradesh,768719.0,804849.0,904.1,119781794.6,130682.23,0.827959184,46.42258406330761,-45.59462487930761,45.59462487930761
Garlic,2018,Whole Year ,Madhya Pradesh,178156.61,1807956.0,1102.2,28897002.14,62354.8135,10.2886,32.0362358806338,-21.747635880633794,21.747635880633794
Moong(Green Gram),2015,Rabi       ,Jammu and Kashmir,3.0,1.0,1572.6,473.73,0.99,0.3,-1.9126334759726262,2.212633475972626,2.212633475972626
Moong(Green Gram),2007,Kharif     ,Nagaland,450.0,520.0,1769.0,60030.0,72.0,1.13,-9.055217005791889,10.185217005791888,10.185217005791888
Gram,2014,Rabi       ,Meghalaya,1814.0,1871.0,3484.4,273841.44,598.62,1.042,-3.952623158697321,4.994623158697321,4.994623158697321
Other  Rabi pulses,2008,Rabi       ,Puducherry,11.0,10.0,1434.5875,1573.44,0.99,0.91,94.23414707623544,-93.32414707623545,93.32414707623545
Arhar/Tur,2016,Kharif     ,Madhya Pradesh,692000.0,871000.0,1048.4,106049000.0,242200.0,1.214324324,2.0621245599034523,-0.8478002359034524,0.8478002359034524
Other Kharif pulses,1999,Kharif     ,Karnataka,146895.0,43923.0,1203.8,15589966.35,39661.65,0.288076923,-38.99378292667967,39.28185984967967,39.28185984967967
Sugarcane,2007,Whole Year ,Assam,25734.0,979860.0,2154.1,3432915.6,4117.44,36.67259259,7.12498772839848,29.54760486160152,29.54760486160152
Groundnut,2018,Kharif     ,Nagaland,1010.0,1050.0,1372.7,163822.0,353.5,1.031818182,13.029394097007412,-11.997575915007411,11.997575915007411
Moth,2007,Kharif     ,Haryana,2798.0,400.0,443.8,373253.2,447.68,0.21,-9.507894294533116,9.717894294533117,9.717894294533117
Maize,2008,Kharif     ,Delhi,54.0,99.0,614.6,7724.16,4.86,1.83,6.499587573049411,-4.6695875730494105,4.6695875730494105
Dry chillies,1997,Kharif     ,Andhra Pradesh,118100.0,236200.0,927.5,11239577.0,36611.0,1.939,-5.213214798164444,7.152214798164444,7.152214798164444
Coriander,1999,Whole Year ,Puducherry,3.0,2.0,1434.5875,318.39,0.81,0.67,86.38612879061876,-85.71612879061875,85.71612879061875
Sesamum,2002,Kharif     ,Bihar,3785.0,2727.0,1105.8,358325.95,946.25,0.676296296,-16.299431492376954,16.975727788376954,16.975727788376954
Rice,2007,Kharif     ,Himachal Pradesh,78571.0,121453.0,1095.4,10481371.4,12571.36,1.686363636,20.50217742022923,-18.81581378422923,18.81581378422923
Horse-gram,2006,Whole Year ,Tamil Nadu,55635.0,32549.0,927.9,7105145.85,12239.7,0.5884,84.20029615223547,-83.61189615223546,83.61189615223546
Sesamum,2019,Rabi       ,Telangana,19765.0,12579.0,1031.7,3394836.4,7313.05,0.653,40.54229726472303,-39.889297264723034,39.889297264723034
Dry chillies,2016,Kharif     ,Karnataka,114152.0,229899.0,1147.2,17493794.0,39953.2,1.907931034,-59.4829618750972,61.390892909097204,61.390892909097204
Coriander,2019,Rabi       ,Himachal Pradesh,130.0,66.0,1217.7,22328.8,48.1,0.575,-29.64224870643841,30.217248706438408,30.217248706438408
Urad,2010,Kharif     ,Himachal Pradesh,9616.0,4358.0,1319.8,1597313.76,2307.84,0.575454545,-3.7437113879448702,4.319165932944871,4.319165932944871
Sweet potato,2013,Whole Year ,Kerala,330.0,5451.0,3255.4,47681.7,89.1,14.14285714,-62.7788118545738,76.9216689945738,76.9216689945738
Urad,1999,Summer     ,Uttar Pradesh,67969.0,32911.0,883.4,7213549.97,18351.63,0.520895522,-15.299147094131825,15.820042616131825,15.820042616131825
Groundnut,2005,Kharif     ,Karnataka,867704.0,445749.0,1316.2,104055063.7,182217.84,0.562,-38.50058110485506,39.062581104855056,39.062581104855056
Arhar/Tur,2011,Kharif     ,Gujarat,244400.0,257500.0,890.5,40941888.0,80652.0,1.002916667,6.069898993982179,-5.0669823269821785,5.0669823269821785
Jowar,2008,Kharif     ,Chhattisgarh,5361.0,6270.0,1117.9,766837.44,482.49,1.261111111,-71.43761729350695,72.69872840450695,72.69872840450695
Ragi,2007,Autumn     ,Odisha,26217.0,17357.0,1633.8,3497347.8,4194.72,0.541,-5.516954811819176,6.057954811819176,6.057954811819176
Black pepper,2005,Whole Year ,Tamil Nadu,3745.0,851.0,1364.1,449100.4,786.45,0.173076923,96.96438373076695,-96.79130680776696,96.79130680776696
Sesamum,2003,Kharif     ,Uttar Pradesh,94950.0,12307.0,1075.6,9398151.0,22788.0,0.137761194,-0.28896145089464653,0.4267226448946465,0.4267226448946465
Rapeseed &Mustard,2009,Rabi       ,Uttar Pradesh,613276.0,682489.0,585.8,95560666.32,104256.92,1.01028169,9.9453209545307,-8.935039264530701,8.935039264530701
Bajra,2011,Kharif     ,Haryana,576167.0,1175000.0,471.5409091,96519495.84,190135.11,1.835714286,-9.992015220587774,11.827729506587774,11.827729506587774
Sesamum,2010,Kharif     ,Puducherry,5.0,4.0,1434.5875,830.55,1.2,0.8,76.14133797141788,-75.34133797141789,75.34133797141789
Other Kharif pulses,2013,Kharif     ,Madhya Pradesh,10806.0,2464.0,1451.4,1561358.94,2917.62,0.290263158,9.692174799026247,-9.401911641026247,9.401911641026247
Potato,2001,Whole Year ,Delhi,63.0,461.0,611.9,6434.19,16.38,7.32,41.068737491506226,-33.748737491506226,33.748737491506226
Onion,2010,Rabi       ,Uttar Pradesh,9830.0,180951.0,742.6,1632861.3,2359.2,18.39901408,6.077342588506582,12.321671491493419,12.321671491493419
Maize,2014,Kharif     ,Uttarakhand,23757.0,49135.0,1287.4,3586356.72,7839.81,1.822307692,7.444342762994495,-5.622035070994495,5.622035070994495
Sugarcane,2007,Whole Year ,Kerala,2991.0,159150.0,3489.6,398999.4,478.56,37.17272727,-29.466552575392882,66.63927984539288,66.63927984539288
Arhar/Tur,1998,Kharif     ,Madhya Pradesh,352700.0,330500.0,962.7,34846760.0,102283.0,0.917166667,-15.301333912999553,16.218500579999553,16.218500579999553
Sesamum,2016,Whole Year ,Madhya Pradesh,382000.0,166420.0,1048.4,58541500.0,133700.0,0.497307692,43.52186787356041,-43.02456018156041,43.02456018156041
Urad,2013,Kharif     ,Bihar,15503.0,14142.0,1069.9,2240028.47,4185.81,0.918387097,-3.3306544218098963,4.2490415188098964,4.2490415188098964
Turmeric,2013,Kharif     ,Himachal Pradesh,266.0,145.0,1216.9,38434.34,71.82,0.541428571,-22.433469111946607,22.974897682946608,22.974897682946608
Sesamum,2004,Autumn     ,Odisha,4001.0,978.0,1290.4,433468.34,840.21,0.199375,-23.037012015264253,23.236387015264253,23.236387015264253
Sunflower,2015,Kharif     ,Haryana,8400.0,21500.0,426.8,1326444.0,2772.0,2.246666667,-1.0948899281669355,3.3415565951669355,3.3415565951669355
Mesta,2019,Kharif     ,West Bengal,12434.0,166211.0,1733.4,2135663.84,4600.58,11.719375,106.21810886455916,-94.49873386455916,94.49873386455916
Rice,2001,Rabi       ,Uttarakhand,3761.0,11855.0,1541.3,384110.93,977.86,2.2625,9.708436501711674,-7.445936501711674,7.445936501711674
Onion,1998,Rabi       ,Karnataka,8882.0,91057.0,1260.8,877541.6,2575.78,8.936315789,-53.283218982369505,62.2195347713695,62.2195347713695
Wheat,2002,Rabi       ,Madhya Pradesh,3369481.0,4916044.0,800.8,318988766.3,842370.25,1.500666667,-24.555769493421735,26.056436160421736,26.056436160421736
Arhar/Tur,2011,Kharif     ,Mizoram,116.0,114.0,2439.340909,19432.32,38.28,0.9275,-28.577982035869127,29.505482035869125,29.505482035869125
Banana,1998,Whole Year ,Meghalaya,5194.0,62888.0,6552.7,513167.2,1506.26,11.26714286,50.936368274734576,-39.669225414734576,39.669225414734576
Castor seed,2018,Kharif     ,Bihar,85.0,82.0,1521.4,13787.0,29.75,0.992,6.67773408155972,-5.68573408155972,5.68573408155972
Maize,2009,Summer     ,Karnataka,28341.0,77530.0,1321.0,4416094.62,4817.97,2.839642857,-40.3234509914615,43.1630938484615,43.1630938484615
Sesamum,1999,Kharif     ,Andhra Pradesh,116926.0,26617.0,650.4,12409356.38,31570.02,0.221363636,17.520612512338772,-17.299248876338773,17.299248876338773
Sannhamp,2018,Kharif     ,West Bengal,434.0,1705.0,2012.6,70394.8,151.9,4.336,79.5595826432756,-75.2235826432756,75.2235826432756
Rapeseed &Mustard,2019,Winter     ,Odisha,6952.0,2039.0,1593.9,1194075.52,2572.24,0.263333333,21.660261981995248,-21.39692864899525,21.39692864899525
Moong(Green Gram),1997,Kharif     ,Gujarat,178800.0,101300.0,798.9,17016396.0,55428.0,0.596111111,-19.2625887055666,19.8586998165666,19.8586998165666
Soyabean,2007,Kharif     ,Nagaland,26500.0,31270.0,1769.0,3535100.0,4240.0,1.215,1.7217004179400988,-0.5067004179400987,0.5067004179400987
Rice,2019,Kharif     ,Delhi,5848.0,17580.0,546.9,1004452.48,2163.76,3.01,34.42068496729249,-31.41068496729249,31.41068496729249
Urad,2002,Rabi       ,Chhattisgarh,6210.0,1403.0,1001.4,587900.7,1552.5,0.230833333,-87.05434311094007,87.28517644394007,87.28517644394007
Onion,2017,Whole Year ,Uttarakhand,3499.0,56138.0,1475.8,550882.56,1329.62,16.44,52.55607824394508,-36.11607824394508,36.11607824394508
Maize,2008,Summer     ,West Bengal,35976.0,153753.0,1560.1,5146007.04,3237.84,2.743529412,84.33744517538634,-81.59391576338633,81.59391576338633
Rice,2008,Kharif     ,Nagaland,173100.0,345090.0,1540.9,24760224.0,15579.0,1.964545455,20.16971600609469,-18.20517055109469,18.20517055109469
Sweet potato,2019,Kharif     ,Puducherry,5.0,45.0,1317.0,858.8,1.85,9.0,77.33371211747223,-68.33371211747223,68.33371211747223
Sesamum,2012,Kharif     ,Tripura,2085.0,1188.0,1882.2,314418.0,646.35,0.55375,-13.126528736398768,13.680278736398769,13.680278736398769
Banana,2017,Kharif     ,Puducherry,249.0,2946.0,1582.4,39202.56,94.62,11.33333333,95.46698437688377,-84.13365104688377,84.13365104688377
Small millets,1998,Kharif     ,Nagaland,4000.0,2000.0,1498.0,395200.0,1160.0,0.5,-17.562652000713996,18.062652000713996,18.062652000713996
Groundnut,2018,Kharif     ,Gujarat,1566372.0,2143341.0,1125.4,254065538.4,548230.2,1.559375,10.28144146741792,-8.722066467417921,8.722066467417921
Urad,2019,Kharif     ,Haryana,265.0,136.0,351.8,45516.4,98.05,0.538333333,-0.4842304130092714,1.0225637460092714,1.0225637460092714
Safflower,2003,Rabi       ,Chhattisgarh,880.0,214.0,1643.7,87102.4,211.2,0.193333333,-78.3499461478784,78.5432794808784,78.5432794808784
Rice,2005,Summer     ,Assam,314671.0,559969.0,2184.6,37735346.32,66080.91,1.637692308,-58.49516472229868,60.13285703029868,60.13285703029868
Rice,2006,Kharif     ,Karnataka,1066981.0,2723038.0,1146.3,136264143.5,234735.82,2.428148148,-22.558255440293266,24.986403588293264,24.986403588293264
Onion,2010,Kharif     ,Jammu and Kashmir,187.0,166.0,1352.0,31062.57,44.88,0.984285714,-1.2792913999265352,2.263577113926535,2.263577113926535
Niger seed,2003,Kharif     ,Maharashtra,53600.0,17400.0,1037.4,5305328.0,12864.0,0.3865,4.937458325098817,-4.550958325098817,4.550958325098817
Masoor,2015,Rabi       ,Manipur,671.0,623.0,1329.1,105957.61,221.43,0.927777778,-0.48476237326079286,1.412540151260793,1.412540151260793
Moth,2003,Kharif     ,Haryana,10365.0,800.0,592.3,1025927.7,2487.6,0.031428571,-12.685008570105964,12.716437141105963,12.716437141105963
Jowar,2006,Kharif     ,Gujarat,95600.0,106700.0,1056.2,12209076.0,21032.0,1.106666667,-0.8218139274071632,1.9284805944071632,1.9284805944071632
Rice,1999,Summer     ,Kerala,58021.0,144551.0,2914.6,6157768.73,15665.67,2.292857143,-103.713185225735,106.00604236873501,106.00604236873501
Sunflower,1999,Rabi       ,Haryana,6857.0,7600.0,344.0,727733.41,1851.39,0.7625,-21.328849351128753,22.091349351128752,22.091349351128752
Soyabean,2005,Kharif     ,Uttar Pradesh,3852.0,3016.0,751.9,461931.84,808.92,0.775,11.495270318037427,-10.720270318037427,10.720270318037427
Urad,2012,Rabi       ,Madhya Pradesh,6608.0,3434.0,1049.5,996486.4,2048.48,0.3575,-10.549301562046736,10.906801562046736,10.906801562046736
Jowar,2002,Rabi       ,Andhra Pradesh,360173.0,350255.0,648.1,34097577.91,90043.25,0.841818182,23.042203140656795,-22.200384958656795,22.200384958656795
Niger seed,2004,Kharif     ,West Bengal,6593.0,4249.0,1612.9,714285.62,1384.53,0.5425,91.54550539620175,-91.00300539620174,91.00300539620174
Rice,2001,Kharif     ,Punjab,2487000.0,8816000.0,479.3,253997310.0,646620.0,3.517058824,0.947013918155136,2.570044905844864,2.570044905844864
Castor seed,2007,Kharif     ,Assam,1193.0,509.0,2154.1,159146.2,190.88,0.4468,-70.07252121409445,70.51932121409445,70.51932121409445
Cotton(lint),2017,Rabi       ,Andhra Pradesh,2097.0,4116.0,868.2,330151.68,796.86,2.116,45.92805883840401,-43.81205883840401,43.81205883840401
Rice,2005,Whole Year ,Mizoram,56460.0,107740.0,2075.4,6770683.2,11856.6,1.9425,33.509482899178806,-31.566982899178807,31.566982899178807
Soyabean,2012,Kharif     ,Karnataka,169509.0,177805.0,956.2,25561957.2,52547.79,0.878888889,-31.42395467373916,32.30284356273916,32.30284356273916
Sweet potato,2002,Whole Year ,Tamil Nadu,814.0,11121.0,315.9,77061.38,203.5,13.8292,64.17781330183752,-50.34861330183752,50.34861330183752
Maize,2007,Rabi       ,Karnataka,77654.0,260972.0,1323.3,10359043.6,12424.64,3.109230769,-34.18396426887335,37.29319503787335,37.29319503787335
Moong(Green Gram),2016,Kharif     ,Manipur,451.0,496.0,2039.8,69115.75,157.85,1.094444444,-4.232503712054438,5.3269481560544385,5.3269481560544385
Bajra,2002,Kharif     ,Nagaland,2000.0,4000.0,1536.6,189340.0,500.0,1.88,-12.812370074117041,14.69237007411704,14.69237007411704
Cotton(lint),2005,Kharif     ,Uttar Pradesh,4366.0,889.0,751.9,523570.72,916.86,0.185833333,11.40955959996785,-11.22372626696785,11.22372626696785
Cotton(lint),2011,Kharif     ,Chhattisgarh,85.0,120.0,1302.7,14239.2,28.05,1.06,-63.35527907803893,64.41527907803894,64.41527907803894
Sugarcane,2017,Whole Year ,Goa,910.0,47160.0,2772.5,143270.4,345.8,45.41,-134.2725979065981,179.6825979065981,179.6825979065981
Sesamum,2007,Kharif     ,Tripura,1776.0,896.0,2831.8,236918.4,284.16,0.5,-12.07311557791678,12.57311557791678,12.57311557791678
Groundnut,2006,Kharif     ,Andhra Pradesh,1106630.0,332732.0,845.2,141327717.3,243458.6,0.874545455,33.3153308735032,-32.4407854185032,32.4407854185032
Moong(Green Gram),2009,Rabi       ,Tripura,230.0,131.0,2004.2,35838.6,39.1,0.5625,-18.41346421686157,18.97596421686157,18.97596421686157
Tobacco,2010,Whole Year ,Mizoram,240.0,155.0,2738.7,39866.4,57.6,0.565,-6.619018859079915,7.184018859079915,7.184018859079915
other oilseeds,2015,Kharif     ,Uttarakhand,30.0,19.0,1247.6,4737.3,9.9,0.723333333,6.888806290420689,-6.165472957420689,6.165472957420689
Rice,2002,Summer     ,Bihar,120354.0,197607.0,1105.8,11393913.18,30088.5,1.625517241,2.343846580603895,-0.7183293396038948,0.7183293396038948
other oilseeds,2017,Kharif     ,Andhra Pradesh,90131.0,1780969.0,868.2,14190224.64,34249.78,15.18,50.011034025548355,-34.831034025548355,34.831034025548355
Potato,2006,Kharif     ,Uttarakhand,8274.0,83792.0,1178.9,1056672.54,1820.28,9.942727273,-10.308040588209053,20.250767861209052,20.250767861209052
Maize,2019,Kharif     ,Jammu and Kashmir,268669.0,541451.0,1324.1,46146587.44,99407.53,1.8985,16.2855196989384,-14.387019698938401,14.387019698938401
Cotton(lint),2013,Kharif     ,Meghalaya,7275.0,8602.0,2448.4,1051164.75,1964.25,1.126,-11.092471231936202,12.218471231936201,12.218471231936201
Rice,1997,Summer     ,Assam,174974.0,209623.0,2051.4,16652275.58,54241.94,1.060434783,-66.4976395791139,67.5580743621139,67.5580743621139
Coconut ,2017,Whole Year ,West Bengal,30250.0,378500000.0,1830.0,4762560.0,11495.0,12091.08136,8999.619697075126,3091.461662924874,3091.461662924874
Other  Rabi pulses,2005,Rabi       ,Maharashtra,141100.0,51100.0,1387.2,16920712.0,29631.0,0.462592593,15.821741445729714,-15.359148852729714,15.359148852729714
Rice,2009,Autumn     ,Odisha,687000.0,618000.0,1330.3,107048340.0,116790.0,1.024074074,9.072367384721815,-8.048293310721816,8.048293310721816
Rapeseed &Mustard,2000,Rabi       ,Puducherry,63.0,452.0,1434.5875,6184.71,16.38,6.265,76.6739867206418,-70.4089867206418,70.4089867206418
Rice,1998,Kharif     ,Meghalaya,105402.0,149742.0,6552.7,10413717.6,30566.58,1.51,19.711534208766224,-18.201534208766223,18.201534208766223
Other Kharif pulses,2019,Kharif     ,Goa,1.0,0.0,4489.5,171.76,0.37,0.0,-187.1318128247117,187.1318128247117,187.1318128247117
Bajra,2007,Kharif     ,Puducherry,64.0,133.0,1434.5875,8537.6,10.24,2.08,76.25444325784956,-74.17444325784956,74.17444325784956
Wheat,2017,Summer     ,Odisha,73.0,158.0,1344.4,11493.12,27.74,2.387142857,17.82222032935934,-15.435077472359339,15.435077472359339
Masoor,2003,Rabi       ,Uttar Pradesh,571992.0,515023.0,1075.6,56615768.16,137278.08,0.887142857,6.281085821063584,-5.3939429640635845,5.3939429640635845
Barley,2017,Rabi       ,Nagaland,550.0,570.0,1722.1,86592.0,209.0,1.033636364,7.292919197607688,-6.2592828336076884,6.2592828336076884
Mesta,1998,Kharif     ,Meghalaya,4681.0,21362.0,6552.7,462482.8,1357.49,4.58,0.6488845442384559,3.931115455761544,3.931115455761544
Urad,2019,Rabi       ,Chhattisgarh,1796.0,539.0,1420.3,308480.96,664.52,0.3096,-66.89714213437745,67.20674213437745,67.20674213437745
Rapeseed &Mustard,1999,Rabi       ,Mizoram,2256.0,1540.0,2535.9,239429.28,609.12,1.015,-40.457127654494855,41.472127654494855,41.472127654494855
Maize,2000,Kharif     ,Andhra Pradesh,430544.0,1107165.0,935.6,42266504.48,111941.44,2.564545455,32.38733216116697,-29.822786706166966,29.822786706166966
Jowar,1997,Kharif     ,Madhya Pradesh,762100.0,658300.0,1189.1,72529057.0,236251.0,0.864545455,-20.863932606938675,21.728478061938674,21.728478061938674
Barley,2019,Kharif     ,Jammu and Kashmir,933.0,330.0,1324.1,160252.08,345.21,0.35,13.620126427141201,-13.270126427141202,13.270126427141202
Other Kharif pulses,2011,Kharif     ,Karnataka,67383.0,65344.0,1178.986364,11288000.16,22236.39,0.879230769,-26.333742868005544,27.212973637005543,27.212973637005543
Potato,2009,Rabi       ,Jammu and Kashmir,1184.0,15664.0,751.7,184490.88,201.28,12.63666667,-8.48807569373605,21.12474236373605,21.12474236373605
Peas & beans (Pulses),2005,Rabi       ,Mizoram,621.0,590.0,2075.4,74470.32,130.41,0.881666667,-36.827136289521206,37.708802956521204,37.708802956521204
Ragi,2006,Kharif     ,Andhra Pradesh,50702.0,50883.0,845.2,6475152.42,11154.44,1.205,38.712923778228316,-37.50792377822832,37.50792377822832
Bajra,1998,Kharif     ,Haryana,613174.0,618800.0,687.6,60581591.2,177820.46,1.006842105,-22.42666590677564,23.43350801177564,23.43350801177564
Castor seed,2018,Rabi       ,Telangana,463.0,304.0,1350.3,75098.6,162.05,0.785555556,45.56020368439667,-44.77464812839667,44.77464812839667
Castor seed,2002,Kharif     ,Karnataka,16991.0,15693.0,860.8,1608537.97,4247.75,0.893333333,-48.804644046315275,49.697977379315276,49.697977379315276
Maize,2013,Kharif     ,Haryana,8000.0,24000.0,452.2,1155920.0,2160.0,3.2,6.109549101488966,-2.909549101488966,2.909549101488966
Cotton(lint),2014,Rabi       ,Andhra Pradesh,6222.0,15914.0,687.6,939273.12,2053.26,2.897142857,41.65764226348007,-38.76049940648007,38.76049940648007
Rice,2006,Autumn     ,Meghalaya,32679.0,44736.0,2454.7,4173435.09,7189.38,1.641428571,-15.341961536468204,16.983390107468203,16.983390107468203
Arhar/Tur,2001,Kharif     ,Uttar Pradesh,394228.0,456228.0,849.9,40262505.64,102499.28,1.03115942,5.254844250969995,-4.2236848309699955,4.2236848309699955
Rapeseed &Mustard,2004,Rabi       ,Mizoram,1606.0,927.0,2640.8,173994.04,337.26,0.7,-34.65302744428513,35.35302744428513,35.35302744428513
Ginger,2019,Kharif     ,Meghalaya,9963.0,66379.0,3844.4,1711244.88,3686.31,9.668181818,-7.83421260159551,17.50239441959551,17.50239441959551
Barley,2016,Kharif     ,Delhi,68.0,184.0,747.1,10421.0,23.8,2.71,11.446156524812665,-8.736156524812664,8.736156524812664
Sesamum,2004,Kharif     ,Chhattisgarh,24281.0,7309.0,1122.8,2630603.54,5099.01,0.308125,-83.02639971128772,83.33452471128773,83.33452471128773
Sugarcane,2015,Whole Year ,Madhya Pradesh,102000.0,5160000.0,1000.7,16106820.0,33660.0,42.40736842,73.52476600944884,-31.117397589448842,31.117397589448842
Linseed,2010,Rabi       ,Meghalaya,82.0,39.0,3119.7,13621.02,19.68,0.48,-10.95320677958614,11.43320677958614,11.43320677958614
Sugarcane,2016,Whole Year ,Meghalaya,121.0,361.0,3837.1,18543.25,42.35,2.67,71.27323204013571,-68.60323204013571,68.60323204013571
Barley,2015,Rabi       ,Himachal Pradesh,19160.0,33587.0,1223.2,3025555.6,6322.8,1.665454545,5.403673094812461,-3.738218549812461,3.738218549812461
Peas & beans (Pulses),2009,Kharif     ,Himachal Pradesh,817.0,748.0,969.9,127304.94,138.89,0.97,5.563460273237865,-4.5934602732378655,4.5934602732378655
Ginger,2013,Kharif     ,Nagaland,3500.0,31920.0,1350.9,505715.0,945.0,9.120909091,-6.720385552776065,15.841294643776065,15.841294643776065
Maize,2018,Rabi       ,Manipur,7220.0,17140.0,1196.9,1171084.0,2527.0,2.371111111,2.817858152949526,-0.4467470419495263,0.4467470419495263
Sugarcane,2013,Whole Year ,Mizoram,1421.0,6979.0,1848.8,205320.29,383.67,6.84375,40.04377532246582,-33.20002532246582,33.20002532246582
Horse-gram,2010,Rabi       ,Chhattisgarh,2109.0,562.0,1283.1,350325.99,506.16,0.256363636,-73.97335299125393,74.22971662725394,74.22971662725394
Sweet potato,2019,Kharif     ,Nagaland,1880.0,16010.0,1593.0,322908.8,695.6,8.515454545,-5.482641949647359,13.99809649464736,13.99809649464736
Sweet potato,2005,Whole Year ,Andhra Pradesh,1085.0,8726.0,1075.5,130113.2,227.85,8.547777778,70.56189806484234,-62.01412028684234,62.01412028684234
Sunflower,1998,Kharif     ,Tamil Nadu,25114.0,24686.0,1077.1,2481263.2,7283.06,1.02875,26.512693210914918,-25.48394321091492,25.48394321091492
Cardamom,2011,Whole Year ,Kerala,8510.0,723.0,3035.1,1425595.2,2808.3,0.03875,-79.43676568584183,79.47551568584183,79.47551568584183
Linseed,2011,Rabi       ,Karnataka,8522.0,2085.0,1178.986364,1427605.44,2812.26,0.29,-31.350113214871413,31.640113214871413,31.640113214871413
Rice,2018,Kharif     ,Arunachal Pradesh,133200.0,239998.0,2992.9,21605040.0,46620.0,1.737727273,17.295522488333376,-15.557795215333375,15.557795215333375
Sesamum,2015,Rabi       ,Maharashtra,1627.0,907.0,875.7,256919.57,536.91,0.568888889,0.18231682448120523,0.3865720645187948,0.3865720645187948
Tobacco,2019,Rabi       ,Gujarat,114029.0,292868.0,1067.8,19585621.04,42190.73,2.6325,-16.82881563369429,19.46131563369429,19.46131563369429
Cowpea(Lobia),2015,Summer     ,Karnataka,8036.0,2412.0,1024.9,1268964.76,2651.88,0.299166667,-42.05988805852951,42.35905472552951,42.35905472552951
Wheat,2005,Rabi       ,Jammu and Kashmir,436.0,60.0,1721.8,52285.12,91.56,0.14,10.496261060201704,-10.356261060201703,10.356261060201703
Maize,2005,Summer     ,Bihar,175218.0,426534.0,907.8,21012142.56,36795.78,2.363611111,-13.410640689180184,15.774251800180185,15.774251800180185
Sesamum,2003,Kharif     ,Maharashtra,116800.0,37200.0,1037.4,11560864.0,28032.0,0.364375,-8.471935591097917,8.836310591097918,8.836310591097918
Gram,2011,Rabi       ,Uttar Pradesh,576684.0,683466.0,777.4,96606103.68,190305.72,1.253529412,13.902913056347046,-12.649383644347045,12.649383644347045
Castor seed,2004,Kharif     ,Karnataka,20161.0,17493.0,1117.7,2184242.74,4233.81,0.908,-45.111450556343584,46.019450556343585,46.019450556343585
Horse-gram,2018,Rabi       ,West Bengal,1405.0,697.0,2012.6,227891.0,491.75,0.568571429,97.2307138573768,-96.6621424283768,96.6621424283768
Rice,1997,Kharif     ,Jammu and Kashmir,275746.0,5488.0,1356.2,26242746.82,85481.26,0.016666667,10.91555265387305,-10.898885986873049,10.898885986873049
Bajra,2003,Kharif     ,Tamil Nadu,158851.0,172342.0,345.6,15723071.98,38124.24,1.0744,24.121358202161375,-23.046958202161374,23.046958202161374
Peas & beans (Pulses),2011,Kharif     ,Himachal Pradesh,1295.0,1705.0,1108.3,216938.4,427.35,1.331666667,8.508830214107917,-7.1771635471079165,7.1771635471079165
Sugarcane,1999,Whole Year ,Gujarat,201400.0,14065000.0,458.9,21374582.0,54378.0,73.26,59.11807739712353,14.141922602876477,14.141922602876477
Black pepper,2015,Whole Year ,Tamil Nadu,4349.0,974.0,1201.9,686750.59,1435.17,0.173076923,106.14834911115906,-105.97527218815907,105.97527218815907
Gram,2004,Rabi       ,Tripura,266.0,187.0,2706.3,28818.44,55.86,0.7025,-5.425523340678922,6.128023340678921,6.128023340678921
Maize,2016,Kharif     ,Arunachal Pradesh,50300.0,75450.0,2933.7,7708475.0,17605.0,1.584,-1.809981414219635,3.393981414219635,3.393981414219635
Coconut ,2016,Whole Year ,Tamil Nadu,435621.0,4706400000.0,912.4,66758918.25,152467.35,10719.08742,8205.506128288293,2513.5812917117073,2513.5812917117073
Urad,2019,Rabi       ,Tamil Nadu,362726.0,281577.0,910.1,62301817.76,134208.62,0.759,38.842908281020556,-38.083908281020555,38.083908281020555
Tapioca,2018,Whole Year ,Kerala,61874.16,2325006.0,2989.7,10035988.75,21655.956,36.30214286,-54.21007340533771,90.51221626533771,90.51221626533771
Dry chillies,2001,Whole Year ,Manipur,7450.0,4470.0,2013.1,760868.5,1937.0,0.78,8.102651904011282,-7.322651904011281,7.322651904011281
Potato,2019,Summer     ,Meghalaya,12577.0,143122.0,3844.4,2160225.52,4653.49,8.257272727,-13.741108950250094,21.998381677250094,21.998381677250094
Potato,2012,Kharif     ,Chhattisgarh,1615.0,11121.0,1366.8,243542.0,500.65,6.890909091,-67.88601227622163,74.77692136722163,74.77692136722163
Banana,2008,Whole Year ,Assam,45580.0,629050.0,2109.9,6519763.2,4102.2,13.89074074,-11.750401619580089,25.641142359580087,25.641142359580087
Maize,2018,Kharif     ,Manipur,19160.0,41020.0,1196.9,3107752.0,6706.0,2.253333333,6.072651148619286,-3.819317815619286,3.819317815619286
Potato,2015,Rabi       ,Chhattisgarh,11197.0,75177.0,1136.0,1768118.27,3695.01,7.626818182,-69.6985073286084,77.3253255106084,77.3253255106084
Cotton(lint),2019,Kharif     ,Maharashtra,4491331.0,6639185.0,1555.8,771431012.6,1661792.47,2.831428571,-0.5257833251449426,3.3572118961449426,3.3572118961449426
Moong(Green Gram),2003,Kharif     ,Chhattisgarh,9804.0,2713.0,1643.7,970399.92,2352.96,0.258125,-80.26537096579943,80.52349596579944,80.52349596579944
Wheat,2015,Rabi       ,Haryana,2576000.0,11350000.0,426.8,406776160.0,850080.0,4.252857143,-3.261321833838963,7.514178976838963,7.514178976838963
Sugarcane,2008,Whole Year ,Tamil Nadu,308800.0,32798888.0,1201.9,44170752.0,27792.0,111.4553333,106.27270872097438,5.182624579025628,5.182624579025628
Soyabean,2008,Kharif     ,Manipur,4983.0,3809.0,1134.8,712768.32,448.47,0.743333333,-7.38197582877342,8.125309161773421,8.125309161773421
Other  Rabi pulses,2013,Rabi       ,Uttarakhand,8.0,5.0,1735.4,1155.92,2.16,0.723333333,15.466871088444037,-14.743537755444038,14.743537755444038
Sunflower,2019,Rabi       ,Telangana,4469.0,9969.0,1031.7,767595.44,1653.53,2.166153846,45.674163660886876,-43.508009814886876,43.508009814886876
Bajra,2001,Kharif     ,West Bengal,425.0,322.0,1556.6,43405.25,110.5,0.855,78.33066914001444,-77.47566914001443,77.47566914001443
Turmeric,2007,Whole Year ,Madhya Pradesh,655.0,545.0,740.4,87377.0,104.8,0.908275862,15.209258494289031,-14.300982632289031,14.300982632289031
Sunflower,2016,Kharif     ,Karnataka,133872.0,78670.0,1147.2,20515884.0,46855.2,0.532173913,-32.03796992516368,32.57014383816368,32.57014383816368
Onion,2016,Kharif     ,Tamil Nadu,13602.0,141117.0,912.4,2084506.5,4760.7,10.27692308,43.043283221207844,-32.76636014120784,32.76636014120784
Dry chillies,2018,Kharif     ,Andhra Pradesh,143497.0,450822.0,1220.5,23275213.4,50223.95,2.991666667,18.10205331859396,-15.11038665159396,15.11038665159396
Niger seed,2008,Kharif     ,Chhattisgarh,70876.0,12697.0,1117.9,10138103.04,6378.84,0.176875,-66.30750370901498,66.48437870901498,66.48437870901498
Maize,2015,Kharif     ,Telangana,454308.0,1161260.0,747.9,71739776.28,149921.64,2.983333333,49.521892212454716,-46.53855887945472,46.53855887945472
Wheat,2006,Rabi       ,Punjab,3467000.0,14596000.0,569.6,442770570.0,762740.0,4.148421053,-13.439826697577558,17.58824775057756,17.58824775057756
Wheat,2019,Rabi       ,Uttar Pradesh,9852504.0,36209665.0,814.5,1692266087.0,3645426.48,3.688533333,-22.084433606330123,25.77296693933012,25.77296693933012
Rice,1999,Kharif     ,Manipur,157050.0,364980.0,2092.7,16667716.5,42403.5,2.171111111,8.659439738087684,-6.488328627087684,6.488328627087684
Cotton(lint),2006,Kharif     ,Madhya Pradesh,629739.0,820039.0,1072.3,80423967.69,138542.58,1.118181818,-8.14472014434591,9.26290196234591,9.26290196234591
Peas & beans (Pulses),1999,Kharif     ,Manipur,2280.0,1160.0,2092.7,241976.4,615.6,0.565,-7.0438595186830355,7.608859518683035,7.608859518683035
Tobacco,2006,Whole Year ,Chhattisgarh,16.0,16.0,1317.2,2043.36,3.52,1.0,-47.53925099736486,48.53925099736486,48.53925099736486
Jowar,2008,Kharif     ,Nagaland,140.0,130.0,1540.9,20025.6,12.6,0.874,-2.4089958222770065,3.2829958222770066,3.2829958222770066
Coconut ,2019,Whole Year ,Andhra Pradesh,104027.0,1912224000.0,899.2,17867677.52,38489.99,16935.05846,8684.874603121822,8250.183856878179,8250.183856878179
Sugarcane,2019,Kharif     ,Nagaland,4450.0,193620.0,1593.0,764332.0,1646.5,43.47545455,32.45097149780243,11.024483052197574,11.024483052197574
Maize,2004,Autumn     ,Jharkhand,92036.15,133582.0,1149.2,9971196.491,19327.5915,1.367727273,-18.59681410034267,19.96454137334267,19.96454137334267
Tobacco,2017,Whole Year ,West Bengal,13985.0,17672.0,1830.0,2201798.4,5314.3,1.29,125.24878522800569,-123.95878522800568,123.95878522800568
Ragi,2010,Kharif     ,Andhra Pradesh,37078.0,42556.0,1297.0,6159026.58,8898.72,1.183333333,45.84620477421967,-44.66287144121967,44.66287144121967
Jowar,2006,Rabi       ,Madhya Pradesh,3206.0,3312.0,1072.3,409438.26,705.32,1.631818182,-11.131753261911086,12.763571443911086,12.763571443911086
Moong(Green Gram),2018,Kharif     ,Punjab,3200.0,2700.0,585.5,519040.0,1120.0,0.882727273,5.007838640647094,-4.125111367647094,4.125111367647094
Maize,2016,Kharif     ,Nagaland,63660.0,126040.0,1959.8,9755895.0,22281.0,1.98,14.885378348402725,-12.905378348402724,12.905378348402724
Other  Rabi pulses,2011,Rabi       ,Goa,9737.0,8137.0,3340.395455,1631142.24,3213.21,0.835,-198.02471388188047,198.85971388188048,198.85971388188048
Rice,2013,Winter     ,Odisha,3298000.0,5734000.0,1632.4,476528020.0,890460.0,1.853,12.602457196567514,-10.749457196567514,10.749457196567514
Onion,2011,Whole Year ,Tamil Nadu,34913.0,376947.0,926.5,5848625.76,11521.29,11.16703704,88.54259360925532,-77.37555656925532,77.37555656925532
Moong(Green Gram),2000,Rabi       ,West Bengal,2410.0,1402.0,1907.7,236589.7,626.6,0.583636364,73.37273054434567,-72.78909418034567,72.78909418034567
Jowar,1997,Kharif     ,Nagaland,900.0,630.0,1398.5,85653.0,279.0,0.725,-14.60037251379336,15.32537251379336,15.32537251379336
Cowpea(Lobia),2019,Rabi       ,Tamil Nadu,17959.0,12609.0,910.1,3084637.84,6644.83,0.6812,46.649037476970335,-45.96783747697034,45.96783747697034
Sweet potato,2016,Kharif     ,Uttar Pradesh,15682.0,175102.0,965.3,2403266.5,5488.7,11.15094595,5.54010082381717,5.610845126182831,5.610845126182831
Small millets,2011,Kharif     ,Karnataka,23174.0,12622.0,1178.986364,3882108.48,7647.42,0.4965,-38.61812284792694,39.11462284792694,39.11462284792694
Potato,2006,Kharif     ,Jammu and Kashmir,889.0,5962.0,1786.5,113534.19,195.58,6.66,-1.508093959876362,8.168093959876362,8.168093959876362
Coconut ,2017,Whole Year ,Goa,26169.0,131600000.0,2772.5,4120047.36,9944.22,5027.095,8732.754560694737,-3705.6595606947367,3705.6595606947367
Urad,2013,Kharif     ,Tripura,1324.0,817.0,2043.5,191304.76,357.48,0.5875,-9.040429994315787,9.627929994315787,9.627929994315787
Jowar,2012,Summer     ,Karnataka,8361.0,13771.0,956.2,1260838.8,2591.91,1.6,-46.213093488414756,47.81309348841476,47.81309348841476
Groundnut,2001,Kharif     ,Madhya Pradesh,214053.0,238883.0,955.0,21861232.89,55653.78,1.023333333,-8.743172337476949,9.766505670476949,9.766505670476949
Arhar/Tur,2009,Kharif     ,Meghalaya,781.0,612.0,2995.9,121695.42,132.77,0.79,-11.787116358926568,12.577116358926567,12.577116358926567
Masoor,2015,Rabi       ,Assam,27180.0,19645.0,2155.3,4291993.8,8969.4,0.6864,-56.193390944193226,56.879790944193225,56.879790944193225
Ginger,2019,Kharif     ,Telangana,2409.0,15903.0,1031.7,413769.84,891.33,6.696,43.185530974033426,-36.48953097403343,36.48953097403343
Linseed,2014,Rabi       ,Meghalaya,90.0,50.0,3484.4,13586.4,29.7,0.55,-4.487598877419941,5.037598877419941,5.037598877419941
Guar seed,2011,Kharif     ,Punjab,10200.0,8500.0,705.2,1708704.0,3366.0,0.833333333,-23.168384971216057,24.001718304216055,24.001718304216055
Coriander,2019,Rabi       ,Uttar Pradesh,7090.0,5116.0,814.5,1217778.4,2623.3,0.725076923,-17.5316372762548,18.256714199254798,18.256714199254798
Sesamum,2002,Kharif     ,Meghalaya,1629.0,858.0,4355.3,154217.43,407.25,0.597142857,-21.101451667194738,21.69859452419474,21.69859452419474
Rice,2011,Summer     ,Uttarakhand,13680.0,45267.0,1564.7,2291673.6,4514.4,3.31,11.503004390172833,-8.193004390172833,8.193004390172833
Bajra,2007,Kharif     ,Uttar Pradesh,876979.0,1336355.0,672.9,116988998.6,140316.64,1.394516129,-1.1284927904715971,2.5230089194715974,2.5230089194715974
Cashewnut,2012,Kharif     ,Puducherry,144.0,52.0,1098.3,21715.2,44.64,0.395,79.15073985753666,-78.75573985753667,78.75573985753667
Cardamom,2008,Whole Year ,West Bengal,245.0,704.0,1560.1,35044.8,22.05,2.87,112.62372154280823,-109.75372154280822,109.75372154280822
Ragi,2009,Summer     ,Puducherry,17.0,51.0,1434.5875,2648.94,2.89,3.0,75.62552069317888,-72.62552069317888,72.62552069317888
Soyabean,2017,Kharif     ,Nagaland,25040.0,31520.0,1722.1,3942297.6,9515.2,1.25,11.705622924341895,-10.455622924341895,10.455622924341895
Rice,2006,Autumn     ,Bihar,517983.0,530242.0,1052.8,66151608.93,113956.26,0.962413793,-1.671305100919966,2.633718893919966,2.633718893919966
Dry chillies,2012,Kharif     ,Andhra Pradesh,160000.0,581000.0,968.7,24128000.0,49600.0,2.63,10.159259437835061,-7.529259437835061,7.529259437835061
Garlic,2008,Whole Year ,Madhya Pradesh,49080.0,207441.0,895.0,7020403.2,4417.2,3.0538,21.306193824508227,-18.25239382450823,18.25239382450823
Gram,2016,Rabi       ,Madhya Pradesh,3223000.0,4546000.0,1048.4,493924750.0,1128050.0,1.435098039,-12.389322452080478,13.824420491080478,13.824420491080478
Maize,2015,Kharif     ,Madhya Pradesh,1100000.0,3138000.0,1000.7,173701000.0,363000.0,2.075416667,1.2321649935762196,0.8432516734237803,0.8432516734237803
Masoor,2017,Rabi       ,Chhattisgarh,12691.0,4510.0,1124.5,1998071.04,4822.58,0.335909091,-59.917174396384326,60.25308348738432,60.25308348738432
Ragi,2016,Kharif     ,Chhattisgarh,7183.0,1747.0,1298.9,1100794.75,2514.05,0.200625,-57.10617260283121,57.30679760283121,57.30679760283121
Peas & beans (Pulses),1998,Autumn     ,Manipur,850.0,430.0,1855.0,83980.0,246.5,0.433333333,-26.65657719123314,27.08991052423314,27.08991052423314
Other  Rabi pulses,2015,Summer     ,Puducherry,4.0,4.0,1980.6,631.64,1.32,1.0,96.40976617902106,-95.40976617902106,95.40976617902106
Urad,2018,Kharif     ,Madhya Pradesh,2436898.0,1132524.0,1102.2,395264855.6,852914.3,0.448627451,-13.637492433277629,14.086119884277629,14.086119884277629
Sugarcane,2016,Whole Year ,Gujarat,157987.0,10786971.0,710.5,24211507.75,55295.45,64.44533333,79.11425286644663,-14.668919536446637,14.668919536446637
Gram,2004,Rabi       ,Meghalaya,519.0,324.0,4767.9,56228.46,108.99,0.586666667,-5.8406588347558,6.4273255017558,6.4273255017558
Castor seed,2002,Kharif     ,Chhattisgarh,74.0,21.0,1001.4,7005.58,18.5,0.23125,-81.83236172343558,82.06361172343559,82.06361172343559
Urad,2005,Rabi       ,Karnataka,10445.0,5001.0,1316.2,1252564.4,2193.45,0.473333333,-47.914139220052334,48.38747255305233,48.38747255305233
Rapeseed &Mustard,2000,Rabi       ,Nagaland,15000.0,12000.0,1631.8,1472550.0,3900.0,0.8025,-6.737486825388345,7.539986825388345,7.539986825388345
Peas & beans (Pulses),2016,Rabi       ,Arunachal Pradesh,3645.0,5189.0,2933.7,558596.25,1275.75,1.505263158,-4.4536461122820015,5.9589092702820015,5.9589092702820015
Moong(Green Gram),2001,Kharif     ,Haryana,13620.0,3100.0,483.8,1391010.6,3541.2,0.069411765,-19.845381779772225,19.914793544772227,19.914793544772227
Sweet potato,2001,Whole Year ,Madhya Pradesh,3707.0,21068.0,955.0,378595.91,963.82,5.656818182,22.320957609402683,-16.66413942740268,16.66413942740268
Rice,2005,Winter     ,Bihar,2604752.0,3023010.0,907.8,312361859.8,546997.92,1.035263158,-4.290349127556908,5.325612285556908,5.325612285556908
Dry chillies,2004,Whole Year ,Karnataka,152323.0,104577.0,1117.7,16502673.82,31987.83,1.084814815,-21.647354217023917,22.73216903202392,22.73216903202392
Masoor,2005,Rabi       ,Jharkhand,2834.21,1353.0,965.2,339878.4632,595.1841,0.4725,-5.560919574517129,6.033419574517129,6.033419574517129
Khesari,2000,Rabi       ,Chhattisgarh,250812.0,108852.0,896.4,24622214.04,65211.12,0.452,-91.31969340451695,91.77169340451695,91.77169340451695
Gram,2009,Rabi       ,Maharashtra,1291400.0,1114400.0,1002.4,201225948.0,219538.0,0.795806452,0.13469540966551108,0.6611110423344889,0.6611110423344889
Moong(Green Gram),2006,Whole Year ,Tamil Nadu,134071.0,77404.0,927.9,17122207.41,29495.62,0.588214286,78.95549239468092,-78.36727810868092,78.36727810868092
Cardamom,2013,Whole Year ,Tamil Nadu,4044.0,366.0,740.9,584317.56,1091.88,0.064166667,65.04903689028902,-64.98487022328902,64.98487022328902
Maize,2014,Kharif     ,Assam,27953.0,93179.0,1899.0,4219784.88,9224.49,2.96962963,-54.45214394667454,57.42177357667454,57.42177357667454
Peas & beans (Pulses),2006,Rabi       ,Haryana,969.0,1200.0,329.3,123750.99,213.18,0.849,-4.712902941950688,5.561902941950688,5.561902941950688
Sugarcane,2019,Whole Year ,Meghalaya,128.0,384.0,3844.4,21985.28,47.36,2.675,74.3919530717562,-71.71695307175621,71.71695307175621
Rice,2011,Summer     ,Maharashtra,27800.0,64300.0,1174.095455,4657056.0,9174.0,2.427777778,20.612086749875985,-18.184308971875986,18.184308971875986
Ginger,2001,Kharif     ,West Bengal,8133.0,16070.0,1556.6,830623.29,2114.58,1.52,74.33047231864742,-72.81047231864743,72.81047231864743
Linseed,2001,Rabi       ,Uttarakhand,15.0,6.0,1541.3,1531.95,3.9,0.306666667,-8.240654123326436,8.547320790326436,8.547320790326436
Tobacco,2006,Whole Year ,West Bengal,11991.0,16603.0,1631.4,1531370.61,2638.02,0.8,112.69143704840499,-111.891437048405,111.891437048405
Rice,2005,Winter     ,Puducherry,12410.0,25326.0,1434.5875,1488207.2,2606.1,2.89,98.44597126030726,-95.55597126030726,95.55597126030726
Jowar,2000,Kharif     ,Kerala,463.0,236.0,2412.6,45452.71,120.38,0.51,-117.58444965701614,118.09444965701614,118.09444965701614
Masoor,2017,Rabi       ,Haryana,1530.0,1290.0,417.1,240883.2,581.4,0.846,5.570784565679787,-4.724784565679787,4.724784565679787
Masoor,2019,Rabi       ,Punjab,800.0,400.0,653.2,137408.0,296.0,0.5,15.877096051429447,-15.377096051429447,15.377096051429447
Moong(Green Gram),2019,Summer     ,Odisha,169358.0,57566.0,1593.9,29088930.08,62662.46,0.431538462,-1.0495526799681727,1.4810911419681727,1.4810911419681727
Tobacco,2005,Whole Year ,Tamil Nadu,5102.0,7792.0,1364.1,611831.84,1071.42,1.451,62.62808538810343,-61.17708538810343,61.17708538810343
Onion,2019,Summer     ,Uttar Pradesh,16231.0,265715.0,814.5,2787836.56,6005.47,16.15106061,7.181102212079793,8.969958397920205,8.969958397920205
Arhar/Tur,2013,Whole Year ,Tamil Nadu,59643.0,57666.0,740.9,8617817.07,16103.61,0.955172414,96.08400454259765,-95.12883212859765,95.12883212859765
Coriander,2019,Whole Year ,Karnataka,608.0,300.0,1422.3,104430.08,224.96,0.48,-10.009341957913335,10.489341957913336,10.489341957913336
Masoor,2005,Rabi       ,Punjab,1900.0,900.0,566.7,227848.0,399.0,0.55,0.9738952975211248,-0.42389529752112476,0.42389529752112476
Soyabean,2002,Kharif     ,Meghalaya,999.0,959.0,4355.3,94575.33,249.75,0.901428571,-9.838318528360247,10.739747099360248,10.739747099360248
Sweet potato,2001,Whole Year ,Odisha,38480.0,312850.0,1672.5,3929962.4,10004.8,8.193666667,36.58584569744174,-28.39217903044174,28.39217903044174
Tapioca,2016,Rabi       ,Puducherry,11.0,173.0,1391.3,1685.75,3.85,15.73,77.31790062089625,-61.58790062089625,61.58790062089625
Coriander,2014,Whole Year ,Haryana,2166.0,3904.0,301.3,326979.36,714.78,2.171428571,13.553785733973342,-11.382357162973342,11.382357162973342
Sugarcane,2018,Whole Year ,Assam,31199.0,1093930.0,2372.9,5060477.8,10919.65,33.76481481,19.798594454154,13.966220355845998,13.966220355845998
Niger seed,2003,Kharif     ,Assam,9747.0,5001.0,2213.7,964758.06,2339.28,0.538333333,-64.70322755247108,65.24156088547107,65.24156088547107
Peas & beans (Pulses),2018,Rabi       ,Nagaland,7270.0,8010.0,1372.7,1179194.0,2544.5,1.101818182,10.533018755535721,-9.43120057353572,9.43120057353572
Linseed,2017,Rabi       ,Meghalaya,93.0,55.0,4472.3,14641.92,35.34,0.605,5.005106343245501,-4.4001063432455005,4.4001063432455005
Other  Rabi pulses,2019,Rabi       ,West Bengal,666.0,505.0,1733.4,114392.16,246.42,0.73,114.8623866079459,-114.13238660794589,114.13238660794589
Ginger,2018,Rabi       ,Telangana,8.0,55.0,1350.3,1297.6,2.8,6.915,40.92619050362511,-34.01119050362511,34.01119050362511
Groundnut,2013,Rabi       ,Andhra Pradesh,90386.0,200486.0,1062.3,13059873.14,24404.22,2.412307692,45.067422569912154,-42.655114877912155,42.655114877912155
Sesamum,2007,Kharif     ,Meghalaya,1633.0,877.0,4702.0,217842.2,261.28,0.588333333,-13.729727581681658,14.318060914681658,14.318060914681658
Gram,2019,Rabi       ,Haryana,43970.0,47090.0,351.8,7552287.2,16268.9,1.168888889,7.8021995872257435,-6.633310698225744,6.633310698225744
Rapeseed &Mustard,2010,Rabi       ,Madhya Pradesh,725721.0,818613.0,856.3,120549515.3,174173.04,0.772916667,-6.195608524344067,6.9685251913440664,6.9685251913440664
Gram,1998,Rabi       ,Delhi,152.0,36.0,784.5,15017.6,44.08,0.24,-6.25337164066778,6.49337164066778,6.49337164066778
Sunflower,1998,Kharif     ,West Bengal,149.0,111.0,2152.5,14721.2,43.21,0.71,81.00420413092019,-80.29420413092019,80.29420413092019
Mesta,2003,Kharif     ,Chhattisgarh,1219.0,2432.0,1643.7,120656.62,292.56,2.107857143,-68.92939221014473,71.03724935314473,71.03724935314473
Mesta,2013,Kharif     ,Nagaland,1830.0,2030.0,1350.9,264416.7,494.1,1.106363636,5.642900434063904,-4.536536798063904,4.536536798063904
Rapeseed &Mustard,2009,Rabi       ,Uttarakhand,13160.0,11013.0,847.8,2050591.2,2237.2,0.624615385,-3.8546718992909064,4.479287284290907,4.479287284290907
Rice,2010,Rabi       ,Karnataka,49700.0,117501.0,1317.7,8255667.0,11928.0,2.668333333,-13.76811621545653,16.43644954845653,16.43644954845653
Rapeseed &Mustard,2006,Rabi       ,Himachal Pradesh,8887.0,4506.0,1207.0,1134958.77,1955.14,0.523,0.1897354722551654,0.3332645277448346,0.3332645277448346
Wheat,2018,Rabi       ,Punjab,3520000.0,18262000.0,585.5,570944000.0,1232000.0,5.068636364,1.869819253385117,3.1988171106148826,3.1988171106148826
Rapeseed &Mustard,2007,Rabi       ,Manipur,1170.0,520.0,1435.7,156078.0,187.2,0.426666667,-6.910122582403318,7.336789249403318,7.336789249403318
Maize,1998,Kharif     ,Arunachal Pradesh,36244.0,47022.0,3616.7,3580907.2,10510.76,1.458461538,-15.746072923191122,17.204534461191123,17.204534461191123
Moong(Green Gram),2000,Kharif     ,Haryana,5331.0,1200.0,383.7,523344.27,1386.06,0.062666667,-21.468095705617856,21.530762372617854,21.530762372617854
Sesamum,2007,Kharif     ,Assam,12694.0,7238.0,2154.1,1693379.6,2031.04,0.505555556,-74.022418597842,74.52797415384201,74.52797415384201
Wheat,2003,Rabi       ,Uttarakhand,383387.0,729653.0,1734.3,37947645.26,92012.88,1.525384615,1.1756387074818804,0.34974590751811974,0.34974590751811974
Garlic,2003,Whole Year ,Kerala,638.0,10846.0,2386.0,63149.24,153.12,17.0,-86.1032147961557,103.1032147961557,103.1032147961557
Rapeseed &Mustard,2014,Rabi       ,Manipur,28270.0,24520.0,987.5,4267639.2,9329.1,0.87,-2.8069867483387725,3.6769867483387726,3.6769867483387726
Moong(Green Gram),2010,Rabi       ,Tripura,199.0,113.0,2348.3,33055.89,47.76,0.5575,-15.152721868614464,15.710221868614463,15.710221868614463
Maize,2009,Summer     ,Bihar,196547.0,598834.0,889.3,30625953.54,33412.99,2.8075,-9.61306020282737,12.420560202827371,12.420560202827371
Jowar,2013,Kharif     ,Haryana,62000.0,34000.0,452.2,8958380.0,16740.0,0.628888889,-0.9480956570892545,1.5769845460892544,1.5769845460892544
Arhar/Tur,2019,Kharif     ,Mizoram,290.0,325.0,2178.5,49810.4,107.3,1.26,-22.084261451485247,23.34426145148525,23.34426145148525
Linseed,2009,Rabi       ,Bihar,22702.0,19206.0,889.3,3537425.64,3859.34,0.848648649,-0.6871003130016788,1.5357489620016789,1.5357489620016789
Niger seed,2006,Kharif     ,Andhra Pradesh,14547.0,5334.0,845.2,1857797.37,3200.34,0.4225,39.583786974821976,-39.16128697482198,39.16128697482198
Sugarcane,2012,Whole Year ,Haryana,100986.0,7500000.0,307.9,15228688.8,31305.66,61.4215,69.61515475680173,-8.193654756801728,8.193654756801728
Horse-gram,2019,Rabi       ,Jammu and Kashmir,20.0,8.0,1324.1,3435.2,7.4,0.4,5.307696476837748,-4.907696476837748,4.907696476837748
Barley,2004,Rabi       ,Haryana,22432.0,58000.0,484.6,2430282.88,4710.72,1.595,-10.424678068275625,12.019678068275626,12.019678068275626
Arhar/Tur,2014,Rabi       ,Telangana,878.0,614.0,746.4,132542.88,289.74,0.528571429,44.64467183418799,-44.116100405187986,44.116100405187986
Moong(Green Gram),2015,Summer     ,Gujarat,25225.0,13048.0,584.3,3983279.75,8324.25,0.538387097,-13.154395496820342,13.692782593820342,13.692782593820342
Small millets,2012,Rabi       ,Andhra Pradesh,2000.0,1000.0,968.7,301600.0,620.0,0.5,33.07767680774694,-32.57767680774694,32.57767680774694
Groundnut,2019,Kharif     ,Madhya Pradesh,217499.0,345171.0,1446.7,37357628.24,80474.63,1.464897959,13.098213415981775,-11.633315456981775,11.633315456981775
Sweet potato,1998,Whole Year ,Assam,9433.0,32437.0,2354.4,931980.4,2735.57,3.435652174,-38.4865307471693,41.922182921169295,41.922182921169295
Jowar,2001,Kharif     ,Gujarat,138300.0,134300.0,666.5,14124579.0,35958.0,0.888666667,-8.732617943152775,9.621284610152776,9.621284610152776
Moong(Green Gram),2009,Summer     ,Uttar Pradesh,37104.0,26685.0,585.8,5781545.28,6307.68,0.740806452,-8.527701452022797,9.268507904022796,9.268507904022796
Coconut ,2008,Whole Year ,Puducherry,2084.0,30721000.0,1434.5875,298095.36,187.56,12012.7625,9039.819756702846,2972.942743297155,2972.942743297155
Tapioca,2010,Whole Year ,Karnataka,879.0,9712.0,1317.7,146010.69,210.96,11.11777778,7.904650599170452,3.2131271808295487,3.2131271808295487
Castor seed,2016,Kharif     ,Haryana,1800.0,2000.0,554.7,275850.0,630.0,1.073333333,-0.3835065148539911,1.456839847853991,1.456839847853991
Khesari,2008,Rabi       ,Bihar,97195.0,79791.0,1197.7,13902772.8,8747.55,0.844054054,-11.544225070801758,12.388279124801759,12.388279124801759
Linseed,2001,Rabi       ,Punjab,300.0,300.0,479.3,30639.0,78.0,1.0,-3.3937471391789984,4.393747139178998,4.393747139178998
Onion,2006,Summer     ,Manipur,480.0,1020.0,1533.561905,61300.8,105.6,2.125,-25.756674073703152,27.881674073703152,27.881674073703152
Maize,2009,Whole Year ,Tamil Nadu,244159.0,1138126.0,928.5,38044855.38,41507.03,4.798888889,94.95293712408053,-90.15404823508054,90.15404823508054
Cotton(lint),2001,Kharif     ,Manipur,90.0,30.0,2013.1,9191.7,23.4,0.33,-8.886459966227477,9.216459966227477,9.216459966227477
Safflower,2017,Rabi       ,Andhra Pradesh,20.0,13.0,868.2,3148.8,7.6,0.65,40.24458994977017,-39.594589949770175,39.594589949770175
Cotton(lint),2000,Kharif     ,Madhya Pradesh,490767.0,234423.0,723.3,48178596.39,127599.42,0.572941176,-15.531208715997707,16.104149891997707,16.104149891997707
Tobacco,2009,Whole Year ,Kerala,29.0,34.0,2821.5,4518.78,4.93,1.17,-81.09874546194385,82.26874546194385,82.26874546194385
Coriander,2000,Whole Year ,Madhya Pradesh,94705.0,27475.0,723.3,9297189.85,24623.3,0.307674419,-2.6954016679603967,3.0030760869603967,3.0030760869603967
Other Kharif pulses,2004,Kharif     ,Bihar,6116.0,3365.0,1147.8,662607.44,1284.36,0.509583333,1.3257286790916964,-0.8161453460916964,0.8161453460916964
Peas & beans (Pulses),2010,Kharif     ,Nagaland,2150.0,2680.0,1771.8,357136.5,516.0,1.25,8.28449925508258,-7.034499255082579,7.034499255082579
Niger seed,2012,Rabi       ,Andhra Pradesh,8273.0,5813.0,968.7,1247568.4,2564.63,0.63,43.253732886707326,-42.62373288670732,42.62373288670732
Safflower,2008,Rabi       ,Chhattisgarh,745.0,191.0,1117.9,106564.8,67.05,0.29875,-76.64857668107021,76.94732668107021,76.94732668107021
Cardamom,2000,Whole Year ,Tamil Nadu,2144.0,204.0,971.1,210476.48,557.44,0.078,53.246922145032954,-53.16892214503295,53.16892214503295
Sweet potato,2019,Rabi       ,Odisha,6610.0,59200.0,1593.9,1135333.6,2445.7,8.970909091,0.749482519756242,8.221426571243757,8.221426571243757
Rapeseed &Mustard,1998,Whole Year ,Tamil Nadu,555.0,136.0,1077.1,54834.0,160.95,0.26,86.38339786919387,-86.12339786919387,86.12339786919387
Other Cereals,2012,Rabi       ,Gujarat,33700.0,35300.0,460.6,5081960.0,10447.0,1.950555556,-0.9352142254522846,2.885769781452285,2.885769781452285
Maize,2017,Autumn     ,Odisha,44436.0,111619.0,1344.4,6996003.84,16885.68,1.745714286,4.549155735086458,-2.803441449086458,2.803441449086458
Other  Rabi pulses,2017,Rabi       ,Arunachal Pradesh,1268.0,815.0,2745.5,199633.92,481.84,0.764666667,4.259348295286401,-3.4946816282864006,3.4946816282864006
Sesamum,2016,Kharif     ,Arunachal Pradesh,2019.0,1795.0,2933.7,309411.75,706.65,0.848125,-15.68590640449952,16.53403140449952,16.53403140449952
Peas & beans (Pulses),2015,Rabi       ,Assam,28334.0,25441.0,2155.3,4474221.94,9350.22,0.902592593,-54.65383468403803,55.55642727703803,55.55642727703803
Moth,2005,Kharif     ,Himachal Pradesh,6.0,1.0,1248.1,719.52,1.26,0.1,-6.589658685624414,6.689658685624414,6.689658685624414
Urad,2019,Summer     ,Uttarakhand,69.0,72.0,1378.9,11851.44,25.53,1.02,-10.699690352855896,11.719690352855896,11.719690352855896
Wheat,2017,Rabi       ,Himachal Pradesh,342675.0,603587.0,1182.2,53950752.0,130216.5,1.608333333,17.402871048618522,-15.794537715618521,15.794537715618521
Wheat,2016,Rabi       ,Uttar Pradesh,9884913.0,34971381.0,965.3,1514862917.0,3459719.55,3.558666667,-26.608936736623832,30.167603403623833,30.167603403623833
Garlic,2014,Whole Year ,Chhattisgarh,1064.0,2824.0,1274.7,160621.44,351.12,2.71,-35.65700064026453,38.36700064026453,38.36700064026453
Potato,2005,Whole Year ,Bihar,140539.0,1225728.0,907.8,16853436.88,29513.19,8.786842105,40.290950502604204,-31.504108397604206,31.504108397604206
Moong(Green Gram),2014,Rabi       ,Telangana,17504.0,10306.0,746.4,2642403.84,5776.32,0.59625,33.87607189939155,-33.27982189939155,33.27982189939155
Rice,2012,Kharif     ,Goa,31255.0,81229.0,3048.9,4713254.0,9689.05,2.59,-187.89540980598787,190.48540980598787,190.48540980598787
Other  Rabi pulses,2017,Rabi       ,Mizoram,1208.8,1756.0,3865.8,190313.472,459.344,1.4475,-4.007666309198896,5.455166309198896,5.455166309198896
Linseed,2008,Rabi       ,Meghalaya,90.0,43.0,3114.3,12873.6,8.1,0.48,-13.035980243472352,13.515980243472352,13.515980243472352
Rice,2009,Winter     ,Jharkhand,825787.0,504508.0,996.1,128674130.3,140383.79,0.58625,11.11349075471523,-10.52724075471523,10.52724075471523
Turmeric,2015,Whole Year ,Manipur,2670.0,30962.0,1329.1,421619.7,881.1,11.85666667,21.346947157320002,-9.490280487320003,9.490280487320003
Khesari,2008,Rabi       ,West Bengal,27743.0,17412.0,1560.1,3968358.72,2496.87,0.619375,80.83403849790881,-80.2146634979088,80.2146634979088
Cashewnut,2002,Whole Year ,Puducherry,184.0,140.0,1434.5875,17419.28,46.0,1.056666667,121.7795953662025,-120.7229286992025,120.7229286992025
Rapeseed &Mustard,2009,Rabi       ,West Bengal,410318.0,442950.0,1317.2,63935750.76,69754.06,0.937777778,89.81092643617913,-88.87314865817913,88.87314865817913
Bajra,2017,Whole Year ,Chhattisgarh,1307.0,24969.0,1124.5,205774.08,496.66,17.08227273,-15.692070439856593,32.77434316985659,32.77434316985659
Rapeseed &Mustard,2011,Rabi       ,Jharkhand,7486.0,6484.0,1374.7,1254054.72,2470.38,0.851666667,4.296919916279705,-3.4452532492797054,3.4452532492797054
Groundnut,2008,Kharif     ,Goa,642.0,896.0,3271.6,91831.68,57.78,0.7,-207.93107893710783,208.63107893710782,208.63107893710782
Urad,2017,Winter     ,Odisha,42760.0,15322.0,1344.4,6732134.4,16248.8,0.382413793,5.725718101844109,-5.343304308844109,5.343304308844109
Sesamum,2014,Whole Year ,Madhya Pradesh,341000.0,179000.0,891.2,51477360.0,112530.0,0.446764706,40.61547576046327,-40.168711054463266,40.168711054463266
Turmeric,2003,Whole Year ,Kerala,2774.0,5652.0,2386.0,274570.52,665.76,1.967857143,-90.56481030776604,92.53266745076604,92.53266745076604
Maize,1998,Kharif     ,Bihar,369521.0,395957.0,1332.5,36508674.8,107161.09,1.276363636,-7.048332613998468,8.324696249998468,8.324696249998468
Potato,2007,Kharif     ,Nagaland,2500.0,35850.0,1769.0,333500.0,400.0,15.335,-4.161622942895946,19.496622942895947,19.496622942895947
Jute,2012,Kharif     ,Nagaland,3010.0,5730.0,1296.6,453908.0,933.1,1.902,14.251932134879098,-12.349932134879099,12.349932134879099
Soyabean,2001,Kharif     ,West Bengal,516.0,308.0,1556.6,52699.08,134.16,0.5375,86.40446342266608,-85.86696342266609,85.86696342266609
Ginger,1998,Whole Year ,Arunachal Pradesh,4385.0,31091.0,3616.7,433238.0,1271.65,4.981818182,20.221325120444263,-15.239506938444263,15.239506938444263
Rice,1999,Kharif     ,Uttar Pradesh,6079822.0,13230539.0,883.4,645251508.9,1641551.94,1.991707317,-13.21989006141061,15.211597378410609,15.211597378410609
Barley,2018,Kharif     ,Madhya Pradesh,28978.0,57407.0,1102.2,4700231.6,10142.3,2.018611111,7.161989048570746,-5.143377937570746,5.143377937570746
Ragi,2018,Rabi       ,Andhra Pradesh,8149.0,13853.0,1220.5,1321767.8,2852.15,1.781111111,50.40090079077774,-48.61978967977774,48.61978967977774
Sesamum,2005,Summer     ,Odisha,10331.0,2788.0,1503.4,1238893.52,2169.51,0.284615385,-15.477871140156395,15.762486525156396,15.762486525156396
Ragi,2015,Summer     ,Karnataka,7053.0,12058.0,1024.9,1113739.23,2327.49,1.741666667,-37.72257662220602,39.46424328920602,39.46424328920602
Black pepper,1999,Whole Year ,Tamil Nadu,563.0,122.0,922.8,59751.19,152.01,0.167142857,87.97417045714911,-87.80702760014911,87.80702760014911
Maize,2009,Autumn     ,West Bengal,36330.0,79299.0,1317.2,5660940.6,6176.1,1.94,78.62357058670383,-76.68357058670384,76.68357058670384
Rice,2016,Rabi       ,Goa,13193.0,36118.0,3266.9,2021827.25,4617.55,2.745,-185.59250095798177,188.33750095798177,188.33750095798177
Onion,2015,Rabi       ,Karnataka,15694.0,88814.0,1024.9,2478239.54,5179.02,6.207083333,-37.44333824114625,43.65042157414625,43.65042157414625
Other  Rabi pulses,2016,Rabi       ,Mizoram,1217.0,1964.0,2626.8,186505.25,425.95,1.76875,-13.08535643652263,14.854106436522631,14.854106436522631
Wheat,2000,Rabi       ,Odisha,8819.0,12904.0,1066.0,865761.23,2292.94,1.201538462,7.091737685160297,-5.890199223160296,5.890199223160296
Other Kharif pulses,2004,Kharif     ,Maharashtra,203800.0,71300.0,1052.0,22079692.0,42798.0,0.3125,7.377243978107117,-7.064743978107117,7.064743978107117
Small millets,2013,Kharif     ,Uttar Pradesh,7526.0,6031.0,995.2,1087431.74,2032.02,0.775909091,12.779266115041963,-12.003357024041962,12.003357024041962
Sugarcane,1997,Whole Year ,Bihar,107424.0,4939899.0,1303.7,10223542.08,33301.44,50.18152174,59.81586822685699,-9.634346486856991,9.634346486856991
Potato,2002,Rabi       ,Uttarakhand,6803.0,143706.0,1610.3,644040.01,1700.75,19.99538462,-14.921122150889744,34.91650677088974,34.91650677088974
Black pepper,2017,Whole Year ,Goa,794.0,324.0,2772.5,125007.36,301.72,0.41,-149.32167407399322,149.73167407399322,149.73167407399322
Jowar,2001,Kharif     ,Jammu and Kashmir,7.0,4.0,953.8,714.91,1.82,0.55,-9.843216519408458,10.393216519408458,10.393216519408458
Dry chillies,1999,Rabi       ,West Bengal,46293.0,38430.0,2318.1,4913076.09,12499.11,1.043333333,51.97071495160759,-50.92738161860759,50.92738161860759
Niger seed,2002,Kharif     ,Karnataka,29281.0,5602.0,860.8,2772032.27,7320.25,0.213913043,-39.74891429569283,39.962827338692826,39.962827338692826
Soyabean,2010,Kharif     ,Andhra Pradesh,127712.0,217682.0,1297.0,21214240.32,30650.88,1.696923077,44.166468197179924,-42.46954512017992,42.46954512017992
Turmeric,2018,Whole Year ,Assam,15896.0,19395.0,2372.9,2578331.2,5563.6,1.225925926,-29.796571265487984,31.022497191487982,31.022497191487982
Maize,2012,Kharif     ,Manipur,12640.0,25470.0,1176.7,1906112.0,3918.4,1.998888889,-0.16882500114678578,2.1677138901467856,2.1677138901467856
Sunflower,2012,Kharif     ,Karnataka,210992.0,106890.0,956.2,31817593.6,65407.52,0.508846154,-37.847704394625225,38.35655054862522,38.35655054862522
Arhar/Tur,2013,Kharif     ,Maharashtra,1141300.0,1034200.0,1409.8,164906437.0,308151.0,0.7625,9.023413489080212,-8.260913489080213,8.260913489080213
Other Summer Pulses,2018,Summer     ,Uttarakhand,3.0,2.0,1373.0,486.6,1.05,0.67,-38.18449478389539,38.85449478389539,38.85449478389539
Banana,2002,Whole Year ,Puducherry,274.0,7965.0,1434.5875,25939.58,68.5,21.5625,129.82940828750299,-108.26690828750299,108.26690828750299
Sweet potato,2012,Whole Year ,Haryana,179.0,2300.0,307.9,26993.2,55.49,16.78333333,33.477881534174884,-16.694548204174882,16.694548204174882
Onion,2009,Rabi       ,Jammu and Kashmir,470.0,1145.0,751.7,73235.4,79.9,2.413333333,-9.528423493523093,11.941756826523093,11.941756826523093
Castor seed,1997,Kharif     ,Bihar,967.0,761.0,1303.7,92029.39,299.77,0.781538462,-16.241674965965814,17.023213427965814,17.023213427965814
Ragi,2005,Kharif     ,Himachal Pradesh,3323.0,3409.0,1248.1,398494.16,697.83,0.76375,1.0666443569331534,-0.30289435693315336,0.30289435693315336
Urad,2016,Kharif     ,Chhattisgarh,90063.0,29375.0,1298.9,13802154.75,31522.05,0.342592593,-67.90790217347103,68.25049476647104,68.25049476647104
Coconut ,2010,Whole Year ,Karnataka,440741.0,4213360000.0,1317.7,73211487.51,105777.84,9678.503667,8208.836773432826,1469.666893567175,1469.666893567175
Guar seed,2012,Whole Year ,Haryana,387815.0,278379.0,307.9,58482502.0,120222.65,0.646875,17.081176233578418,-16.434301233578417,16.434301233578417
Dry chillies,2013,Kharif     ,Uttar Pradesh,13766.0,11114.0,995.2,1989049.34,3716.82,0.808461538,-12.518838114809569,13.327299652809568,13.327299652809568
Jute,2011,Kharif     ,Bihar,129070.0,1490696.0,1097.1,21621806.4,42593.1,12.275,13.515978569462987,-1.2409785694629871,1.2409785694629871
Gram,2002,Rabi       ,Punjab,7000.0,6700.0,301.8,662690.0,1750.0,0.966875,-3.022619653499447,3.989494653499447,3.989494653499447
Jowar,2017,Whole Year ,Kerala,174.0,139.0,2664.8,27394.56,66.12,0.8,-47.85825033727022,48.65825033727022,48.65825033727022
Rice,2016,Rabi       ,Nagaland,4800.0,13400.0,1959.8,735600.0,1680.0,2.79,29.02604947238794,-26.23604947238794,26.23604947238794
Maize,2018,Summer     ,West Bengal,107731.0,804847.0,2012.6,17473968.2,37705.85,3.972380952,97.09854200794095,-93.12616105594095,93.12616105594095
Gram,1999,Rabi       ,Himachal Pradesh,1691.0,1594.0,1144.9,179465.83,456.57,0.825555556,-7.580188233284446,8.405743789284445,8.405743789284445
Sugarcane,2018,Whole Year ,Haryana,108900.0,8519900.0,533.2,17663580.0,38115.0,77.968,77.04173218779418,0.9262678122058219,0.9262678122058219
Wheat,2010,Rabi       ,Madhya Pradesh,4633125.0,9219781.0,856.3,769608393.7,1111950.0,1.8744,-23.012496885603127,24.88689688560313,24.88689688560313
Soyabean,2016,Kharif     ,Sikkim,3175.0,3094.0,2971.6,486568.75,1111.25,0.9525,10.051620541197735,-9.099120541197735,9.099120541197735
Rapeseed &Mustard,1997,Rabi       ,Sikkim,5560.0,4270.0,2804.1,529145.2,1723.6,0.76,-10.99336524167424,11.75336524167424,11.75336524167424
Ragi,2015,Kharif     ,Maharashtra,91700.0,92900.0,875.7,14480347.0,30261.0,0.895,15.371523029994307,-14.476523029994308,14.476523029994308
Ragi,2014,Kharif     ,Bihar,6678.0,9843.0,1061.0,1008110.88,2203.74,1.402692308,8.050118478960371,-6.6474261709603715,6.6474261709603715
Coconut ,2015,Whole Year ,Andhra Pradesh,103948.0,1427745000.0,940.7,16414428.68,34302.84,12616.92333,8763.585067373324,3853.3382626266757,3853.3382626266757
Moong(Green Gram),2002,Kharif     ,Bihar,10659.0,5746.0,1105.8,1009087.53,2664.75,0.471212121,-16.04113363801497,16.51234575901497,16.51234575901497
Ragi,2001,Kharif     ,Tamil Nadu,124958.0,235311.0,481.3,12761960.54,32489.08,2.208076923,32.36498848955716,-30.156911566557163,30.156911566557163
Rice,2006,Autumn     ,West Bengal,283859.0,575294.0,1631.4,36251632.89,62448.98,2.001111111,93.08111490853713,-91.08000379753713,91.08000379753713
Jowar,2011,Rabi       ,Karnataka,934836.0,714847.0,1178.986364,156603726.7,308495.88,0.805882353,-42.306010712805346,43.11189306580535,43.11189306580535
Sugarcane,2015,Whole Year ,Tripura,793.0,40492.0,2334.4,125222.63,261.69,51.83875,74.28534225734091,-22.446592257340917,22.446592257340917
Moth,2001,Kharif     ,Uttarakhand,11.0,4.0,1541.3,1123.43,2.86,0.34,-13.529393507564805,13.869393507564805,13.869393507564805
Arecanut,2014,Whole Year ,Kerala,96686.0,125926.0,3046.4,14595718.56,31906.38,0.973571429,-62.39858961336907,63.37216104236907,63.37216104236907
Urad,2007,Kharif     ,Gujarat,104200.0,71200.0,1021.6,13900280.0,16672.0,0.6992,-5.505860838186493,6.205060838186493,6.205060838186493
Linseed,2016,Rabi       ,Nagaland,5810.0,4710.0,1959.8,890382.5,2033.5,0.807272727,11.047807212558041,-10.24053448555804,10.24053448555804
Potato,2004,Whole Year ,Assam,73104.0,589070.0,2536.9,7920087.36,15351.84,7.482608696,-19.19939432225155,26.68200301825155,26.68200301825155
Moong(Green Gram),2016,Kharif     ,West Bengal,1238.0,1106.0,1795.8,189723.5,433.3,0.790833333,92.35535551362722,-91.56452218062722,91.56452218062722
Urad,2003,Kharif     ,Bihar,24199.0,18009.0,1353.9,2395217.02,5807.76,0.747878788,-11.785824857052035,12.533703645052034,12.533703645052034
Peas & beans (Pulses),2004,Rabi       ,Uttarakhand,3852.0,2987.0,1219.6,417325.68,808.92,0.683846154,-6.024215773315774,6.708061927315774,6.708061927315774
Arhar/Tur,2010,Kharif     ,Chhattisgarh,54465.0,23901.0,1283.1,9047181.15,13071.6,0.432777778,-65.03194946607303,65.46472724407303,65.46472724407303
Gram,1997,Rabi       ,Assam,2979.0,1507.0,2051.4,283511.43,923.49,0.465454545,-74.33475741793819,74.80021196293819,74.80021196293819
Cotton(lint),2000,Kharif     ,Puducherry,452.0,2300.0,1434.5875,44372.84,117.52,5.11,77.07696254650455,-71.96696254650455,71.96696254650455
Tapioca,2008,Rabi       ,Puducherry,1.0,29.0,1434.5875,143.04,0.09,29.0,69.40926908350325,-40.40926908350325,40.40926908350325
Maize,2000,Kharif     ,Nagaland,35000.0,52500.0,1631.8,3435950.0,9100.0,1.5125,-3.4963118763019168,5.008811876301917,5.008811876301917
Moong(Green Gram),2003,Rabi       ,Karnataka,8380.0,2451.0,867.6,829452.4,2011.2,0.290666667,-54.5708741694873,54.86154083648729,54.86154083648729
Masoor,2009,Kharif     ,Jammu and Kashmir,1001.0,554.0,751.7,155975.82,170.17,0.6,2.637234535145609,-2.037234535145609,2.037234535145609
Groundnut,2014,Summer     ,Odisha,26407.0,38842.0,1536.9,3986400.72,8714.31,1.472857143,7.5745791268303435,-6.101721983830344,6.101721983830344
Cotton(lint),1998,Kharif     ,Kerala,10999.0,17752.0,3151.5,1086701.2,3189.71,1.61,-111.1244362446767,112.7344362446767,112.7344362446767
Wheat,1998,Rabi       ,Mizoram,55.0,48.0,2640.7,5434.0,15.95,1.09,-32.89611322269076,33.98611322269076,33.98611322269076
Groundnut,2015,Summer     ,Karnataka,160363.0,114220.0,1024.9,25322921.33,52919.79,0.750434783,-37.23175792912849,37.982192712128494,37.982192712128494
Moong(Green Gram),2005,Rabi       ,Mizoram,63.0,89.0,2075.4,7554.96,13.23,1.65,-51.08384750926734,52.73384750926734,52.73384750926734
Sugarcane,2014,Whole Year ,Arunachal Pradesh,1790.0,34900.0,2403.2,270218.4,590.7,20.19111111,60.2142124143585,-40.0231013043585,40.0231013043585
Safflower,2001,Rabi       ,Chhattisgarh,338.0,84.0,1550.0,34519.94,87.88,0.24125,-81.00299343270825,81.24424343270825,81.24424343270825
Cotton(lint),2004,Kharif     ,Mizoram,289.0,975.0,2640.8,31310.26,60.69,3.43,-34.23873376084305,37.66873376084305,37.66873376084305
Jowar,2014,Kharif     ,Andhra Pradesh,36926.0,54926.0,687.6,5574348.96,12185.58,1.390833333,41.03438362889935,-39.643550295899345,39.643550295899345
Niger seed,2014,Kharif     ,Chhattisgarh,63559.0,11349.0,1274.7,9594866.64,20974.47,0.205882353,-58.985817842851475,59.191700195851475,59.191700195851475
Sunflower,2015,Kharif     ,Andhra Pradesh,6568.0,5165.0,940.7,1037152.88,2167.44,0.965,41.52613319669521,-40.56113319669521,40.56113319669521
Maize,2012,Summer     ,Bihar,189961.0,1038634.0,924.1,28646118.8,58887.91,5.096756757,-6.171516195547184,11.268272952547184,11.268272952547184
Banana,2007,Whole Year ,Bihar,17872.0,233609.0,1600.2,2384124.8,2859.52,15.2126087,53.77895925669824,-38.56635055669824,38.56635055669824
Other  Rabi pulses,2019,Rabi       ,Andhra Pradesh,10770.0,11296.0,899.2,1849855.2,3984.9,1.23,60.41751261134061,-59.187512611340615,59.187512611340615
Other Kharif pulses,2015,Kharif     ,Gujarat,5517.0,2577.0,584.3,871189.47,1820.61,0.449,13.83312730701411,-13.38412730701411,13.38412730701411
Castor seed,2011,Whole Year ,Tamil Nadu,6202.0,1861.0,926.5,1038959.04,2046.66,0.767407407,88.46301050873075,-87.69560310173075,87.69560310173075
Other Kharif pulses,2003,Kharif     ,Madhya Pradesh,725486.0,264389.0,1163.0,71808604.28,174116.64,0.344791667,-7.022709631712843,7.367501298712843,7.367501298712843
Coriander,2002,Whole Year ,Andhra Pradesh,45073.0,13721.0,648.1,4267060.91,11268.25,0.414705882,42.51572475595725,-42.10101887395725,42.10101887395725
Jowar,2018,Rabi       ,Gujarat,36381.0,44570.0,1125.4,5900998.2,12733.35,1.247647059,9.017404232806655,-7.769757173806655,7.769757173806655
Banana,2007,Whole Year ,Gujarat,31200.0,2033100.0,1021.6,4162080.0,4992.0,57.96166667,54.52051654338253,3.4411501266174724,3.4411501266174724
Mesta,2019,Kharif     ,Andhra Pradesh,1714.0,18265.0,899.2,294396.64,634.18,10.135,51.90506880930148,-41.770068809301485,41.770068809301485
Rice,1998,Kharif     ,Sikkim,15874.0,21957.0,3183.8,1568351.2,4603.46,1.3775,12.937290189707255,-11.559790189707256,11.559790189707256
Arhar/Tur,2007,Rabi       ,Jharkhand,17977.63,26212.0,1444.7,2398215.842,2876.4208,1.472272727,-2.540167424071228,4.012440151071228,4.012440151071228
Rice,2019,Autumn     ,Meghalaya,33480.0,78074.0,3844.4,5750524.8,12387.6,2.510909091,7.032769959921268,-4.521860868921268,4.521860868921268
Sesamum,2016,Kharif     ,Haryana,1600.0,1320.0,554.7,245200.0,560.0,0.8275,-4.2539591121674505,5.08145911216745,5.08145911216745
Peas & beans (Pulses),2014,Kharif     ,Nagaland,2330.0,3160.0,1333.3,351736.8,768.9,1.353,9.529327170991138,-8.176327170991138,8.176327170991138
Safflower,2005,Rabi       ,Andhra Pradesh,17654.0,8094.0,1075.5,2117067.68,3707.34,0.415454545,29.191847924247625,-28.776393379247626,28.776393379247626
Maize,1997,Rabi       ,Andhra Pradesh,90800.0,291800.0,927.5,8641436.0,28148.0,3.21,28.22996381948589,-25.019963819485888,25.019963819485888
Sesamum,2010,Whole Year ,Tamil Nadu,48189.0,25387.0,1095.2,8004674.79,11565.36,0.499310345,84.4062000580406,-83.9068897130406,83.9068897130406
other oilseeds,2000,Rabi       ,Uttarakhand,128.0,88.0,1413.4,12565.76,33.28,0.572857143,-10.711809231920881,11.284666374920882,11.284666374920882
Small millets,2012,Kharif     ,Karnataka,21919.0,8426.0,956.2,3305385.2,6794.89,0.368421053,-39.04034146174297,39.40876251474297,39.40876251474297
Sesamum,2005,Kharif     ,Bihar,3188.0,2554.0,907.8,382304.96,669.48,0.83037037,-14.511733028227098,15.3421033982271,15.3421033982271
Sannhamp,2000,Whole Year ,Tamil Nadu,10538.0,7681.0,971.1,1034515.46,2739.88,0.725625,57.63190509000829,-56.90628009000829,56.90628009000829
Ginger,1998,Whole Year ,Bihar,798.0,1116.0,1332.5,78842.4,231.42,1.4005,31.01464221807278,-29.61414221807278,29.61414221807278
Maize,2011,Kharif     ,Uttar Pradesh,745217.0,1232077.0,777.4,124838751.8,245921.61,1.535352113,16.53004588884241,-14.994693775842409,14.994693775842409
Groundnut,2007,Kharif     ,Karnataka,736971.0,538923.0,1323.3,98311931.4,117915.36,0.732592593,-35.77106377855944,36.50365637155944,36.50365637155944
Castor seed,2016,Rabi       ,Andhra Pradesh,527.0,274.0,890.0,80762.75,184.45,0.52,37.7496852993101,-37.2296852993101,37.2296852993101
Cowpea(Lobia),2010,Kharif     ,Mizoram,1381.0,1786.0,2738.7,229397.91,331.44,1.145,-30.60717862298455,31.752178622984548,31.752178622984548
Rapeseed &Mustard,2018,Kharif     ,Mizoram,25.0,15.0,1665.2,4055.0,8.75,0.68,-23.330074551037853,24.010074551037853,24.010074551037853
Sugarcane,2017,Winter     ,Odisha,3713.0,240245.0,1344.4,584574.72,1410.94,56.588,34.59431703045034,21.99368296954966,21.99368296954966
Banana,2010,Whole Year ,Madhya Pradesh,8102.0,433263.0,856.3,1345823.22,1944.48,34.189375,49.25516553761908,-15.06579053761908,15.06579053761908
Niger seed,2007,Kharif     ,Maharashtra,47300.0,12800.0,1257.2,6309820.0,7568.0,0.3595,10.486253319258623,-10.126753319258622,10.126753319258622
Jowar,2004,Rabi       ,Andhra Pradesh,299732.0,290800.0,781.8,32472964.88,62943.72,1.389545455,26.294576322555685,-24.905030867555684,24.905030867555684
Sugarcane,2019,Whole Year ,Madhya Pradesh,124681.0,7414530.0,1446.7,21415208.56,46131.97,39.05510204,80.05709792365596,-41.00199588365596,41.00199588365596
Horse-gram,2019,Summer     ,Odisha,36.0,23.0,1593.9,6183.36,13.32,0.63,4.552867512232979,-3.922867512232979,3.922867512232979
Jowar,2016,Rabi       ,Gujarat,30139.0,45632.0,710.5,4618801.75,10548.65,1.506363636,4.303797163762994,-2.797433527762994,2.797433527762994
Gram,1998,Rabi       ,Madhya Pradesh,2660500.0,2533700.0,962.7,262857400.0,771545.0,0.872881356,-30.04545366468585,30.918335020685852,30.918335020685852
Cowpea(Lobia),2017,Rabi       ,Andhra Pradesh,9470.0,7053.0,868.2,1490956.8,3598.6,0.574285714,42.749435114893174,-42.175149400893176,42.175149400893176
Sugarcane,2013,Whole Year ,Kerala,2210.29,221520.0,3255.4,319364.8021,596.7783,59.56181818,-24.849886301787706,84.41170448178771,84.41170448178771
Tobacco,2006,Whole Year ,Tamil Nadu,5041.0,7724.0,927.9,643786.11,1109.02,1.443333333,60.81751185561589,-59.37417852261589,59.37417852261589
Rice,1998,Kharif     ,Puducherry,4945.0,11518.0,1434.5875,488566.0,1434.05,2.46,95.09981956468532,-92.63981956468533,92.63981956468533
Small millets,1999,Kharif     ,Maharashtra,92700.0,65200.0,1166.5,9838251.0,25029.0,0.72047619,-8.76435235903196,9.48482854903196,9.48482854903196
Gram,2019,Rabi       ,West Bengal,36103.0,47419.0,1733.4,6201051.28,13358.11,1.294705882,105.06003733984784,-103.76533145784784,103.76533145784784
Castor seed,2018,Kharif     ,Jharkhand,41.0,26.0,1222.7,6650.2,14.35,0.49,3.6169677123931194,-3.126967712393119,3.126967712393119
Other Cereals,2000,Rabi       ,Uttarakhand,1307.0,1323.0,1413.4,128308.19,339.82,1.028571429,-15.492480016026889,16.521051445026888,16.521051445026888
Dry chillies,2013,Rabi       ,Andhra Pradesh,18392.0,80405.0,1062.3,2657460.08,4965.84,3.246153846,9.338706150273111,-6.092552304273111,6.092552304273111
Rapeseed &Mustard,2000,Rabi       ,Assam,274459.0,141231.0,1965.5,26943640.03,71359.34,0.499565217,-73.29386497276897,73.79343018976897,73.79343018976897
Sesamum,2010,Rabi       ,Puducherry,15.0,12.0,1434.5875,2491.65,3.6,0.8,72.81999730008418,-72.01999730008419,72.01999730008419
Moong(Green Gram),2004,Rabi       ,Mizoram,60.0,70.0,2640.8,6500.4,12.6,1.18,-48.432456126522425,49.612456126522424,49.612456126522424
Potato,2017,Whole Year ,Haryana,34718.0,897576.0,417.1,5466001.92,13192.84,26.06142857,51.452333390885286,-25.390904820885286,25.390904820885286
Cotton(lint),2017,Kharif     ,Puducherry,154.0,164.0,1582.4,24245.76,58.52,1.42,95.44407473981951,-94.02407473981951,94.02407473981951
Jute,2011,Kharif     ,Tamil Nadu,3.0,0.0,926.5,502.56,0.99,0.0,55.51974449296884,-55.51974449296884,55.51974449296884
Bajra,2014,Rabi       ,Telangana,9243.0,8659.0,746.4,1395323.28,3050.19,0.923333333,36.80373259760793,-35.88039926460793,35.88039926460793
Rice,2004,Autumn     ,Puducherry,6237.0,17257.0,1434.5875,675716.58,1309.77,2.76,84.17771154751004,-81.41771154751004,81.41771154751004
Wheat,2015,Rabi       ,Telangana,4952.0,16902.0,747.9,781970.32,1634.16,2.9475,56.65636259557006,-53.70886259557006,53.70886259557006
Potato,2016,Winter     ,Odisha,6524.0,82158.0,1460.5,999803.0,2283.4,12.69703704,8.832446632490075,3.864590407509924,3.864590407509924
Rice,2004,Kharif     ,Gujarat,665600.0,1157300.0,719.8,72111104.0,139776.0,1.730666667,14.901708873590053,-13.171042206590053,13.171042206590053
Moong(Green Gram),2017,Summer     ,West Bengal,57617.0,44182.0,1830.0,9071220.48,21894.46,0.938571429,81.44841555954613,-80.50984413054613,80.50984413054613
Tobacco,1997,Rabi       ,Mizoram,377.0,415.0,2644.2,35879.09,116.87,1.225,-74.54521813479303,75.77021813479303,75.77021813479303
Groundnut,2007,Whole Year ,Tamil Nadu,535211.0,1047586.0,1067.2,71397147.4,85633.76,1.850357143,91.38052075860051,-89.53016361560051,89.53016361560051
Onion,1998,Kharif     ,Puducherry,26.0,429.0,1434.5875,2568.8,7.54,16.5,68.02423530209941,-51.52423530209941,51.52423530209941
Moong(Green Gram),2016,Summer     ,Bihar,161583.0,111547.0,1205.6,24762594.75,56554.05,0.781578947,-13.725111959238717,14.506690906238717,14.506690906238717
Ginger,1998,Summer     ,Manipur,10.0,20.0,1855.0,988.0,2.9,2.0,-36.78726079061471,38.78726079061471,38.78726079061471
Niger seed,2010,Kharif     ,Madhya Pradesh,91857.0,20063.0,856.3,15258366.27,22045.68,0.252,-0.051103679550180914,0.3031036795501809,0.3031036795501809
Rapeseed &Mustard,2010,Rabi       ,Nagaland,27050.0,27080.0,1771.8,4493275.5,6492.0,1.0,4.3399992424324125,-3.3399992424324125,3.3399992424324125
Sweet potato,2001,Whole Year ,Chhattisgarh,2402.0,14001.0,1550.0,245316.26,624.52,5.834375,-39.7548488961782,45.589223896178204,45.589223896178204
Soyabean,2008,Kharif     ,Uttar Pradesh,10599.0,9104.0,891.6,1516080.96,953.91,0.838181818,15.422876011352429,-14.584694193352428,14.584694193352428
Rice,1998,Kharif     ,Delhi,7303.0,10799.0,784.5,721536.4,2117.87,1.48,14.452693342745704,-12.972693342745703,12.972693342745703
Gram,2011,Rabi       ,Madhya Pradesh,2623653.0,2841598.0,852.6,439514350.6,865805.49,1.026,-15.452692547736035,16.478692547736035,16.478692547736035
Linseed,2007,Rabi       ,West Bengal,5917.0,1627.0,2007.5,789327.8,946.72,0.278571429,94.16171549917112,-93.88314407017113,93.88314407017113
Groundnut,2007,Summer     ,West Bengal,52923.0,107871.0,2007.5,7059928.2,8467.68,1.543888889,85.69145131305248,-84.14756242405248,84.14756242405248
Jute,2003,Kharif     ,Bihar,154588.0,1147358.0,1353.9,15301120.24,37101.12,8.015333333,6.7570094754318575,1.2583238575681417,1.2583238575681417
Maize,2013,Summer     ,West Bengal,53334.0,250660.0,1939.9,7706229.66,14400.18,2.987222222,91.85096812905294,-88.86374590705294,88.86374590705294
Rice,2007,Winter     ,Kerala,105958.0,251103.0,3489.6,14134797.2,16953.28,2.252857143,-84.06561961907065,86.31847676207065,86.31847676207065
Soyabean,2016,Kharif     ,Gujarat,120222.0,105981.0,710.5,18424021.5,42077.7,0.940555556,10.99272109942325,-10.05216554342325,10.05216554342325
Turmeric,2012,Whole Year ,Kerala,2628.0,6904.0,2187.6,396302.4,814.68,2.421428571,-82.63776806861799,85.059196639618,85.059196639618
Rice,2000,Autumn     ,Odisha,854570.0,464250.0,1066.0,83893136.9,222188.2,0.733666667,-2.6993678261530363,3.4330344931530363,3.4330344931530363
Wheat,2011,Rabi       ,Meghalaya,395.0,710.0,4083.104545,66170.4,130.35,1.34,5.0118514195472414,-3.6718514195472416,3.6718514195472416
Sesamum,2005,Kharif     ,Andhra Pradesh,79424.0,16278.0,1075.5,9524526.08,16679.04,0.205714286,26.631775465468948,-26.42606117946895,26.42606117946895
Bajra,2009,Whole Year ,Chhattisgarh,537.0,38728.0,956.9,83675.34,91.29,74.30307692,-24.97079142388492,99.27386834388491,99.27386834388491
other oilseeds,2013,Kharif     ,Telangana,3645.0,45575.0,1348.7,526666.05,984.15,8.973333333,52.53955438305991,-43.56622105005991,43.56622105005991
Sesamum,2009,Rabi       ,Andhra Pradesh,43286.0,11397.0,711.0,6744824.52,7358.62,0.2655,25.26778991788234,-25.00228991788234,25.00228991788234
Safflower,2015,Rabi       ,Telangana,3855.0,2581.0,747.9,608743.05,1272.15,0.806,40.16465825941282,-39.35865825941282,39.35865825941282
Rapeseed &Mustard,2016,Kharif     ,Andhra Pradesh,6.0,3.0,890.0,919.5,2.1,0.5,51.29410447916395,-50.79410447916395,50.79410447916395
other oilseeds,2000,Kharif     ,Jammu and Kashmir,8.0,4.0,989.5,785.36,2.08,0.5,-5.354643707658653,5.854643707658653,5.854643707658653
Rapeseed &Mustard,2017,Rabi       ,Punjab,30500.0,45700.0,497.5,4801920.0,11590.0,1.469090909,13.735775518382269,-12.266684609382269,12.266684609382269
Soyabean,2014,Kharif     ,Himachal Pradesh,633.0,934.0,1019.9,95557.68,208.89,1.288571429,7.705556076478217,-6.416984647478217,6.416984647478217
Soyabean,2018,Kharif     ,Gujarat,135651.0,323997.0,1125.4,22002592.2,47477.85,1.619,15.625933448112221,-14.006933448112221,14.006933448112221
Groundnut,2007,Kharif     ,Puducherry,29.0,53.0,1434.5875,3868.6,4.64,1.83,86.77377872849422,-84.94377872849422,84.94377872849422
Urad,1999,Kharif     ,Andhra Pradesh,80258.0,48023.0,650.4,8517781.54,21669.66,0.607894737,19.7513953905638,-19.1435006535638,19.1435006535638
Ragi,2015,Rabi       ,Andhra Pradesh,4569.0,8572.0,940.7,721490.79,1507.77,1.757777778,45.529773288310025,-43.77199551031003,43.77199551031003
Guar seed,2017,Kharif     ,Haryana,272500.0,226700.0,417.1,42902400.0,103550.0,0.766923077,-26.97809497639173,27.745018053391732,27.745018053391732
Tobacco,2002,Whole Year ,Karnataka,82350.0,59227.0,860.8,7796074.5,20587.5,0.67875,-21.080700768310635,21.759450768310636,21.759450768310636
Masoor,2018,Rabi       ,Uttar Pradesh,475681.0,488137.0,792.8,77155458.2,166488.35,1.00472973,20.96101271512771,-19.956282985127707,19.956282985127707
Gram,2008,Rabi       ,Assam,1719.0,887.0,2109.9,245885.76,154.71,0.509259259,-62.6876705005007,63.1969297595007,63.1969297595007
Sugarcane,2012,Whole Year ,Meghalaya,95.0,280.0,2945.3,14326.0,29.45,2.72,61.38156471817808,-58.661564718178084,58.661564718178084
Peas & beans (Pulses),2015,Rabi       ,Tripura,2947.0,2549.0,2334.4,465360.77,972.51,0.86125,4.121003312095695,-3.259753312095695,3.259753312095695
Urad,2014,Kharif     ,Puducherry,9.0,7.0,1330.0,1358.64,2.97,0.78,81.56652307728503,-80.78652307728503,80.78652307728503
Barley,2012,Kharif     ,Delhi,65.0,183.0,451.9,9802.0,20.15,2.82,5.43229742792056,-2.6122974279205597,2.6122974279205597
Urad,1999,Kharif     ,Gujarat,109300.0,38400.0,458.9,11600009.0,29511.0,0.32625,-17.318181757280882,17.644431757280884,17.644431757280884
Dry chillies,2003,Whole Year ,Manipur,13390.0,7850.0,687.7,1325342.2,3213.6,0.543333333,1.4954134779593744,-0.9520801449593744,0.9520801449593744
Wheat,2002,Rabi       ,Sikkim,8330.0,10400.0,2496.2,788601.1,2082.5,1.2075,-0.006973408968718786,1.2144734089687188,1.2144734089687188
Castor seed,2004,Kharif     ,Madhya Pradesh,1773.0,671.0,895.7,192086.82,372.33,0.3545,-14.530442471736023,14.884942471736023,14.884942471736023
Soyabean,2003,Kharif     ,Manipur,320.0,290.0,687.7,31673.6,76.8,0.875,-15.37288140319339,16.24788140319339,16.24788140319339
Wheat,2010,Summer     ,Odisha,2857.0,4176.0,1291.9,474576.27,685.68,1.3396,10.29731466007155,-8.957714660071549,8.957714660071549
Soyabean,2017,Kharif     ,Mizoram,1008.3,1538.0,3865.8,158746.752,383.154,1.3675,-12.887831229344215,14.255331229344215,14.255331229344215
Soyabean,2011,Kharif     ,Chhattisgarh,103220.0,84641.0,1302.7,17291414.4,34062.6,0.848181818,-63.836807896779476,64.68498971477948,64.68498971477948
Jute,2018,Kharif     ,Tripura,656.0,5838.0,2169.1,106403.2,229.6,9.015,16.46422482878819,-7.449224828788189,7.449224828788189
Rice,2016,Summer     ,Odisha,224780.0,793690.0,1460.5,34447535.0,78673.0,2.745333333,25.52433801977483,-22.77900468677483,22.77900468677483
Sweet potato,2017,Whole Year ,Madhya Pradesh,5196.15,78914.0,800.0,818081.856,1974.537,17.36147059,37.68053342515174,-20.319062835151737,20.319062835151737
Urad,2015,Rabi       ,Nagaland,820.0,670.0,1308.3,129486.2,270.6,0.824545455,-5.474747509786738,6.299292964786738,6.299292964786738
Bajra,2015,Kharif     ,Maharashtra,800600.0,332900.0,875.7,126422746.0,264198.0,0.296,2.3246237115897657,-2.028623711589766,2.028623711589766
Banana,2008,Kharif     ,Puducherry,285.0,10524.0,1434.5875,40766.4,25.65,26.55666667,85.29029178930874,-58.73362511930874,58.73362511930874
Peas & beans (Pulses),2006,Kharif     ,Jammu and Kashmir,288.0,157.0,1786.5,36780.48,63.36,0.53,7.843730935519119,-7.313730935519119,7.313730935519119
Potato,2002,Winter     ,West Bengal,346906.0,6871659.0,1629.1,32841591.02,86726.5,20.73388889,74.72506453033509,-53.991175640335086,53.991175640335086
Sugarcane,1999,Whole Year ,Madhya Pradesh,44930.0,1951640.0,1222.9,4768420.9,12131.1,32.28931034,59.41060421018946,-27.12129387018946,27.12129387018946
Sugarcane,1998,Winter     ,Odisha,22325.0,1469529.0,1357.1,2205710.0,6474.25,58.57666667,14.900073143033183,43.67659352696682,43.67659352696682
Dry chillies,2013,Whole Year ,Chhattisgarh,6410.0,4629.0,1418.3,926180.9,1730.7,0.723703704,-43.55878365551993,44.28248735951993,44.28248735951993
Coriander,2015,Whole Year ,Haryana,2659.0,5697.0,426.8,419882.69,877.47,2.556190476,15.39043229635297,-12.83424182035297,12.83424182035297
Rice,2015,Autumn     ,Mizoram,19851.0,24343.0,2310.8,3134671.41,6550.83,1.22375,-22.18541670224019,23.40916670224019,23.40916670224019
Cashewnut,2011,Whole Year ,Tamil Nadu,97033.0,25532.0,926.5,16254968.16,32020.89,0.285172414,87.25162041054773,-86.96644799654773,86.96644799654773
Barley,2006,Rabi       ,Haryana,37650.0,115000.0,329.3,4808281.5,8283.0,1.874,-9.488451733762133,11.362451733762134,11.362451733762134
Castor seed,2000,Kharif     ,West Bengal,100.0,127.0,1907.7,9817.0,26.0,1.27,80.27794910117532,-79.00794910117533,79.00794910117533
Barley,2007,Rabi       ,Haryana,39528.0,120000.0,443.8,5273035.2,6324.48,1.846,-7.748028300296539,9.59402830029654,9.59402830029654
Other  Rabi pulses,2005,Rabi       ,Tripura,1275.0,1065.0,1765.9,152898.0,267.75,0.7825,-0.9050073757191512,1.6875073757191512,1.6875073757191512
Rice,2008,Kharif     ,Tamil Nadu,1931603.0,5183385.0,1201.9,276296493.1,173844.27,3.562580645,49.29025100294521,-45.727670357945215,45.727670357945215
Dry chillies,2017,Kharif     ,Jammu and Kashmir,664.0,557.0,1279.1,104540.16,252.32,0.862727273,-21.226282935289845,22.089010208289846,22.089010208289846
Banana,1999,Whole Year ,Goa,1950.0,14500.0,3879.3,206953.5,526.5,7.44,-165.02719473960076,172.46719473960076,172.46719473960076
Rapeseed &Mustard,2018,Rabi       ,Uttar Pradesh,753181.0,1117198.0,792.8,122165958.2,263613.35,1.237733333,20.479180946594354,-19.241447613594353,19.241447613594353
Castor seed,2000,Kharif     ,Gujarat,458600.0,638800.0,379.7,45020762.0,119236.0,1.242352941,-17.241849614245325,18.484202555245325,18.484202555245325
Potato,2001,Whole Year ,Chhattisgarh,9315.0,64152.0,1550.0,951340.95,2421.9,6.849375,-27.333540787994394,34.182915787994396,34.182915787994396
Sunflower,2016,Summer     ,Karnataka,3775.0,1638.0,1147.2,578518.75,1321.25,0.712727273,-43.19872790468972,43.91145517768972,43.91145517768972
Rice,1997,Autumn     ,Bihar,749671.0,892725.0,1303.7,71346189.07,232398.01,1.102244898,-10.471083830771022,11.573328728771022,11.573328728771022
Wheat,2015,Rabi       ,Gujarat,857696.0,2315849.0,584.3,135438775.4,283039.68,2.6759375,12.184702677024234,-9.508765177024234,9.508765177024234
Horse-gram,2015,Kharif     ,Bihar,7763.0,7210.0,874.0,1225855.33,2561.79,0.925,0.5270270032031306,0.3979729967968695,0.3979729967968695
Gram,2017,Kharif     ,Jammu and Kashmir,23.0,5.0,1279.1,3621.12,8.74,0.21,15.091595607394964,-14.881595607394964,14.881595607394964
Horse-gram,2019,Rabi       ,Tamil Nadu,76619.0,59679.0,910.1,13160079.44,28349.03,0.719565217,43.35328758858573,-42.633722371585726,42.633722371585726
Maize,2002,Rabi       ,Mizoram,600.0,1059.0,2627.0,56802.0,150.0,1.695,-36.732033005774895,38.427033005774895,38.427033005774895
Ginger,2011,Kharif     ,Haryana,64.0,100.0,471.5409091,10721.28,21.12,0.583333333,-10.669787089645013,11.253120422645013,11.253120422645013
Moong(Green Gram),2010,Summer     ,Uttar Pradesh,47491.0,42436.0,742.6,7888730.01,11397.84,0.854603175,-6.529151402842132,7.383754577842132,7.383754577842132
Turmeric,2000,Whole Year ,Bihar,3121.0,3035.0,1207.0,306388.57,811.46,1.01,13.857605465152574,-12.847605465152574,12.847605465152574
other oilseeds,2013,Rabi       ,Uttarakhand,494.0,232.0,1735.4,71378.06,133.38,0.474,4.6879538364713085,-4.213953836471308,4.213953836471308
Rapeseed &Mustard,1998,Rabi       ,Manipur,440.0,200.0,1855.0,43472.0,127.6,0.45,-13.393238602556465,13.843238602556465,13.843238602556465
Arhar/Tur,2006,Kharif     ,Delhi,385.0,578.0,462.7,49168.35,84.7,1.5,0.29796361803548166,1.2020363819645183,1.2020363819645183
Sesamum,2018,Rabi       ,Andhra Pradesh,31114.0,8326.0,1220.5,5046690.8,10889.9,0.3,37.91261126513112,-37.61261126513112,37.61261126513112
Dry chillies,2012,Rabi       ,Andhra Pradesh,44000.0,175000.0,968.7,6635200.0,13640.0,3.632142857,7.5534914979782,-3.9213486409782004,3.9213486409782004
Rapeseed &Mustard,2002,Rabi       ,Tamil Nadu,585.0,142.0,315.9,55381.95,146.25,0.206,31.528013788286245,-31.322013788286245,31.322013788286245
Urad,2017,Kharif     ,Tripura,2868.0,1682.0,3326.8,451537.92,1089.84,0.58125,3.3892897959142942,-2.8080397959142944,2.8080397959142944
Onion,2019,Rabi       ,Meghalaya,561.0,5037.0,3844.4,96357.36,207.57,8.431,-6.164706371698912,14.595706371698911,14.595706371698911
Jute,2013,Kharif     ,Bihar,104883.0,1498039.0,1069.9,15154544.67,28318.41,14.13615385,15.456426183470228,-1.3202723334702284,1.3202723334702284
Groundnut,2011,Autumn     ,West Bengal,1471.0,1268.0,1686.5,246421.92,485.43,1.016,82.87349920632644,-81.85749920632644,81.85749920632644
Bajra,2006,Kharif     ,Maharashtra,1452200.0,1058600.0,1439.4,185460462.0,319484.0,0.633333333,-8.22561142489684,8.85894475789684,8.85894475789684
Arhar/Tur,2018,Kharif     ,Meghalaya,1183.0,1532.0,5649.1,191882.6,414.05,1.118,14.671411046536804,-13.553411046536803,13.553411046536803
Mesta,1999,Kharif     ,West Bengal,8864.0,81720.0,2318.1,940736.32,2393.28,9.842142857,89.56620551978938,-79.72406266278938,79.72406266278938
Coriander,2009,Rabi       ,Uttar Pradesh,6461.0,3670.0,585.8,1006753.02,1098.37,0.580149254,-29.26186963524421,29.84201888924421,29.84201888924421
Niger seed,2008,Kharif     ,West Bengal,5000.0,3297.0,1560.1,715200.0,450.0,0.548571429,95.30484824431963,-94.75627681531962,94.75627681531962
Wheat,2011,Rabi       ,Tripura,274.0,536.0,2295.609091,45900.48,90.42,1.9375,7.207684764554585,-5.270184764554585,5.270184764554585
Barley,1998,Rabi       ,West Bengal,5938.0,5910.0,2152.5,586674.4,1722.02,1.10375,82.63133039065309,-81.52758039065309,81.52758039065309
Tapioca,2009,Whole Year ,Kerala,74925.0,2525384.0,2821.5,11674813.5,12737.25,34.51142857,-64.71488543848022,99.22631400848022,99.22631400848022
Urad,2015,Summer     ,Gujarat,2852.0,2016.0,584.3,450359.32,941.16,0.733333333,-11.32422819012612,12.057561523126122,12.057561523126122
Urad,2011,Winter     ,Odisha,76386.0,21975.0,1346.2,12796182.72,25207.38,0.253103448,-0.5975398679182717,0.8506433159182718,0.8506433159182718
Sugarcane,2008,Winter     ,Odisha,10763.0,646243.0,1539.0,1539539.52,968.67,53.25,26.51825401372271,26.73174598627729,26.73174598627729
Sunflower,2015,Rabi       ,Madhya Pradesh,1000.0,1000.0,1000.7,157910.0,330.0,1.0,-4.7189166670569875,5.7189166670569875,5.7189166670569875
Masoor,2007,Rabi       ,West Bengal,58737.0,44815.0,2007.5,7835515.8,9397.92,0.703125,93.51512980099196,-92.81200480099196,92.81200480099196
Rice,2018,Summer     ,Tamil Nadu,236904.0,992095.0,986.2,38425828.8,82916.4,3.997333333,59.504883233329664,-55.507549900329664,55.507549900329664
Moong(Green Gram),2018,Summer     ,Puducherry,660.0,274.0,1693.9,107052.0,231.0,0.66,74.45466048640151,-73.79466048640151,73.79466048640151
Dry chillies,2011,Kharif     ,Karnataka,88218.0,71254.0,1178.986364,14778279.36,29111.94,0.973448276,-64.2354286926957,65.2088769686957,65.2088769686957
Wheat,2008,Rabi       ,Delhi,18430.0,80355.0,614.6,2636227.2,1658.7,4.36,10.871954963271804,-6.511954963271804,6.511954963271804
Rapeseed &Mustard,1998,Winter     ,Odisha,19021.0,2376.0,1357.1,1879274.8,5516.09,0.113,-1.4576647784591614,1.5706647784591614,1.5706647784591614
Groundnut,2016,Summer     ,Gujarat,63644.0,113190.0,710.5,9753443.0,22275.4,1.6528125,1.8739565796464035,-0.22114407964640348,0.22114407964640348
Moong(Green Gram),2018,Kharif     ,Tamil Nadu,26977.0,18186.0,986.2,4375669.4,9441.95,0.6508,41.65639112860029,-41.005591128600294,41.005591128600294
Arhar/Tur,2011,Rabi       ,West Bengal,1248.0,543.0,1686.5,209064.96,411.84,0.43,93.8814089585081,-93.4514089585081,93.4514089585081
Sesamum,2001,Kharif     ,Bihar,3297.0,2061.0,1247.0,336722.61,857.22,0.636,-16.401803924938775,17.037803924938775,17.037803924938775
Sweet potato,2011,Whole Year ,Karnataka,1836.0,26754.0,1178.986364,307566.72,605.88,14.10642857,2.1254579407954566,11.980970629204544,11.980970629204544
Urad,1997,Kharif     ,West Bengal,69271.0,44480.0,1852.9,6592521.07,21474.01,1.825,74.57218866978832,-72.74718866978831,72.74718866978831
Sugarcane,2008,Whole Year ,Chhattisgarh,9034.0,22230.0,1117.9,1292223.36,813.06,2.77875,2.5287590709382357,0.24999092906176434,0.24999092906176434
Urad,2012,Kharif     ,Maharashtra,360300.0,213600.0,1003.4,54333240.0,111693.0,0.5715625,1.2374095573499915,-0.6658470573499915,0.6658470573499915
Sugarcane,2009,Whole Year ,Delhi,3.0,226.0,528.4,467.46,0.51,75.33,74.22047584710455,1.109524152895446,1.109524152895446
Small millets,2018,Rabi       ,Andhra Pradesh,2684.0,1291.0,1220.5,435344.8,939.4,0.557142857,40.85401326334754,-40.29687040634754,40.29687040634754
Arecanut,2010,Whole Year ,Meghalaya,14611.0,20501.0,3119.7,2427033.21,3506.64,1.202857143,23.659824042705793,-22.456966899705794,22.456966899705794
Urad,2011,Kharif     ,Bihar,13704.0,11867.0,1097.1,2295694.08,4522.32,0.899666667,-5.182823378478133,6.082490045478133,6.082490045478133
Bajra,2008,Kharif     ,Gujarat,528700.0,535200.0,746.1,75625248.0,47583.0,1.25952381,-8.245810158369693,9.505333968369692,9.505333968369692
Rice,2019,Summer     ,West Bengal,1271772.0,4616835.0,1733.4,218439558.7,470555.64,3.464285714,106.9536329357939,-103.4893472217939,103.4893472217939
Castor seed,2008,Kharif     ,Haryana,1823.0,2100.0,715.6,260761.92,164.07,0.8775,-7.531224112814414,8.408724112814413,8.408724112814413
Gram,2011,Whole Year ,Tamil Nadu,8592.0,5520.0,926.5,1439331.84,2835.36,0.590625,98.42363093218145,-97.83300593218145,97.83300593218145
Garlic,2019,Whole Year ,Karnataka,1706.0,8741.0,1422.3,293022.56,631.22,5.177727273,4.468751522837039,0.7089757501629617,0.7089757501629617
Rice,2017,Summer     ,Kerala,49693.0,153463.0,2664.8,7823665.92,18883.34,2.733571429,-86.80662443487176,89.54019586387176,89.54019586387176
Bajra,2016,Rabi       ,Tamil Nadu,18162.0,9205.0,912.4,2783326.5,6356.7,0.6732,38.73698875409005,-38.06378875409005,38.06378875409005
Moong(Green Gram),2015,Summer     ,Karnataka,2939.0,929.0,1024.9,464097.49,969.87,0.285,-49.76536858449964,50.05036858449964,50.05036858449964
Small millets,2013,Kharif     ,Nagaland,8670.0,9750.0,1350.9,1252728.3,2340.9,1.121111111,-3.19063624872868,4.31174735972868,4.31174735972868
Groundnut,2002,Kharif     ,Madhya Pradesh,204780.0,126759.0,800.8,19386522.6,51195.0,0.688888889,-8.668426289111238,9.357315178111238,9.357315178111238
Small millets,1998,Rabi       ,Gujarat,2300.0,1000.0,775.6,227240.0,667.0,0.46,-18.16153834580217,18.621538345802172,18.621538345802172
Jowar,2010,Rabi       ,Madhya Pradesh,3680.0,5211.0,856.3,611284.8,883.2,1.756428571,-8.442675903207515,10.199104474207516,10.199104474207516
Rapeseed &Mustard,2019,Rabi       ,Meghalaya,9879.0,9242.0,3844.4,1696817.04,3655.23,0.890909091,3.7114436336080416,-2.8205345426080415,2.8205345426080415
Urad,2006,Rabi       ,Andhra Pradesh,415708.0,327533.0,845.2,53090068.68,91455.76,0.793636364,22.674729950275832,-21.88109358627583,21.88109358627583
Bajra,2019,Rabi       ,Puducherry,1.0,3.0,1317.0,171.76,0.37,3.0,84.45440173287076,-81.45440173287076,81.45440173287076
Rapeseed &Mustard,2001,Rabi       ,Jammu and Kashmir,71494.0,39219.0,953.8,7301682.22,18588.44,0.586666667,-6.928787663759238,7.515454330759238,7.515454330759238
Soyabean,2010,Kharif     ,Gujarat,84000.0,68100.0,1107.5,13953240.0,20160.0,0.852307692,7.5718832687470865,-6.719575576747086,6.719575576747086
Jowar,2018,Kharif     ,Madhya Pradesh,74655.0,163418.0,1102.2,12109041.0,26129.25,1.665490196,4.271741191003343,-2.6062509950033435,2.6062509950033435
Soyabean,2003,Kharif     ,Uttar Pradesh,4954.0,5315.0,1075.6,490346.92,1188.96,1.057619048,11.544701652087525,-10.487082604087526,10.487082604087526
Rice,1998,Kharif     ,Karnataka,1079193.0,2599170.0,1260.8,106624268.4,312965.97,2.310740741,-29.735324831714678,32.04606557271468,32.04606557271468
Other  Rabi pulses,2001,Rabi       ,Chhattisgarh,1024.0,356.0,1550.0,104581.12,266.24,0.326153846,-63.02738827690183,63.35354212290183,63.35354212290183
Rice,2002,Kharif     ,Odisha,4273000.0,3278000.0,1102.8,404524910.0,1068250.0,0.753333333,-5.549731090534465,6.303064423534465,6.303064423534465
Onion,2014,Rabi       ,Tamil Nadu,16270.0,140110.0,911.3,2456119.2,5369.1,8.551111111,37.65095355604332,-29.09984244504332,29.09984244504332
Gram,2010,Rabi       ,Andhra Pradesh,583563.0,719248.0,1297.0,96935649.93,140055.12,1.36,40.63082746031111,-39.27082746031111,39.27082746031111
Soyabean,1998,Kharif     ,Madhya Pradesh,4588600.0,4639100.0,962.7,453353680.0,1330694.0,0.825961538,-41.29422401166801,42.12018554966801,42.12018554966801
Rice,2018,Summer     ,Gujarat,29582.0,92755.0,1125.4,4798200.4,10353.7,2.676153846,24.374856837951157,-21.69870299195116,21.69870299195116
Rapeseed &Mustard,2002,Rabi       ,Assam,261309.0,129784.0,1973.6,24738123.03,65327.25,0.472173913,-71.1332377352656,71.6054116482656,71.6054116482656
Maize,2012,Kharif     ,Sikkim,39970.0,67950.0,3006.9,6027476.0,12390.7,1.66,8.853421108644369,-7.193421108644369,7.193421108644369
Peas & beans (Pulses),1999,Rabi       ,Bihar,25402.0,18164.0,1402.7,2695914.26,6858.54,0.727837838,-6.333575829518139,7.061413667518139,7.061413667518139
Urad,2018,Rabi       ,Tamil Nadu,396479.0,240497.0,986.2,64308893.8,138767.65,0.607,38.07331414360013,-37.46631414360013,37.46631414360013
Masoor,2017,Rabi       ,Madhya Pradesh,596010.0,679180.0,800.0,93835814.4,226483.8,1.008888889,0.8646107507932186,0.14427813820678148,0.14427813820678148
Urad,2019,Summer     ,Karnataka,223.0,105.0,1422.3,38302.48,82.51,0.437272727,-41.364667913342174,41.801940640342174,41.801940640342174
Horse-gram,2008,Kharif     ,Andhra Pradesh,4963.0,2423.0,944.6,709907.52,446.67,0.489,34.37417212162407,-33.88517212162407,33.88517212162407
Rapeseed &Mustard,2000,Rabi       ,Karnataka,7637.0,2012.0,1213.3,749724.29,1985.62,0.208888889,-41.599616031984,41.808504920984,41.808504920984
Linseed,2015,Rabi       ,Himachal Pradesh,803.0,235.0,1223.2,126801.73,264.99,0.29,8.770522255303291,-8.480522255303292,8.480522255303292
Rice,2018,Rabi       ,Nagaland,5460.0,15440.0,1372.7,885612.0,1911.0,2.8275,27.253851845356067,-24.426351845356066,24.426351845356066
Rapeseed &Mustard,2012,Rabi       ,Tripura,2132.0,1701.0,1882.2,321505.6,660.92,0.79125,-2.356191782768292,3.1474417827682917,3.1474417827682917
Masoor,2011,Rabi       ,Bihar,168490.0,171605.0,1097.1,28225444.8,55601.7,0.997105263,1.6493545760118025,-0.6522493130118024,0.6522493130118024
Sunflower,2016,Rabi       ,Maharashtra,37238.0,28440.0,1151.1,5706723.5,13033.3,0.789130435,7.85801114868562,-7.06888071368562,7.06888071368562
Peas & beans (Pulses),2015,Rabi       ,Manipur,18290.0,17192.0,1329.1,2888173.9,6035.7,0.935555556,0.9641963679903256,-0.028640811990325643,0.028640811990325643
Ginger,2007,Kharif     ,Uttar Pradesh,900.0,2035.0,672.9,120060.0,144.0,2.035333333,1.0242773388948478,1.0110559941051522,1.0110559941051522
Potato,2002,Whole Year ,Assam,75486.0,589916.0,1973.6,7146259.62,18871.5,7.566956522,-24.9097529979594,32.4767095199594,32.4767095199594
Maize,2010,Kharif     ,Himachal Pradesh,281664.0,641530.0,1319.8,46787207.04,67599.36,2.593333333,6.660750928473931,-4.0674175954739304,4.0674175954739304
Dry chillies,2012,Summer     ,Puducherry,1.0,2.0,1098.3,150.8,0.31,2.0,41.67290910429395,-39.67290910429395,39.67290910429395
Rice,2006,Kharif     ,Sikkim,9200.0,21450.0,2270.2,1174932.0,2024.0,4.84,15.226470095594294,-10.386470095594294,10.386470095594294
Other  Rabi pulses,2002,Rabi       ,Nagaland,14690.0,12160.0,1536.6,1390702.3,3672.5,0.84875,4.061503185330963,-3.212753185330963,3.212753185330963
Sunflower,2001,Summer     ,Maharashtra,5800.0,5200.0,1035.8,592354.0,1508.0,1.199444444,-16.62307600065577,17.822520444655773,17.822520444655773
Arhar/Tur,2001,Rabi       ,Odisha,290.0,160.0,1672.5,29617.7,75.4,0.616666667,1.110287457654863,-0.493620790654863,0.493620790654863
Maize,2011,Summer     ,Karnataka,31494.0,106783.0,1178.986364,5275874.88,10393.02,3.159655172,-39.187732793711575,42.347387965711576,42.347387965711576
Ragi,2003,Kharif     ,Uttarakhand,126421.0,165549.0,1734.3,12513150.58,30341.04,1.4,-3.3825903363153884,4.782590336315389,4.782590336315389
Cotton(lint),2014,Rabi       ,Tamil Nadu,48307.0,164831.0,911.3,7292424.72,15941.31,3.393214286,44.48084864448957,-41.08763435848957,41.08763435848957
Sesamum,2016,Kharif     ,Uttarakhand,1864.0,544.0,1580.9,285658.0,652.4,0.258333333,-2.616378569554456,2.874711902554456,2.874711902554456
Other Cereals,2014,Kharif     ,Uttarakhand,1209.0,587.0,1287.4,182510.64,398.97,0.498333333,1.3441391330577517,-0.8458058000577517,0.8458058000577517
Moong(Green Gram),2019,Summer     ,Uttarakhand,10.0,6.0,1378.9,1717.6,3.7,0.62,-12.407058356318572,13.027058356318571,13.027058356318571
Groundnut,1998,Rabi       ,Goa,1048.0,2124.0,2964.9,103542.4,303.92,2.03,-223.48547745236846,225.51547745236846,225.51547745236846
Maize,2004,Kharif     ,Andhra Pradesh,505358.0,1238622.0,781.8,54750485.72,106125.18,2.819545455,34.85220399411719,-32.03265853911719,32.03265853911719
Other  Rabi pulses,2000,Rabi       ,Madhya Pradesh,719150.0,309475.0,723.3,70598955.5,186979.0,0.397777778,-8.004775749540471,8.402553527540471,8.402553527540471
Jute,2009,Autumn     ,Odisha,2935.0,30368.0,1330.3,457331.7,498.95,8.92,3.9190664912596276,5.000933508740372,5.000933508740372
Rice,2005,Kharif     ,Arunachal Pradesh,122267.0,146191.0,2767.0,14662258.64,25676.07,1.16125,2.44235684429637,-1.28110684429637,1.28110684429637
Sugarcane,2011,Whole Year ,Himachal Pradesh,1967.0,27771.0,1108.3,329511.84,649.11,10.67857143,75.33871876616436,-64.66014733616436,64.66014733616436
Castor seed,2001,Kharif     ,Chhattisgarh,113.0,31.0,1550.0,11540.69,29.38,0.232857143,-79.29042519512541,79.52328233812541,79.52328233812541
Coconut ,2014,Whole Year ,Goa,25786.0,127800000.0,3491.2,3892654.56,8509.38,4955.305,8734.994607107295,-3779.689607107295,3779.689607107295
Coconut ,2012,Whole Year ,Karnataka,441048.0,4342441000.0,956.2,66510038.4,136724.88,9923.938333,8186.702405965451,1737.2359270345487,1737.2359270345487
Peas & beans (Pulses),2010,Rabi       ,Punjab,3200.0,4100.0,392.7,531552.0,768.0,1.226666667,6.501091587270537,-5.274424920270537,5.274424920270537
Maize,2010,Summer     ,Maharashtra,22300.0,31300.0,1389.0,3704253.0,5352.0,1.26,3.8744184391767362,-2.6144184391767364,2.6144184391767364
Arhar/Tur,2010,Kharif     ,Karnataka,891525.0,522540.0,1317.7,148091217.8,213966.0,0.65037037,-35.826713876025735,36.47708424602573,36.47708424602573
Sesamum,2013,Summer     ,Puducherry,177.0,146.0,1083.2,25574.73,47.79,0.82,65.0663921722677,-64.2463921722677,64.2463921722677
Jowar,2016,Rabi       ,Maharashtra,3012030.0,1963350.0,1151.1,461593597.5,1054210.5,0.906153846,-5.835796419345826,6.741950265345826,6.741950265345826
Potato,1998,Whole Year ,Gujarat,31600.0,712900.0,775.6,3122080.0,9164.0,22.369,37.96678954972248,-15.597789549722478,15.597789549722478
Moth,2018,Kharif     ,Gujarat,12126.0,997.0,1125.4,1966837.2,4244.1,0.078421053,9.758465385012215,-9.680044332012216,9.680044332012216
Groundnut,2006,Rabi       ,Puducherry,697.0,1427.0,1434.5875,89013.87,153.34,1.6,82.42428731895843,-80.82428731895844,80.82428731895844
Horse-gram,2008,Winter     ,Odisha,58696.0,16093.0,1539.0,8395875.84,5282.64,0.304666667,0.6073659078901414,-0.30269924089014144,0.30269924089014144
Small millets,2014,Kharif     ,Andhra Pradesh,18204.0,12691.0,687.6,2748075.84,6007.32,0.722222222,36.529544551017864,-35.807322329017865,35.807322329017865
Sugarcane,2008,Whole Year ,Gujarat,221300.0,15512000.0,746.1,31654752.0,19917.0,70.62176471,69.60790692105994,1.013857788940058,1.013857788940058
Urad,1999,Kharif     ,Himachal Pradesh,14612.0,5418.0,1144.9,1550771.56,3945.24,0.495454545,-16.17426966863377,16.66972421363377,16.66972421363377
Rapeseed &Mustard,2004,Rabi       ,West Bengal,457495.0,342698.0,1612.9,49565008.3,96073.95,0.707222222,86.31607573386805,-85.60885351186805,85.60885351186805
Maize,2018,Kharif     ,Chhattisgarh,118047.0,303145.0,1515.5,19147223.4,41316.45,2.280740741,-52.50690728708804,54.78764802808804,54.78764802808804
Barley,2000,Rabi       ,Jammu and Kashmir,8730.0,4284.0,989.5,857024.1,2269.8,0.655,-11.377949608642012,12.032949608642012,12.032949608642012
Other Cereals,2011,Rabi       ,Gujarat,53300.0,53600.0,890.5,8928816.0,17589.0,1.038888889,0.7358689357284902,0.3030199532715099,0.3030199532715099
Moth,2006,Kharif     ,Gujarat,44100.0,13500.0,1056.2,5632011.0,9702.0,0.346666667,-3.194361207520103,3.541027874520103,3.541027874520103
Sesamum,2015,Kharif     ,Haryana,3400.0,1620.0,426.8,536894.0,1122.0,0.526,-6.119004266960673,6.645004266960672,6.645004266960672
Groundnut,2013,Autumn     ,Odisha,24161.0,26412.0,1632.4,3491022.89,6523.47,0.964782609,1.9833089148518752,-1.0185263058518752,1.0185263058518752
Bajra,2017,Rabi       ,Telangana,7818.0,8261.0,815.7,1230865.92,2970.84,0.99,40.33626569044918,-39.34626569044918,39.34626569044918
Moong(Green Gram),2001,Rabi       ,Uttar Pradesh,38576.0,18201.0,849.9,3939766.88,10029.76,0.503421053,-6.458359224590282,6.961780277590282,6.961780277590282
Rice,2012,Kharif     ,Puducherry,3559.0,11637.0,1098.3,536697.2,1103.29,3.076666667,107.25653249973112,-104.17986583273112,104.17986583273112
Rice,2004,Kharif     ,Punjab,2800000.0,10437000.0,366.4,303352000.0,588000.0,3.788823529,0.21176276608153444,3.5770607629184656,3.5770607629184656
Onion,2011,Kharif     ,Karnataka,136540.0,674001.0,1178.986364,22873180.8,45058.2,5.5184,-37.958647145361965,43.477047145361965,43.477047145361965
Onion,2007,Kharif     ,Andhra Pradesh,23000.0,370000.0,1004.2,3068200.0,3680.0,13.81571429,32.6815545376828,-18.865840247682797,18.865840247682797
Maize,2017,Kharif     ,Tamil Nadu,166195.0,1532106.0,970.9,26165740.8,63154.1,8.962,53.4178676294305,-44.4558676294305,44.4558676294305
Other Cereals,2020,Kharif     ,Uttarakhand,623.0,350.0,1313.947826,120619.03,230.51,0.558571429,7.66281926868956,-7.1042478396895605,7.1042478396895605
Ginger,2002,Kharif     ,Himachal Pradesh,2455.0,17051.0,890.8,232414.85,613.75,6.73,-17.45753519902209,24.18753519902209,24.18753519902209
Other  Rabi pulses,2009,Rabi       ,Bihar,2579.0,1924.0,889.3,401859.78,438.43,0.741111111,9.60733112796268,-8.86622001696268,8.86622001696268
Coriander,2014,Rabi       ,Puducherry,1.0,1.0,1330.0,150.96,0.33,1.0,47.060491955399655,-46.060491955399655,46.060491955399655
Jowar,2009,Kharif     ,Nagaland,240.0,100.0,1225.9,37396.8,40.8,0.412,-3.4333114525524593,3.845311452552459,3.845311452552459
Groundnut,2019,Kharif     ,Goa,2.0,5.0,4489.5,343.52,0.74,2.5,-188.7485838161906,191.2485838161906,191.2485838161906
Rice,2014,Winter     ,Bihar,2599981.0,7049728.0,1061.0,392493131.8,857993.73,2.625263158,7.897443002260161,-5.272179844260161,5.272179844260161
Arhar/Tur,2018,Kharif     ,Uttarakhand,3199.0,2571.0,1373.0,518877.8,1119.65,0.745833333,9.051478309614367,-8.305644976614367,8.305644976614367
Maize,2002,Rabi       ,Maharashtra,61700.0,100100.0,967.4,5841139.0,15425.0,1.382727273,1.2144257489034942,0.16830152409650578,0.16830152409650578
Masoor,2010,Rabi       ,Madhya Pradesh,697685.0,201457.0,856.3,115892455.4,167444.4,0.312083333,-6.999446559489286,7.311529892489286,7.311529892489286
Jowar,2010,Rabi       ,Andhra Pradesh,139993.0,193642.0,1297.0,23254237.23,33598.32,1.940555556,36.9223216493309,-34.9817660933309,34.9817660933309
Sesamum,2001,Rabi       ,Maharashtra,4500.0,960.0,1035.8,459585.0,1170.0,0.224166667,-13.128862031438558,13.353028698438559,13.353028698438559
Sunflower,2013,Kharif     ,Haryana,3900.0,11100.0,452.2,563511.0,1053.0,1.926666667,-2.953201180889806,4.879867847889806,4.879867847889806
Cotton(lint),2003,Kharif     ,Puducherry,453.0,1747.0,1434.5875,44837.94,108.72,4.095,80.14827016098016,-76.05327016098016,76.05327016098016
Sesamum,2019,Kharif     ,Arunachal Pradesh,2058.0,1835.0,2433.3,353482.08,761.46,0.847619048,-15.86695235168142,16.714571399681418,16.714571399681418
Maize,2015,Rabi       ,Manipur,7000.0,17180.0,1329.1,1105370.0,2310.0,2.462222222,0.6058860271056972,1.8563361948943027,1.8563361948943027
Groundnut,2017,Summer     ,West Bengal,55098.0,162387.0,1830.0,8674629.12,20937.24,2.605294118,94.84257268183978,-92.23727856383978,92.23727856383978
Urad,1999,Kharif     ,West Bengal,60254.0,35523.0,2318.1,6394757.02,16268.58,0.566666667,79.68596147082434,-79.11929480382433,79.11929480382433
Garlic,2001,Whole Year ,Haryana,349.0,2800.0,483.8,35643.37,90.74,5.467142857,15.926014937236687,-10.458872080236688,10.458872080236688
Maize,2006,Winter     ,Odisha,5894.0,15471.0,1716.9,752722.74,1296.68,1.662857143,9.197838666383802,-7.534981523383802,7.534981523383802
Horse-gram,2010,Rabi       ,Andhra Pradesh,31431.0,13673.0,1297.0,5221003.41,7543.44,0.44047619,35.23725860973585,-34.79678241973585,34.79678241973585
Arhar/Tur,2019,Kharif     ,Odisha,128630.0,144580.0,1593.9,22093488.8,47593.1,0.973461538,21.67830325157763,-20.704841713577633,20.704841713577633
Sunflower,2007,Kharif     ,Karnataka,507505.0,239674.0,1323.3,67701167.0,81200.8,0.516153846,-42.83070233560068,43.34685618160068,43.34685618160068
Small millets,2005,Kharif     ,Madhya Pradesh,33926.0,12835.0,1032.7,4068405.92,7124.46,0.513611111,-13.905443388301507,14.419054499301506,14.419054499301506
Ginger,2015,Kharif     ,Manipur,3226.0,38092.0,1329.1,509417.66,1064.58,11.95,-10.964394536830639,22.91439453683064,22.91439453683064
Rice,2006,Kharif     ,Maharashtra,1491300.0,2488600.0,1439.4,190453923.0,328086.0,1.166333333,19.373692693730675,-18.207359360730674,18.207359360730674
Bajra,2019,Rabi       ,Jammu and Kashmir,123.0,36.0,1324.1,21126.48,45.51,0.58,3.449024314792325,-2.869024314792325,2.869024314792325
Sweet potato,2017,Kharif     ,Nagaland,1800.0,15320.0,1722.1,283392.0,684.0,8.51,-6.690519519088184,15.200519519088184,15.200519519088184
Jowar,2016,Summer     ,Karnataka,2838.0,3887.0,1147.2,434923.5,993.3,1.376363636,-40.84326611198907,42.21962974798907,42.21962974798907
Moong(Green Gram),2004,Kharif     ,Andhra Pradesh,304051.0,110550.0,781.8,32940885.34,63850.71,0.367727273,22.515387416799527,-22.147660143799527,22.147660143799527
Masoor,2011,Rabi       ,Uttar Pradesh,573244.0,505176.0,777.4,96029834.88,189170.52,1.008888889,13.121972222880316,-12.113083333880317,12.113083333880317
Other  Rabi pulses,2011,Rabi       ,Karnataka,9968.0,8479.0,1178.986364,1669839.36,3289.44,0.808888889,-21.198212472208155,22.007101361208154,22.007101361208154
Moong(Green Gram),2015,Kharif     ,Punjab,6400.0,4290.0,512.6,1010624.0,2112.0,0.699230769,1.444660282218706,-0.745429513218706,0.745429513218706
Cardamom,2009,Whole Year ,Kerala,41593.0,7800.0,2821.5,6481021.26,7070.81,0.057777778,-83.09885752188171,83.15663529988171,83.15663529988171
Other  Rabi pulses,2017,Rabi       ,Assam,14801.0,11766.0,2098.563636,2330269.44,5624.38,0.689259259,-43.99584464411981,44.68510390311981,44.68510390311981
Bajra,2010,Summer     ,Karnataka,1090.0,955.0,1317.7,181059.9,261.6,0.9,-50.08911198457699,50.98911198457699,50.98911198457699
Onion,2005,Whole Year ,Haryana,4044.0,92700.0,516.9,484956.48,849.24,18.03076923,39.054944802153685,-21.024175572153684,21.024175572153684
Sugarcane,2010,Whole Year ,Karnataka,436798.0,42276713.0,1317.7,72556515.78,104831.52,97.33137931,30.187199601764547,67.14417970823546,67.14417970823546
Rice,2019,Autumn     ,Tripura,34235.0,94357.0,2252.8,5880203.6,12666.95,2.6425,10.494686238922895,-7.852186238922895,7.852186238922895
Sannhamp,1999,Rabi       ,West Bengal,107.0,298.0,2318.1,11355.91,28.89,3.6,58.77448824700039,-55.17448824700039,55.17448824700039
Sesamum,2008,Whole Year ,Madhya Pradesh,243804.0,101422.0,895.0,34873724.16,21942.36,0.4182,34.626436839004455,-34.208236839004456,34.208236839004456
Sesamum,2000,Kharif     ,Maharashtra,131600.0,28310.0,1057.8,12919172.0,34216.0,0.2296875,-11.486015751774886,11.715703251774887,11.715703251774887
Wheat,2001,Rabi       ,Sikkim,8710.0,10485.0,2372.5,889552.3,2264.6,1.12,-1.836212828065186,2.956212828065186,2.956212828065186
Maize,2005,Kharif     ,Chhattisgarh,101587.0,109598.0,1292.7,12182313.04,21333.27,1.088125,-67.26881817025031,68.35694317025032,68.35694317025032
Rice,2019,Summer     ,Madhya Pradesh,34311.0,94770.0,1446.7,5893257.36,12695.07,0.8775,19.772934329185944,-18.895434329185942,18.895434329185942
Sannhamp,2003,Whole Year ,West Bengal,1273.0,6669.0,1526.7,126001.54,305.52,5.142857143,111.71906296973887,-106.57620582673887,106.57620582673887
Cashewnut,2002,Whole Year ,Andhra Pradesh,150644.0,19643.0,648.1,14261467.48,37661.0,0.168125,74.16996963262645,-74.00184463262644,74.00184463262644
Groundnut,2000,Kharif     ,Bihar,96.0,106.0,1207.0,9424.32,24.96,1.094,-3.9614509451745903,5.055450945174591,5.055450945174591
Cotton(lint),2006,Kharif     ,West Bengal,5650.0,14678.0,1631.4,721561.5,1243.0,3.898571429,91.89169856933574,-87.99312714033574,87.99312714033574
Moong(Green Gram),2011,Rabi       ,Chhattisgarh,6698.0,1579.0,1302.7,1122048.96,2210.34,0.282727273,-77.58615540998119,77.8688826829812,77.8688826829812
Groundnut,2007,Kharif     ,Kerala,2911.0,2154.0,3489.6,388327.4,465.76,0.87,-97.13598733068307,98.00598733068307,98.00598733068307
Rapeseed &Mustard,2013,Winter     ,Odisha,13442.0,3617.0,1632.4,1942234.58,3629.34,0.231071429,15.723567858073693,-15.492496429073693,15.492496429073693
Cowpea(Lobia),2019,Kharif     ,Telangana,781.0,552.0,1031.7,134144.56,288.97,0.7692,51.996673063648515,-51.22747306364852,51.22747306364852
Maize,2008,Kharif     ,Meghalaya,17117.0,25716.0,3114.3,2448415.68,1540.53,1.545714286,-8.997833626979684,10.543547912979683,10.543547912979683
Soyabean,2016,Kharif     ,Karnataka,317870.0,237281.0,1147.2,48713577.5,111254.5,0.872727273,-26.832302378605505,27.705029651605503,27.705029651605503
other oilseeds,2006,Rabi       ,Uttarakhand,1035.0,540.0,1178.9,132179.85,227.7,0.336666667,-6.099344427159963,6.436011094159963,6.436011094159963
Sannhamp,2008,Kharif     ,Madhya Pradesh,4427.0,1508.0,895.0,633238.08,398.43,0.370454545,-30.286070535708404,30.656525080708406,30.656525080708406
Rice,2006,Summer     ,Kerala,35946.0,103571.0,3429.7,4590663.66,7908.12,2.497857143,-93.0641085140777,95.5619656570777,95.5619656570777
Urad,2005,Rabi       ,Madhya Pradesh,5987.0,2494.0,1032.7,717961.04,1257.27,0.1975,-17.82643970116939,18.023939701169393,18.023939701169393
Dry chillies,2002,Whole Year ,Gujarat,12100.0,10500.0,458.4,1145507.0,3025.0,0.831875,12.549058835052591,-11.717183835052591,11.717183835052591
Castor seed,2015,Kharif     ,Gujarat,713787.0,1410302.0,584.3,112714105.2,235549.71,1.929666667,-1.67405623640866,3.60372290340866,3.60372290340866
Arhar/Tur,2004,Kharif     ,Madhya Pradesh,314422.0,243677.0,895.7,34064479.48,66028.62,0.692291667,-9.502438309471842,10.19472997647184,10.19472997647184
Rice,2006,Winter     ,Bihar,2736591.0,4333716.0,1052.8,349490036.6,602050.02,1.482702703,-3.0786286239348044,4.561331326934805,4.561331326934805
Niger seed,2011,Kharif     ,Karnataka,18547.0,5042.0,1178.986364,3106993.44,6120.51,0.268846154,-28.380333720460527,28.649179874460525,28.649179874460525
Dry chillies,2004,Kharif     ,Andhra Pradesh,186120.0,599570.0,781.8,20164240.8,39085.2,2.911363636,0.4294767916438218,2.481886844356178,2.481886844356178
Barley,2006,Rabi       ,Bihar,18663.0,19921.0,1052.8,2383451.73,4105.86,1.116666667,-5.928539295977487,7.045205962977487,7.045205962977487
Cotton(lint),2019,Kharif     ,Tripura,760.0,1138.0,2252.8,130537.6,281.2,1.3975,7.632916554386526,-6.235416554386526,6.235416554386526
Dry chillies,2016,Whole Year ,Gujarat,7349.0,7595.0,710.5,1126234.25,2572.15,1.154666667,28.558607603589223,-27.403940936589223,27.403940936589223
Bajra,2003,Rabi       ,Karnataka,117.0,105.0,867.6,11580.66,28.08,0.9,-51.63534417983425,52.53534417983425,52.53534417983425
Arecanut,2000,Whole Year ,Puducherry,65.0,130.0,1434.5875,6381.05,16.9,2.0,110.58608285883588,-108.58608285883588,108.58608285883588
Garlic,2019,Rabi       ,Odisha,13500.0,49530.0,1593.9,2318760.0,4995.0,4.251428571,-6.716150089376924,10.967578660376924,10.967578660376924
Linseed,2005,Rabi       ,Chhattisgarh,70816.0,17495.0,1292.7,8492254.72,14871.36,0.244666667,-71.21860276564789,71.46326943264789,71.46326943264789
Masoor,2019,Rabi       ,Meghalaya,1260.0,1400.0,3844.4,216417.6,466.2,1.322857143,2.680125067893613,-1.3572679248936128,1.3572679248936128
Cotton(lint),1998,Summer     ,Puducherry,453.0,372.0,1434.5875,44756.4,131.37,0.84,63.16871011319658,-62.32871011319658,62.32871011319658
Turmeric,2011,Rabi       ,Uttar Pradesh,1828.0,5149.0,777.4,306226.56,603.24,2.8475,-15.900761925837742,18.748261925837742,18.748261925837742
Gram,2006,Rabi       ,Uttarakhand,877.0,674.0,1178.9,112001.67,192.94,0.589166667,-4.9383946216075,5.5275612886075,5.5275612886075
Tobacco,2010,Whole Year ,Karnataka,125392.0,136982.0,1317.7,20828865.12,30094.08,1.07,-10.159759501315591,11.229759501315591,11.229759501315591
Guar seed,2005,Whole Year ,Punjab,23900.0,17800.0,566.7,2866088.0,5019.0,0.786666667,20.36846205391295,-19.58179538691295,19.58179538691295
Jowar,2017,Rabi       ,Maharashtra,2898855.0,1842436.0,1129.5,456395731.2,1101564.9,0.785384615,-3.6636392146200194,4.449023829620019,4.449023829620019
Oilseeds total,2010,Whole Year ,Arunachal Pradesh,31854.0,29251.0,2574.1,5291267.94,7644.96,1.085625,2.9480028344161155,-1.8623778344161155,1.8623778344161155
Potato,2008,Kharif     ,Karnataka,67728.0,128436.0,1164.1,9687813.12,6095.52,2.449411765,-39.74087398632972,42.19028575132972,42.19028575132972
Dry chillies,1999,Whole Year ,Andhra Pradesh,267789.0,496115.0,650.4,28420446.57,72303.03,1.692727273,44.72918470824949,-43.03645743524949,43.03645743524949
Ginger,2010,Rabi       ,Jammu and Kashmir,2.0,2.0,1352.0,332.22,0.48,0.9,-9.53246456860785,10.43246456860785,10.43246456860785
Rapeseed &Mustard,2017,Rabi       ,West Bengal,616798.0,738372.0,1830.0,97108677.12,234383.24,0.965909091,100.8349419404233,-99.8690328494233,99.8690328494233
Arhar/Tur,2009,Kharif     ,Manipur,168.0,149.0,992.5,26177.76,28.56,0.77875,-7.5283768967724995,8.3071268967725,8.3071268967725
Rice,2011,Kharif     ,Puducherry,4237.0,12794.0,1434.5875,709782.24,1398.21,3.046666667,108.41570308809239,-105.36903642109239,105.36903642109239
Bajra,2009,Kharif     ,Karnataka,304229.0,130201.0,1321.0,47404962.78,51718.93,0.446666667,-41.22308905133363,41.66975571833363,41.66975571833363
Sunflower,2010,Rabi       ,Maharashtra,138800.0,89800.0,1389.0,23056068.0,33312.0,0.63047619,2.6212985394508053,-1.9908223494508053,1.9908223494508053
Other  Rabi pulses,2004,Rabi       ,Assam,78945.0,45468.0,2536.9,8552901.3,16578.45,0.560714286,-54.90105813685096,55.46177242285096,55.46177242285096
Jute,2013,Kharif     ,Meghalaya,6500.0,65542.0,2448.4,939185.0,1755.0,9.706,-0.6980862341160048,10.404086234116004,10.404086234116004
Ragi,2012,Kharif     ,Madhya Pradesh,415.0,127.0,1049.5,62582.0,128.65,0.194,3.1662380674841017,-2.972238067484102,2.972238067484102
Onion,2013,Whole Year ,Uttarakhand,2359.0,12452.0,1735.4,340851.91,636.93,5.754166667,50.15969347966718,-44.40552681266718,44.40552681266718
Niger seed,2018,Rabi       ,Andhra Pradesh,5797.0,1843.0,1220.5,940273.4,2028.95,0.285,51.04947340512598,-50.76447340512598,50.76447340512598
Castor seed,1998,Kharif     ,Andhra Pradesh,203700.0,45500.0,1048.3,20125560.0,59073.0,0.266,22.439190054286442,-22.173190054286444,22.173190054286444
Potato,1999,Whole Year ,Odisha,8740.0,91050.0,1484.3,927576.2,2359.8,9.781851852,46.011249773930786,-36.22939792193078,36.22939792193078
Tobacco,1999,Whole Year ,Karnataka,75372.0,44519.0,1203.8,7999230.36,20350.44,0.590666667,-21.860147950573122,22.450814617573123,22.450814617573123
Banana,2018,Whole Year ,Andhra Pradesh,59098.0,6223680.0,1220.5,9585695.6,20684.3,126.3876923,101.90949294818165,24.478199351818347,24.478199351818347
Maize,2010,Kharif     ,Karnataka,1139899.0,3908386.0,1317.7,189348622.9,273575.76,3.354285714,-34.71863846527151,38.07292417927151,38.07292417927151
Ragi,2004,Kharif     ,Bihar,15570.0,10512.0,1147.8,1686853.8,3269.7,0.655357143,-1.6885884875694046,2.3439456305694044,2.3439456305694044
Maize,2017,Kharif     ,Gujarat,302790.0,469550.0,814.8,47671257.6,115060.2,1.676363636,14.62240534013813,-12.94604170413813,12.94604170413813
Tapioca,2007,Kharif     ,Mizoram,63.0,82.0,3095.2,8404.2,10.08,1.3,-40.751906266716105,42.0519062667161,42.0519062667161
Small millets,2008,Rabi       ,West Bengal,1500.0,1751.0,1560.1,214560.0,135.0,1.27,81.79694495985075,-80.52694495985075,80.52694495985075
Groundnut,2017,Kharif     ,Puducherry,2.0,6.0,1582.4,314.88,0.76,3.0,97.97235886884484,-94.97235886884484,94.97235886884484
Tobacco,1999,Whole Year ,West Bengal,11442.0,6694.0,2318.1,1214339.46,3089.34,0.592,109.99626785093943,-109.40426785093943,109.40426785093943
Rice,2000,Kharif     ,Himachal Pradesh,81519.0,124893.0,1068.4,8002720.23,21194.94,1.55,13.17811655096446,-11.62811655096446,11.62811655096446
Urad,2001,Rabi       ,Puducherry,811.0,267.0,1434.5875,82827.43,210.86,0.423333333,65.61115590264976,-65.18782256964975,65.18782256964975
Barley,2001,Kharif     ,Delhi,122.0,60.0,611.9,12459.86,31.72,0.49,-4.789425960561374,5.279425960561374,5.279425960561374
Coconut ,2017,Whole Year ,Puducherry,1910.0,20895000.0,1582.4,300710.4,725.8,11820.71,9051.674291484374,2769.0357085156247,2769.0357085156247
Rapeseed &Mustard,2004,Rabi       ,Punjab,60000.0,62000.0,366.4,6500400.0,12600.0,1.081176471,-0.6650534178978944,1.7462298888978944,1.7462298888978944
Sunflower,2012,Kharif     ,Uttarakhand,3.0,3.0,1309.8,452.4,0.93,1.0,-3.4092038803689206,4.409203880368921,4.409203880368921
Tapioca,2016,Whole Year ,Kerala,68664.0,2529729.0,2924.3,10522758.0,24032.4,36.88928571,-56.756870916183686,93.64615662618368,93.64615662618368
Wheat,2009,Rabi       ,Sikkim,5200.0,4720.0,2176.6,810264.0,884.0,0.93,5.101814282992763,-4.171814282992763,4.171814282992763
Onion,2010,Whole Year ,Haryana,2150.0,43800.0,639.2,357136.5,516.0,19.95642857,44.990299011760754,-25.033870441760754,25.033870441760754
Bajra,2002,Kharif     ,Punjab,7000.0,6000.0,301.8,662690.0,1750.0,0.9,-10.362026361872125,11.262026361872126,11.262026361872126
Cardamom,2002,Whole Year ,Karnataka,19405.0,1103.0,860.8,1837071.35,4851.25,0.062857143,-22.40109964633831,22.463956789338308,22.463956789338308
Soyabean,2009,Whole Year ,Madhya Pradesh,5439849.0,6419022.0,904.1,847637271.2,924774.33,1.0138,12.273749354581895,-11.259949354581895,11.259949354581895
Moong(Green Gram),2013,Summer     ,Gujarat,31505.0,16604.0,1006.5,4552157.45,8506.35,0.5245,-12.507600459898185,13.032100459898185,13.032100459898185
Horse-gram,2000,Kharif     ,Odisha,75996.0,14594.0,1066.0,7460527.32,19758.96,0.217931034,-6.945196751180788,7.163127785180788,7.163127785180788
Gram,2005,Rabi       ,Haryana,129782.0,72000.0,516.9,15563457.44,27254.22,0.48,-6.076948716457565,6.5569487164575655,6.5569487164575655
Potato,2012,Kharif     ,Karnataka,27314.0,174423.0,956.2,4118951.2,8467.34,7.302,-36.67459967634525,43.97659967634525,43.97659967634525
Tobacco,2004,Whole Year ,Kerala,40.0,223.0,2880.2,4333.6,8.4,5.58,-85.83609546124205,91.41609546124205,91.41609546124205
Wheat,2014,Rabi       ,Maharashtra,1067300.0,1307700.0,1001.6,161119608.0,352209.0,1.20137931,15.945319695468498,-14.743940385468498,14.743940385468498
Arecanut,1997,Whole Year ,West Bengal,8058.0,12423.0,1852.9,766879.86,2497.98,1.691764706,117.61245010526193,-115.92068539926193,115.92068539926193
Gram,2012,Rabi       ,Manipur,710.0,604.0,1176.7,107068.0,220.1,0.846666667,-3.717317093395934,4.563983760395934,4.563983760395934
Ragi,2006,Kharif     ,Uttarakhand,125640.0,171181.0,1178.9,16045484.4,27640.8,1.390909091,-3.9123845156790082,5.303293606679008,5.303293606679008
Small millets,2006,Kharif     ,Andhra Pradesh,33676.0,17007.0,845.2,4300761.96,7408.72,0.5475,29.24887896631077,-28.70137896631077,28.70137896631077
Mesta,2016,Kharif     ,Tripura,583.0,4961.0,2475.3,89344.75,204.05,8.505,6.415144504569298,2.0898554954307027,2.0898554954307027
Maize,1997,Rabi       ,Karnataka,48844.0,98932.0,1266.7,4648483.48,15141.64,1.98,-44.529992716228776,46.50999271622877,46.50999271622877
Horse-gram,2006,Summer     ,Odisha,197.0,25.0,1716.9,25158.87,43.34,0.242857143,-7.957568879706372,8.200426022706372,8.200426022706372
Linseed,2014,Rabi       ,Telangana,45.0,18.0,746.4,6793.2,14.85,0.4,46.97133687223675,-46.57133687223675,46.57133687223675
Rice,2014,Rabi       ,Puducherry,9006.0,26378.0,1330.0,1359545.76,2971.98,3.506666667,107.45721664912736,-103.95054998212736,103.95054998212736
Arhar/Tur,2000,Kharif     ,Madhya Pradesh,308981.0,206397.0,723.3,30332664.77,80335.06,0.632222222,-14.589856941258375,15.222079163258375,15.222079163258375
Sunflower,2014,Rabi       ,Bihar,11645.0,16642.0,1061.0,1757929.2,3842.85,1.402173913,-2.614033575387367,4.0162074883873675,4.0162074883873675
Dry chillies,2002,Whole Year ,Madhya Pradesh,43928.0,31627.0,800.8,4158663.76,10982.0,0.528666667,6.873848606289272,-6.345181939289272,6.345181939289272
Other  Rabi pulses,2015,Rabi       ,Mizoram,1277.0,2038.0,2310.8,201651.07,421.41,1.545,-16.163602371759822,17.708602371759824,17.708602371759824
Rapeseed &Mustard,2008,Rabi       ,Haryana,513982.0,894900.0,715.6,73519985.28,46258.38,1.947619048,-4.433899049245298,6.381518097245298,6.381518097245298
Tobacco,1999,Whole Year ,Uttar Pradesh,19468.0,133250.0,883.4,2066138.84,5256.36,6.125365854,26.848390825645623,-20.72302497164562,20.72302497164562
Wheat,2005,Rabi       ,Himachal Pradesh,358453.0,365885.0,1248.1,42985683.76,75275.13,1.075833333,5.006784946812019,-3.9309516138120184,3.9309516138120184
Wheat,2010,Rabi       ,Maharashtra,1306600.0,2300800.0,1389.0,217039326.0,313584.0,1.709333333,12.215686354369694,-10.506353021369694,10.506353021369694
Groundnut,2018,Kharif     ,Chhattisgarh,23945.0,30721.0,1515.5,3883879.0,8380.75,1.183043478,-52.40819436203469,53.591237840034694,53.591237840034694
Other Cereals,2016,Summer     ,Maharashtra,29240.0,44420.0,1151.1,4481030.0,10234.0,1.669230769,2.2157452677429603,-0.5465144987429604,0.5465144987429604
Barley,2015,Rabi       ,Uttarakhand,18367.0,18061.0,1247.6,2900332.97,6061.11,1.085384615,0.8187131786331463,0.26667143636685364,0.26667143636685364
Turmeric,2005,Whole Year ,Kerala,3384.0,8237.0,3030.9,405809.28,710.64,2.211428571,-84.32998807506851,86.54141664606851,86.54141664606851
Groundnut,2006,Kharif     ,Uttar Pradesh,100483.0,72636.0,590.5,12832683.93,22106.26,0.7936,13.291536920655801,-12.497936920655802,12.497936920655802
Linseed,2013,Rabi       ,Himachal Pradesh,1087.0,273.0,1216.9,157060.63,293.49,0.2275,6.679978333947844,-6.452478333947844,6.452478333947844
Banana,2009,Whole Year ,Karnataka,63981.0,1407316.0,1321.0,9969519.42,10876.77,21.92,18.8170970823804,3.102902917619602,3.102902917619602
Safflower,2002,Rabi       ,Bihar,162.0,132.0,1105.8,15336.54,40.5,0.82,-14.115597192247662,14.935597192247663,14.935597192247663
Ragi,2010,Autumn     ,Odisha,27570.0,19424.0,1291.9,4579652.7,6616.8,0.6125,-4.65681051517609,5.26931051517609,5.26931051517609
Gram,2004,Rabi       ,Madhya Pradesh,2686452.0,2471539.0,895.7,291050209.7,564154.92,0.881458333,-25.797842260774928,26.67930059377493,26.67930059377493
Urad,2009,Autumn     ,Odisha,29523.0,6514.0,1330.3,4600273.86,5018.91,0.26,-15.815614448054362,16.075614448054363,16.075614448054363
Ragi,2000,Kharif     ,Chhattisgarh,11183.0,2630.0,896.4,1097835.11,2907.58,0.213333333,-76.13457184959208,76.34790518259207,76.34790518259207
Khesari,2009,Rabi       ,Chhattisgarh,327479.0,193190.0,956.9,51027777.78,55671.43,0.569333333,-82.29069563653013,82.86002896953013,82.86002896953013
Arhar/Tur,2019,Kharif     ,Nagaland,3210.0,2920.0,1593.0,551349.6,1187.7,0.907272727,12.748953755021006,-11.841681028021005,11.841681028021005
Horse-gram,2000,Kharif     ,Karnataka,161959.0,92938.0,1213.3,15899515.03,42109.34,0.63625,-48.30557024797656,48.94182024797656,48.94182024797656
Potato,2003,Whole Year ,Uttarakhand,16054.0,261765.0,1734.3,1589024.92,3852.96,15.82153846,40.83152792294129,-25.00998946294129,25.00998946294129
Turmeric,2004,Whole Year ,Chhattisgarh,738.0,642.0,1122.8,79954.92,154.98,1.040625,-51.329487976569965,52.37011297656996,52.37011297656996
Urad,2005,Rabi       ,Mizoram,23.0,53.0,2075.4,2758.16,4.83,2.26,-49.375907384352814,51.63590738435281,51.63590738435281
Potato,2015,Kharif     ,Karnataka,31633.0,126990.0,1024.9,4995167.03,10438.89,4.458333333,-33.16702798025642,37.62536131325642,37.62536131325642
Cashewnut,2010,Whole Year ,Karnataka,63448.0,46527.0,1317.7,10539347.28,15227.52,0.712727273,12.037516451828878,-11.324789178828878,11.324789178828878
Mesta,1999,Kharif     ,Odisha,30370.0,129640.0,1484.3,3223168.1,8199.9,3.855555556,1.5592139329880013,2.296341623011999,2.296341623011999
Gram,2009,Rabi       ,West Bengal,21766.0,24150.0,1317.2,3391578.12,3700.22,1.025,92.16127514299947,-91.13627514299947,91.13627514299947
Niger seed,2016,Rabi       ,Andhra Pradesh,5714.0,2230.0,890.0,875670.5,1999.9,0.445,46.85373731841206,-46.40873731841206,46.40873731841206
Rice,2014,Kharif     ,Puducherry,3643.0,11821.0,1330.0,549947.28,1202.19,2.936666667,110.81011864183449,-107.8734519748345,107.8734519748345
Sugarcane,2010,Whole Year ,Maharashtra,964500.0,85691500.0,1389.0,160213095.0,231480.0,73.83961538,62.78075706196245,11.05885831803755,11.05885831803755
Jowar,2009,Rabi       ,Gujarat,51600.0,52900.0,618.0,8040312.0,8772.0,1.084615385,-3.6411652612758587,4.725780646275859,4.725780646275859
Cotton(lint),2001,Kharif     ,Punjab,607000.0,1307000.0,479.3,61992910.0,157820.0,1.896363636,-6.189773770235547,8.086137406235547,8.086137406235547
Cotton(lint),2015,Rabi       ,Karnataka,41696.0,49826.0,1024.9,6584215.36,13759.68,1.213636364,-30.56867828687166,31.78231465087166,31.78231465087166
Arhar/Tur,2018,Kharif     ,Telangana,295753.0,191176.0,1350.3,47971136.6,103513.55,0.7115625,54.412609765785646,-53.70104726578565,53.70104726578565
Arecanut,2019,Kharif     ,Andhra Pradesh,1096.0,10418.0,899.2,188248.96,405.52,7.253333333,34.327758046852324,-27.074424713852324,27.074424713852324
Peas & beans (Pulses),2012,Rabi       ,Nagaland,7020.0,7340.0,1296.6,1058616.0,2176.2,1.044545455,3.8948107459425216,-2.850265290942522,2.850265290942522
Jowar,2005,Kharif     ,Haryana,89191.0,26000.0,516.9,10695784.72,18730.11,0.223076923,-8.926409683245538,9.149486606245539,9.149486606245539
Turmeric,2005,Kharif     ,Himachal Pradesh,147.0,89.0,1248.1,17628.24,30.87,0.587142857,-30.420118487181753,31.007261344181753,31.007261344181753
Ragi,2008,Rabi       ,West Bengal,972.0,802.0,1560.1,139034.88,87.48,0.83,91.378466163226,-90.548466163226,90.548466163226
Linseed,2016,Rabi       ,Maharashtra,14203.0,3354.0,1151.1,2176609.75,4971.05,0.339333333,16.230474378785175,-15.891141045785174,15.891141045785174
Moong(Green Gram),2008,Kharif     ,Uttar Pradesh,30518.0,11286.0,891.6,4365294.72,2746.62,0.382,4.323715076478351,-3.9417150764783506,3.9417150764783506
Moong(Green Gram),1999,Rabi       ,Andhra Pradesh,138055.0,36027.0,650.4,14651777.15,37274.85,0.335263158,14.370714946223643,-14.035451788223643,14.035451788223643
Sugarcane,2008,Whole Year ,West Bengal,17557.0,1638267.0,1560.1,2511353.28,1580.13,98.52,163.33392143482976,-64.81392143482977,64.81392143482977
Dry chillies,2006,Whole Year ,Arunachal Pradesh,1903.0,2729.0,1940.0,243032.13,418.66,1.566875,-4.172144395381139,5.739019395381138,5.739019395381138
Sugarcane,2012,Whole Year ,Chhattisgarh,9227.0,25800.0,1366.8,1391431.6,2860.37,3.100434783,8.254019346987349,-5.153584563987349,5.153584563987349
Ginger,2004,Whole Year ,Chhattisgarh,1330.0,1318.0,1122.8,144092.2,279.3,1.12375,-32.959648805606605,34.083398805606606,34.083398805606606
Onion,2014,Kharif     ,Karnataka,165553.0,850280.0,1238.5,24991880.88,54632.49,5.48,-34.70215610413803,40.18215610413803,40.18215610413803
Masoor,2018,Rabi       ,Chhattisgarh,12585.0,4588.0,1515.5,2041287.0,4404.75,0.375,-56.35358557100062,56.72858557100062,56.72858557100062
Turmeric,1998,Whole Year ,Meghalaya,1375.0,6997.0,6552.7,135850.0,398.75,5.624285714,20.63002968205774,-15.00574396805774,15.00574396805774
Banana,2003,Whole Year ,Karnataka,33220.0,431463.0,867.6,3288115.6,7972.8,14.36222222,10.097941835800555,4.264280384199445,4.264280384199445
Rice,2000,Kharif     ,Arunachal Pradesh,118601.0,132690.0,2157.7,11643060.17,30836.26,1.066153846,-6.586289221746256,7.652443067746256,7.652443067746256
Peas & beans (Pulses),2002,Kharif     ,Himachal Pradesh,6285.0,12057.0,890.8,595000.95,1571.25,1.156363636,-2.1534047978557567,3.3097684338557567,3.3097684338557567
Onion,2019,Rabi       ,Tamil Nadu,22663.0,159883.0,910.1,3892596.88,8385.31,7.237407407,42.73295689280273,-35.495549485802734,35.495549485802734
Maize,1997,Kharif     ,Meghalaya,17175.0,24878.0,3818.2,1634544.75,5324.25,1.444285714,-15.663266941921108,17.107552655921108,17.107552655921108
Other Cereals,2019,Rabi       ,Jammu and Kashmir,5834.0,1093.0,1324.1,1002047.84,2158.58,0.22,8.147836408503451,-7.927836408503452,7.927836408503452
Sesamum,1999,Kharif     ,Meghalaya,1304.0,680.0,6200.3,138393.52,352.08,0.588571429,-12.177765985223289,12.766337414223289,12.766337414223289
Horse-gram,2014,Kharif     ,Himachal Pradesh,1472.0,607.0,1019.9,222213.12,485.76,0.375,1.4848446471345085,-1.1098446471345085,1.1098446471345085
Coconut ,2008,Whole Year ,Tamil Nadu,389429.0,5362000000.0,1201.9,55703924.16,35048.61,13834.07258,8086.986168562148,5747.086411437852,5747.086411437852
Gram,1999,Rabi       ,Tamil Nadu,8283.0,5374.0,922.8,879074.79,2236.41,0.514615385,32.10737660171799,-31.59276121671799,31.59276121671799
Soyabean,2017,Kharif     ,Jharkhand,1923.0,1536.0,1165.7,302757.12,730.74,0.857692308,9.60048600410147,-8.742793696101469,8.742793696101469
Other  Rabi pulses,1998,Rabi       ,Bihar,564333.0,477621.0,1332.5,55756100.4,163656.57,0.799056604,-2.239952017946564,3.039008621946564,3.039008621946564
Potato,2013,Whole Year ,Telangana,3512.0,47411.0,1348.7,507448.88,948.24,14.71,95.75100410573718,-81.04100410573719,81.04100410573719
Small millets,2016,Kharif     ,Karnataka,21081.0,6746.0,1147.2,3230663.25,7378.35,0.392941176,-33.69274375833467,34.08568493433467,34.08568493433467
Rice,2003,Winter     ,Bihar,2907199.0,4589705.0,1353.9,287754557.0,697727.76,1.456315789,-5.4330575478139735,6.889373336813973,6.889373336813973
Tobacco,2009,Whole Year ,Bihar,9040.0,16878.0,889.3,1408612.8,1536.8,1.897,21.439022355407076,-19.542022355407077,19.542022355407077
Cotton(lint),2014,Whole Year ,Chhattisgarh,59.0,75.0,1274.7,8906.64,19.47,0.976666667,-9.784918828903471,10.761585495903471,10.761585495903471
Sesamum,2018,Kharif     ,Andhra Pradesh,16598.0,4489.0,1220.5,2692195.6,5809.3,0.234166667,41.3104278254859,-41.076261158485906,41.076261158485906
Dry chillies,2014,Rabi       ,Andhra Pradesh,25643.0,125104.0,687.6,3871067.28,8462.19,3.715384615,7.888164978764792,-4.172780363764792,4.172780363764792
Ragi,2002,Autumn     ,Jharkhand,26659.73,32959.0,1041.2,2523876.639,6664.9325,1.048571429,-22.672356499181404,23.720927928181403,23.720927928181403
Maize,2012,Summer     ,Uttar Pradesh,30649.0,56607.0,746.3,4621869.2,9501.19,1.849677419,9.493339957600256,-7.643662538600256,7.643662538600256
Sesamum,2014,Winter     ,Odisha,17919.0,4546.0,1536.9,2705052.24,5913.27,0.2695,2.016179171600072,-1.746679171600072,1.746679171600072
Other  Rabi pulses,2002,Rabi       ,Meghalaya,2074.0,1615.0,4355.3,196345.58,518.5,0.758571429,-0.964018543538856,1.7225899725388558,1.7225899725388558
Cowpea(Lobia),2015,Kharif     ,Tripura,4315.0,3356.0,2334.4,681381.65,1423.95,0.77625,0.9075876401243193,-0.13133764012431925,0.13133764012431925
Onion,2008,Kharif     ,Andhra Pradesh,26723.0,439644.0,944.6,3822457.92,2405.07,15.30888889,33.269854347584214,-17.960965457584216,17.960965457584216
Sunflower,2019,Kharif     ,Maharashtra,19230.0,6780.0,1555.8,3302944.8,7115.1,0.346818182,16.98479355475257,-16.63797537275257,16.63797537275257
Small millets,2019,Kharif     ,Arunachal Pradesh,26790.0,27460.0,2433.3,4601450.4,9912.3,1.0152,-13.204178717020255,14.219378717020255,14.219378717020255
Wheat,2002,Rabi       ,Maharashtra,759800.0,983900.0,967.4,71930266.0,189950.0,1.234333333,4.484161847274066,-3.2498285142740664,3.2498285142740664
Sesamum,2016,Autumn     ,West Bengal,1374.0,1143.0,1795.8,210565.5,480.9,0.781111111,74.99946712924395,-74.21835601824395,74.21835601824395
Maize,2001,Rabi       ,Uttarakhand,125.0,183.0,1541.3,12766.25,32.5,1.1,-7.398793417076433,8.498793417076433,8.498793417076433
Sugarcane,2007,Whole Year ,Karnataka,307084.0,26028309.0,1323.3,40965005.6,49133.44,83.41653846,30.46416847533885,52.952369984661146,52.952369984661146
Castor seed,2002,Kharif     ,Assam,1577.0,651.0,1973.6,149294.59,394.25,0.428571429,-76.36658462652576,76.79515605552577,76.79515605552577
Onion,1997,Whole Year ,Gujarat,20900.0,615900.0,798.9,1989053.0,6479.0,30.12733333,36.13045666580277,-6.003123335802769,6.003123335802769
Safflower,2015,Rabi       ,Bihar,106.0,85.0,874.0,16738.46,34.98,0.933333333,-2.3129715981352774,3.2463049311352776,3.2463049311352776
Soyabean,1999,Kharif     ,Mizoram,1121.0,1449.0,2535.9,118971.73,302.67,1.3375,-39.9616877712331,41.2991877712331,41.2991877712331
Moong(Green Gram),2014,Kharif     ,Uttarakhand,17.0,10.0,1287.4,2566.32,5.61,0.843333333,-6.259505349940866,7.102838682940867,7.102838682940867
Arecanut,2009,Whole Year ,Karnataka,195802.0,1243385.0,1321.0,30509867.64,33286.34,6.21047619,0.7898200941162372,5.420656095883762,5.420656095883762
Soyabean,2016,Kharif     ,Chhattisgarh,96241.0,76127.0,1298.9,14748933.25,33684.35,1.375333333,-58.6993338872538,60.0746672202538,60.0746672202538
Other Kharif pulses,2007,Kharif     ,Delhi,391.0,587.0,677.5,52159.4,62.56,1.5,7.059486959220777,-5.559486959220777,5.559486959220777
Other Cereals,2017,Kharif     ,Uttarakhand,581.0,315.0,1475.8,91472.64,220.78,0.571666667,5.64371032939178,-5.07204366239178,5.07204366239178
Rapeseed &Mustard,2004,Rabi       ,Maharashtra,8600.0,2500.0,1052.0,931724.0,1806.0,0.332592593,4.111329300847672,-3.7787367078476715,3.7787367078476715
Rapeseed &Mustard,2000,Rabi       ,Sikkim,5760.0,3938.0,2504.8,565459.2,1497.6,0.6525,-9.870545035767748,10.523045035767748,10.523045035767748
Groundnut,2018,Winter     ,Odisha,1977.0,2669.0,1635.9,320669.4,691.95,1.4975,20.545969750427275,-19.048469750427277,19.048469750427277
Sugarcane,2015,Whole Year ,Andhra Pradesh,121685.0,9353418.0,940.7,19215278.35,40156.05,85.06461538,115.65843277189677,-30.593817391896764,30.593817391896764
Castor seed,1999,Rabi       ,Odisha,9720.0,4800.0,1484.3,1031583.6,2624.4,0.649230769,-9.326322642304433,9.975553411304434,9.975553411304434
Castor seed,2002,Kharif     ,Gujarat,242200.0,283100.0,458.4,22929074.0,60550.0,1.162941176,-13.293964836739946,14.456906012739946,14.456906012739946
Peas & beans (Pulses),2014,Rabi       ,Uttarakhand,5572.0,5393.0,1287.4,841149.12,1838.76,0.733333333,4.648506833000425,-3.9151735000004253,3.9151735000004253
Groundnut,2016,Autumn     ,West Bengal,2243.0,2162.0,1795.8,343739.75,785.05,1.141818182,88.69859596438269,-87.5567777823827,87.5567777823827
Other  Rabi pulses,2009,Rabi       ,Manipur,8993.0,7851.0,992.5,1401289.26,1528.81,0.817777778,1.5744114181730993,-0.7566336401730993,0.7566336401730993
Moong(Green Gram),2012,Rabi       ,West Bengal,1941.0,1513.0,1566.0,292702.8,601.71,0.701818182,83.440979225674,-82.739161043674,82.739161043674
Groundnut,1997,Winter     ,Odisha,8157.0,8905.0,1496.6,776301.69,2528.67,0.884782609,-1.8974170727419732,2.7821996817419734,2.7821996817419734
Moong(Green Gram),2005,Rabi       ,Assam,7512.0,3428.0,2184.6,900839.04,1577.52,0.44037037,-78.85330451065286,79.29367488065286,79.29367488065286
Bajra,2015,Kharif     ,Jammu and Kashmir,8897.0,5305.0,1572.6,1404925.27,2936.01,0.604,4.242287240333013,-3.638287240333013,3.638287240333013
Other  Rabi pulses,2014,Rabi       ,Gujarat,17474.0,13358.0,605.6,2637875.04,5766.42,0.693888889,17.70049360453106,-17.00660471553106,17.00660471553106
Ginger,2000,Kharif     ,Puducherry,227.0,117.0,1434.5875,22284.59,59.02,0.54,65.13752534572012,-64.59752534572011,64.59752534572011
Small millets,2001,Kharif     ,West Bengal,4610.0,3125.0,1556.6,470819.3,1198.6,0.796666667,77.91096394872974,-77.11429728172975,77.11429728172975
Jowar,2002,Rabi       ,Maharashtra,3086000.0,1454200.0,967.4,292151620.0,771500.0,0.691428571,-24.893724660987374,25.585153231987373,25.585153231987373
Castor seed,2001,Kharif     ,Gujarat,304700.0,465100.0,666.5,31119011.0,79222.0,1.58,-13.356737799669645,14.936737799669645,14.936737799669645
Ragi,2012,Kharif     ,Gujarat,17300.0,16500.0,460.6,2608840.0,5363.0,0.976,6.937292360455842,-5.961292360455842,5.961292360455842
Cotton(lint),2019,Kharif     ,Madhya Pradesh,650305.0,838905.0,1446.7,111696386.8,240612.85,0.826666667,8.30883834290961,-7.48217167590961,7.48217167590961
Tobacco,2015,Rabi       ,Uttar Pradesh,31216.0,137979.0,596.7,4929318.56,10301.28,4.409473684,-12.687168439395748,17.096642123395746,17.096642123395746
Castor seed,2011,Kharif     ,Meghalaya,30.0,16.0,4083.104545,5025.6,9.9,0.66,-9.774982167592043,10.434982167592043,10.434982167592043
Linseed,2018,Rabi       ,Chhattisgarh,16055.0,4351.0,1515.5,2604121.0,5619.25,0.2804,-56.08666971933968,56.36706971933968,56.36706971933968
Garlic,2007,Kharif     ,Jammu and Kashmir,103.0,78.0,1042.2,13740.2,16.48,0.75,-25.2218134254839,25.9718134254839,25.9718134254839
Rice,2002,Summer     ,Maharashtra,26500.0,61100.0,967.4,2508755.0,6625.0,2.288,10.035777925804865,-7.747777925804865,7.747777925804865
Arhar/Tur,2011,Kharif     ,Himachal Pradesh,12.0,4.0,1108.3,2010.24,3.96,0.433333333,4.9321733025401215,-4.498839969540121,4.498839969540121
Onion,2018,Rabi       ,Andhra Pradesh,5021.0,299805.0,1220.5,814406.2,1757.35,80.268,42.167548961122066,38.100451038877935,38.100451038877935
Groundnut,2002,Summer     ,Maharashtra,67800.0,113800.0,967.4,6418626.0,16950.0,1.725806452,-7.806022328183332,9.531828780183332,9.531828780183332
Cardamom,2018,Whole Year ,Tamil Nadu,3838.0,347.0,986.2,622523.6,1343.3,0.08,71.76603680886329,-71.68603680886329,71.68603680886329
Arecanut,2013,Kharif     ,Andhra Pradesh,476.0,255.0,1062.3,68777.24,128.52,1.705,29.24980463193657,-27.54480463193657,27.54480463193657
Rice,2015,Autumn     ,Jharkhand,145866.0,88110.0,1085.6,23033700.06,48135.78,0.606956522,9.204252209735074,-8.597295687735073,8.597295687735073
Peas & beans (Pulses),1999,Rabi       ,Punjab,4300.0,2800.0,364.4,456359.0,1161.0,0.628333333,-4.9512548911999374,5.579588224199938,5.579588224199938
Wheat,2010,Rabi       ,Himachal Pradesh,346936.0,534707.0,1319.8,57629538.96,83264.64,1.539166667,10.807148506853508,-9.267981839853508,9.267981839853508
Urad,2003,Kharif     ,Maharashtra,600700.0,359200.0,1037.4,59457286.0,144168.0,0.595757576,-9.599448595274396,10.195206171274396,10.195206171274396
Groundnut,2019,Rabi       ,Tripura,1160.0,1749.0,2252.8,199241.6,429.2,1.48875,6.837009387572635,-5.348259387572636,5.348259387572636
Cotton(lint),2018,Kharif     ,Maharashtra,4218738.0,6593117.0,1387.4,684279303.6,1476558.3,1.536923077,-2.0910079954424248,3.6279310724424247,3.6279310724424247
Other  Rabi pulses,2016,Rabi       ,West Bengal,387.0,194.0,1795.8,59307.75,135.45,0.562,112.1980705544101,-111.6360705544101,111.6360705544101
Jute,1997,Kharif     ,West Bengal,641574.0,7549700.0,1852.9,61058597.58,198887.94,13.44588235,89.47404856516616,-76.02816621516615,76.02816621516615
Bajra,2010,Kharif     ,Madhya Pradesh,200498.0,384154.0,856.3,33304722.78,48119.52,1.220322581,-10.57889519222033,11.79921777322033,11.79921777322033
Sesamum,2017,Rabi       ,Puducherry,5.0,5.0,1582.4,787.2,1.9,1.0,80.94717097005037,-79.94717097005037,79.94717097005037
Wheat,2007,Rabi       ,Meghalaya,622.0,1120.0,4702.0,82974.8,99.52,1.2425,4.937533715919386,-3.6950337159193865,3.6950337159193865
Rice,2004,Kharif     ,Nagaland,153000.0,259750.0,1711.5,16576020.0,32130.0,1.65625,17.434349388589595,-15.778099388589595,15.778099388589595
Cotton(lint),2015,Kharif     ,West Bengal,451.0,1326.0,1717.0,71217.41,148.83,2.94,101.697551831547,-98.757551831547,98.757551831547
Ragi,2012,Kharif     ,Maharashtra,124500.0,139000.0,1003.4,18774600.0,38595.0,1.117,12.923116831384988,-11.806116831384987,11.806116831384987
Turmeric,2004,Whole Year ,Tamil Nadu,21616.0,118447.0,1034.0,2341877.44,4539.36,5.096071429,58.857502556687095,-53.761431127687096,53.761431127687096
Moong(Green Gram),2006,Summer     ,West Bengal,10532.0,3934.0,1631.4,1345041.72,2317.04,0.403125,69.12738601502258,-68.72426101502258,68.72426101502258
Gram,2015,Rabi       ,Himachal Pradesh,358.0,354.0,1223.2,56531.78,118.14,0.842222222,9.317554802066468,-8.475332580066468,8.475332580066468
Arhar/Tur,2003,Kharif     ,West Bengal,3361.0,3382.0,1526.7,332671.78,806.64,1.016153846,87.95866032755617,-86.94250648155618,86.94250648155618
Jowar,1999,Kharif     ,Uttar Pradesh,358812.0,320643.0,883.4,38080717.56,96879.24,0.864090909,0.12810673094000435,0.7359841780599956,0.7359841780599956
Onion,2015,Whole Year ,Haryana,30645.0,705795.0,426.8,4839151.95,10112.85,23.16333333,48.46325991078393,-25.299926580783932,25.299926580783932
Barley,2019,Rabi       ,Bihar,7449.0,10201.0,1194.7,1279440.24,2756.13,1.295416667,8.385013086882452,-7.089596419882453,7.089596419882453
Tapioca,2000,Whole Year ,Karnataka,1030.0,8018.0,1213.3,101115.1,267.8,9.558571429,-3.012454387719032,12.571025816719033,12.571025816719033
Jute,2001,Kharif     ,Assam,68178.0,674603.0,1824.7,6963019.14,17726.28,9.675652174,-61.1824400491798,70.8580922231798,70.8580922231798
Sesamum,2011,Kharif     ,Uttar Pradesh,344914.0,74778.0,777.4,57779993.28,113821.62,0.212537313,4.7180473064335615,-4.505509993433561,4.505509993433561
Sesamum,2011,Kharif     ,Himachal Pradesh,2876.0,910.0,1108.3,481787.52,949.08,0.317777778,-6.062171837451302,6.379949615451302,6.379949615451302
Sugarcane,1997,Kharif     ,Uttar Pradesh,6719.0,379133.0,473.9,639447.23,2082.89,56.43,20.879681251478885,35.550318748521114,35.550318748521114
Groundnut,2004,Kharif     ,Mizoram,25.0,26.0,2640.8,2708.5,5.25,0.926,-31.709361862845896,32.6353618628459,32.6353618628459
Groundnut,2005,Kharif     ,Himachal Pradesh,63.0,34.0,1248.1,7554.96,13.23,0.6475,2.422947792769861,-1.775447792769861,1.775447792769861
Urad,2009,Kharif     ,Gujarat,97900.0,50500.0,618.0,15254778.0,16643.0,0.610384615,-6.015757041445454,6.626141656445454,6.626141656445454
Sugarcane,2000,Whole Year ,Puducherry,2464.0,200413.0,1434.5875,241890.88,640.64,81.17,147.2548636295212,-66.0848636295212,66.0848636295212
Safflower,2013,Rabi       ,Madhya Pradesh,21.0,11.0,1451.4,3034.29,5.67,0.515,-3.404137596412255,3.9191375964122552,3.9191375964122552
Rapeseed &Mustard,2013,Rabi       ,Tamil Nadu,576.0,140.0,740.9,83226.24,155.52,0.18,45.55220925688123,-45.37220925688123,45.37220925688123
Jowar,2005,Kharif     ,Uttarakhand,3.0,2.0,1353.3,359.76,0.63,0.67,-7.9418771288131325,8.611877128813132,8.611877128813132
Arhar/Tur,2004,Rabi       ,West Bengal,1481.0,1054.0,1612.9,160451.54,311.01,0.778333333,86.23359969243069,-85.45526635943068,85.45526635943068
Maize,2019,Kharif     ,Telangana,390692.0,1893085.0,1031.7,67105257.92,144556.04,5.12125,55.82022220243543,-50.69897220243543,50.69897220243543
Arecanut,2008,Whole Year ,Karnataka,184515.0,1174591.0,1164.1,26393025.6,16606.35,6.214285714,-1.2843208983561567,7.4986066123561566,7.4986066123561566
Tapioca,2001,Whole Year ,Assam,2904.0,13710.0,1824.7,296585.52,755.04,4.384347826,-32.922465071499715,37.30681289749972,37.30681289749972
Ragi,2013,Whole Year ,Kerala,82.0,85.0,3255.4,11848.18,22.14,1.04,-43.15012067267503,44.19012067267503,44.19012067267503
Groundnut,2008,Kharif     ,Uttarakhand,1355.0,1795.0,1363.7,193819.2,121.95,1.043333333,1.4856018397659057,-0.44226850676590557,0.44226850676590557
Ragi,1998,Rabi       ,Andhra Pradesh,15400.0,31200.0,1048.3,1521520.0,4466.0,1.966363636,28.75318895116348,-26.78682531516348,26.78682531516348
Masoor,2019,Kharif     ,Jammu and Kashmir,213.0,122.0,1324.1,36584.88,78.81,1.44,16.600973438325695,-15.160973438325696,15.160973438325696
Sesamum,2016,Kharif     ,Gujarat,128910.0,68799.0,710.5,19755457.5,45118.5,0.540689655,-0.3060012354894468,0.8466908904894468,0.8466908904894468
Other  Rabi pulses,2017,Rabi       ,Maharashtra,101725.0,50909.0,1129.5,16015584.0,38655.5,0.575555556,26.827598298223535,-26.252042742223534,26.252042742223534
Rice,2005,Kharif     ,Delhi,7506.0,21092.0,653.1,900119.52,1576.26,2.81,20.7587916317802,-17.9487916317802,17.9487916317802
Moong(Green Gram),2016,Rabi       ,Andhra Pradesh,102067.0,49549.0,890.0,15641767.75,35723.45,0.458461538,33.635571274120736,-33.177109736120734,33.177109736120734
Linseed,2011,Rabi       ,Jammu and Kashmir,196.0,127.0,887.6,32833.92,64.68,0.77,2.537380860472382,-1.767380860472382,1.767380860472382
Cashewnut,2019,Whole Year ,Karnataka,45546.0,64596.0,1422.3,7822980.96,16852.02,1.41962963,22.076943435465623,-20.657313805465623,20.657313805465623
Rice,2002,Kharif     ,Tamil Nadu,1516537.0,3577108.0,315.9,143570557.8,379134.25,2.884642857,41.82937693961915,-38.94473408261915,38.94473408261915
Soyabean,2019,Kharif     ,Mizoram,1121.0,1827.0,2178.5,192542.96,414.77,1.335,-21.808456130890505,23.143456130890506,23.143456130890506
Banana,2007,Whole Year ,Karnataka,52191.0,922999.0,1323.3,6962279.4,8350.56,19.55793103,16.93291394458791,2.6250170854120896,2.6250170854120896
Urad,2017,Rabi       ,Chhattisgarh,2485.0,738.0,1124.5,391238.4,944.3,0.2795,-70.87092883987535,71.15042883987535,71.15042883987535
Maize,2019,Autumn     ,Bihar,209307.0,434878.0,1194.7,35950570.32,77443.59,2.31625,-2.3298408395291403,4.6460908395291405,4.6460908395291405
Sesamum,2012,Autumn     ,West Bengal,1172.0,716.0,1566.0,176737.6,363.32,0.596,69.41151579464645,-68.81551579464644,68.81551579464644
Soyabean,1997,Kharif     ,West Bengal,1555.0,1172.0,1852.9,147989.35,482.05,1.196666667,84.22925351610704,-83.03258684910703,83.03258684910703
Moong(Green Gram),2003,Rabi       ,Andhra Pradesh,201785.0,68268.0,826.0,19972679.3,48428.4,0.353,19.161243384004223,-18.80824338400422,18.80824338400422
Masoor,2001,Rabi       ,Assam,21308.0,11217.0,1824.7,2176186.04,5540.08,0.511904762,-72.65939400060412,73.17129876260412,73.17129876260412
Small millets,2019,Kharif     ,Puducherry,14.0,17.0,1317.0,2404.64,5.18,1.21,87.38239187430146,-86.17239187430147,86.17239187430147
Horse-gram,2019,Kharif     ,Tamil Nadu,2439.0,1697.0,910.1,418922.64,902.43,0.725,47.0576986031833,-46.332698603183296,46.332698603183296
Horse-gram,2013,Kharif     ,Himachal Pradesh,1750.0,613.0,1216.9,252857.5,472.5,0.352,1.7392959796133596,-1.3872959796133597,1.3872959796133597
Rapeseed &Mustard,2014,Rabi       ,Uttarakhand,14052.0,9963.0,1287.4,2121289.92,4637.16,0.68,4.13090756043519,-3.45090756043519,3.45090756043519
Groundnut,2008,Winter     ,Odisha,2065.0,2289.0,1539.0,295377.6,185.85,1.129545455,9.6742009074255,-8.5446554524255,8.5446554524255
Cotton(lint),2016,Kharif     ,Haryana,571100.0,2046300.0,554.7,87521075.0,199885.0,3.212941176,3.5654104726718288,-0.3524692966718286,0.3524692966718286
Other Kharif pulses,2004,Kharif     ,Nagaland,6630.0,5400.0,1711.5,718294.2,1392.3,0.945,2.477065294163282,-1.532065294163282,1.532065294163282
Jowar,2016,Kharif     ,Telangana,61943.0,54600.0,942.6,9492764.75,21680.05,0.840526316,47.383557759785816,-46.543031443785814,46.543031443785814
Potato,2002,Winter     ,Jharkhand,10525.78,74589.0,1041.2,996475.5926,2631.445,6.716666667,-16.445627141185923,23.16229380818592,23.16229380818592
Ginger,2002,Whole Year ,Chhattisgarh,1382.0,1266.0,1001.4,130833.94,345.5,1.057333333,-35.79634346577245,36.853676798772455,36.853676798772455
Potato,2013,Rabi       ,Nagaland,7040.0,70540.0,1350.9,1017209.6,1900.8,10.01090909,-4.088592271596497,14.099501361596497,14.099501361596497
Small millets,2018,Kharif     ,Bihar,9317.0,6996.0,1521.4,1511217.4,3260.95,0.779166667,5.54825432143906,-4.76908765443906,4.76908765443906
Tobacco,2004,Whole Year ,Mizoram,468.0,317.0,2640.8,50703.12,98.28,0.688571429,-13.39958179232741,14.08815322132741,14.08815322132741
Maize,2007,Rabi       ,Uttar Pradesh,3627.0,10185.0,672.9,483841.8,580.32,2.78,12.591662792098447,-9.811662792098447,9.811662792098447
Jowar,1997,Kharif     ,Gujarat,207800.0,163800.0,798.9,19776326.0,64418.0,0.838666667,-12.341725188905201,13.180391855905201,13.180391855905201
Garlic,2015,Rabi       ,Uttar Pradesh,33599.0,193621.0,596.7,5305618.09,11087.67,5.782931034,-8.734915082553414,14.517846116553415,14.517846116553415
Dry chillies,2013,Kharif     ,Andhra Pradesh,112924.0,521588.0,1062.3,16316388.76,30489.48,4.287272727,12.02852330508287,-7.74125057808287,7.74125057808287
Rapeseed &Mustard,2001,Rabi       ,Puducherry,71.0,530.0,1434.5875,7251.23,18.46,6.345,77.69768504361004,-71.35268504361004,71.35268504361004
Maize,2014,Kharif     ,Mizoram,5553.0,8444.0,2029.9,838280.88,1832.49,1.65875,-25.034455704894327,26.69320570489433,26.69320570489433
Onion,2006,Rabi       ,Puducherry,1.0,4.0,1434.5875,127.71,0.22,4.0,72.893256753968,-68.893256753968,68.893256753968
Other  Rabi pulses,2001,Rabi       ,Odisha,35620.0,21120.0,1672.5,3637870.6,9261.2,0.62,13.369911202664497,-12.749911202664498,12.749911202664498
Cowpea(Lobia),2010,Rabi       ,Mizoram,222.0,310.0,2738.7,36876.42,53.28,1.47,-33.9213030957024,35.3913030957024,35.3913030957024
Linseed,2019,Rabi       ,Nagaland,5860.0,4770.0,1593.0,1006513.6,2168.2,0.811818182,11.73606193185529,-10.92424374985529,10.92424374985529
Groundnut,2000,Kharif     ,Himachal Pradesh,137.0,82.0,1068.4,13449.29,35.62,0.408333333,-3.864368315769525,4.272701648769525,4.272701648769525
Cotton(lint),2007,Kharif     ,Maharashtra,3195400.0,7014900.0,1257.2,426266360.0,511264.0,2.172962963,-13.645263505128668,15.818226468128668,15.818226468128668
Sesamum,2009,Winter     ,West Bengal,1292.0,793.0,1317.2,201319.44,219.64,0.56,78.0063672923635,-77.4463672923635,77.4463672923635
Cotton(lint),2002,Kharif     ,Punjab,449000.0,1083000.0,301.8,42506830.0,112250.0,1.836,-5.351170708589422,7.187170708589422,7.187170708589422
Turmeric,2019,Whole Year ,Assam,16359.0,20885.0,2084.7,2809821.84,6052.83,1.284074074,-30.64559837153945,31.92967244553945,31.92967244553945
Rice,2000,Kharif     ,Tripura,243070.0,547520.0,2437.5,23862181.9,63198.2,2.185,7.875310370157905,-5.6903103701579045,5.6903103701579045
Barley,2011,Rabi       ,Punjab,12000.0,47000.0,705.2,2010240.0,3960.0,3.875,4.979934813274554,-1.1049348132745536,1.1049348132745536
Sesamum,2017,Rabi       ,Andhra Pradesh,26281.0,7927.0,868.2,4137680.64,9986.78,0.325,34.62884099672644,-34.303840996726436,34.303840996726436
Sesamum,2006,Kharif     ,Kerala,732.0,294.0,3429.7,93483.72,161.04,0.397,-112.23778938558002,112.63478938558002,112.63478938558002
Gram,1997,Rabi       ,Bihar,121670.0,91316.0,1303.7,11579333.9,37717.7,0.805471698,-10.318307343482616,11.123779041482615,11.123779041482615
Small millets,2010,Kharif     ,Jammu and Kashmir,3427.0,1332.0,1352.0,569258.97,822.48,0.455714286,-2.6754195223561794,3.1311338083561795,3.1311338083561795
Arecanut,2001,Whole Year ,Meghalaya,11128.0,14101.0,4241.0,1136502.64,2893.28,1.185714286,21.75347430514769,-20.56776001914769,20.56776001914769
Wheat,1997,Rabi       ,Maharashtra,747300.0,670600.0,1156.1,71120541.0,231663.0,0.8476,1.0337374149715401,-0.18613741497154013,0.18613741497154013
Cotton(lint),2011,Rabi       ,Karnataka,71476.0,50923.0,1178.986364,11973659.52,23587.08,1.402857143,-33.818641811158955,35.22149895415895,35.22149895415895
Moong(Green Gram),2015,Rabi       ,Andhra Pradesh,159540.0,118722.0,940.7,25192961.4,52648.2,0.734615385,32.60869733917227,-31.874081954172265,31.874081954172265
Bajra,1999,Kharif     ,Madhya Pradesh,137668.0,138796.0,1222.9,14610704.84,37170.36,0.803947368,-19.063877107920632,19.86782447592063,19.86782447592063
Barley,2005,Kharif     ,Jammu and Kashmir,37.0,10.0,1721.8,4437.04,7.77,0.26,1.8770730302327934,-1.6170730302327934,1.6170730302327934
Wheat,2014,Rabi       ,Uttarakhand,343879.0,662026.0,1287.4,51911973.84,113480.07,1.543076923,10.11741102935531,-8.574334106355309,8.574334106355309
Rice,2011,Summer     ,West Bengal,1221076.0,3875100.0,1686.5,204554651.5,402955.08,3.035,98.47386447813602,-95.43886447813603,95.43886447813603
Moong(Green Gram),2002,Kharif     ,Gujarat,140200.0,32300.0,458.4,13272734.0,35050.0,0.282777778,-16.17502657830221,16.45780435630221,16.45780435630221
Dry chillies,1998,Whole Year ,Haryana,1891.0,1600.0,687.6,186830.8,548.39,0.728888889,6.391233436881095,-5.662344547881094,5.662344547881094
Jowar,2018,Summer     ,Puducherry,1.0,3.0,1693.9,162.2,0.35,3.0,81.56118973267142,-78.56118973267142,78.56118973267142
Sugarcane,2014,Whole Year ,Uttarakhand,100737.0,6108965.0,1287.4,15207257.52,33243.21,63.462,73.25032875295153,-9.788328752951529,9.788328752951529
Niger seed,2017,Rabi       ,Andhra Pradesh,5660.0,2339.0,868.2,891110.4,2150.8,0.49,47.73737132933179,-47.24737132933179,47.24737132933179
Maize,2015,Autumn     ,Jharkhand,118741.0,115121.0,1085.6,18750391.31,39184.53,1.133333333,-7.785936287010344,8.919269620010343,8.919269620010343
Sugarcane,2002,Whole Year ,Uttarakhand,122453.0,7362658.0,1610.3,11592625.51,30613.25,58.185,62.6228456418424,-4.437845641842401,4.437845641842401
Turmeric,2010,Whole Year ,Uttarakhand,191.0,370.0,1419.0,31727.01,45.84,2.015714286,21.739762181875506,-19.724047895875504,19.724047895875504
Urad,2011,Kharif     ,Nagaland,220.0,210.0,1544.354545,36854.4,72.6,0.9875,-4.710812683771735,5.698312683771735,5.698312683771735
Cotton(lint),2013,Kharif     ,Gujarat,2608410.0,10511576.0,1006.5,376889160.9,704270.7,3.703043478,-6.724758502643027,10.427801980643027,10.427801980643027
Maize,2014,Autumn     ,Odisha,89218.0,181982.0,1536.9,13468349.28,29441.94,1.46875,2.456823346014346,-0.988073346014346,0.988073346014346
Soyabean,2016,Kharif     ,Arunachal Pradesh,3098.0,4398.0,2933.7,474768.5,1084.3,2.085263158,-4.432886660871304,6.518149818871304,6.518149818871304
Tobacco,2017,Whole Year ,Kerala,10.0,16.0,2664.8,1574.4,3.8,1.6,-73.92708520936299,75.52708520936298,75.52708520936298
Urad,2018,Kharif     ,Bihar,8180.0,7312.0,1521.4,1326796.0,2863.0,0.892307692,4.772550327681813,-3.880242635681813,3.880242635681813
Barley,2014,Rabi       ,Chhattisgarh,2503.0,2703.0,1274.7,377852.88,825.99,1.163636364,-64.9385184183439,66.1021547823439,66.1021547823439
Ragi,2011,Kharif     ,Maharashtra,130300.0,137800.0,1174.095455,21827856.0,42999.0,1.037272727,13.008047820518442,-11.970775093518442,11.970775093518442
Rapeseed &Mustard,2018,Rabi       ,West Bengal,605933.0,734557.0,2012.6,98282332.6,212076.55,0.98,102.99445896623655,-102.01445896623655,102.01445896623655
Onion,2019,Whole Year ,Uttarakhand,3474.0,56216.0,1378.9,596694.24,1285.38,16.14615385,53.97392394668937,-37.82777009668936,37.82777009668936
Potato,2000,Whole Year ,Odisha,8251.0,85872.0,1066.0,810000.67,2145.26,9.321071429,44.31894110951137,-34.99786968051137,34.99786968051137
Gram,2003,Rabi       ,Delhi,42.0,64.0,962.3,4157.16,10.08,1.52,0.02178175538966798,1.498218244610332,1.498218244610332
Wheat,2001,Rabi       ,Tripura,1220.0,2455.0,2284.4,124598.6,317.2,2.015,-3.109220178060326,5.124220178060327,5.124220178060327
Maize,1997,Summer     ,Uttar Pradesh,10385.0,16398.0,473.9,988340.45,3219.35,1.577936508,-7.517476044256938,9.095412552256938,9.095412552256938
Black pepper,2010,Whole Year ,Assam,3041.0,4589.0,2578.5,505140.51,729.84,1.612222222,-1.7820738670234562,3.394296089023456,3.394296089023456
Sesamum,2015,Kharif     ,Jammu and Kashmir,3739.0,1534.0,1572.6,590425.49,1233.87,0.436666667,1.0859302463303777,-0.6492635793303777,0.6492635793303777
Rice,2014,Kharif     ,Manipur,224380.0,501980.0,987.5,33872404.8,74045.4,2.073333333,16.55068320157872,-14.47734986857872,14.47734986857872
Masoor,2004,Rabi       ,Uttarakhand,11803.0,7001.0,1219.6,1278737.02,2478.63,0.604615385,-7.6234904677433235,8.228105852743324,8.228105852743324
Urad,2017,Rabi       ,Tripura,2482.0,1765.0,3326.8,390766.08,943.16,0.70125,0.0699457715877827,0.6313042284122173,0.6313042284122173
Small millets,2017,Kharif     ,Puducherry,5.0,8.0,1582.4,787.2,1.9,1.6,87.06003444457598,-85.46003444457598,85.46003444457598
Ginger,2013,Whole Year ,Haryana,625.0,8961.0,452.2,90306.25,168.75,14.50666667,41.928110901905825,-27.421444231905824,27.421444231905824
Wheat,2003,Rabi       ,Punjab,3444000.0,14489000.0,451.7,340887120.0,826560.0,4.166470588,-17.251878308536533,21.418348896536532,21.418348896536532
Safflower,2014,Rabi       ,West Bengal,486.0,421.0,1483.5,73366.56,160.38,0.847142857,90.14003339307507,-89.29289053607508,89.29289053607508
Wheat,2008,Rabi       ,Tripura,635.0,1195.0,1827.8,90830.4,57.15,1.905,1.09244274105734,0.81255725894266,0.81255725894266
Onion,2018,Kharif     ,Puducherry,1.0,3.0,1693.9,162.2,0.35,3.0,90.18520159478825,-87.18520159478825,87.18520159478825
Rapeseed &Mustard,1999,Rabi       ,Andhra Pradesh,2942.0,646.0,650.4,312234.46,794.34,0.214,28.993408795452737,-28.77940879545274,28.77940879545274
Maize,1997,Rabi       ,Mizoram,120.0,243.0,2644.2,11420.4,37.2,2.15,-41.73580455412622,43.88580455412622,43.88580455412622
Rice,2019,Rabi       ,Mizoram,468.0,978.0,2178.5,80383.68,173.16,2.135,-5.110123156709989,7.2451231567099885,7.2451231567099885
Sugarcane,2004,Whole Year ,Nagaland,2770.0,138750.0,1711.5,300101.8,581.7,33.995,68.55946138250837,-34.56446138250838,34.56446138250838
Sugarcane,2016,Whole Year ,Madhya Pradesh,91930.0,4726000.0,1048.4,14088272.5,32175.5,30.362,74.99678281045746,-44.634782810457466,44.634782810457466
Sunflower,2007,Rabi       ,Haryana,8655.0,16200.0,443.8,1154577.0,1384.8,1.3925,-12.507600282244027,13.900100282244027,13.900100282244027
Safflower,2016,Rabi       ,Madhya Pradesh,29480.0,14770.0,1048.4,4517810.0,10318.0,0.666666667,-3.1105074524146232,3.777174119414623,3.777174119414623
Sesamum,2011,Summer     ,West Bengal,180090.0,165983.0,1686.5,30168676.8,59429.7,0.814705882,73.38089228708193,-72.56618640508194,72.56618640508194
Wheat,2016,Whole Year ,Kerala,1.0,1.0,2924.3,153.25,0.35,1.0,-32.617897536410794,33.617897536410794,33.617897536410794
Bajra,2014,Kharif     ,Gujarat,178840.2,291759.0,605.6,26997716.59,59017.266,1.586153846,-0.1793521769274946,1.7655060229274946,1.7655060229274946
Arhar/Tur,2007,Kharif     ,Karnataka,681136.0,451013.0,1323.3,90863542.4,108981.76,0.644230769,-38.10662468582274,38.75085545482274,38.75085545482274
Ragi,2004,Kharif     ,Karnataka,840781.0,1571399.0,1117.7,91090213.54,176564.01,1.603157895,-42.22761173114816,43.83076962614816,43.83076962614816
Wheat,2017,Rabi       ,Karnataka,193338.0,219087.0,1111.7,30439134.72,73468.44,1.065333333,-17.932262565332564,18.997595898332566,18.997595898332566
Small millets,2001,Kharif     ,Madhya Pradesh,446927.0,109728.0,955.0,45644654.51,116201.02,0.246052632,-21.0805513263671,21.3266039583671,21.3266039583671
Rice,2018,Kharif     ,Himachal Pradesh,71810.0,114896.0,1052.2,11647582.0,25133.5,1.623636364,31.635356710252495,-30.011720346252496,30.011720346252496
Sesamum,2001,Kharif     ,Mizoram,3985.0,1741.0,2406.4,406988.05,1036.1,0.5025,-50.033040239351664,50.53554023935166,50.53554023935166
Ragi,2011,Rabi       ,Andhra Pradesh,5379.0,9505.0,861.9,901090.08,1775.07,1.690909091,40.918322495965086,-39.227413404965084,39.227413404965084
Small millets,1998,Kharif     ,Madhya Pradesh,678400.0,189800.0,962.7,67025920.0,196736.0,0.298780488,-25.428377751491638,25.727158239491636,25.727158239491636
Arhar/Tur,2018,Kharif     ,Madhya Pradesh,212755.0,179987.0,1102.2,34508861.0,74464.25,0.758431373,7.120563448340533,-6.362132075340534,6.362132075340534
Gram,2006,Rabi       ,Himachal Pradesh,1328.0,1018.0,1207.0,169598.88,292.16,0.761111111,-0.008174030675803579,0.7692851416758035,0.7692851416758035
Maize,2015,Kharif     ,Haryana,5800.0,17900.0,426.8,915878.0,1914.0,2.93,8.008815184083772,-5.078815184083773,5.078815184083773
Cowpea(Lobia),2012,Rabi       ,Andhra Pradesh,18000.0,17000.0,968.7,2714400.0,5580.0,1.0425,38.229743782079595,-37.1872437820796,37.1872437820796
Wheat,2013,Summer     ,Odisha,678.0,1069.0,1632.4,97964.22,183.06,1.665555556,15.595421741430215,-13.929866185430216,13.929866185430216
Small millets,2013,Rabi       ,Maharashtra,6000.0,2300.0,1409.8,866940.0,1620.0,0.39,4.371289427977388,-3.9812894279773876,3.9812894279773876
Urad,2001,Kharif     ,Jammu and Kashmir,12936.0,5368.0,953.8,1321153.68,3363.36,0.492,-15.319833743479279,15.81183374347928,15.81183374347928
Tapioca,2009,Kharif     ,Nagaland,2540.0,27050.0,1225.9,395782.8,431.8,11.15727273,-12.221493501149581,23.378766231149584,23.378766231149584
Urad,2012,Kharif     ,Tripura,827.0,512.0,1882.2,124711.6,256.37,0.575,-11.109413945371642,11.684413945371642,11.684413945371642
Moong(Green Gram),2016,Kharif     ,Arunachal Pradesh,1287.0,1277.0,2933.7,197232.75,450.45,0.982941176,-15.379636900978767,16.362578076978767,16.362578076978767
Banana,2009,Whole Year ,Tamil Nadu,113681.0,4887841.0,928.5,17713773.42,19325.77,43.52,92.21860400552916,-48.698604005529155,48.698604005529155
Potato,2005,Whole Year ,Arunachal Pradesh,3963.0,29838.0,2767.0,475242.96,832.23,7.205333333,27.846133434000336,-20.640800101000337,20.640800101000337
Maize,1999,Kharif     ,Andhra Pradesh,360070.0,1091197.0,650.4,38214229.1,97218.9,2.909090909,29.994444122757983,-27.085353213757983,27.085353213757983
Other Kharif pulses,2005,Kharif     ,Andhra Pradesh,14585.0,3836.0,1075.5,1749033.2,3062.85,0.274666667,42.37255290983936,-42.09788624283936,42.09788624283936
Tobacco,2005,Whole Year ,Gujarat,65100.0,101500.0,942.4,7806792.0,13671.0,1.41,22.21235272912473,-20.80235272912473,20.80235272912473
Moong(Green Gram),1998,Kharif     ,Gujarat,174200.0,69100.0,775.6,17210960.0,50518.0,0.565,-18.377542712422667,18.942542712422668,18.942542712422668
Groundnut,2017,Rabi       ,Puducherry,246.0,738.0,1582.4,38730.24,93.48,3.0,94.64972181154536,-91.64972181154536,91.64972181154536
Jute,2017,Kharif     ,Meghalaya,6673.0,68465.0,4472.3,1050597.12,2535.74,9.934,16.556462986167276,-6.622462986167276,6.622462986167276
Coriander,2008,Rabi       ,Himachal Pradesh,136.0,19.0,1357.1,19453.44,12.24,0.165714286,-39.9978052947593,40.1635195807593,40.1635195807593
Sunflower,2016,Rabi       ,Karnataka,82710.0,18135.0,1147.2,12675307.5,28948.5,0.448333333,-35.07865898321998,35.52699231621998,35.52699231621998
Wheat,2002,Rabi       ,Andhra Pradesh,11044.0,14898.0,648.1,1045535.48,2761.0,1.09,39.88526176239429,-38.79526176239429,38.79526176239429
Groundnut,2002,Kharif     ,Karnataka,716940.0,393733.0,860.8,67872709.8,179235.0,0.5808,-43.46641176017988,44.04721176017988,44.04721176017988
Horse-gram,2005,Summer     ,Odisha,439.0,83.0,1503.4,52644.88,92.19,0.217777778,-10.370684024285566,10.588461802285567,10.588461802285567
Moong(Green Gram),2012,Kharif     ,Bihar,8835.0,7179.0,924.1,1332318.0,2738.85,0.695294118,-6.96661117775912,7.661905295759119,7.661905295759119
Jute,2018,Kharif     ,West Bengal,518259.0,6669698.0,2012.6,84061609.8,181390.65,25.43055556,113.2464622223124,-87.8159066623124,87.8159066623124
Ginger,2013,Kharif     ,Meghalaya,9752.0,63251.0,2448.4,1409066.48,2633.04,9.559090909,-23.057574090369144,32.61666499936914,32.61666499936914
Sweet potato,2018,Rabi       ,Telangana,83.0,527.0,1350.3,13462.6,29.05,6.35,34.43339108054411,-28.08339108054411,28.08339108054411
Wheat,2005,Rabi       ,Nagaland,1200.0,1920.0,1568.6,143904.0,252.0,1.66125,5.9479034635050425,-4.286653463505043,4.286653463505043
Arecanut,2006,Whole Year ,Kerala,102078.0,109968.0,3429.7,13036381.38,22457.16,0.933571429,-68.2152853364828,69.14885676548279,69.14885676548279
Ragi,2002,Summer     ,Karnataka,6929.0,7952.0,860.8,655968.43,1732.25,1.149166667,-52.10324146909471,53.252408136094715,53.252408136094715
Other  Rabi pulses,2001,Rabi       ,Maharashtra,131000.0,64000.0,1035.8,13379030.0,34060.0,0.479615385,9.535978725260236,-9.056363340260235,9.056363340260235
Sweet potato,2006,Whole Year ,Andhra Pradesh,997.0,8608.0,845.2,127326.87,219.34,8.821764706,70.08939802240977,-61.26763331640977,61.26763331640977
Groundnut,2004,Rabi       ,Tripura,197.0,210.0,2706.3,21342.98,41.37,1.1575,-5.566796141422344,6.724296141422344,6.724296141422344
Black pepper,2017,Rabi       ,Meghalaya,1025.0,770.0,4472.3,161376.0,389.5,0.76,7.361353865570294,-6.601353865570294,6.601353865570294
Potato,2020,Kharif     ,Uttarakhand,6020.0,51902.0,1313.947826,1165532.2,2227.4,9.942,4.930746861818449,5.0112531381815515,5.0112531381815515
Linseed,2003,Rabi       ,Nagaland,8000.0,6400.0,1709.8,791840.0,1920.0,0.8875,-3.906643157184135,4.794143157184135,4.794143157184135
Linseed,2013,Rabi       ,Meghalaya,89.0,48.0,2448.4,12859.61,24.03,0.54,-12.245453250337192,12.785453250337191,12.785453250337191
Masoor,2017,Rabi       ,Jharkhand,69440.0,62515.0,1165.7,10932633.6,26387.2,0.899583333,7.684533316116529,-6.784949983116529,6.784949983116529
Urad,2011,Kharif     ,West Bengal,44606.0,27191.0,1686.5,7472397.12,14719.98,0.464117647,87.99804547122886,-87.53392782422887,87.53392782422887
Sesamum,2015,Winter     ,West Bengal,1282.0,920.0,1717.0,202440.62,423.06,0.695555556,86.74911361427559,-86.05355805827558,86.05355805827558
Moong(Green Gram),2011,Whole Year ,Tamil Nadu,164069.0,85118.0,926.5,27484838.88,54142.77,0.600344828,84.0378131326174,-83.4374683046174,83.4374683046174
Garlic,2019,Whole Year ,Tamil Nadu,1433.0,8519.0,910.1,246132.08,530.21,5.5525,78.00983623560457,-72.45733623560457,72.45733623560457
Ginger,2011,Whole Year ,Kerala,6907.59,37125.0,3035.1,1157159.477,2279.5047,3.563571429,-59.80625293095153,63.36982435995153,63.36982435995153
Peas & beans (Pulses),2011,Summer     ,Karnataka,1345.0,12183.0,1178.986364,225314.4,443.85,8.729333333,-38.591688849652314,47.321022182652314,47.321022182652314
Tobacco,2011,Whole Year ,Chhattisgarh,21.0,9.0,1302.7,3517.92,6.93,0.45,-42.514712372137325,42.96471237213733,42.96471237213733
Rice,2012,Kharif     ,Andhra Pradesh,2487000.0,7167000.0,968.7,375039600.0,770970.0,2.969545455,49.8157510071789,-46.8462055521789,46.8462055521789
Bajra,2016,Kharif     ,Haryana,464300.0,934000.0,554.7,71153975.0,162505.0,2.046666667,-3.6724192116716097,5.71908587867161,5.71908587867161
Arhar/Tur,2013,Kharif     ,Assam,6130.0,5642.0,1797.7,885723.7,1655.1,0.921851852,-59.168233744538384,60.09008559653839,60.09008559653839
Arhar/Tur,2019,Rabi       ,Mizoram,47.0,44.0,2178.5,8072.72,17.39,0.94,-25.404270605692687,26.34427060569269,26.34427060569269
Bajra,2008,Kharif     ,Delhi,1549.0,2943.0,614.6,221568.96,139.41,1.9,-4.470276599544945,6.370276599544946,6.370276599544946
Ragi,1999,Kharif     ,Karnataka,851097.0,1319099.0,1203.8,90326924.61,229796.19,1.254,-46.47293957518005,47.72693957518005,47.72693957518005
Dry chillies,2000,Whole Year ,Haryana,2140.0,2100.0,383.7,210083.8,556.4,0.715,6.461350987318468,-5.746350987318468,5.746350987318468
Rice,2008,Autumn     ,Odisha,707000.0,735000.0,1539.0,101129280.0,63630.0,1.062142857,8.8122828439692,-7.7501399869692005,7.7501399869692005
Sugarcane,2012,Whole Year ,Mizoram,1323.0,6795.0,2050.2,199508.4,410.13,6.69125,40.3301490789508,-33.6388990789508,33.6388990789508
Urad,1998,Kharif     ,Bihar,25116.0,18601.0,1332.5,2481460.8,7283.64,0.751612903,-17.041096955178233,17.792709858178235,17.792709858178235
Small millets,2011,Kharif     ,Jammu and Kashmir,3929.0,1747.0,887.6,658186.08,1296.57,0.43875,-4.670892359201218,5.109642359201218,5.109642359201218
Maize,2005,Kharif     ,Maharashtra,389100.0,829700.0,1387.2,46660872.0,81711.0,1.67037037,8.093408466769148,-6.423038096769147,6.423038096769147
Rice,2008,Rabi       ,Andhra Pradesh,1584140.0,5861498.0,944.6,226595385.6,142572.6,3.236818182,45.033698722693416,-41.796880540693415,41.796880540693415
Other Kharif pulses,2016,Kharif     ,Manipur,1531.0,1717.0,2039.8,234625.75,535.85,1.138888889,10.779926870052293,-9.641037981052293,9.641037981052293
Gram,2013,Rabi       ,Manipur,730.0,670.0,1428.8,105477.7,197.1,0.916666667,-1.0552436495487143,1.9719103165487142,1.9719103165487142
Rice,1998,Kharif     ,Tripura,255487.0,491430.0,2472.9,25242115.6,74091.23,1.8775,6.043461977193061,-4.165961977193062,4.165961977193062
Arhar/Tur,2006,Kharif     ,Assam,6676.0,4769.0,1774.9,852591.96,1468.72,0.706666667,-66.48879374245979,67.19546040945978,67.19546040945978
Arhar/Tur,2006,Kharif     ,Himachal Pradesh,150.0,51.0,1207.0,19156.5,33.0,0.345,0.4540365201125667,-0.1090365201125667,0.1090365201125667
Castor seed,2013,Kharif     ,Gujarat,630218.0,1367133.0,1006.5,91060198.82,170158.86,2.19173913,-0.8304169208849999,3.022156050885,3.022156050885
Rapeseed &Mustard,2003,Rabi       ,Punjab,52000.0,62000.0,451.7,5146960.0,12480.0,1.137647059,-1.0745321366620146,2.2121791956620145,2.2121791956620145
Ragi,2016,Autumn     ,Odisha,14266.0,9107.0,1460.5,2186264.5,4993.1,0.594117647,2.6722770786183787,-2.0781594316183787,2.0781594316183787
Cotton(lint),2018,Kharif     ,Tamil Nadu,70023.0,151758.0,986.2,11357730.6,24508.05,2.13,52.28269080825589,-50.15269080825589,50.15269080825589
Jowar,2009,Rabi       ,Maharashtra,3112000.0,2413700.0,1002.4,484911840.0,529040.0,0.884,-18.359675877926463,19.243675877926464,19.243675877926464
Small millets,2001,Kharif     ,Arunachal Pradesh,19740.0,17851.0,2128.5,2016046.2,5132.4,0.939230769,-33.599301283870204,34.5385320528702,34.5385320528702
Small millets,2008,Whole Year ,Madhya Pradesh,295734.0,83744.0,895.0,42301791.36,26616.06,0.287777778,37.050988395092006,-36.76321061709201,36.76321061709201
Jowar,2014,Kharif     ,Karnataka,115546.0,159843.0,1238.5,17442824.16,38130.18,1.331428571,-31.07561692837109,32.407045499371094,32.407045499371094
Cotton(lint),2007,Kharif     ,Haryana,482474.0,1882000.0,443.8,64362031.6,77195.84,1.882777778,-6.559794705542345,8.442572483542344,8.442572483542344
Rapeseed &Mustard,1999,Rabi       ,Gujarat,320000.0,301000.0,458.9,33961600.0,86400.0,0.94125,-9.891914135900947,10.833164135900947,10.833164135900947
Potato,2014,Summer     ,Meghalaya,12435.0,139328.0,3484.4,1877187.6,4103.55,8.149090909,-21.20356764127459,29.35265855027459,29.35265855027459
Coriander,1998,Whole Year ,Bihar,2971.0,1821.0,1332.5,293534.8,861.59,0.680512821,2.591424405729157,-1.910911584729157,1.910911584729157
Rapeseed &Mustard,2017,Rabi       ,Bihar,79126.0,98493.0,1112.0,12457597.44,30067.88,1.191052632,9.475881418076028,-8.284828786076028,8.284828786076028
Rice,2014,Summer     ,Maharashtra,42800.0,111200.0,1001.6,6461088.0,14124.0,2.52375,22.469798347611004,-19.946048347611004,19.946048347611004
Rice,2001,Kharif     ,Manipur,162570.0,387270.0,2013.1,16603274.1,42268.2,2.234444444,10.136829033484076,-7.902384589484076,7.902384589484076
Urad,2001,Rabi       ,Mizoram,36.0,23.0,2406.4,3676.68,9.36,0.643333333,-51.319497619196795,51.962830952196796,51.962830952196796
Masoor,2019,Rabi       ,Arunachal Pradesh,454.0,356.0,2433.3,77979.04,167.98,0.923846154,-6.163966288974137,7.087812442974137,7.087812442974137
Maize,2002,Summer     ,Bihar,160863.0,432637.0,1105.8,15228900.21,40215.75,2.609459459,-15.084384291941973,17.693843750941973,17.693843750941973
Urad,1998,Autumn     ,Odisha,35494.0,9030.0,1357.1,3506807.2,10293.26,0.1888,-26.925317891556034,27.114117891556035,27.114117891556035
Dry chillies,2004,Whole Year ,Bihar,3126.0,2245.0,1147.8,338670.84,656.46,0.71875,14.236757936663082,-13.518007936663082,13.518007936663082
Tobacco,2018,Kharif     ,Telangana,1150.0,3423.0,1350.3,186530.0,402.5,4.306666667,26.341403611151947,-22.034736944151945,22.034736944151945
Jowar,2007,Kharif     ,Chhattisgarh,7709.0,7232.0,1246.2,1028380.6,1233.44,0.928888889,-71.64107828105574,72.56996717005575,72.56996717005575
Horse-gram,1999,Rabi       ,Odisha,290330.0,96910.0,1484.3,30812722.9,78389.1,0.330869565,-9.88827457083292,10.21914413583292,10.21914413583292
Dry chillies,2002,Rabi       ,Andhra Pradesh,47247.0,99444.0,648.1,4472873.49,11811.75,2.070909091,-4.80899480171621,6.87990389271621,6.87990389271621
Turmeric,2005,Whole Year ,Arunachal Pradesh,427.0,1631.0,2767.0,51205.84,89.67,4.232857143,3.5194371884696807,0.7134199545303197,0.7134199545303197
Peas & beans (Pulses),2011,Rabi       ,Bihar,18655.0,19232.0,1097.1,3125085.6,6156.15,1.027631579,4.020962215839546,-2.9933306368395463,2.9933306368395463
Masoor,2014,Rabi       ,Tripura,2498.0,1902.0,2015.7,377098.08,824.34,0.76,-0.5186664501794382,1.2786664501794383,1.2786664501794383
Bajra,2002,Kharif     ,Odisha,3760.0,1820.0,1102.8,355959.2,940.0,0.528333333,-6.064146774156313,6.592480107156313,6.592480107156313
Tobacco,2019,Rabi       ,Andhra Pradesh,78051.0,165535.0,899.2,13406039.76,28878.87,2.428181818,17.92669921292776,-15.498517394927758,15.498517394927758
Urad,2014,Whole Year ,Kerala,403.0,0.0,3046.4,60836.88,132.99,0.0,-53.84575667259628,53.84575667259628,53.84575667259628
Castor seed,2015,Kharif     ,Tamil Nadu,5495.0,1763.0,1201.9,867715.45,1813.35,0.325416667,43.67068417455572,-43.34526750755572,43.34526750755572
Moong(Green Gram),2011,Summer     ,Uttarakhand,3.0,2.0,1564.7,502.56,0.99,0.67,-19.389390879792842,20.059390879792844,20.059390879792844
Sunflower,2006,Summer     ,Maharashtra,14400.0,12100.0,1439.4,1839024.0,3168.0,0.878095238,-8.937143609674536,9.815238847674536,9.815238847674536
Urad,2014,Kharif     ,Bihar,15725.0,14355.0,1061.0,2373846.0,5189.25,0.917407407,-2.3590005326855135,3.2764079396855132,3.2764079396855132
Sunflower,2009,Kharif     ,West Bengal,10780.0,13021.0,1317.2,1679739.6,1832.6,1.233125,86.76469859074305,-85.53157359074305,85.53157359074305
Sesamum,1997,Kharif     ,Punjab,14300.0,4500.0,690.1,1360931.0,4433.0,0.447,-16.181682121068377,16.628682121068376,16.628682121068376
Cotton(lint),1999,Kharif     ,Tripura,864.0,1023.0,2147.4,91696.32,233.28,1.18,-13.528830185409674,14.708830185409674,14.708830185409674
Onion,2003,Whole Year ,Jharkhand,1137.98,9198.0,1258.3,112637.2604,273.1152,9.12,39.46090608074883,-30.34090608074883,30.34090608074883
Soyabean,2015,Kharif     ,Sikkim,3278.0,3190.0,2949.1,517628.98,1081.74,0.9475,8.880694223549682,-7.933194223549682,7.933194223549682
Soyabean,2017,Kharif     ,West Bengal,398.0,380.0,1830.0,62661.12,151.24,0.883333333,104.56291966294879,-103.67958632994879,103.67958632994879
Masoor,2004,Rabi       ,Madhya Pradesh,528897.0,262204.0,895.7,57300700.98,111068.37,0.47,-12.1878211201917,12.6578211201917,12.6578211201917
other oilseeds,2007,Kharif     ,Jammu and Kashmir,232.0,100.0,1042.2,30948.8,37.12,0.43,2.1527056546128165,-1.7227056546128166,1.7227056546128166
Black pepper,1998,Whole Year ,Tamil Nadu,2633.0,520.0,1077.1,260140.4,763.57,0.212222222,87.94087316703232,-87.72865094503233,87.72865094503233
Ragi,2005,Kharif     ,Maharashtra,135800.0,132300.0,1387.2,16285136.0,28518.0,0.939166667,8.070872570455265,-7.131705903455265,7.131705903455265
Ginger,2007,Kharif     ,Manipur,3030.0,5000.0,1435.7,404202.0,484.8,1.747142857,-18.45885462992547,20.20599748692547,20.20599748692547
Tobacco,2016,Whole Year ,West Bengal,15680.0,26652.0,1795.8,2402960.0,5488.0,1.294,123.98900491708056,-122.69500491708057,122.69500491708057
Horse-gram,2017,Rabi       ,West Bengal,1319.0,752.0,1830.0,207663.36,501.22,0.595454545,95.02071588019561,-94.42526133519561,94.42526133519561
Cotton(lint),2002,Kharif     ,Kerala,3400.0,5488.0,2511.2,321878.0,850.0,1.61,-111.1444964717133,112.7544964717133,112.7544964717133
Onion,2007,Whole Year ,Assam,6697.0,16323.0,2154.1,893379.8,1071.52,2.37037037,-19.134594773049145,21.504965143049144,21.504965143049144
Sunflower,1999,Kharif     ,Karnataka,215322.0,88142.0,1203.8,22852123.86,58136.94,0.420833333,-49.6863547420252,50.1071880750252,50.1071880750252
Sannhamp,2006,Whole Year ,Haryana,620.0,200.0,329.3,79180.2,136.4,0.135454545,18.77463064399035,-18.639176098990347,18.639176098990347
Sunflower,2008,Kharif     ,West Bengal,10127.0,11007.0,1560.1,1448566.08,911.43,1.159375,87.3180453306916,-86.1586703306916,86.1586703306916
Wheat,2009,Rabi       ,Tripura,667.0,1323.0,2004.2,103931.94,113.39,1.9825,3.26298084508619,-1.2804808450861902,1.2804808450861902
Small millets,2006,Kharif     ,Tamil Nadu,52702.0,61473.0,927.9,6730572.42,11594.44,1.057826087,31.281619862615997,-30.223793775616,30.223793775616
Tapioca,2017,Rabi       ,Andhra Pradesh,39.0,474.0,868.2,6140.16,14.82,9.53,33.39938371729947,-23.86938371729947,23.86938371729947
Cowpea(Lobia),2015,Rabi       ,Meghalaya,1637.0,2490.0,3870.8,258498.67,540.21,1.674545455,-6.226401242283714,7.900946697283715,7.900946697283715
Arhar/Tur,2011,Kharif     ,Chhattisgarh,52856.0,23679.0,1302.7,8854437.12,17442.48,0.435555556,-63.838135575327954,64.27369113132795,64.27369113132795
Urad,2009,Kharif     ,Haryana,2964.0,1100.0,393.0,461850.48,503.88,0.25875,-10.472120828075475,10.730870828075474,10.730870828075474
Mesta,1998,Whole Year ,Meghalaya,871.0,631.0,6552.7,86054.8,252.59,0.68,51.35633107174607,-50.67633107174607,50.67633107174607
Rice,2010,Kharif     ,Nagaland,180060.0,378210.0,1771.8,29909766.6,43214.4,2.051818182,23.87339336203351,-21.821575180033513,21.821575180033513
Small millets,2005,Kharif     ,Karnataka,52273.0,26918.0,1316.2,6268578.16,10977.33,0.5485,-44.08465430923383,44.633154309233824,44.633154309233824
Jute,2008,Kharif     ,Bihar,131949.0,1054798.0,1197.7,18873984.96,11875.41,8.455,10.920808514994661,-2.465808514994661,2.465808514994661
Onion,2017,Kharif     ,Telangana,4319.0,79105.0,815.7,679983.36,1641.22,18.15833333,44.64655430928154,-26.48822097928154,26.48822097928154
Linseed,2008,Rabi       ,Madhya Pradesh,108748.0,45022.0,895.0,15555313.92,9787.32,0.622340426,-5.102825119803185,5.725165545803185,5.725165545803185
Arecanut,2013,Whole Year ,Goa,1740.0,2895.0,3642.6,251412.6,469.8,1.64,-169.4279164390664,171.06791643906638,171.06791643906638
Groundnut,2018,Rabi       ,Tripura,994.0,1430.0,2169.1,161226.8,347.9,1.43,5.269889664800502,-3.839889664800502,3.839889664800502
Urad,2011,Summer     ,Uttarakhand,77.0,19.0,1564.7,12899.04,25.41,0.25,-17.682112201079775,17.932112201079775,17.932112201079775
Turmeric,2008,Whole Year ,Chhattisgarh,875.0,785.0,1117.9,125160.0,78.75,0.975625,-47.267748240419394,48.243373240419395,48.243373240419395
Groundnut,2017,Autumn     ,West Bengal,1798.0,2334.0,1830.0,283077.12,683.24,1.51,89.9473949930074,-88.4373949930074,88.4373949930074
Groundnut,2015,Kharif     ,Bihar,492.0,501.0,874.0,77691.72,162.36,1.0075,9.22830579811918,-8.22080579811918,8.22080579811918
Arhar/Tur,2014,Kharif     ,Uttarakhand,3150.0,2854.0,1287.4,475524.0,1039.5,0.7825,4.3995924885692546,-3.617092488569255,3.617092488569255
Cotton(lint),1997,Kharif     ,Andhra Pradesh,906300.0,1320400.0,927.5,86252571.0,280953.0,1.643333333,23.585477880123875,-21.942144547123874,21.942144547123874
Jowar,2007,Kharif     ,Bihar,3426.0,3761.0,1600.2,457028.4,548.16,1.086428571,-0.5608490613726076,1.6472776323726075,1.6472776323726075
Tobacco,1998,Whole Year ,Meghalaya,742.0,507.0,6552.7,73309.6,215.18,0.61,21.109242583049166,-20.499242583049167,20.499242583049167
Urad,2008,Summer     ,Puducherry,1214.0,266.0,1434.5875,173650.56,109.26,0.53,64.23399311041496,-63.703993110414956,63.703993110414956
Moong(Green Gram),1998,Kharif     ,Uttar Pradesh,26341.0,5716.0,743.4,2602490.8,7638.89,0.255671642,-6.817588593713339,7.073260235713339,7.073260235713339
Small millets,2004,Kharif     ,Bihar,6310.0,4892.0,1147.8,683625.4,1325.1,0.788666667,-11.204870123070805,11.993536790070804,11.993536790070804
Wheat,2018,Rabi       ,Delhi,19220.0,82876.0,678.5,3117484.0,6727.0,4.31,21.55533326756816,-17.24533326756816,17.24533326756816
Urad,2011,Rabi       ,Puducherry,224.0,242.0,1434.5875,37524.48,73.92,0.83,75.85260334764355,-75.02260334764355,75.02260334764355
Rice,2018,Autumn     ,Assam,144766.0,209122.0,2372.9,23481045.2,50668.1,1.492592593,-47.8224032612537,49.314995854253695,49.314995854253695
Gram,2000,Rabi       ,Assam,2661.0,1329.0,1965.5,261230.37,691.86,0.462380952,-71.82078366256877,72.28316461456878,72.28316461456878
Dry chillies,2017,Whole Year ,Gujarat,5571.0,5292.0,814.8,877098.24,2116.98,1.078181818,30.271396828385207,-29.193215010385206,29.193215010385206
Cotton(lint),2009,Kharif     ,Himachal Pradesh,8.0,2.0,969.9,1246.56,1.36,0.335,2.182541005230746,-1.8475410052307462,1.8475410052307462
Banana,2004,Whole Year ,Puducherry,302.0,10208.0,1434.5875,32718.68,63.42,29.17666667,131.87631111871843,-102.69964444871843,102.69964444871843
Wheat,1997,Rabi       ,Madhya Pradesh,4507600.0,7088900.0,1189.1,428988292.0,1397356.0,1.475681818,-32.857766069123215,34.333447887123214,34.333447887123214
Peas & beans (Pulses),2001,Rabi       ,Jammu and Kashmir,538.0,442.0,953.8,54945.94,139.88,0.81125,-6.010514793524948,6.821764793524948,6.821764793524948
Linseed,2000,Rabi       ,Uttar Pradesh,55279.0,19911.0,874.4,5426739.43,14372.54,0.354259259,5.5703426470766715,-5.2160833880766715,5.2160833880766715
Soyabean,2010,Kharif     ,Chhattisgarh,95758.0,112391.0,1283.1,15906361.38,22981.92,1.113076923,-65.01275482199938,66.12583174499937,66.12583174499937
Turmeric,2016,Whole Year ,Chhattisgarh,1875.0,1636.0,1298.9,287343.75,656.25,1.0145,-37.90497435847195,38.919474358471945,38.919474358471945
Safflower,2002,Rabi       ,Maharashtra,262900.0,116400.0,967.4,24888743.0,65725.0,0.427894737,-8.723428556404542,9.151323293404543,9.151323293404543
Linseed,2010,Rabi       ,Assam,7125.0,3815.0,2578.5,1183533.75,1710.0,0.522083333,-58.169568043991745,58.69165137699174,58.69165137699174
Linseed,2019,Rabi       ,Jammu and Kashmir,125.0,151.0,1324.1,21470.0,46.25,1.213333333,13.56514653512707,-12.35181320212707,12.35181320212707
Maize,2008,Summer     ,Uttar Pradesh,25472.0,38106.0,891.6,3643514.88,2292.48,1.505862069,6.3351690851588955,-4.829307016158896,4.829307016158896
Sweet potato,2012,Rabi       ,Andhra Pradesh,650.0,6257.0,968.7,98020.0,201.5,9.615454545,23.035582322283616,-13.420127777283616,13.420127777283616
Potato,2010,Rabi       ,Mizoram,16.0,89.0,2738.7,2657.76,3.84,5.56,-36.7398863136647,42.2998863136647,42.2998863136647
Rice,2006,Winter     ,Assam,1504647.0,1950144.0,1774.9,192158468.4,331022.34,1.269259259,-59.77405626600978,61.04331552500978,61.04331552500978
Urad,2019,Kharif     ,Chhattisgarh,74267.0,24305.0,1420.3,12756099.92,27478.79,0.331428571,-63.94456290614363,64.27599147714363,64.27599147714363
Urad,2019,Rabi       ,Arunachal Pradesh,1454.0,1400.0,2433.3,249739.04,537.98,1.089130435,-17.17512842286223,18.26425885786223,18.26425885786223
Coriander,1998,Rabi       ,Himachal Pradesh,395.0,128.0,1381.6,39026.0,114.55,0.512857143,-50.077582751646986,50.590439894646984,50.590439894646984
Potato,2009,Kharif     ,Jammu and Kashmir,1098.0,7684.0,751.7,171090.36,186.66,6.574615385,-5.164876930478073,11.739492315478074,11.739492315478074
Horse-gram,2014,Whole Year ,Kerala,111.0,0.0,3046.4,16756.56,36.63,0.0,-50.8112052463085,50.8112052463085,50.8112052463085
Urad,2008,Kharif     ,Uttar Pradesh,362921.0,195349.0,891.6,51912219.84,32662.89,0.550289855,3.6313646006886984,-3.0810747456886984,3.0810747456886984
Horse-gram,2013,Rabi       ,Chhattisgarh,1366.0,359.0,1418.3,197373.34,368.82,0.321428571,-70.01870683872454,70.34013540972454,70.34013540972454
Moong(Green Gram),2011,Summer     ,Uttar Pradesh,35262.0,29663.0,777.4,5907090.24,11636.46,0.770327869,-5.182133238019219,5.952461107019219,5.952461107019219
Gram,2016,Rabi       ,Uttarakhand,743.0,598.0,1580.9,113864.75,260.05,0.687,7.91386619031735,-7.22686619031735,7.22686619031735
Masoor,2019,Rabi       ,Odisha,9340.0,4940.0,1593.9,1604238.4,3455.8,0.535714286,21.018072891804394,-20.482358605804393,20.482358605804393
Rice,2012,Summer     ,West Bengal,1228263.0,4065052.0,1566.0,185222060.4,380761.53,3.206111111,98.34889433321845,-95.14278322221845,95.14278322221845
Rice,2003,Rabi       ,Karnataka,54629.0,158046.0,867.6,5407178.42,13110.96,2.892,-23.91898503039863,26.81098503039863,26.81098503039863
Guar seed,2004,Whole Year ,Punjab,27100.0,19400.0,366.4,2936014.0,5691.0,0.8,18.019904158426755,-17.219904158426754,17.219904158426754
Arhar/Tur,2004,Kharif     ,Punjab,8900.0,7700.0,366.4,964226.0,1869.0,0.928666667,-0.11448976219253382,1.0431564291925337,1.0431564291925337
Gram,2005,Rabi       ,Delhi,47.0,67.0,653.1,5636.24,9.87,1.43,0.0594474067654005,1.3705525932345994,1.3705525932345994
Khesari,2019,Rabi       ,Bihar,43784.0,33287.0,1194.7,7520339.84,16200.08,0.767878788,0.17784940591252507,0.5900293820874749,0.5900293820874749
Ragi,2007,Rabi       ,Puducherry,3.0,6.0,1434.5875,400.2,0.48,2.0,82.11796943172125,-80.11796943172125,80.11796943172125
Moong(Green Gram),2013,Rabi       ,Karnataka,6145.0,1551.0,1235.6,887891.05,1659.15,0.240666667,-41.92387770899114,42.16454437599114,42.16454437599114
Ginger,1997,Kharif     ,Bihar,629.0,887.0,1303.7,59861.93,194.99,1.321428571,-20.876131464864358,22.197560035864356,22.197560035864356
Dry chillies,2007,Kharif     ,Uttarakhand,5671.0,2000.0,1924.3,756511.4,907.36,0.3025,-32.0954622228179,32.3979622228179,32.3979622228179
Sesamum,2011,Kharif     ,Karnataka,60680.0,30545.0,1178.986364,10165113.6,20024.4,0.453214286,-41.61273187995627,42.06594616595627,42.06594616595627
Onion,1999,Whole Year ,Uttar Pradesh,28666.0,404070.0,883.4,3042322.58,7739.82,14.15512195,49.57847948882744,-35.42335753882744,35.42335753882744
Peas & beans (Pulses),2019,Rabi       ,Chhattisgarh,11655.0,4479.0,1420.3,2001862.8,4312.35,0.362592593,-54.394703101210496,54.7572956942105,54.7572956942105
Bajra,2009,Kharif     ,Gujarat,498800.0,432400.0,618.0,77723016.0,84796.0,1.017142857,-7.51160882979309,8.52875168679309,8.52875168679309
Sunflower,2006,Rabi       ,Nagaland,960.0,760.0,1362.5,122601.6,211.2,0.766666667,-11.293487513613798,12.060154180613797,12.060154180613797
Mesta,2006,Kharif     ,Bihar,18178.0,155075.0,1052.8,2321512.38,3999.16,7.761428571,-1.0824231811859306,8.84385175218593,8.84385175218593
Maize,2016,Kharif     ,Punjab,116000.0,445000.0,635.9,17777000.0,40600.0,3.600769231,16.457691445040524,-12.856922214040523,12.856922214040523
Sweet potato,1998,Rabi       ,Manipur,20.0,70.0,1855.0,1976.0,5.8,3.5,-34.739786234874316,38.239786234874316,38.239786234874316
Banana,2019,Whole Year ,Kerala,60678.0,548425.0,3119.2,10422053.28,22450.86,8.815,-39.46006949443847,48.27506949443847,48.27506949443847
Sesamum,2014,Kharif     ,Tripura,2468.0,1543.0,2015.7,372569.28,814.44,0.63,-10.213105445160977,10.843105445160978,10.843105445160978
Dry chillies,2002,Whole Year ,Meghalaya,1839.0,1150.0,4355.3,174098.13,459.75,0.62,7.109177145428248,-6.489177145428248,6.489177145428248
Rice,2011,Autumn     ,West Bengal,212971.0,471282.0,1686.5,35676901.92,70280.43,2.072222222,99.237193722998,-97.164971500998,97.164971500998
Urad,2018,Summer     ,Puducherry,338.0,152.0,1693.9,54823.6,118.3,0.753333333,76.16404066551365,-75.41070733251365,75.41070733251365
Ragi,1997,Rabi       ,Karnataka,27104.0,33696.0,1266.7,2579487.68,8402.24,1.312222222,-46.164642630380314,47.47686485238032,47.47686485238032
Small millets,2009,Kharif     ,Arunachal Pradesh,21373.0,18391.0,1701.9,3330340.86,3633.41,0.866875,-28.198485115384386,29.065360115384387,29.065360115384387
Linseed,2014,Rabi       ,Assam,5619.0,3948.0,1899.0,848244.24,1854.27,0.677826087,-58.479432501082556,59.157258588082556,59.157258588082556
Sesamum,2019,Kharif     ,Mizoram,756.0,529.0,2178.5,129850.56,279.72,0.75,-33.06556176508269,33.81556176508269,33.81556176508269
Rice,2018,Summer     ,Assam,400873.0,1145512.0,2372.9,65021600.6,140305.55,2.645,-44.12910612051638,46.774106120516386,46.774106120516386
Horse-gram,2012,Kharif     ,Nagaland,420.0,440.0,1296.6,63336.0,130.2,1.040909091,-2.265713406678458,3.306622497678458,3.306622497678458
Potato,2017,Kharif     ,Mizoram,58.0,313.0,3865.8,9131.52,22.04,3.28,-18.926308347487435,22.206308347487436,22.206308347487436
Rice,2011,Kharif     ,Manipur,223670.0,591000.0,1533.561905,37469198.4,73811.1,2.34,17.040353766913,-14.700353766913,14.700353766913
Urad,2003,Rabi       ,Assam,39588.0,20696.0,2213.7,3918420.24,9501.12,0.519130435,-79.2107019278829,79.72983236288289,79.72983236288289
Other Cereals,2005,Rabi       ,Sikkim,2010.0,1640.0,2041.6,241039.2,422.1,0.7975,-13.918637785641636,14.716137785641635,14.716137785641635
Potato,2000,Whole Year ,Manipur,2590.0,13550.0,1969.7,254260.3,673.4,5.198888889,34.509990716984134,-29.311101827984135,29.311101827984135
Cashewnut,2017,Whole Year ,Manipur,37.0,18.0,1780.0,5825.28,14.06,0.49,48.631997309212,-48.141997309211995,48.141997309211995
Moong(Green Gram),2006,Rabi       ,Uttarakhand,30.0,13.0,1178.9,3831.3,6.6,0.43,-18.47621777666643,18.90621777666643,18.90621777666643
Onion,2002,Whole Year ,Madhya Pradesh,24620.0,344975.0,800.8,2330775.4,6155.0,12.75155556,33.579781758090945,-20.828226198090945,20.828226198090945
Jowar,1999,Kharif     ,Nagaland,1500.0,1070.0,1782.2,159195.0,405.0,0.728571429,-10.062713839751979,10.79128526875198,10.79128526875198
Coconut ,2002,Whole Year ,Puducherry,2279.0,23956000.0,1434.5875,215752.93,569.75,10750.0,9034.830625671413,1715.1693743285869,1715.1693743285869
Moong(Green Gram),2017,Kharif     ,Himachal Pradesh,130.0,92.0,1182.2,20467.2,49.4,0.725714286,0.8778721358801818,-0.15215784988018177,0.15215784988018177
Rapeseed &Mustard,2011,Rabi       ,Assam,247949.0,138647.0,1743.4,41536416.48,81823.17,0.538888889,-63.08552337225851,63.624412261258506,63.624412261258506
Sunflower,2002,Kharif     ,Maharashtra,97400.0,46500.0,967.4,9220858.0,24350.0,0.496363636,-4.770160574697087,5.266524210697087,5.266524210697087
Sunflower,2011,Kharif     ,Uttarakhand,24.0,10.0,1564.7,4020.48,7.92,0.38,-2.776211287617059,3.156211287617059,3.156211287617059
Moong(Green Gram),2016,Summer     ,Puducherry,750.0,91.0,1391.3,114937.5,262.5,0.433333333,70.43974264562318,-70.00640931262319,70.00640931262319
Groundnut,2017,Kharif     ,Punjab,1200.0,2300.0,497.5,188928.0,456.0,1.92,16.824387146234073,-14.904387146234074,14.904387146234074
Peas & beans (Pulses),2011,Kharif     ,Jammu and Kashmir,183.0,988.0,887.6,30656.16,60.39,2.31,7.120333397338953,-4.810333397338953,4.810333397338953
Urad,2005,Kharif     ,Chhattisgarh,111872.0,32496.0,1292.7,13415690.24,23493.12,0.29875,-79.45552362068923,79.75427362068923,79.75427362068923
Other Kharif pulses,2010,Kharif     ,Mizoram,810.0,1069.0,2738.7,134549.1,194.4,1.02125,-23.318521976672457,24.339771976672456,24.339771976672456
Masoor,2012,Rabi       ,Uttar Pradesh,495051.0,440572.0,746.3,74653690.8,153465.81,0.995479452,14.252680498036966,-13.257201046036966,13.257201046036966
Sesamum,2019,Kharif     ,Jammu and Kashmir,3825.0,1565.0,1324.1,656982.0,1415.25,0.405,3.5666101824435543,-3.161610182443554,3.161610182443554
Sannhamp,2007,Kharif     ,Uttar Pradesh,2533.0,491.0,672.9,337902.2,405.28,0.191,-14.175961176567967,14.366961176567967,14.366961176567967
Maize,2009,Kharif     ,Chhattisgarh,101721.0,145368.0,956.9,15850166.22,17292.57,1.412777778,-65.36880998235893,66.78158776035893,66.78158776035893
Niger seed,2007,Kharif     ,Madhya Pradesh,100416.0,22741.0,740.4,13395494.4,16066.56,0.2172,-4.002428113674,4.219628113674,4.219628113674
Other Cereals,2008,Kharif     ,Kerala,371.0,290.0,2524.8,53067.84,33.39,0.91,-108.15764756409766,109.06764756409765,109.06764756409765
Onion,2019,Kharif     ,Karnataka,155401.0,1255733.0,1422.3,26691675.76,57498.37,8.256153846,-28.34010236060007,36.596256206600074,36.596256206600074
Rapeseed &Mustard,2011,Rabi       ,Uttar Pradesh,639211.0,725893.0,777.4,107080626.7,210939.63,1.016388889,13.808662085311056,-12.792273196311056,12.792273196311056
Rice,2007,Rabi       ,Andhra Pradesh,1406000.0,5133000.0,1004.2,187560400.0,224960.0,3.159090909,46.38124774297174,-43.22215683397174,43.22215683397174
Tobacco,2019,Kharif     ,Gujarat,48234.0,94813.0,1067.8,8284671.84,17846.58,1.93125,-13.142721654236567,15.073971654236567,15.073971654236567
Cowpea(Lobia),2017,Rabi       ,Meghalaya,1669.0,2526.0,4472.3,262767.36,634.22,1.630909091,-0.2687087774854149,1.8996178684854148,1.8996178684854148
Arecanut,2019,Whole Year ,Karnataka,500522.0,5409381.0,1422.3,85969658.72,185193.14,10.7724,9.729958050455366,1.0424419495446333,1.0424419495446333
Rice,2014,Rabi       ,Andhra Pradesh,759034.0,3358137.0,687.6,114583772.6,250481.22,3.541538462,57.09635501107776,-53.55481654907776,53.55481654907776
Jute,2013,Kharif     ,Chhattisgarh,221.0,0.0,1418.3,31932.29,59.67,0.0,-50.15765041511193,50.15765041511193,50.15765041511193
Bajra,2013,Kharif     ,Karnataka,280471.0,330923.0,1235.6,40525254.79,75727.17,1.097727273,-37.3905014673262,38.4882287403262,38.4882287403262
Other Kharif pulses,2015,Kharif     ,Nagaland,10480.0,12740.0,1308.3,1654896.8,3458.4,1.199,11.10306670885467,-9.90406670885467,9.90406670885467
Ginger,1999,Kharif     ,Meghalaya,7606.0,44710.0,6200.3,807224.78,2053.62,5.765714286,-12.988653253237146,18.754367539237144,18.754367539237144
Dry chillies,2007,Whole Year ,Haryana,1321.0,13800.0,443.8,176221.4,211.36,8.716428571,14.02082054647201,-5.30439197547201,5.30439197547201
Garlic,2004,Whole Year ,Bihar,2479.0,3735.0,1147.8,268574.86,520.59,1.527741935,22.01990729888753,-20.49216536388753,20.49216536388753
Arhar/Tur,2001,Kharif     ,Punjab,9200.0,7900.0,479.3,939596.0,2392.0,0.913333333,-2.451104595279105,3.364437928279105,3.364437928279105
Arhar/Tur,2017,Kharif     ,Andhra Pradesh,275367.0,116695.0,868.2,43353780.48,104639.46,0.567692308,47.652255505664925,-47.08456319766493,47.08456319766493
Castor seed,2016,Kharif     ,Andhra Pradesh,32292.0,15195.0,890.0,4948749.0,11302.2,0.511111111,40.900617099055296,-40.3895059880553,40.3895059880553
Tobacco,2019,Rabi       ,Odisha,130.0,90.0,1593.9,22328.8,48.1,0.69,-10.615033654451565,11.305033654451565,11.305033654451565
Ragi,2009,Rabi       ,Andhra Pradesh,6322.0,11751.0,711.0,985094.04,1074.74,1.824545455,37.87715174689595,-36.05260629189595,36.05260629189595
Potato,2008,Whole Year ,West Bengal,385981.0,4121189.0,1560.1,55210722.24,34738.29,13.99944444,134.78140307573528,-120.78195863573528,120.78195863573528
Niger seed,2006,Kharif     ,Maharashtra,54000.0,12000.0,1439.4,6896340.0,11880.0,0.2945,10.622300922967725,-10.327800922967725,10.327800922967725
Sesamum,2006,Kharif     ,Bihar,3522.0,2732.0,1052.8,449794.62,774.84,0.774,-12.54723808473338,13.32123808473338,13.32123808473338
Coconut ,2005,Whole Year ,Assam,19057.0,204937000.0,2184.6,2285315.44,4001.97,8486.539565,8860.139885687304,-373.6003206873047,373.6003206873047
Horse-gram,2012,Kharif     ,Karnataka,63877.0,25984.0,956.2,9632651.6,19801.87,0.419230769,-37.0257395527035,37.4449703217035,37.4449703217035
Tobacco,2005,Kharif     ,Jammu and Kashmir,4.0,2.0,1721.8,479.68,0.84,0.325,-26.82579891741841,27.15079891741841,27.15079891741841
Dry chillies,2018,Whole Year ,Chhattisgarh,6686.0,4185.0,1515.5,1084469.2,2340.1,0.595769231,-37.80533530970604,38.40110454070604,38.40110454070604
Moong(Green Gram),2010,Rabi       ,Uttarakhand,16.0,9.0,1419.0,2657.76,3.84,0.605,-12.820419366194898,13.425419366194898,13.425419366194898
Coriander,2016,Rabi       ,Telangana,1899.0,1212.0,942.6,291021.75,664.65,0.627,7.808413641958651,-7.181413641958652,7.181413641958652
Arhar/Tur,1999,Kharif     ,Nagaland,2870.0,2150.0,1782.2,304593.1,774.9,0.748571429,-6.497715141414574,7.246286570414574,7.246286570414574
Onion,2013,Summer     ,Karnataka,5914.0,46434.0,1235.6,854513.86,1596.78,8.033333333,-46.60413841011291,54.63747174311291,54.63747174311291
Masoor,1999,Rabi       ,Haryana,8650.0,6200.0,344.0,918024.5,2335.5,0.5925,-13.378099743716206,13.970599743716205,13.970599743716205
Barley,2004,Rabi       ,Punjab,22000.0,74000.0,366.4,2383480.0,4620.0,3.32,-4.472623018643759,7.792623018643759,7.792623018643759
Soyabean,2012,Kharif     ,Nagaland,24670.0,30880.0,1296.6,3720236.0,7647.7,1.236363636,3.8101935487812,-2.5738299127812,2.5738299127812
Horse-gram,2017,Kharif     ,Uttarakhand,12728.0,10555.0,1475.8,2003896.32,4836.64,0.923636364,2.7110260102620884,-1.7873896462620884,1.7873896462620884
Khesari,2017,Rabi       ,West Bengal,85634.0,83186.0,1830.0,13482216.96,32540.92,0.998571429,91.55614790414381,-90.55757647514382,90.55757647514382
Sugarcane,2001,Whole Year ,Gujarat,175800.0,12458000.0,666.5,17954454.0,45708.0,62.97384615,62.92922326009892,0.044622889901077656,0.044622889901077656
Horse-gram,2014,Kharif     ,Karnataka,57641.0,26921.0,1238.5,8701485.36,19021.53,0.4912,-33.100718027219614,33.59191802721961,33.59191802721961
Peas & beans (Pulses),2004,Rabi       ,Chhattisgarh,16359.0,5316.0,1122.8,1772334.06,3435.39,0.28625,-71.73299529869684,72.01924529869683,72.01924529869683
Arhar/Tur,2005,Kharif     ,Gujarat,263700.0,276000.0,942.4,31622904.0,55377.0,1.044347826,-0.13539566634011635,1.1797434923401164,1.1797434923401164
Barley,2018,Rabi       ,Chhattisgarh,1698.0,1356.0,1515.5,275415.6,594.3,0.864285714,-59.27331134043527,60.13759705443527,60.13759705443527
Moong(Green Gram),2018,Kharif     ,Andhra Pradesh,17874.0,5247.0,1220.5,2899162.8,6255.9,0.608461538,41.6059425875805,-40.9974810495805,40.9974810495805
Coconut ,2009,Whole Year ,Kerala,778618.0,5667000000.0,2821.5,121324256.8,132365.06,6728.865,7886.939867724334,-1158.0748677243346,1158.0748677243346
Sunflower,2011,Rabi       ,Karnataka,172011.0,65833.0,1178.986364,28815282.72,56763.63,0.581818182,-40.479150268727324,41.06096845072732,41.06096845072732
Cotton(lint),2013,Kharif     ,Karnataka,584977.0,1731624.0,1235.6,84523326.73,157943.79,2.737083333,-31.429484871349246,34.16656820434925,34.16656820434925
Maize,2015,Summer     ,Karnataka,24754.0,69486.0,1024.9,3908904.14,8168.82,2.877407407,-36.053437913007826,38.930845320007826,38.930845320007826
Peas & beans (Pulses),2012,Rabi       ,Jammu and Kashmir,863.0,856.0,1116.7,130140.4,267.53,0.69,6.3081666056192205,-5.618166605619221,5.618166605619221
Maize,2000,Rabi       ,Karnataka,57797.0,142674.0,1213.3,5673931.49,15027.22,2.397368421,-41.88494290934483,44.28231133034483,44.28231133034483
Ragi,2014,Kharif     ,Tamil Nadu,74309.0,223204.0,911.3,11217686.64,24521.97,3.029583333,48.843668554075435,-45.81408522107544,45.81408522107544
Gram,2003,Rabi       ,Bihar,80322.0,78593.0,1353.9,7950271.56,19277.28,0.918333333,-3.639333285570501,4.557666618570501,4.557666618570501
Sesamum,1997,Whole Year ,Assam,15765.0,8257.0,2051.4,1500355.05,4887.15,0.487391304,-34.254921299484664,34.74231260348466,34.74231260348466
Potato,2014,Winter     ,Odisha,8445.0,104081.0,1536.9,1274857.2,2786.85,12.0725,7.266371299352187,4.806128700647813,4.806128700647813
Rice,1998,Winter     ,Manipur,78520.0,181900.0,1855.0,7757776.0,22770.8,2.2175,2.8420744214848526,-0.6245744214848528,0.6245744214848528
Linseed,2003,Rabi       ,Jammu and Kashmir,200.0,112.0,1430.3,19796.0,48.0,0.5575,-2.125342420693528,2.682842420693528,2.682842420693528
Wheat,2017,Rabi       ,Haryana,2530500.0,12265100.0,417.1,398401920.0,961590.0,4.705454545,-0.32854269070188025,5.0339972357018805,5.0339972357018805
Urad,2007,Kharif     ,Uttar Pradesh,342102.0,150004.0,672.9,45636406.8,54736.32,0.515294118,1.485763509594534,-0.970469391594534,0.970469391594534
other oilseeds,1998,Kharif     ,Mizoram,5340.0,6338.0,2640.7,527592.0,1548.6,1.1375,-38.90393285017467,40.04143285017467,40.04143285017467
Small millets,2003,Kharif     ,Arunachal Pradesh,22279.0,21326.0,2782.2,2205175.42,5346.96,0.973333333,-27.32254679735601,28.29588013035601,28.29588013035601
Banana,2015,Whole Year ,Andhra Pradesh,59428.0,2322913.0,940.7,9384275.48,19611.24,39.59461538,97.67289410837927,-58.07827872837927,58.07827872837927
Small millets,2001,Kharif     ,Nagaland,11000.0,7500.0,1532.0,1123430.0,2860.0,0.685,-14.31554570219538,15.00054570219538,15.00054570219538
Tobacco,2009,Whole Year ,Chhattisgarh,22.0,11.0,956.9,3428.04,3.74,0.39,-46.809983423953156,47.19998342395316,47.19998342395316
Other Kharif pulses,2002,Kharif     ,Mizoram,2030.0,2384.0,2627.0,192180.1,507.5,0.945,-32.24290286463031,33.18790286463031,33.18790286463031
Rice,2008,Kharif     ,Haryana,1211149.0,3299000.0,715.6,173242753.0,109003.41,2.569,10.693104053590758,-8.12410405359076,8.12410405359076
Jowar,2013,Kharif     ,Karnataka,167856.0,238840.0,1235.6,24253513.44,45321.12,1.338636364,-32.4915832012139,33.8302195652139,33.8302195652139
Urad,2005,Kharif     ,Gujarat,92700.0,61500.0,942.4,11116584.0,19467.0,0.733913043,-7.965379131524287,8.699292174524286,8.699292174524286
Tobacco,2018,Kharif     ,Andhra Pradesh,24635.0,327589.0,1220.5,3995797.0,8622.25,57.1205,22.549014379018416,34.57148562098158,34.57148562098158
Ragi,2015,Autumn     ,Jharkhand,20816.0,18672.0,1085.6,3287054.56,6869.28,0.783529412,-9.015943666566187,9.799473078566187,9.799473078566187
Potato,2014,Summer     ,West Bengal,2445.0,29340.0,1483.5,369097.2,806.85,12.0,81.31852294012415,-69.31852294012415,69.31852294012415
Soyabean,2017,Kharif     ,Gujarat,146015.0,137352.0,814.8,22988601.6,55485.7,1.001176471,12.586597616856267,-11.585421145856266,11.585421145856266
Masoor,2010,Rabi       ,Punjab,1100.0,739.0,392.7,182721.0,264.0,0.686666667,4.967408070617807,-4.2807414036178075,4.2807414036178075
Bajra,2008,Kharif     ,Uttar Pradesh,809300.0,1302073.0,891.6,115762272.0,72837.0,1.471290323,1.4367224682678454,0.034567854732154624,0.034567854732154624
Gram,1998,Rabi       ,Punjab,15200.0,10400.0,588.6,1501760.0,4408.0,0.765833333,-5.301416261886203,6.067249594886203,6.067249594886203
Other  Rabi pulses,2011,Rabi       ,Chhattisgarh,3143.0,480.0,1302.7,526515.36,1037.19,0.229166667,-54.40767020163341,54.63683686863341,54.63683686863341
Arecanut,2011,Whole Year ,Meghalaya,15448.0,21751.0,4083.104545,2587848.96,5097.84,1.228571429,30.950224490161858,-29.72165306116186,29.72165306116186
Urad,2006,Kharif     ,Chhattisgarh,109009.0,33137.0,1317.2,13921539.39,23981.98,0.284444444,-78.24146676964483,78.52591121364483,78.52591121364483
Castor seed,2015,Kharif     ,Bihar,43.0,41.0,874.0,6790.13,14.19,0.968,-0.601463420418213,1.569463420418213,1.569463420418213
Ragi,2015,Kharif     ,Bihar,6925.0,9893.0,874.0,1093526.75,2285.25,1.276086957,7.857313387078847,-6.581226430078846,6.581226430078846
Safflower,2012,Rabi       ,Madhya Pradesh,236.0,143.0,1049.5,35588.8,73.16,0.386666667,-7.041484598730904,7.428151265730904,7.428151265730904
Other Kharif pulses,2003,Kharif     ,Manipur,2340.0,1190.0,687.7,231613.2,561.6,0.5075,-11.324408084956218,11.831908084956218,11.831908084956218
Small millets,1999,Kharif     ,Himachal Pradesh,15200.0,9818.0,1144.9,1613176.0,4104.0,0.457777778,-15.397024831297017,15.854802609297018,15.854802609297018
Moong(Green Gram),2002,Kharif     ,Chhattisgarh,9625.0,2253.0,1001.4,911198.75,2406.25,0.21125,-85.46249607546221,85.67374607546222,85.67374607546222
Other Cereals,2018,Rabi       ,Jammu and Kashmir,2703.0,521.0,1016.3,438426.6,946.05,0.338,5.13868093323174,-4.80068093323174,4.80068093323174
Black pepper,2005,Whole Year ,Puducherry,12.0,7.0,1434.5875,1439.04,2.52,0.58,137.36546843302693,-136.78546843302692,136.78546843302692
Bajra,2011,Kharif     ,Chhattisgarh,62.0,29.0,1302.7,10386.24,20.46,0.618,-71.34673868793342,71.96473868793342,71.96473868793342
Sunflower,2018,Rabi       ,Bihar,7308.0,10355.0,1521.4,1185357.6,2557.8,1.3865,4.499777134290923,-3.1132771342909233,3.1132771342909233
Barley,2003,Rabi       ,Madhya Pradesh,84256.0,123182.0,1163.0,8339658.88,20221.44,1.6195,-11.516953097418934,13.136453097418935,13.136453097418935
Other Kharif pulses,2011,Kharif     ,Uttarakhand,10189.0,8848.0,1564.7,1706861.28,3362.37,0.806363636,7.434286950772986,-6.6279233147729855,6.6279233147729855
Rice,2006,Winter     ,Meghalaya,61752.0,115533.0,2454.7,7886347.92,13585.44,1.852857143,-2.252841110422139,4.105698253422139,4.105698253422139
Bajra,2014,Kharif     ,Uttarakhand,2.0,2.0,1287.4,301.92,0.66,1.0,-3.376930717082672,4.376930717082672,4.376930717082672
Jowar,2015,Kharif     ,Delhi,3161.0,3034.0,757.7,499153.51,1043.13,0.96,7.840728371370886,-6.880728371370886,6.880728371370886
Sesamum,2011,Whole Year ,Tamil Nadu,43175.0,26447.0,926.5,7232676.0,14247.75,0.577931034,84.39006685846559,-83.81213582446559,83.81213582446559
Dry chillies,2014,Whole Year ,Assam,19605.0,17287.0,1899.0,2959570.8,6469.65,0.792222222,-40.32537303669389,41.11759525869389,41.11759525869389
Rapeseed &Mustard,2008,Rabi       ,Meghalaya,7197.0,4906.0,3114.3,1029458.88,647.73,0.651428571,-12.29644445888087,12.94787302988087,12.94787302988087
Sesamum,2018,Kharif     ,Nagaland,3700.0,2260.0,1372.7,600140.0,1295.0,0.611818182,-0.6887673649312092,1.300585546931209,1.300585546931209
Cotton(lint),2013,Kharif     ,Mizoram,107.0,81.0,1848.8,15460.43,28.89,0.71,-30.171535231691735,30.881535231691736,30.881535231691736
Sugarcane,2000,Whole Year ,Kerala,3367.0,275550.0,2412.6,330538.39,875.42,90.19,-43.65421968631941,133.8442196863194,133.8442196863194
Gram,2010,Rabi       ,Delhi,8.0,75.0,989.5,1328.88,1.92,9.38,7.365119904848143,2.0148800951518577,2.0148800951518577
Sunflower,2000,Kharif     ,West Bengal,246.0,156.0,1907.7,24149.82,63.96,1.276666667,81.4598654969563,-80.1831988299563,80.1831988299563
Bajra,2006,Summer     ,Karnataka,1236.0,1415.0,1146.3,157849.56,271.92,0.81,-55.29967098290723,56.10967098290723,56.10967098290723
Maize,2010,Rabi       ,Uttar Pradesh,5492.0,16498.0,742.6,912276.12,1318.08,3.0012,16.106529173352044,-13.105329173352043,13.105329173352043
Maize,2012,Whole Year ,Kerala,180.0,15.0,2187.6,27144.0,55.8,0.535,-49.34079991005751,49.87579991005751,49.87579991005751
Mesta,2011,Kharif     ,Madhya Pradesh,394.0,687.0,852.6,66002.88,130.02,1.508181818,0.07710719742456718,1.4310746205754328,1.4310746205754328
Cotton(lint),2012,Kharif     ,Haryana,592640.0,2378000.0,307.9,89370112.0,183718.4,2.352631579,-2.475428327604334,4.828059906604334,4.828059906604334
Black pepper,2001,Whole Year ,Goa,573.0,100.0,2530.6,58520.49,148.98,0.17,-167.27370639689786,167.44370639689785,167.44370639689785
Groundnut,2003,Kharif     ,Madhya Pradesh,214353.0,247578.0,1163.0,21216659.94,51444.72,1.045416667,-5.380502204981212,6.425918871981212,6.425918871981212
Rice,1999,Summer     ,Maharashtra,41400.0,82900.0,1166.5,4393782.0,11178.0,2.081,8.16924411608835,-6.088244116088351,6.088244116088351
Other  Rabi pulses,2013,Rabi       ,Gujarat,20524.0,15932.0,1006.5,2965512.76,5541.48,0.7475,19.25634530020426,-18.50884530020426,18.50884530020426
Linseed,2018,Rabi       ,Maharashtra,7014.0,2732.0,1387.4,1137670.8,2454.9,0.336363636,19.85242794725741,-19.51606431125741,19.51606431125741
Rice,2013,Kharif     ,Punjab,2851000.0,11267000.0,586.6,411940990.0,769770.0,3.834090909,12.18953141939852,-8.35544051039852,8.35544051039852
Urad,2011,Kharif     ,Chhattisgarh,98154.0,29066.0,1302.7,16442758.08,32390.82,0.295925926,-73.04949862605918,73.34542455205917,73.34542455205917
Horse-gram,2019,Rabi       ,Andhra Pradesh,29995.0,16670.0,899.2,5151941.2,11098.15,0.606923077,41.901160013649104,-41.294236936649106,41.294236936649106
Black pepper,2012,Whole Year ,Meghalaya,950.0,665.0,2945.3,143260.0,294.5,0.697142857,46.31909063424857,-45.621947777248565,45.621947777248565
Cotton(lint),2015,Kharif     ,Meghalaya,7295.0,8928.0,3870.8,1151953.45,2407.35,1.176,0.2041581727951609,0.971841827204839,0.971841827204839
Mesta,2000,Kharif     ,Assam,5049.0,24557.0,1965.5,495660.33,1312.74,4.657368421,-70.78041646495276,75.43778488595277,75.43778488595277
Gram,2013,Kharif     ,Telangana,54.0,73.0,1348.7,7802.46,14.58,1.35,53.72841310261789,-52.37841310261789,52.37841310261789
Urad,2018,Kharif     ,Punjab,2000.0,1100.0,585.5,324400.0,700.0,0.7,6.722060497417658,-6.022060497417658,6.022060497417658
Gram,2008,Rabi       ,Maharashtra,1143300.0,773900.0,1052.8,163537632.0,102897.0,0.66483871,-0.2571946531086553,0.9220333631086554,0.9220333631086554
Groundnut,2000,Rabi       ,Goa,1421.0,2584.0,3886.9,139499.57,369.46,1.82,-215.4475289277148,217.2675289277148,217.2675289277148
Turmeric,2019,Kharif     ,Jammu and Kashmir,4.0,4.0,1324.1,687.04,1.48,1.0,-15.552519976525105,16.552519976525105,16.552519976525105
Bajra,2018,Kharif     ,Madhya Pradesh,327080.0,628340.0,1102.2,53052376.0,114478.0,1.517916667,-1.3476044186508602,2.86552108565086,2.86552108565086
Ginger,2015,Kharif     ,Himachal Pradesh,2276.0,15389.0,1223.2,359403.16,751.08,6.84,-1.9844886521833587,8.824488652183359,8.824488652183359
Maize,1997,Summer     ,Karnataka,9730.0,20893.0,1266.7,926004.1,3016.3,2.165714286,-52.82522009761101,54.990934383611005,54.990934383611005
Bajra,2009,Kharif     ,Nagaland,1000.0,690.0,1225.9,155820.0,170.0,0.688181818,-7.65889784537805,8.34707966337805,8.34707966337805
Sunflower,2002,Kharif     ,Odisha,50.0,30.0,1102.8,4733.5,12.5,0.666666667,-4.17071194582752,4.8373786128275205,4.8373786128275205
Groundnut,2016,Kharif     ,Chhattisgarh,26726.0,46931.0,1298.9,4095759.5,9354.1,1.67375,-55.882401409771944,57.55615140977194,57.55615140977194
Potato,2016,Summer     ,West Bengal,2590.0,25329.0,1795.8,396917.5,906.5,7.125,85.39629764164437,-78.27129764164437,78.27129764164437
Jowar,2019,Rabi       ,Gujarat,20277.0,23623.0,1067.8,3482777.52,7502.49,1.1125,9.75848653374075,-8.64598653374075,8.64598653374075
Tobacco,2002,Whole Year ,West Bengal,7757.0,4205.0,1629.1,734355.19,1939.25,0.67,108.61037668979958,-107.94037668979958,107.94037668979958
Tobacco,2005,Whole Year ,West Bengal,13884.0,19890.0,1650.1,1664969.28,2915.64,0.791666667,111.7750677139841,-110.9834010469841,110.9834010469841
Jowar,2017,Autumn     ,West Bengal,6.0,3.0,1830.0,944.64,2.28,0.5,83.65830372122548,-83.15830372122548,83.15830372122548
Coriander,2003,Whole Year ,Tamil Nadu,27722.0,8052.0,345.6,2743923.56,6653.28,0.300740741,43.306030366170546,-43.00528962517055,43.00528962517055
Cotton(lint),2018,Kharif     ,Tripura,812.0,1216.0,2169.1,131706.4,284.2,1.4175,6.0646679125802905,-4.64716791258029,4.64716791258029
Castor seed,2004,Kharif     ,Maharashtra,12300.0,3500.0,1052.0,1332582.0,2583.0,0.253181818,-2.8120192946220186,3.0652011126220184,3.0652011126220184
Turmeric,2012,Whole Year ,Arunachal Pradesh,699.0,2893.0,2760.7,105409.2,216.69,4.02625,10.643448415599892,-6.6171984155998915,6.6171984155998915
Gram,2009,Rabi       ,Punjab,3000.0,3400.0,371.3,467460.0,510.0,1.155555556,4.620816672503139,-3.465261116503139,3.465261116503139
Cotton(lint),2007,Whole Year ,Tamil Nadu,99335.0,200673.0,1067.2,13251289.0,15893.6,2.013928571,91.92035203022056,-89.90642345922056,89.90642345922056
Linseed,2007,Rabi       ,Maharashtra,67800.0,19300.0,1257.2,9044520.0,10848.0,0.417222222,7.323939291370721,-6.90671706937072,6.90671706937072
Rapeseed &Mustard,2008,Rabi       ,Maharashtra,6200.0,2100.0,1052.8,886848.0,558.0,0.426190476,8.223511967417807,-7.797321491417806,7.797321491417806
Moong(Green Gram),2015,Winter     ,Odisha,70356.0,15494.0,1210.1,11109915.96,23217.48,0.249545455,0.9342525174202763,-0.6847070624202762,0.6847070624202762
Wheat,2011,Rabi       ,Punjab,3528000.0,17982000.0,705.2,591010560.0,1164240.0,5.0675,-4.87998121455783,9.947481214557829,9.947481214557829
Jute,2009,Kharif     ,West Bengal,614365.0,9324967.0,1317.2,95730354.3,104442.05,14.996875,97.77619007678214,-82.77931507678214,82.77931507678214
Other Kharif pulses,2015,Kharif     ,West Bengal,951.0,636.0,1717.0,150172.41,313.83,0.545714286,105.83922846086566,-105.29351417486565,105.29351417486565
Castor seed,2012,Kharif     ,Andhra Pradesh,208000.0,105000.0,968.7,31366400.0,64480.0,0.764,36.313506124742645,-35.54950612474264,35.54950612474264
Sugarcane,2002,Whole Year ,Karnataka,382719.0,32485308.0,860.8,36232007.73,95679.75,83.89230769,20.87586193703467,63.016445752965325,63.016445752965325
Niger seed,2013,Kharif     ,Andhra Pradesh,21.0,11.0,1062.3,3034.29,5.67,0.52,48.25413765925536,-47.73413765925536,47.73413765925536
Other  Rabi pulses,2012,Rabi       ,Chhattisgarh,2467.0,394.0,1366.8,372023.6,764.77,0.1988,-52.96422988095935,53.16302988095935,53.16302988095935
Masoor,2004,Rabi       ,Mizoram,16.0,12.0,2640.8,1733.44,3.36,1.033333333,-35.718530792882916,36.75186412588292,36.75186412588292
Sugarcane,1998,Whole Year ,Delhi,5.0,300.0,784.5,494.0,1.45,60.0,64.62375977408601,-4.623759774086011,4.623759774086011
Oilseeds total,2008,Whole Year ,Arunachal Pradesh,31785.0,31016.0,2244.4,4546526.4,2860.65,0.995,-1.2796403431599686,2.2746403431599687,2.2746403431599687
Small millets,2007,Kharif     ,Himachal Pradesh,7443.0,5463.0,1095.4,992896.2,1190.88,0.657142857,-7.484832203117151,8.14197506011715,8.14197506011715
Small millets,2005,Kharif     ,Maharashtra,71300.0,37600.0,1387.2,8550296.0,14973.0,0.495,-1.0747709802973588,1.569770980297359,1.569770980297359
Masoor,2016,Rabi       ,Punjab,700.0,400.0,635.9,107275.0,245.0,0.5425,12.693693116937567,-12.151193116937566,12.151193116937566
Sugarcane,2002,Whole Year ,West Bengal,19460.0,1281276.0,1629.1,1842278.2,4865.0,64.52933333,157.7026675109347,-93.1733341809347,93.1733341809347
Onion,2015,Rabi       ,Himachal Pradesh,854.0,8696.0,1223.2,134855.14,281.82,9.954,-0.36393843424053784,10.317938434240538,10.317938434240538
Khesari,2019,Rabi       ,Tripura,52.0,35.0,2252.8,8931.52,19.24,0.685714286,-4.842665773657785,5.528380059657785,5.528380059657785
Moong(Green Gram),2009,Winter     ,Odisha,120690.0,27253.0,1330.3,18805915.8,20517.3,0.263703704,-4.834123285562697,5.097826989562697,5.097826989562697
Other Kharif pulses,2017,Kharif     ,Andhra Pradesh,2551.0,1642.0,868.2,401629.44,969.38,0.905,53.391721361873905,-52.486721361873904,52.486721361873904
Moong(Green Gram),1998,Kharif     ,Andhra Pradesh,333300.0,163500.0,1048.3,32930040.0,96657.0,0.560909091,18.0683925969507,-17.507483505950702,17.507483505950702
Barley,2017,Rabi       ,Bihar,10378.0,16468.0,1112.0,1633912.32,3943.64,1.567857143,5.783927404158874,-4.216070261158874,4.216070261158874
Sunflower,2014,Kharif     ,Andhra Pradesh,11028.0,5949.0,687.6,1664786.88,3639.24,0.811428571,38.832559174283034,-38.021130603283034,38.021130603283034
Cowpea(Lobia),2012,Rabi       ,Karnataka,7192.0,2396.0,956.2,1084553.6,2229.52,0.332272727,-37.0345985436378,37.3668712706378,37.3668712706378
Safflower,2000,Rabi       ,West Bengal,29.0,9.0,1907.7,2846.93,7.54,0.3,78.56725108983204,-78.26725108983204,78.26725108983204
Coriander,2005,Whole Year ,Chhattisgarh,4008.0,1110.0,1292.7,480639.36,841.68,0.258,-59.258659414667136,59.51665941466714,59.51665941466714
Potato,2018,Rabi       ,Telangana,1939.0,36016.0,1350.3,314505.8,678.65,16.048,46.890453314552744,-30.842453314552746,30.842453314552746
Bajra,2009,Kharif     ,Delhi,1586.0,2979.0,528.4,247130.52,269.62,1.88,-4.006097930344225,5.886097930344225,5.886097930344225
Banana,2017,Kharif     ,Meghalaya,7264.0,94603.0,4472.3,1143644.16,2760.32,10.72727273,6.173357217378538,4.553915512621462,4.553915512621462
Moong(Green Gram),2014,Rabi       ,Andhra Pradesh,160036.0,131294.0,687.6,24159034.56,52811.88,0.767692308,29.928100677544975,-29.160408369544975,29.160408369544975
Sweet potato,2019,Whole Year ,Assam,4926.0,25640.0,2084.7,846089.76,1822.62,5.578518519,-18.707395564482454,24.285914083482453,24.285914083482453
Maize,2003,Kharif     ,Jammu and Kashmir,321189.0,532620.0,1430.3,31791287.22,77085.36,1.561666667,-0.09706616098986842,1.6587328279898683,1.6587328279898683
Sesamum,2017,Kharif     ,Jharkhand,16168.0,6693.0,1165.7,2545489.92,6143.84,0.419047619,-1.7315144047317403,2.1505620237317404,2.1505620237317404
Other  Rabi pulses,2017,Rabi       ,Manipur,6343.0,5942.0,1780.0,998641.92,2410.34,0.931111111,14.91001788895798,-13.978906777957981,13.978906777957981
Maize,2000,Kharif     ,West Bengal,35267.0,88264.0,1907.7,3462161.39,9169.42,2.568571429,90.31544803383699,-87.74687660483698,87.74687660483698
Coriander,2004,Whole Year ,Tamil Nadu,19350.0,8391.0,1034.0,2096379.0,4063.5,0.4236,48.854846802970954,-48.43124680297095,48.43124680297095
Groundnut,2018,Kharif     ,Andhra Pradesh,687139.0,332910.0,1220.5,111453945.8,240498.65,1.965,51.45307164000981,-49.48807164000981,49.48807164000981
Gram,2017,Kharif     ,Telangana,1.0,1.0,815.7,157.44,0.38,1.0,54.35924625444416,-53.35924625444416,53.35924625444416
Castor seed,2019,Kharif     ,Odisha,4510.0,2910.0,1593.9,774637.6,1668.7,0.909,15.21968366713503,-14.310683667135029,14.310683667135029
Arecanut,2000,Whole Year ,Assam,73237.0,68261.0,1965.5,7189676.29,19041.62,0.957391304,-38.114066369322586,39.071457673322584,39.071457673322584
Sugarcane,2012,Whole Year ,Madhya Pradesh,53901.0,2756580.0,1049.5,8128270.8,16709.31,36.84958333,71.4298731677946,-34.580289837794595,34.580289837794595
Dry chillies,2015,Rabi       ,Karnataka,7744.0,15656.0,1024.9,1222855.04,2555.52,2.112592593,-64.02516061805414,66.13775321105415,66.13775321105415
Masoor,2019,Rabi       ,West Bengal,172025.0,143792.0,1733.4,29547014.0,63649.25,0.749047619,103.53002881368803,-102.78098119468804,102.78098119468804
Cashewnut,2019,Whole Year ,Goa,56476.0,28630.0,4489.5,9700317.76,20896.12,0.485,-148.91202051651942,149.39702051651943,149.39702051651943
Onion,2014,Rabi       ,Uttar Pradesh,10021.0,153311.0,616.4,1512770.16,3306.93,15.2939726,9.360887066887699,5.933085533112301,5.933085533112301
Moong(Green Gram),2018,Kharif     ,Gujarat,63056.0,21073.0,1125.4,10227683.2,22069.6,0.383103448,5.10020617879772,-4.71710273079772,4.71710273079772
Bajra,2009,Summer     ,Puducherry,31.0,62.0,1434.5875,4830.42,5.27,2.0,66.44105262243484,-64.44105262243484,64.44105262243484
Rice,2002,Kharif     ,Arunachal Pradesh,124584.0,152500.0,2832.8,11794367.28,31146.0,1.182666667,-0.20249914077288622,1.3851658077728861,1.3851658077728861
Coriander,2000,Whole Year ,Chhattisgarh,3415.0,892.0,896.4,335250.55,887.9,0.256,-66.948860043004,67.204860043004,67.204860043004
Urad,2017,Kharif     ,Madhya Pradesh,1788800.0,1744360.0,800.0,281628672.0,679744.0,0.742941176,-13.02693841530862,13.769879591308621,13.769879591308621
Soyabean,1999,Kharif     ,Sikkim,4150.0,3406.0,2678.5,440439.5,1120.5,0.795,-9.266145267350538,10.061145267350538,10.061145267350538
Black pepper,2006,Kharif     ,Puducherry,12.0,7.0,1434.5875,1532.52,2.64,0.58,87.70828739030146,-87.12828739030147,87.12828739030147
Other  Rabi pulses,2016,Rabi       ,Tripura,550.0,468.0,2475.3,84287.5,192.5,0.85,14.972907411094639,-14.122907411094639,14.122907411094639
Other Kharif pulses,2010,Kharif     ,Maharashtra,129400.0,61380.0,1389.0,21494634.0,31056.0,0.449354839,16.26961526245171,-15.820260423451709,15.820260423451709
Moong(Green Gram),2002,Kharif     ,Haryana,18329.0,2800.0,353.9,1735206.43,4582.25,0.138,-19.69728798826236,19.835287988262362,19.835287988262362
Banana,2010,Whole Year ,Gujarat,23500.0,1650300.0,1107.5,3903585.0,5640.0,70.365,58.28464022156014,12.080359778439856,12.080359778439856
Sunflower,2012,Whole Year ,Madhya Pradesh,48.0,38.0,1049.5,7238.4,14.88,0.61,46.53451620387274,-45.92451620387274,45.92451620387274
Onion,2012,Rabi       ,Andhra Pradesh,14000.0,386000.0,968.7,2111200.0,4340.0,25.34375,34.32182876667761,-8.978078766677612,8.978078766677612
Sugarcane,2019,Whole Year ,Haryana,96300.0,7730300.0,351.8,16540488.0,35631.0,78.94444444,77.10568647267114,1.8387579673288599,1.8387579673288599
Arecanut,2013,Whole Year ,Meghalaya,16678.0,25114.0,2448.4,2409804.22,4503.06,1.331818182,22.355719214147726,-21.023901032147727,21.023901032147727
Potato,2013,Kharif     ,Uttarakhand,9246.0,84730.0,1735.4,1335954.54,2496.42,9.480909091,0.4733691196299503,9.007539971370049,9.007539971370049
Small millets,2016,Rabi       ,West Bengal,519.0,714.0,1795.8,79536.75,181.65,0.98,91.52721080230751,-90.5472108023075,90.5472108023075
Arhar/Tur,2006,Kharif     ,Karnataka,595697.0,262673.0,1146.3,76076463.87,131053.34,0.4648,-39.452009135257214,39.91680913525721,39.91680913525721
Dry chillies,2010,Whole Year ,Haryana,1139.0,10900.0,639.2,189199.29,273.36,6.945333333,18.364779575275634,-11.419446242275633,11.419446242275633
Tobacco,2013,Kharif     ,Andhra Pradesh,22309.0,164772.0,1062.3,3223427.41,6023.43,6.22,16.4271601073292,-10.207160107329202,10.207160107329202
Cotton(lint),2018,Kharif     ,Punjab,267900.0,1222800.0,585.5,43453380.0,93765.0,4.273333333,14.29025136747984,-10.01691803447984,10.01691803447984
other oilseeds,2013,Kharif     ,Uttarakhand,61.0,36.0,1735.4,8813.89,16.47,0.6,8.01181495178895,-7.41181495178895,7.41181495178895
Ragi,2017,Summer     ,Odisha,110.0,75.0,1344.4,17318.4,41.8,0.643333333,8.209426114923332,-7.566092781923332,7.566092781923332
Arecanut,1997,Whole Year ,Assam,73814.0,56708.0,2051.4,7024878.38,22882.34,0.796086957,-40.60471583908975,41.40080279608975,41.40080279608975
Linseed,2013,Rabi       ,Maharashtra,12100.0,3250.0,1409.8,1748329.0,3267.0,0.34375,14.844606038141052,-14.500856038141052,14.500856038141052
Black pepper,2015,Whole Year ,Assam,3302.0,6025.0,2155.3,521418.82,1089.66,1.785925926,0.5859689705094979,1.199956955490502,1.199956955490502
Dry chillies,2011,Whole Year ,Chhattisgarh,6223.0,5719.0,1302.7,1042476.96,2053.59,0.895185185,-46.3533554501025,47.2485406351025,47.2485406351025
Groundnut,2014,Kharif     ,Tripura,249.0,268.0,2015.7,37589.04,82.17,1.0675,3.5030625300160807,-2.435562530016081,2.435562530016081
Other Cereals,2016,Rabi       ,Maharashtra,10612.0,4166.0,1151.1,1626289.0,3714.2,0.437058824,10.860882359416252,-10.423823535416252,10.423823535416252
Wheat,2000,Rabi       ,Chhattisgarh,77844.0,79488.0,896.4,7641945.48,20239.44,1.214375,-70.27218909073173,71.48656409073173,71.48656409073173
Urad,2006,Kharif     ,Punjab,3300.0,1400.0,569.6,421443.0,726.0,0.351666667,-5.67689375117007,6.02856041817007,6.02856041817007
Bajra,2001,Kharif     ,Haryana,585474.0,832000.0,483.8,59794459.62,152223.24,1.065263158,-20.65767430307224,21.72293746107224,21.72293746107224
Rice,2006,Summer     ,Assam,312471.0,630162.0,1774.9,39905671.41,68743.62,1.837037037,-60.09586114607305,61.93289818307305,61.93289818307305
Bajra,1999,Kharif     ,Maharashtra,1720700.0,1126300.0,1166.5,182617891.0,464589.0,0.662916667,-18.516790703138327,19.179707370138328,19.179707370138328
Wheat,2009,Rabi       ,Meghalaya,405.0,718.0,2995.9,63107.1,68.85,1.25,-4.103088501344729,5.353088501344729,5.353088501344729
Urad,2007,Rabi       ,Puducherry,196.0,127.0,1434.5875,26146.4,31.36,0.61,71.75746370669746,-71.14746370669747,71.14746370669747
Other Kharif pulses,1999,Kharif     ,Maharashtra,272900.0,93600.0,1166.5,28962877.0,73683.0,0.39375,2.656896747747851,-2.263146747747851,2.263146747747851
Sugarcane,2001,Whole Year ,Delhi,3.0,200.0,611.9,306.39,0.78,66.67,66.57315765873338,0.09684234126662261,0.09684234126662261
Rice,2006,Autumn     ,Odisha,757000.0,765000.0,1716.9,96676470.0,166540.0,1.056785714,8.16200564072858,-7.10521992672858,7.10521992672858
Linseed,2017,Rabi       ,Maharashtra,10591.0,3257.0,1129.5,1667447.04,4024.58,0.2975,17.135379574186516,-16.837879574186516,16.837879574186516
Arhar/Tur,2019,Kharif     ,Himachal Pradesh,77.0,50.0,1217.7,13225.52,28.49,0.69,13.833026697148,-13.143026697148,13.143026697148
Bajra,1997,Kharif     ,Gujarat,915800.0,1114500.0,798.9,87156686.0,283898.0,1.218235294,-20.91181611739205,22.13005141139205,22.13005141139205
Linseed,2003,Rabi       ,Maharashtra,63400.0,14700.0,1037.4,6275332.0,15216.0,0.258333333,1.851755272053964,-1.5934219390539641,1.5934219390539641
Coconut ,2018,Whole Year ,Tamil Nadu,439745.0,5214000000.0,986.2,71326639.0,153910.75,11263.83,8121.522475796184,3142.307524203816,3142.307524203816
Maize,2016,Summer     ,Uttarakhand,90.0,133.0,1580.9,13792.5,31.5,1.705,-0.32455469348138877,2.029554693481389,2.029554693481389
Jowar,2002,Kharif     ,Karnataka,320455.0,363172.0,860.8,30337474.85,80113.75,0.97952381,-47.25060156956016,48.230125379560164,48.230125379560164
Ginger,2000,Kharif     ,Haryana,65.0,0.0,383.7,6381.05,16.9,0.0,-22.50216303846014,22.50216303846014,22.50216303846014
Cotton(lint),2016,Kharif     ,Andhra Pradesh,463437.0,1544526.0,890.0,71021720.25,162202.95,2.633076923,45.66713436230867,-43.034057439308675,43.034057439308675
Groundnut,1997,Kharif     ,Gujarat,1826300.0,2453600.0,798.9,173808971.0,566153.0,1.22,-16.006170059913813,17.226170059913812,17.226170059913812
Jowar,2013,Kharif     ,Puducherry,1.0,2.0,1083.2,144.49,0.27,2.0,84.33395479975096,-82.33395479975096,82.33395479975096
Garlic,2008,Rabi       ,Himachal Pradesh,4036.0,1246.0,1357.1,577309.44,363.24,0.527777778,-25.540748352975072,26.068526130975073,26.068526130975073
Other Kharif pulses,2011,Kharif     ,West Bengal,573.0,247.0,1686.5,95988.96,189.09,0.4425,101.54807552748954,-101.10557552748955,101.10557552748955
Moong(Green Gram),2000,Kharif     ,Bihar,9229.0,5165.0,1207.0,906010.93,2399.54,0.605333333,-17.42086759691648,18.02620092991648,18.02620092991648
Tapioca,2011,Kharif     ,Meghalaya,4203.0,22046.0,4083.104545,704086.56,1386.99,6.122857143,-15.035898975689804,21.158756118689805,21.158756118689805
Linseed,2019,Rabi       ,Odisha,10170.0,5040.0,1593.9,1746799.2,3762.9,0.519230769,21.298894559248808,-20.779663790248808,20.779663790248808
Other Summer Pulses,2017,Summer     ,Puducherry,15.0,42.0,1582.4,2361.6,5.7,2.8,47.994196542750856,-45.19419654275086,45.19419654275086
Wheat,2008,Rabi       ,Uttarakhand,379081.0,770934.0,1363.7,54223746.24,34117.29,1.491538462,3.6195218513535963,-2.127983389353596,2.127983389353596
Ragi,2005,Summer     ,Odisha,226.0,180.0,1503.4,27101.92,47.46,0.693333333,-3.043101328842056,3.736434661842056,3.736434661842056
Bajra,2012,Kharif     ,Madhya Pradesh,193037.0,388390.0,1049.5,29109979.6,59841.47,1.560344828,-7.157539099476793,8.717883927476793,8.717883927476793
Moth,2013,Kharif     ,Uttarakhand,27.0,11.0,1735.4,3901.23,7.29,0.26,0.01729355709321112,0.2427064429067889,0.2427064429067889
Onion,2019,Rabi       ,Uttar Pradesh,11734.0,167327.0,814.5,2015431.84,4341.58,14.46173333,15.760368763224847,-1.298635433224847,1.298635433224847
Turmeric,2001,Whole Year ,Uttar Pradesh,1419.0,2543.0,849.9,144922.47,368.94,1.837906977,28.33648913227256,-26.498582155272562,26.498582155272562
Moong(Green Gram),2001,Kharif     ,Tamil Nadu,128995.0,53470.0,481.3,13174259.35,33538.7,0.415925926,20.30402780432098,-19.88810187832098,19.88810187832098
Soyabean,2019,Kharif     ,Jharkhand,1193.0,1023.0,1137.8,204909.68,441.41,0.850833333,11.470452577705856,-10.619619244705856,10.619619244705856
Cotton(lint),2000,Kharif     ,Gujarat,1615400.0,1161400.0,379.7,158583818.0,420004.0,0.918823529,-17.242749595232397,18.161573124232397,18.161573124232397
Gram,2001,Rabi       ,Gujarat,49100.0,27200.0,666.5,5014583.0,12766.0,0.568333333,-5.041094362728813,5.609427695728813,5.609427695728813
Potato,2013,Whole Year ,Assam,97956.0,700144.0,1797.7,14153662.44,26448.12,7.258148148,-14.909249139350237,22.167397287350237,22.167397287350237
Sesamum,2013,Kharif     ,Nagaland,3570.0,2150.0,1350.9,515829.3,963.9,0.603636364,-5.9509144694480085,6.554550833448008,6.554550833448008
Rice,2013,Winter     ,Meghalaya,46424.0,111289.0,2448.4,6707803.76,12534.48,2.238571429,4.9909749491178275,-2.7524035201178276,2.7524035201178276
Mesta,2005,Kharif     ,Chhattisgarh,1214.0,2385.0,1292.7,145582.88,254.94,2.074,-69.1634458570494,71.2374458570494,71.2374458570494
Coriander,1999,Whole Year ,Madhya Pradesh,144307.0,62527.0,1222.9,15315301.91,38962.89,0.387142857,-0.7701839974818085,1.1573268544818085,1.1573268544818085
Niger seed,2009,Kharif     ,Chhattisgarh,68032.0,10904.0,956.9,10600746.24,11565.44,0.146,-66.26705740432786,66.41305740432786,66.41305740432786
Cotton(lint),2002,Kharif     ,West Bengal,823.0,1474.0,1629.1,77913.41,205.75,2.875,87.81451718156168,-84.93951718156168,84.93951718156168
Urad,2011,Kharif     ,Uttarakhand,11013.0,8941.0,1564.7,1844897.76,3634.29,0.696153846,-5.8807900822458805,6.57694392824588,6.57694392824588
Linseed,2011,Rabi       ,Assam,7037.0,3981.0,1743.4,1178838.24,2322.21,0.536086957,-62.56911333996629,63.105200296966295,63.105200296966295
Groundnut,2014,Autumn     ,West Bengal,2008.0,1864.0,1483.5,303127.68,662.64,1.008888889,84.62209712579096,-83.61320823679095,83.61320823679095
Bajra,2014,Kharif     ,West Bengal,164.0,48.0,1483.5,24757.44,54.12,0.32,91.16618869825697,-90.84618869825698,90.84618869825698
Arhar/Tur,2004,Rabi       ,Jharkhand,20377.08,30381.0,1149.2,2207652.847,4279.1868,1.50625,-7.5451865463530225,9.051436546353022,9.051436546353022
Masoor,2011,Rabi       ,Manipur,517.0,434.0,1533.561905,86607.84,170.61,0.833333333,-3.2498942301653244,4.083227563165324,4.083227563165324
Sesamum,2006,Kharif     ,Chhattisgarh,21335.0,6434.0,1317.2,2724692.85,4693.7,0.274444444,-79.69190939399616,79.96635383799615,79.96635383799615
Tobacco,2005,Whole Year ,Mizoram,511.0,364.0,2075.4,61279.12,107.31,0.782857143,-16.051206694816614,16.834063837816615,16.834063837816615
Mesta,2010,Kharif     ,West Bengal,6256.0,76752.0,1096.0,1039184.16,1501.44,8.576666667,92.9016799409971,-84.3250132739971,84.3250132739971
Wheat,2011,Rabi       ,Delhi,18927.0,82142.0,641.3954545,3170651.04,6245.91,4.34,14.147518546820834,-9.807518546820834,9.807518546820834
Small millets,2014,Kharif     ,Bihar,2612.0,1978.0,1061.0,394307.52,861.96,0.7895,-1.5040444129446087,2.2935444129446085,2.2935444129446085
Moong(Green Gram),2005,Kharif     ,Bihar,8247.0,4898.0,907.8,988980.24,1731.87,0.563714286,-14.242432181467336,14.806146467467336,14.806146467467336
Other Kharif pulses,2017,Kharif     ,Tamil Nadu,29294.0,19342.0,970.9,4612047.36,11131.72,0.671818182,55.54437307604147,-54.872554894041464,54.872554894041464
Potato,2010,Rabi       ,Nagaland,3500.0,43410.0,1771.8,581385.0,840.0,12.40285714,-4.398794810363597,16.8016519503636,16.8016519503636
Moong(Green Gram),2016,Kharif     ,Tripura,2228.0,1234.0,2475.3,341441.0,779.8,0.55,-4.874151536317328,5.424151536317328,5.424151536317328
Small millets,2011,Kharif     ,Sikkim,2950.0,2840.0,2585.486364,494184.0,973.5,0.96,-6.043431285443006,7.003431285443006,7.003431285443006
Coconut ,2016,Whole Year ,Andhra Pradesh,102548.0,1415300000.0,890.0,15715481.0,35891.8,13934.1225,8766.418995911925,5167.703504088075,5167.703504088075
Ginger,2016,Kharif     ,Telangana,1978.0,13817.0,942.6,303128.5,692.3,6.998,39.53712405940904,-32.53912405940904,32.53912405940904
Dry chillies,2011,Whole Year ,Madhya Pradesh,57863.0,95243.0,852.6,9693209.76,19094.79,1.296326531,16.38303707052239,-15.086710539522391,15.086710539522391
Sugarcane,2012,Whole Year ,Manipur,5500.0,311690.0,1176.7,829400.0,1705.0,53.21444444,67.07926441704831,-13.864819977048306,13.864819977048306
Turmeric,2002,Whole Year ,Tamil Nadu,17298.0,64536.0,315.9,1637601.66,4324.5,3.67,52.18290482466878,-48.51290482466878,48.51290482466878
Mesta,2017,Kharif     ,West Bengal,10360.0,109043.0,1830.0,1631078.4,3936.8,9.853636364,104.81846900592294,-94.96483264192294,94.96483264192294
Other  Rabi pulses,2010,Rabi       ,Mizoram,1311.0,2670.0,2738.7,217770.21,314.64,1.5825,-18.502059073107915,20.084559073107915,20.084559073107915
Groundnut,2001,Kharif     ,Bihar,245.0,137.0,1247.0,25021.85,63.7,0.577142857,-2.678617656465235,3.255760513465235,3.255760513465235
Rice,2010,Summer     ,West Bengal,1369892.0,4506848.0,1096.0,227552760.1,328774.08,3.123888889,91.85463072019712,-88.73074183119712,88.73074183119712
Sugarcane,1998,Autumn     ,Manipur,380.0,12410.0,1855.0,37544.0,110.2,32.65666667,-10.498813527278458,43.15548019727846,43.15548019727846
Sesamum,2019,Kharif     ,Himachal Pradesh,379.0,191.0,1217.7,65097.04,140.23,0.481111111,2.8525623143900702,-2.37145120339007,2.37145120339007
Turmeric,2018,Whole Year ,Tamil Nadu,23351.0,92360.0,986.2,3787532.2,8172.85,3.892857143,72.90270997442272,-69.00985283142272,69.00985283142272
Onion,2005,Kharif     ,Karnataka,136344.0,759619.0,1316.2,16350372.48,28632.24,6.543913043,-43.374884828920244,49.91879787192025,49.91879787192025
Rice,2003,Kharif     ,Meghalaya,109721.0,200703.0,3321.3,10860184.58,26333.04,1.798571429,3.753878446763963,-1.9553070177639629,1.9553070177639629
Sweet potato,2002,Whole Year ,Kerala,850.0,10463.0,2511.2,80469.5,212.5,11.46928571,-78.88180438863853,90.35109009863852,90.35109009863852
Moong(Green Gram),1999,Kharif     ,Punjab,38300.0,22800.0,364.4,4064779.0,10341.0,0.636666667,-16.101888037969644,16.738554704969644,16.738554704969644
Banana,2003,Whole Year ,Haryana,52.0,0.0,592.3,5146.96,12.48,0.0,44.57112152311731,-44.57112152311731,44.57112152311731
Maize,2013,Summer     ,Bihar,192263.0,926639.0,1069.9,27780080.87,51911.01,4.573243243,-4.253920779448208,8.827164022448208,8.827164022448208
Other Kharif pulses,2010,Kharif     ,Goa,180.0,146.0,4193.3,29899.8,43.2,0.755,-198.2720602123701,199.0270602123701,199.0270602123701
Moong(Green Gram),2001,Rabi       ,Chhattisgarh,5558.0,1536.0,1550.0,567638.54,1445.08,0.247333333,-86.2151075092548,86.46244084225481,86.46244084225481
Castor seed,2005,Kharif     ,Madhya Pradesh,1499.0,462.0,1032.7,179760.08,314.79,0.241904762,-12.614246144222136,12.856150906222137,12.856150906222137
Linseed,2001,Rabi       ,Maharashtra,68700.0,20500.0,1035.8,7016331.0,17862.0,0.338888889,-0.2301742403019773,0.5690631293019773,0.5690631293019773
Sweet potato,2016,Kharif     ,Andhra Pradesh,149.0,2262.0,890.0,22834.25,52.15,14.88166667,29.943862014814826,-15.062195344814826,15.062195344814826
Linseed,2014,Rabi       ,Uttar Pradesh,24641.0,14267.0,616.4,3719805.36,8131.53,0.605588235,18.437887415904186,-17.832299180904187,17.832299180904187
Ragi,2004,Summer     ,Odisha,261.0,213.0,1290.4,28276.74,54.81,0.802,-5.4516233946440025,6.253623394644002,6.253623394644002
Small millets,2013,Summer     ,Uttar Pradesh,53.0,74.0,995.2,7657.97,14.31,1.423333333,0.9631058953654303,0.46022743763456964,0.46022743763456964
Peas & beans (Pulses),2006,Rabi       ,Punjab,3100.0,3600.0,569.6,395901.0,682.0,1.059090909,3.555435348754571,-2.496344439754571,2.496344439754571
Cotton(lint),2002,Kharif     ,Puducherry,314.0,1635.0,1434.5875,29726.38,78.5,5.225,79.12542809826029,-73.90042809826029,73.90042809826029
Other  Rabi pulses,2011,Rabi       ,Gujarat,24000.0,17800.0,890.5,4020480.0,7920.0,0.691176471,16.4473127400785,-15.756136269078501,15.756136269078501
Jowar,2008,Kharif     ,Punjab,100.0,100.0,691.3,14304.0,9.0,1.0,2.5774436443041395,-1.5774436443041395,1.5774436443041395
Cotton(lint),1998,Whole Year ,Himachal Pradesh,57.0,30.0,1381.6,5631.6,16.53,0.548333333,44.27790303426107,-43.72956970126107,43.72956970126107
Rice,2017,Winter     ,Kerala,81115.0,218934.0,2664.8,12770745.6,30823.7,2.483571429,-78.88298378536837,81.36655521436836,81.36655521436836
Masoor,2006,Rabi       ,Chhattisgarh,16871.0,5490.0,1317.2,2154595.41,3711.62,0.308666667,-69.9688271594733,70.2774938264733,70.2774938264733
Dry chillies,2019,Kharif     ,Telangana,72080.0,386314.0,1031.7,12380460.8,26669.6,5.056451613,21.06771275567013,-16.01126114267013,16.01126114267013
Wheat,2013,Rabi       ,Haryana,2499000.0,11800000.0,452.2,361080510.0,674730.0,4.623809524,-6.038687315492467,10.662496839492468,10.662496839492468
Small millets,2007,Kharif     ,Uttar Pradesh,13053.0,7868.0,672.9,1741270.2,2088.48,0.608076923,4.498178756805231,-3.890101833805231,3.890101833805231
Rice,2018,Winter     ,Meghalaya,63814.0,161706.0,5649.1,10350630.8,22334.9,2.352727273,30.845507257896728,-28.49277998489673,28.49277998489673
Black pepper,2019,Kharif     ,Puducherry,11.0,15.0,1317.0,1889.36,4.07,1.36,100.25285834165564,-98.89285834165564,98.89285834165564
Urad,2019,Summer     ,Uttar Pradesh,45487.0,32575.0,814.5,7812847.12,16830.19,0.788070175,4.915407398329677,-4.127337223329677,4.127337223329677
Dry chillies,2009,Rabi       ,Andhra Pradesh,50066.0,191016.0,711.0,7801284.12,8511.22,3.595,2.72417628939084,0.8708237106091601,0.8708237106091601
Khesari,2001,Rabi       ,Bihar,156420.0,127817.0,1247.0,15975174.6,40669.2,0.748055556,-18.677674978836706,19.425730534836706,19.425730534836706
Turmeric,2006,Kharif     ,Himachal Pradesh,187.0,99.0,1207.0,23881.77,41.14,0.504285714,-29.66374887601617,30.168034590016173,30.168034590016173
Arhar/Tur,2010,Kharif     ,Madhya Pradesh,638175.0,201663.0,856.3,106007249.2,153162.0,0.3098,-5.36074650021402,5.67054650021402,5.67054650021402
Arhar/Tur,2018,Kharif     ,Uttar Pradesh,250575.0,271683.0,792.8,40643265.0,87701.25,1.021111111,23.458910709512267,-22.437799598512267,22.437799598512267
Onion,2017,Rabi       ,Himachal Pradesh,594.0,3732.0,1182.2,93519.36,225.72,6.06,1.4195280828292596,4.64047191717074,4.64047191717074
Urad,2016,Kharif     ,Uttarakhand,12481.0,10194.0,1580.9,1912713.25,4368.35,0.862307692,-0.6641192659563444,1.5264269579563443,1.5264269579563443
Barley,2016,Rabi       ,Haryana,20800.0,75500.0,554.7,3187600.0,7280.0,3.608,2.349444594419822,1.2585554055801782,1.2585554055801782
Jowar,2011,Kharif     ,Delhi,3140.0,3032.0,641.3954545,526012.8,1036.2,0.97,2.9900024379815306,-2.020002437981531,2.020002437981531
Moong(Green Gram),2018,Kharif     ,Madhya Pradesh,95295.0,38283.0,1102.2,15456849.0,33353.25,0.43627451,-2.917865667575711,3.354140177575711,3.354140177575711
Maize,2015,Kharif     ,Manipur,19720.0,44380.0,1329.1,3113985.2,6507.6,2.287777778,3.8539574723638452,-1.566179694363845,1.566179694363845
Rice,2018,Rabi       ,Mizoram,460.0,960.0,1665.2,74612.0,161.0,2.115,-9.470409573498216,11.585409573498216,11.585409573498216
Ragi,2015,Kharif     ,Andhra Pradesh,26603.0,25402.0,940.7,4200879.73,8778.99,1.123333333,48.72940117576111,-47.606067842761114,47.606067842761114
Groundnut,2012,Summer     ,Maharashtra,70120.0,101640.0,1003.4,10574096.0,21737.2,1.501666667,2.7060341219801387,-1.2043674549801386,1.2043674549801386
Maize,2016,Kharif     ,Telangana,636407.0,1756790.0,942.6,97529372.75,222742.45,3.304333333,50.79690397050729,-47.492570637507285,47.492570637507285
Moong(Green Gram),2017,Rabi       ,Assam,11410.0,8046.0,2098.563636,1796390.4,4335.8,0.658518519,-67.13742489005989,67.79594340905989,67.79594340905989
Small millets,2016,Kharif     ,Arunachal Pradesh,26500.0,27030.0,2933.7,4061125.0,9275.0,0.992,-13.02794881627105,14.01994881627105,14.01994881627105
Wheat,1998,Rabi       ,Punjab,3338000.0,14460000.0,588.6,329794400.0,968020.0,4.298823529,-19.661551639938523,23.960375168938523,23.960375168938523
Other Kharif pulses,2017,Kharif     ,Sikkim,2656.0,2605.0,2873.6,418160.64,1009.28,0.965,14.503308723215184,-13.538308723215184,13.538308723215184
Potato,2007,Whole Year ,Bihar,153909.0,1244108.0,1600.2,20531460.6,24625.44,8.115,46.70988189608347,-38.59488189608347,38.59488189608347
Sesamum,2007,Winter     ,Odisha,30132.0,6220.0,1633.8,4019608.8,4821.12,0.1825,-4.625266253922149,4.807766253922149,4.807766253922149
Other Kharif pulses,1997,Kharif     ,Goa,1000.0,194.0,3680.3,95170.0,310.0,0.33,-214.9203178872458,215.2503178872458,215.2503178872458
Rice,2015,Autumn     ,Assam,191322.0,256729.0,2155.3,30211657.02,63136.26,1.398888889,-52.59084092203463,53.98972981103463,53.98972981103463
Horse-gram,2005,Kharif     ,Haryana,5685.0,1200.0,516.9,681745.2,1193.85,0.121666667,-10.746240652213373,10.867907319213373,10.867907319213373
Maize,2019,Kharif     ,Nagaland,63740.0,126460.0,1593.0,10947982.4,23583.8,1.982727273,15.587942844920718,-13.605215571920718,13.605215571920718
Rapeseed &Mustard,2005,Kharif     ,Jammu and Kashmir,3223.0,1289.0,1721.8,386502.16,676.83,0.4,5.909527628818694,-5.509527628818693,5.509527628818693
Arhar/Tur,2014,Kharif     ,Mizoram,250.0,212.0,2029.9,37740.0,82.5,0.92,-28.16884904500111,29.088849045001112,29.088849045001112
Sugarcane,1999,Whole Year ,West Bengal,22883.0,1762806.0,2318.1,2428572.79,6178.41,78.571875,159.01094574389808,-80.43907074389807,80.43907074389807
Groundnut,2011,Kharif     ,Manipur,3355.0,2856.0,1533.561905,562029.6,1107.15,0.853333333,0.7437916393284922,0.10954169367150779,0.10954169367150779
Rice,2003,Kharif     ,Goa,35471.0,115996.0,3011.6,3510919.58,8513.04,3.27,-197.4094462869482,200.6794462869482,200.6794462869482
Urad,2018,Kharif     ,Manipur,1372.0,1379.0,1196.9,222538.4,480.2,1.035555556,-5.961147196378562,6.996702752378562,6.996702752378562
Ragi,2017,Kharif     ,Jammu and Kashmir,238.0,126.0,1279.1,37470.72,90.44,0.566666667,13.614058370709671,-13.047391703709671,13.047391703709671
Wheat,1999,Rabi       ,Uttar Pradesh,9381878.0,26050768.0,883.4,995698712.1,2533107.06,2.636419753,-48.23126691296258,50.86768666596258,50.86768666596258
Bajra,2005,Kharif     ,Nagaland,3050.0,3130.0,1568.6,365756.0,640.5,1.03375,-9.539946108407548,10.573696108407548,10.573696108407548
Rice,2019,Summer     ,Puducherry,4518.0,16060.0,1317.0,776011.68,1671.66,3.55,103.97960642971344,-100.42960642971344,100.42960642971344
Garlic,2011,Rabi       ,Himachal Pradesh,4110.0,5799.0,1108.3,688507.2,1356.3,1.1925,-24.080612703440295,25.273112703440294,25.273112703440294
Other  Rabi pulses,2012,Rabi       ,Madhya Pradesh,4502.0,730.0,1049.5,678901.6,1395.62,0.314347826,10.914560902216294,-10.600213076216294,10.600213076216294
Small millets,2019,Kharif     ,Jammu and Kashmir,1683.0,637.0,1324.1,289072.08,622.71,0.39125,6.3691304215981575,-5.977880421598157,5.977880421598157
Rice,2004,Winter     ,Bihar,2489419.0,1828633.0,1147.8,269703654.5,522777.99,0.647105263,-2.984693829299772,3.6317990922997723,3.6317990922997723
Cotton(lint),2008,Summer     ,Puducherry,48.0,39.0,1434.5875,6865.92,4.32,0.81,73.40875393724093,-72.59875393724093,72.59875393724093
Cotton(lint),2010,Kharif     ,Madhya Pradesh,586270.0,1006894.0,856.3,97385309.7,140704.8,1.465555556,-4.991326306377914,6.456881862377914,6.456881862377914
Rapeseed &Mustard,2003,Rabi       ,Bihar,83666.0,68975.0,1353.9,8281260.68,20079.84,0.812105263,-3.4126423593089896,4.22474762230899,4.22474762230899
Masoor,2016,Rabi       ,Nagaland,2080.0,1700.0,1959.8,318760.0,728.0,0.817777778,10.783009689823984,-9.965231911823984,9.965231911823984
Banana,2001,Whole Year ,Kerala,50871.0,375903.0,2946.7,5195455.23,13226.46,7.347857143,-58.99040351747544,66.33826066047544,66.33826066047544
Urad,2004,Kharif     ,Karnataka,128006.0,14678.0,1117.7,13868170.04,26881.26,0.134285714,-47.67554892205359,47.809834636053594,47.809834636053594
Barley,2015,Kharif     ,Madhya Pradesh,94000.0,273000.0,1000.7,14843540.0,31020.0,2.8575,3.0389463873703164,-0.1814463873703165,0.1814463873703165
Sesamum,2008,Kharif     ,Punjab,8300.0,2800.0,691.3,1187232.0,747.0,0.2775,-4.88680094314347,5.16430094314347,5.16430094314347
Jowar,2003,Rabi       ,Karnataka,1443986.0,522070.0,867.6,142925734.3,346556.64,0.344761905,-56.70174209019612,57.04650399519612,57.04650399519612
Sunflower,2014,Kharif     ,Tamil Nadu,2782.0,4214.0,911.3,419970.72,918.06,1.645833333,41.95492827203179,-40.309094939031795,40.309094939031795
Barley,2003,Rabi       ,Chhattisgarh,4354.0,4337.0,1643.7,430958.92,1044.96,0.895714286,-73.81576907654653,74.71148336254653,74.71148336254653
Arhar/Tur,1999,Kharif     ,Madhya Pradesh,341221.0,308367.0,1222.9,36213784.73,92129.67,0.902881356,-12.544589092808167,13.447470448808167,13.447470448808167
Urad,2012,Kharif     ,Chhattisgarh,95277.0,30509.0,1366.8,14367771.6,29535.87,0.34,-71.61685799358511,71.95685799358512,71.95685799358512
Wheat,2010,Rabi       ,Jharkhand,49596.0,54110.0,694.6,8238391.56,11903.04,1.091666667,6.478679278185751,-5.387012611185751,5.387012611185751
Rapeseed &Mustard,2014,Rabi       ,Uttar Pradesh,626031.0,486228.0,616.4,94505639.76,206590.23,0.708666667,15.880652070146908,-15.171985403146909,15.171985403146909
Tapioca,2006,Kharif     ,Meghalaya,3993.0,20870.0,2454.7,509946.03,878.46,6.318571429,-30.742089285796055,37.06066071479606,37.06066071479606
Moong(Green Gram),2017,Rabi       ,Karnataka,4122.0,687.0,1111.7,648967.68,1566.36,0.18625,-38.618710648309474,38.804960648309475,38.804960648309475
Wheat,1998,Rabi       ,Tripura,1110.0,2100.0,2472.9,109668.0,321.9,1.9025,-4.954289321077141,6.856789321077141,6.856789321077141
Urad,2018,Kharif     ,Tripura,2526.0,1471.0,2169.1,409717.2,884.1,0.58625,-3.1107489293248136,3.6969989293248138,3.6969989293248138
Rice,2007,Autumn     ,Jharkhand,183323.17,163692.0,1444.7,24455310.88,29331.7072,0.899047619,2.892452355364412,-1.993404736364412,1.993404736364412
Potato,2014,Kharif     ,Uttarakhand,6561.0,70178.0,1287.4,990448.56,2165.13,9.715,-1.3936601524101206,11.10866015241012,11.10866015241012
Other Cereals,2013,Kharif     ,Gujarat,12100.0,7501.0,1006.5,1748329.0,3267.0,0.588333333,7.079508706114808,-6.4911753731148085,6.4911753731148085
Sunflower,2008,Kharif     ,Madhya Pradesh,395.0,174.0,895.0,56500.8,35.55,0.358461538,-9.248294629389136,9.606756167389136,9.606756167389136
Sesamum,1997,Whole Year ,West Bengal,127913.0,88943.0,1852.9,12173480.21,39653.03,0.649444444,122.88872056192226,-122.23927611792226,122.23927611792226
Cardamom,2008,Whole Year ,Karnataka,19838.0,1992.0,1164.1,2837627.52,1785.42,0.067777778,-14.305783589010758,14.373561367010758,14.373561367010758
Tobacco,2016,Whole Year ,Assam,227.0,115.0,2296.8,34787.75,79.45,0.652307692,-31.779271257093285,32.431578949093286,32.431578949093286
Rice,2006,Kharif     ,Goa,52985.0,128945.0,2928.8,6766714.35,11656.7,2.41,-194.98802250126136,197.39802250126135,197.39802250126135
Horse-gram,2009,Kharif     ,Jammu and Kashmir,1773.0,514.0,751.7,276268.86,301.41,0.344285714,-5.340763884542781,5.685049598542781,5.685049598542781
Soyabean,2014,Rabi       ,Telangana,122.0,165.0,746.4,18417.12,40.26,1.185,44.92909890738895,-43.744098907388945,43.744098907388945
Onion,2011,Rabi       ,Puducherry,1.0,7.0,1434.5875,167.52,0.33,7.0,78.01205619819696,-71.01205619819696,71.01205619819696
Other  Rabi pulses,2010,Rabi       ,Meghalaya,873.0,623.0,3119.7,145014.03,209.52,0.692857143,-0.7973178660129747,1.4901750090129746,1.4901750090129746
Cowpea(Lobia),2014,Kharif     ,Nagaland,490.0,720.0,1333.3,73970.4,161.7,1.473333333,3.0125580385512762,-1.5392247055512762,1.5392247055512762
Arhar/Tur,2002,Kharif     ,Bihar,37680.0,42966.0,1105.8,3567165.6,9420.0,1.169189189,-5.541872273075683,6.7110614620756825,6.7110614620756825
Sesamum,2007,Autumn     ,Odisha,4528.0,766.0,1633.8,604035.2,724.48,0.197058824,-17.737862339527396,17.934921163527395,17.934921163527395
Sunflower,2007,Kharif     ,Uttarakhand,45.0,43.0,1924.3,6003.0,7.2,0.96,-4.53400897549605,5.49400897549605,5.49400897549605
Rice,1997,Summer     ,Maharashtra,329.0,646.0,1156.1,31310.93,101.99,2.018888889,6.319601970069897,-4.3007130810698975,4.3007130810698975
Other Kharif pulses,2016,Kharif     ,Maharashtra,87140.0,40031.0,1151.1,13354205.0,30499.0,0.476896552,21.179899326917834,-20.703002774917834,20.703002774917834
Black pepper,2018,Kharif     ,Puducherry,11.0,15.0,1693.9,1784.2,3.85,1.36,101.67896831261847,-100.31896831261847,100.31896831261847
other oilseeds,2018,Rabi       ,Jammu and Kashmir,49.0,30.0,1016.3,7947.8,17.15,0.606666667,9.925743681120565,-9.319077014120564,9.319077014120564
Other  Rabi pulses,2006,Rabi       ,Uttar Pradesh,419943.0,405970.0,590.5,53630920.53,92387.46,1.019714286,17.64895449938649,-16.629240213386492,16.629240213386492
Ragi,2016,Autumn     ,West Bengal,9915.0,10989.0,1795.8,1519473.75,3470.25,0.815,87.32185075398124,-86.50685075398124,86.50685075398124
Maize,2008,Rabi       ,Andhra Pradesh,354157.0,2584881.0,944.6,50658617.28,31874.13,6.952727273,37.22501970352499,-30.272292430524992,30.272292430524992
Banana,2016,Whole Year ,Andhra Pradesh,55743.0,2303705.0,890.0,8542614.75,19510.05,41.42769231,98.3962725979696,-56.9685802879696,56.9685802879696
Urad,2003,Kharif     ,Andhra Pradesh,95454.0,66827.0,826.0,9448036.92,22908.96,0.656363636,24.86781286617486,-24.211449230174857,24.211449230174857
Wheat,1999,Rabi       ,Madhya Pradesh,4661524.0,8685197.0,1222.9,494727542.1,1258611.48,1.877777778,-32.73480434066886,34.61258211866886,34.61258211866886
Coconut ,2007,Whole Year ,Goa,25545.0,127570000.0,3674.7,3407703.0,4087.2,4993.77,8729.029059986504,-3735.2590599865034,3735.2590599865034
Moong(Green Gram),2005,Kharif     ,Andhra Pradesh,251959.0,122697.0,1075.5,30214923.28,52911.39,0.582272727,25.803668022724153,-25.221395295724154,25.221395295724154
Sweet potato,2019,Kharif     ,Odisha,36270.0,350740.0,1593.9,6229735.2,13419.9,9.507666667,3.8718340903542696,5.635832576645731,5.635832576645731
Rice,2016,Summer     ,Uttarakhand,14703.0,55577.0,1580.9,2253234.75,5146.05,3.77,16.720613010274064,-12.950613010274065,12.950613010274065
Dry chillies,2008,Whole Year ,Tamil Nadu,65412.0,32924.0,1201.9,9356532.48,5887.08,0.651290323,60.40294384208097,-59.751653519080975,59.751653519080975
Other Kharif pulses,2005,Kharif     ,Bihar,1380.0,756.0,907.8,165489.6,289.8,0.505,0.8208873584675587,-0.31588735846755867,0.31588735846755867
Moong(Green Gram),2005,Kharif     ,Punjab,12300.0,9900.0,566.7,1475016.0,2583.0,0.839166667,-8.487033380752763,9.326200047752764,9.326200047752764
Tobacco,2013,Rabi       ,Gujarat,84085.0,149870.0,1006.5,12149441.65,22702.95,1.714444444,-23.26649420002269,24.980938644022693,24.980938644022693
Urad,2001,Kharif     ,Mizoram,28.0,29.0,2406.4,2859.64,7.28,1.02,-47.99816918789324,49.01816918789324,49.01816918789324
Potato,1999,Whole Year ,Gujarat,31300.0,687900.0,458.9,3321869.0,8451.0,20.62111111,36.93517844938516,-16.31406733938516,16.31406733938516
Sesamum,2019,Kharif     ,Madhya Pradesh,315005.0,126053.0,1446.7,54105258.8,116551.85,0.5458,-1.0589518564443665,1.6047518564443664,1.6047518564443664
Arecanut,2006,Whole Year ,Assam,69104.0,55044.0,1774.9,8825271.84,15202.88,0.817037037,-33.18872684006723,34.00576387706723,34.00576387706723
Cowpea(Lobia),2018,Rabi       ,Tamil Nadu,19985.0,17010.0,986.2,3241567.0,6994.75,0.8475,46.10507349884878,-45.257573498848785,45.257573498848785
Ragi,1999,Kharif     ,Bihar,65724.0,64673.0,1402.7,6975288.12,17745.48,0.9724,-5.46055636997869,6.43295636997869,6.43295636997869
Other  Rabi pulses,2017,Rabi       ,Himachal Pradesh,10078.0,40096.0,1182.2,1586680.32,3829.64,3.981666667,20.658866112750843,-16.677199445750844,16.677199445750844
Onion,2008,Whole Year ,Tamil Nadu,30255.0,286040.0,1201.9,4327675.2,2722.95,10.1544,87.24747634564487,-77.09307634564487,77.09307634564487
Ginger,2007,Whole Year ,Arunachal Pradesh,6305.0,47407.0,3223.9,841087.0,1008.8,5.950625,26.863316092293104,-20.912691092293105,20.912691092293105
Sesamum,2002,Summer     ,West Bengal,107105.0,87306.0,1629.1,10139630.35,26776.25,0.773888889,64.08973235709547,-63.31584346809547,63.31584346809547
Moong(Green Gram),2013,Whole Year ,Kerala,121.0,0.0,3255.4,17483.29,32.67,0.0,-55.217202647803845,55.217202647803845,55.217202647803845
Arhar/Tur,2012,Kharif     ,Meghalaya,1136.0,1390.0,2945.3,171308.8,352.16,1.003333333,-9.046125983777216,10.049459316777217,10.049459316777217
Wheat,2007,Rabi       ,Sikkim,4460.0,4460.0,2003.4,594964.0,713.6,1.0,1.932416737744461,-0.932416737744461,0.932416737744461
Coconut ,2015,Whole Year ,Goa,25818.0,129400000.0,2587.1,4076920.38,8519.94,5011.155,8729.869898711035,-3718.714898711035,3718.714898711035
Arhar/Tur,1998,Kharif     ,Himachal Pradesh,128.0,30.0,1381.6,12646.4,37.12,0.255,-6.600950272930021,6.855950272930021,6.855950272930021
Peas & beans (Pulses),2019,Rabi       ,Jharkhand,59138.0,74697.0,1137.8,10157542.88,21881.06,1.232083333,11.14860093247097,-9.91651759947097,9.91651759947097
Cardamom,2017,Whole Year ,Karnataka,14629.0,1766.0,1111.7,2303189.76,5559.02,0.108571429,-5.365045093074116,5.473616522074116,5.473616522074116
Rice,2002,Winter     ,Assam,1748715.0,2670560.0,1973.6,165550849.1,437178.75,1.545652174,-64.24224178075804,65.78789395475803,65.78789395475803
Castor seed,2000,Kharif     ,Chhattisgarh,133.0,36.0,896.4,13056.61,34.58,0.256666667,-84.56275137238657,84.81941803938658,84.81941803938658
Castor seed,2007,Kharif     ,Chhattisgarh,158.0,60.0,1246.2,21077.2,25.28,0.9025,-75.1229464166581,76.0254464166581,76.0254464166581
Rapeseed &Mustard,2014,Rabi       ,Meghalaya,9775.0,9346.0,3484.4,1475634.0,3225.75,0.899090909,-3.7508010735867856,4.6498919825867855,4.6498919825867855
Cotton(lint),2004,Kharif     ,Karnataka,521860.0,624566.0,1117.7,56538312.4,109590.6,1.357142857,-41.18025862213926,42.53740147913926,42.53740147913926
Sesamum,2010,Winter     ,Odisha,37563.0,8219.0,1291.9,6239589.93,9015.12,0.193478261,-3.7983808082850885,3.9918590692850886,3.9918590692850886
Potato,2003,Whole Year ,Meghalaya,18035.0,149428.0,3321.3,1785104.3,4328.4,7.241428571,28.967965069870857,-21.726536498870857,21.726536498870857
Maize,2006,Summer     ,Bihar,175637.0,614084.0,1052.8,22430601.27,38640.14,3.389444444,-11.458579809906922,14.848024253906923,14.848024253906923
Sesamum,2002,Kharif     ,Punjab,17300.0,4900.0,301.8,1637791.0,4325.0,0.250714286,-13.611828139715243,13.862542425715244,13.862542425715244
Barley,2005,Rabi       ,Haryana,28234.0,79000.0,516.9,3385821.28,5929.14,2.0885,-9.230348311360132,11.318848311360131,11.318848311360131
Cotton(lint),2008,Whole Year ,Karnataka,409024.0,825071.0,1164.1,58506792.96,36812.16,1.9425,14.35003734376511,-12.40753734376511,12.40753734376511
Arhar/Tur,2004,Kharif     ,Assam,6733.0,4751.0,2536.9,729453.22,1413.93,0.710434783,-63.58489163435763,64.29532641735763,64.29532641735763
Onion,2008,Rabi       ,Andhra Pradesh,13737.0,289004.0,944.6,1964940.48,1236.33,18.40631579,30.06678545001786,-11.66046966001786,11.66046966001786
Ragi,2009,Summer     ,Karnataka,7984.0,14970.0,1321.0,1244066.88,1357.28,1.778,-41.95483292146207,43.73283292146207,43.73283292146207
Onion,2002,Whole Year ,Manipur,240.0,510.0,1743.7,22720.8,60.0,2.078333333,34.05789545366872,-31.97956212066872,31.97956212066872
Sugarcane,2014,Whole Year ,Karnataka,480222.0,43838057.0,1238.5,72494313.12,158473.26,92.69038462,33.49375071990521,59.196633900094795,59.196633900094795
Masoor,2017,Rabi       ,Manipur,723.0,669.0,1780.0,113829.12,274.74,0.923333333,4.49359068750087,-3.57025735450087,3.57025735450087
Urad,2008,Rabi       ,Karnataka,10540.0,4588.0,1164.1,1507641.6,948.6,0.43,-45.83921886818504,46.26921886818504,46.26921886818504
Maize,2014,Kharif     ,Manipur,19590.0,43350.0,987.5,2957306.4,6464.7,2.234444444,0.609814998944131,1.6246294450558691,1.6246294450558691
Gram,2003,Rabi       ,Nagaland,1500.0,2000.0,1709.8,148470.0,360.0,1.3475,-3.319831949106913,4.667331949106913,4.667331949106913
Other Kharif pulses,2017,Kharif     ,Mizoram,1193.8,1367.0,3865.8,187951.872,453.644,1.155,-8.827244268585304,9.982244268585303,9.982244268585303
Turmeric,2012,Rabi       ,Jammu and Kashmir,4.0,4.0,1116.7,603.2,1.24,0.93,-27.38823247853901,28.31823247853901,28.31823247853901
Ginger,2006,Whole Year ,Chhattisgarh,1888.0,2089.0,1317.2,241116.48,415.36,1.158125,-29.651931738787084,30.810056738787083,30.810056738787083
Groundnut,2013,Rabi       ,Telangana,188660.0,323072.0,1348.7,27259483.4,50938.2,1.644444444,49.10052095023087,-47.45607650623087,47.45607650623087
Moong(Green Gram),2004,Rabi       ,Tripura,442.0,220.0,2706.3,47886.28,92.82,0.505,-18.969973667570514,19.474973667570513,19.474973667570513
Maize,2018,Summer     ,Maharashtra,17135.0,20570.0,1387.4,2779297.0,5997.25,1.0155,12.099183990665324,-11.083683990665325,11.083683990665325
Ragi,2018,Rabi       ,Karnataka,36318.0,50426.0,1419.1,5890779.6,12711.3,1.386470588,-23.70747472273092,25.093945310730923,25.093945310730923
Rapeseed &Mustard,2018,Rabi       ,Mizoram,504.0,396.0,1665.2,81748.8,176.4,0.74,-26.653923216829526,27.393923216829524,27.393923216829524
Garlic,2013,Rabi       ,Himachal Pradesh,4961.0,7516.0,1216.9,716814.89,1339.47,1.433,-21.33475900178516,22.76775900178516,22.76775900178516
Cotton(lint),2000,Kharif     ,Punjab,474000.0,1199000.0,405.3,46532580.0,123240.0,2.131,-6.861236102908691,8.992236102908691,8.992236102908691
Small millets,2010,Rabi       ,Meghalaya,2231.0,1695.0,3119.7,370591.41,535.44,0.914285714,-21.475663452714542,22.389949166714544,22.389949166714544
Rice,2010,Kharif     ,Madhya Pradesh,1573535.0,1766596.0,856.3,261379898.8,377648.4,1.211666667,9.097387190416612,-7.8857205234166114,7.8857205234166114
Ginger,1999,Kharif     ,Karnataka,7461.0,98354.0,1203.8,791835.93,2014.47,12.85294118,-54.23506702044648,67.08800820044648,67.08800820044648
Groundnut,2009,Rabi       ,Karnataka,208508.0,168308.0,1321.0,32489716.56,35446.36,0.949642857,-33.40965494303188,34.35929780003188,34.35929780003188
Wheat,2007,Summer     ,Odisha,5548.0,8721.0,1633.8,740103.2,887.68,1.398,9.427443774654392,-8.029443774654393,8.029443774654393
Sugarcane,2003,Whole Year ,Kerala,3535.0,290980.0,2386.0,349894.3,848.4,82.35,-40.75998617885858,123.10998617885858,123.10998617885858
Jowar,2017,Rabi       ,Tamil Nadu,144295.0,155699.0,970.9,22717804.8,54832.1,1.232307692,43.703624319065966,-42.47131662706597,42.47131662706597
Gram,1999,Rabi       ,Madhya Pradesh,2608081.0,2507120.0,1222.9,276795636.5,704181.87,0.844745763,-27.249127452481616,28.093873215481615,28.093873215481615
Other  Rabi pulses,2017,Rabi       ,Chhattisgarh,3158.0,417.0,1124.5,497195.52,1200.04,0.19625,-49.42260611337997,49.61885611337997,49.61885611337997
Cashewnut,2012,Whole Year ,Karnataka,63404.0,51026.0,956.2,9561323.2,19655.24,0.85,11.759166176792462,-10.909166176792462,10.909166176792462
Maize,2018,Rabi       ,Mizoram,430.0,670.0,1665.2,69746.0,150.5,1.643333333,-26.602016731353274,28.245350064353275,28.245350064353275
Onion,2013,Whole Year ,Assam,7436.0,28812.0,1797.7,1074427.64,2007.72,3.347037037,-15.309632162399197,18.656669199399197,18.656669199399197
Niger seed,2018,Kharif     ,West Bengal,1184.0,593.0,2012.6,192044.8,414.4,0.493333333,108.51362320815772,-108.02028987515773,108.02028987515773
Tapioca,2010,Kharif     ,Nagaland,1650.0,38790.0,1771.8,274081.5,396.0,23.52454545,-7.644673007494305,31.169218457494306,31.169218457494306
Moong(Green Gram),2006,Summer     ,Odisha,127125.0,34313.0,1716.9,16235133.75,27967.5,0.278275862,-13.507537174812796,13.785813036812796,13.785813036812796
Sunflower,2012,Kharif     ,Haryana,3891.0,8400.0,307.9,586762.8,1206.21,2.086666667,-4.913189222922341,6.99985588992234,6.99985588992234
Sesamum,2013,Rabi       ,Tamil Nadu,37091.0,22829.0,740.9,5359278.59,10014.57,0.571724138,31.24150544149741,-30.66978130349741,30.66978130349741
Gram,2005,Rabi       ,Karnataka,418369.0,237984.0,1316.2,50170810.48,87857.49,0.522,-38.74799657681186,39.269996576811856,39.269996576811856
Jowar,2000,Kharif     ,Uttar Pradesh,347427.0,329499.0,874.4,34106908.59,90331.02,0.995909091,1.1207088074592093,-0.12479971645920929,0.12479971645920929
Sweet potato,2002,Whole Year ,Bihar,5000.0,66772.0,1105.8,473350.0,1250.0,12.524,27.10577004840802,-14.58177004840802,14.58177004840802
Potato,2004,Whole Year ,Bihar,138730.0,1062822.0,1147.8,15030008.2,29133.3,8.02,40.85672994897658,-32.83672994897658,32.83672994897658
Gram,2007,Rabi       ,Madhya Pradesh,2655684.0,1922715.0,740.4,354268245.6,424909.44,0.726666667,-23.940910306893358,24.667576973893357,24.667576973893357
Banana,1998,Autumn     ,Manipur,1280.0,16460.0,1855.0,126464.0,371.2,12.72,-30.024342492626545,42.744342492626544,42.744342492626544
Groundnut,1998,Summer     ,Gujarat,127700.0,209700.0,775.6,12616760.0,37033.0,1.553684211,-16.58072261105673,18.13440682205673,18.13440682205673
Potato,1999,Whole Year ,Haryana,12659.0,199800.0,344.0,1343499.67,3417.93,21.46470588,32.76632133291382,-11.301615452913818,11.301615452913818
Soyabean,2019,Kharif     ,Himachal Pradesh,556.0,949.0,1217.7,95498.56,205.72,1.63125,14.11070593743193,-12.479455937431931,12.479455937431931
Horse-gram,2016,Rabi       ,Telangana,1310.0,500.0,942.6,200757.5,458.5,0.360625,42.02940714425692,-41.66878214425692,41.66878214425692
Urad,2016,Kharif     ,Himachal Pradesh,9124.0,3682.0,1373.9,1398253.0,3193.4,0.528181818,2.7596951107795746,-2.2315132927795744,2.2315132927795744
Groundnut,2007,Rabi       ,Andhra Pradesh,295000.0,567000.0,1004.2,39353000.0,47200.0,1.96952381,37.03835102381372,-35.06882721381372,35.06882721381372
Onion,2006,Whole Year ,Manipur,640.0,1360.0,1533.561905,81734.4,140.8,2.11,36.78434739609423,-34.674347396094234,34.674347396094234
Rapeseed &Mustard,2019,Rabi       ,Assam,287447.0,177226.0,2084.7,49371896.72,106355.39,0.583703704,-52.807902793186884,53.391606497186885,53.391606497186885
Turmeric,2010,Whole Year ,Manipur,1440.0,16323.0,2160.5,239198.4,345.6,11.22666667,21.640607791024735,-10.413941121024735,10.413941121024735
Groundnut,2019,Summer     ,Gujarat,59423.0,142226.0,1067.8,10206494.48,21986.51,2.36,7.299973167023182,-4.939973167023183,4.939973167023183
Bajra,2004,Rabi       ,Andhra Pradesh,10128.0,6712.0,781.8,1097267.52,2126.88,0.661818182,24.010114013173677,-23.348295831173676,23.348295831173676
Small millets,2009,Kharif     ,West Bengal,1194.0,1000.0,1317.2,186049.08,202.98,0.7325,84.56617695890233,-83.83367695890233,83.83367695890233
Urad,2018,Rabi       ,Tripura,2334.0,1634.0,2169.1,378574.8,816.9,0.69875,-6.431052766041972,7.129802766041973,7.129802766041973
Bajra,2010,Kharif     ,Haryana,659592.0,1183000.0,639.2,109564827.1,158302.08,1.715238095,-10.784334622700754,12.499572717700755,12.499572717700755
Safflower,2004,Rabi       ,Odisha,1804.0,1092.0,1290.4,195445.36,378.84,0.498,-3.80939786900322,4.30739786900322,4.30739786900322
Safflower,2001,Rabi       ,West Bengal,58.0,22.0,1556.6,5923.54,15.08,0.385,77.30865875033814,-76.92365875033813,76.92365875033813
Sweet potato,2002,Whole Year ,Andhra Pradesh,1286.0,13380.0,648.1,121745.62,321.5,11.29588235,64.71055690556335,-53.41467455556335,53.41467455556335
other oilseeds,2002,Rabi       ,Uttarakhand,587.0,318.0,1610.3,55571.29,146.75,0.498571429,-7.387383691517385,7.8859551205173855,7.8859551205173855
Sunflower,2014,Kharif     ,Chhattisgarh,2883.0,1001.0,1274.7,435217.68,951.39,0.370526316,-66.60331041421412,66.97383673021412,66.97383673021412
Other  Rabi pulses,2015,Rabi       ,Goa,6983.0,5882.0,2587.1,1102685.53,2304.39,0.835,-198.81148481555624,199.64648481555625,199.64648481555625
Tobacco,2019,Rabi       ,Meghalaya,803.0,798.0,3844.4,137923.28,297.11,1.056666667,-28.997747670922564,30.054414337922566,30.054414337922566
Cotton(lint),1999,Kharif     ,Gujarat,1539400.0,2085500.0,458.9,163376522.0,415638.0,1.608823529,-17.25415416297318,18.862977691973178,18.862977691973178
Onion,2000,Whole Year ,Odisha,27400.0,229420.0,1066.0,2689858.0,7124.0,7.385666667,43.12755289544451,-35.74188622844451,35.74188622844451
Niger seed,2017,Kharif     ,Nagaland,32840.0,36800.0,1722.1,5170329.6,12479.2,1.088181818,13.409569987075429,-12.321388169075428,12.321388169075428
Garlic,2019,Whole Year ,Bihar,1650.0,2452.0,1194.7,283404.0,610.5,1.508181818,37.689231663609064,-36.18104984560907,36.18104984560907
Maize,1999,Kharif     ,Karnataka,525383.0,1417739.0,1203.8,55758897.79,141853.41,2.7368,-42.7217404273473,45.4585404273473,45.4585404273473
Arhar/Tur,2014,Kharif     ,Andhra Pradesh,148980.0,74560.0,687.6,22490020.8,49163.4,0.634615385,43.99573200797086,-43.361116622970854,43.361116622970854
Maize,2007,Kharif     ,Uttar Pradesh,812088.0,1167245.0,672.9,108332539.2,129934.08,1.360289855,10.294213758244723,-8.933923903244724,8.933923903244724
Sunflower,2007,Whole Year ,Madhya Pradesh,615.0,304.0,740.4,82041.0,98.4,0.301764706,39.402647198949225,-39.100882492949225,39.100882492949225
Other Kharif pulses,2014,Kharif     ,Andhra Pradesh,3206.0,3270.0,687.6,483977.76,1057.98,0.442,49.14171968137131,-48.69971968137131,48.69971968137131
Guar seed,2007,Kharif     ,Punjab,21900.0,18200.0,527.2,2921460.0,3504.0,0.772,-28.514565543312415,29.286565543312413,29.286565543312413
Sesamum,2011,Kharif     ,Maharashtra,42300.0,14210.0,1174.095455,7086096.0,13959.0,0.386451613,1.1291187717678213,-0.7426671587678213,0.7426671587678213
Rice,2011,Summer     ,Kerala,47290.01,149217.0,3035.1,7922022.475,15605.7033,2.7,-90.54260105551714,93.24260105551714,93.24260105551714
Jowar,2006,Kharif     ,Kerala,1827.0,929.0,3429.7,233326.17,401.94,0.593333333,-104.83947681682815,105.43281014982816,105.43281014982816
Cotton(lint),2005,Kharif     ,Punjab,557000.0,2395000.0,566.7,66795440.0,116970.0,3.967,-1.5309769711500962,5.497976971150097,5.497976971150097
Onion,2000,Whole Year ,Bihar,13788.0,140786.0,1207.0,1353567.96,3584.88,10.16783784,37.074418903525014,-26.906581063525014,26.906581063525014
Turmeric,2008,Whole Year ,Karnataka,14159.0,67404.0,1164.1,2025303.36,1274.31,4.191052632,-13.022104089231334,17.213156721231336,17.213156721231336
Onion,2003,Whole Year ,Haryana,3319.0,80700.0,592.3,328514.62,796.56,21.084,37.50450209039883,-16.42050209039883,16.42050209039883
Cotton(lint),2015,Kharif     ,Haryana,615000.0,995000.0,426.8,97114650.0,202950.0,1.739285714,1.5910082926008045,0.14827742139919553,0.14827742139919553
Small millets,2014,Whole Year ,Kerala,27.0,21.0,3046.4,4075.92,8.91,0.78,-53.06212332101677,53.84212332101677,53.84212332101677
Bajra,2000,Rabi       ,Karnataka,160.0,129.0,1213.3,15707.2,41.6,0.81,-52.45981035622316,53.26981035622316,53.26981035622316
Rice,2019,Kharif     ,Tripura,15228.0,16175.0,2252.8,2615561.28,5634.36,1.06875,27.656497511905286,-26.587747511905285,26.587747511905285
Turmeric,2006,Whole Year ,Madhya Pradesh,668.0,583.0,1072.3,85310.28,146.96,0.977586207,16.343025349966894,-15.365439142966894,15.365439142966894
Maize,2017,Rabi       ,Mizoram,505.2,686.0,3865.8,79538.688,191.976,1.3575,-13.322055442943565,14.679555442943565,14.679555442943565
Jowar,2009,Kharif     ,Karnataka,246290.0,240968.0,1321.0,38376907.8,41869.3,0.9875,-36.644857217207516,37.63235721720751,37.63235721720751
Sweet potato,2007,Rabi       ,Puducherry,1.0,1.0,1434.5875,133.4,0.16,1.0,62.491666418204616,-61.491666418204616,61.491666418204616
Gram,2011,Rabi       ,Manipur,610.0,521.0,1533.561905,102187.2,201.3,0.847777778,-2.4207360383687444,3.2685138163687446,3.2685138163687446
Groundnut,2000,Kharif     ,Uttar Pradesh,115425.0,96359.0,874.4,11331272.25,30010.5,0.927413793,8.906311886510935,-7.978898093510934,7.978898093510934
Cashewnut,2010,Whole Year ,Kerala,43847.75,34752.0,3131.8,7283549.752,10523.46,0.47,-56.51204687621282,56.98204687621282,56.98204687621282
Ginger,2009,Kharif     ,Uttar Pradesh,786.0,2360.0,585.8,122474.52,133.62,3.0,2.5065133813556315,0.4934866186443685,0.4934866186443685
Tapioca,2017,Kharif     ,Puducherry,183.0,3770.0,1582.4,28811.52,69.54,31.0,82.90362190051952,-51.903621900519525,51.903621900519525
Bajra,2013,Kharif     ,Puducherry,12.0,31.0,1083.2,1733.88,3.24,2.58,80.11333877674254,-77.53333877674254,77.53333877674254
Sweet potato,2000,Whole Year ,Bihar,5009.0,60707.0,1207.0,491733.53,1302.34,12.08833333,25.717484114893665,-13.629150784893666,13.629150784893666
Peas & beans (Pulses),2006,Rabi       ,Bihar,23662.0,22002.0,1052.8,3021874.02,5205.64,0.93,-1.4365848119576583,2.3665848119576585,2.3665848119576585
Sesamum,2011,Kharif     ,Mizoram,954.0,605.0,2439.340909,159814.08,314.82,0.5125,-39.56145445730982,40.073954457309824,40.073954457309824
Sugarcane,2004,Whole Year ,Jharkhand,542.97,13958.0,1149.2,58825.3698,114.0237,25.71,66.32987419924424,-40.619874199244244,40.619874199244244
Horse-gram,2017,Kharif     ,Haryana,290.0,80.0,417.1,45657.6,110.2,0.145,0.9255465847261917,-0.7805465847261917,0.7805465847261917
Peas & beans (Pulses),2014,Rabi       ,Himachal Pradesh,2040.0,597.0,1019.9,307958.4,673.2,0.3275,7.680233222786086,-7.352733222786086,7.352733222786086
Castor seed,2016,Rabi       ,Meghalaya,72.0,65.0,3837.1,11034.0,25.2,1.004,-9.576735555236723,10.580735555236723,10.580735555236723
Potato,2018,Rabi       ,Himachal Pradesh,7029.0,72777.0,1052.2,1140103.8,2460.15,9.303333333,2.6002316772689085,6.703101655731091,6.703101655731091
Masoor,2012,Rabi       ,Nagaland,2050.0,1670.0,1296.6,309140.0,635.5,0.813333333,2.3767031395952927,-1.5633698065952926,1.5633698065952926
Gram,2013,Rabi       ,Delhi,44.0,62.0,706.8,6357.56,11.88,1.41,8.598623792517458,-7.188623792517458,7.188623792517458
Ragi,2002,Kharif     ,Uttarakhand,127391.0,129586.0,1610.3,12060105.97,31847.75,1.168181818,-5.207068901175944,6.375250719175944,6.375250719175944
Groundnut,2007,Kharif     ,Gujarat,1712400.0,3049200.0,1021.6,228434160.0,273984.0,1.708333333,-5.104075153160068,6.812408486160067,6.812408486160067
Dry chillies,2014,Kharif     ,Puducherry,20.0,18.0,1330.0,3019.2,6.6,0.9,57.087536353178734,-56.187536353178736,56.187536353178736
Onion,2008,Summer     ,Karnataka,3775.0,20587.0,1164.1,539976.0,339.75,5.57952381,-52.17538571311161,57.75490952311161,57.75490952311161
Bajra,2012,Kharif     ,Puducherry,9.0,27.0,1098.3,1357.2,2.79,3.0,79.18775101348271,-76.18775101348271,76.18775101348271
Other Kharif pulses,2014,Kharif     ,Manipur,1554.0,1749.0,987.5,234591.84,512.82,1.133333333,1.892034399618808,-0.7587010666188081,0.7587010666188081
Arhar/Tur,2000,Kharif     ,Nagaland,4000.0,4500.0,1631.8,392680.0,1040.0,1.13125,-6.459351359524334,7.590601359524333,7.590601359524333
Cotton(lint),1997,Whole Year ,Punjab,724000.0,937000.0,690.1,68903080.0,224440.0,1.324,41.31916650706587,-39.995166507065875,39.995166507065875
Sugarcane,2004,Whole Year ,Uttarakhand,106267.0,6358655.0,1219.6,11512966.78,22316.07,58.47166667,62.38419264278829,-3.912525972788295,3.912525972788295
Rice,2005,Kharif     ,Nagaland,155500.0,261300.0,1568.6,18647560.0,32655.0,1.6425,17.523790315041822,-15.881290315041822,15.881290315041822
Rice,2015,Autumn     ,Kerala,60418.0,160894.0,2602.9,9540606.38,19937.94,2.327692308,-94.5241495243684,96.8518418323684,96.8518418323684
Mesta,2019,Kharif     ,Meghalaya,4480.0,26455.0,3844.4,769484.8,1657.6,6.312,4.548545134083099,1.7634548659169011,1.7634548659169011
Groundnut,2014,Rabi       ,Telangana,142396.0,273702.0,746.4,21496100.16,46990.68,1.85,46.55412643015421,-44.70412643015421,44.70412643015421
Peas & beans (Pulses),2016,Rabi       ,Jammu and Kashmir,1579.0,1185.0,902.8,241981.75,552.65,0.705384615,9.009254239980237,-8.303869624980237,8.303869624980237
Maize,2003,Rabi       ,Maharashtra,57900.0,81100.0,1037.4,5730942.0,13896.0,1.689130435,2.718049778014745,-1.0289193430147447,1.0289193430147447
Jute,2007,Kharif     ,West Bengal,609817.0,8216039.0,2007.5,81349587.8,97570.72,14.07352941,100.30819632628584,-86.23466691628583,86.23466691628583
Wheat,2014,Rabi       ,Punjab,3505000.0,15050000.0,382.7,529114800.0,1156650.0,4.174090909,-3.6403796635905508,7.814470572590551,7.814470572590551
Potato,2012,Rabi       ,Nagaland,6900.0,69000.0,1296.6,1040520.0,2139.0,9.98,-5.462060786144264,15.442060786144264,15.442060786144264
Moth,2001,Kharif     ,Haryana,1847.0,200.0,483.8,188634.11,480.22,0.04625,-15.383130582460183,15.429380582460183,15.429380582460183
Arhar/Tur,2015,Rabi       ,Telangana,1415.0,937.0,747.9,223442.65,466.95,0.5225,45.67526935204107,-45.15276935204107,45.15276935204107
Sunflower,2004,Rabi       ,Karnataka,623217.0,235635.0,1117.7,67519329.78,130875.57,0.635652174,-51.21785124661369,51.85350342061369,51.85350342061369
Arecanut,2003,Whole Year ,Meghalaya,11189.0,14244.0,3321.3,1107487.22,2685.36,1.194285714,17.820737511306845,-16.626451797306846,16.626451797306846
Ginger,2007,Whole Year ,Assam,15624.0,107076.0,2154.1,2084241.6,2499.84,6.94,-24.14294999945858,31.08294999945858,31.08294999945858
Soyabean,2015,Kharif     ,Maharashtra,3702000.0,1794590.0,875.7,584582820.0,1221660.0,0.668928571,-5.4913436296519365,6.160272200651937,6.160272200651937
Peas & beans (Pulses),1999,Kharif     ,Nagaland,1250.0,940.0,1782.2,132662.5,337.5,1.495714286,-2.9038056992313557,4.399519985231356,4.399519985231356
Bajra,2009,Kharif     ,Uttarakhand,1.0,1.0,847.8,155.82,0.17,1.0,-11.353150698358434,12.353150698358434,12.353150698358434
Onion,2006,Kharif     ,Andhra Pradesh,18601.0,306843.0,845.2,2375533.71,4092.22,15.37055556,30.67153867491379,-15.300983114913791,15.300983114913791
Safflower,2006,Rabi       ,Maharashtra,278800.0,168900.0,1439.4,35605548.0,61336.0,0.5795,-1.6704240954472311,2.249924095447231,2.249924095447231
Groundnut,2019,Kharif     ,Jharkhand,26088.0,28782.0,1137.8,4480874.88,9652.56,0.977916667,13.7851878504909,-12.807271183490899,12.807271183490899
Sugarcane,2010,Whole Year ,Assam,29736.0,1076332.0,2578.5,4939446.96,7136.64,36.27592593,12.933895572867868,23.34203035713213,23.34203035713213
Small millets,1997,Kharif     ,Uttar Pradesh,244340.0,285040.0,473.9,23253837.8,75745.4,0.90877193,-8.43780212887495,9.34657405887495,9.34657405887495
Gram,2017,Rabi       ,Jharkhand,232684.0,285797.0,1165.7,36633768.96,88419.92,1.2325,7.651526297089504,-6.419026297089504,6.419026297089504
Urad,2005,Kharif     ,Madhya Pradesh,480712.0,170034.0,1032.7,57646983.04,100949.52,0.334166667,-17.59413192061183,17.92829858761183,17.92829858761183
Tapioca,2019,Whole Year ,Karnataka,860.0,10921.0,1422.3,147713.6,318.2,12.70956522,17.799097369538885,-5.0895321495388846,5.0895321495388846
Groundnut,2011,Kharif     ,Nagaland,750.0,760.0,1544.354545,125640.0,247.5,1.008,6.980170553895022,-5.972170553895022,5.972170553895022
Coriander,2006,Whole Year ,Andhra Pradesh,25375.0,10061.0,845.2,3240641.25,5582.5,0.495,48.01716257761464,-47.522162577614644,47.522162577614644
Potato,2019,Rabi       ,Jammu and Kashmir,1451.0,13726.0,1324.1,249223.76,536.87,8.391666667,5.4708800583684365,2.9207866086315644,2.9207866086315644
Gram,2004,Rabi       ,West Bengal,37987.0,38896.0,1612.9,4115511.58,7977.27,1.038461538,88.85589163809613,-87.81743010009612,87.81743010009612
Sunflower,2008,Kharif     ,Nagaland,300.0,240.0,1540.9,42912.0,27.0,0.797,-4.761049923537655,5.558049923537655,5.558049923537655
Rapeseed &Mustard,2018,Rabi       ,Manipur,29530.0,24800.0,1196.9,4789766.0,10335.5,0.845555556,2.648360024841793,-1.802804468841793,1.802804468841793
Cotton(lint),2016,Kharif     ,Himachal Pradesh,30.0,12.0,1373.9,4597.5,10.5,0.37,11.974774847071586,-11.604774847071587,11.604774847071587
Arhar/Tur,2016,Kharif     ,Maharashtra,1435643.0,2089252.0,1151.1,220012289.8,502475.05,1.184411765,9.365168110456153,-8.180756345456153,8.180756345456153
Turmeric,2001,Whole Year ,Karnataka,7058.0,36369.0,1002.9,720833.54,1835.08,4.797272727,-21.17390606065021,25.97117878765021,25.97117878765021
Peas & beans (Pulses),2015,Rabi       ,Chhattisgarh,12843.0,4604.0,1136.0,2028038.13,4238.19,0.3472,-60.34832154401434,60.69552154401434,60.69552154401434
Other  Rabi pulses,1998,Rabi       ,Goa,8671.0,9220.0,2964.9,856694.8,2514.59,1.06,-213.7748820445654,214.8348820445654,214.8348820445654
Tobacco,2002,Whole Year ,Andhra Pradesh,173612.0,451214.0,648.1,16435848.04,43403.0,3.58547619,52.13817893033854,-48.55270274033854,48.55270274033854
Barley,2014,Rabi       ,Punjab,11000.0,39400.0,382.7,1660560.0,3630.0,3.538888889,5.960449657012276,-2.4215607680122764,2.4215607680122764
Urad,2000,Kharif     ,Uttarakhand,10160.0,4481.0,1413.4,997407.2,2641.6,0.466153846,-18.12951101542444,18.595664861424442,18.595664861424442
Ginger,2016,Whole Year ,Tamil Nadu,371.0,8133.0,912.4,56855.75,129.85,22.459,88.88376273510329,-66.42476273510329,66.42476273510329
Rapeseed &Mustard,2005,Rabi       ,Meghalaya,7196.0,4759.0,3374.4,862944.32,1511.16,0.62,-13.672139440750186,14.292139440750185,14.292139440750185
Other Cereals,2007,Kharif     ,Uttarakhand,70087.0,81412.0,1924.3,9349605.8,11213.92,1.128181818,-2.159500542358046,3.287682360358046,3.287682360358046
Rapeseed &Mustard,2019,Rabi       ,Arunachal Pradesh,28261.0,28791.0,2433.3,4854109.36,10456.57,1.221666667,-5.232705137194785,6.454371804194785,6.454371804194785
Other Kharif pulses,2008,Kharif     ,Gujarat,26000.0,16200.0,746.1,3719040.0,2340.0,0.594285714,7.560665768655809,-6.96638005465581,6.96638005465581
Onion,2016,Summer     ,Uttar Pradesh,12815.0,173372.0,965.3,1963898.75,4485.25,13.28542857,5.1197414098177205,8.16568716018228,8.16568716018228
Rice,2012,Kharif     ,Punjab,2849000.0,11390000.0,338.9,429629200.0,883190.0,3.923636364,10.437605156121322,-6.513968792121322,6.513968792121322
Wheat,2002,Rabi       ,Arunachal Pradesh,4114.0,6250.0,2832.8,389472.38,1028.5,1.481538462,-12.030005225858702,13.511543687858701,13.511543687858701
Castor seed,2019,Rabi       ,Andhra Pradesh,1056.0,637.0,899.2,181378.56,390.72,0.684,40.878173881216114,-40.194173881216116,40.194173881216116
Sugarcane,2014,Kharif     ,Telangana,38139.0,3343035.0,746.4,5757463.44,12585.87,83.8575,66.93457460502026,16.922925394979742,16.922925394979742
Peas & beans (Pulses),2014,Rabi       ,Haryana,1400.0,2000.0,301.3,211344.0,462.0,1.666666667,3.2935641524013874,-1.6268974854013873,1.6268974854013873
Rice,2004,Summer     ,Uttarakhand,7511.0,22367.0,1219.6,813741.74,1577.31,2.975,2.1213987966112597,0.8536012033887403,0.8536012033887403
Castor seed,2014,Kharif     ,Maharashtra,17300.0,4000.0,1001.6,2611608.0,5709.0,0.188571429,7.084059075674247,-6.895487646674248,6.895487646674248
Barley,2010,Kharif     ,Delhi,70.0,197.0,989.5,11627.7,16.8,2.81,6.8791519174303914,-4.069151917430391,4.069151917430391
Moong(Green Gram),2005,Summer     ,West Bengal,9364.0,3258.0,1650.1,1122930.88,1966.44,0.35125,68.23159546738614,-67.88034546738615,67.88034546738615
Mesta,2002,Kharif     ,Chhattisgarh,1052.0,1918.0,1001.4,99592.84,263.0,1.867142857,-74.12694381133014,75.99408666833014,75.99408666833014
other oilseeds,2018,Kharif     ,Nagaland,2510.0,1510.0,1372.7,407122.0,878.5,0.602222222,12.003220559741095,-11.400998337741095,11.400998337741095
Arhar/Tur,2013,Rabi       ,West Bengal,1483.0,2124.0,1939.9,214278.67,400.41,1.383333333,97.57370111275,-96.19036777975,96.19036777975
Potato,2015,Rabi       ,Uttar Pradesh,612600.0,14112748.0,596.7,96735666.0,202158.0,22.6352,5.676844275685909,16.958355724314092,16.958355724314092
Tobacco,2014,Whole Year ,Karnataka,94322.0,67560.0,1238.5,14238849.12,31126.26,0.782727273,-6.3333046631297805,7.11603193612978,7.11603193612978
Ragi,1997,Summer     ,Karnataka,13521.0,25035.0,1266.7,1286793.57,4191.51,1.847777778,-54.622699247841695,56.470477025841696,56.470477025841696
Peas & beans (Pulses),2010,Rabi       ,Haryana,3007.0,2200.0,639.2,499492.77,721.68,0.58,1.3845562898280264,-0.8045562898280264,0.8045562898280264
Rice,2010,Autumn     ,West Bengal,212132.0,453439.0,1096.0,35237246.52,50911.68,2.081666667,94.25009773999528,-92.16843107299529,92.16843107299529
Other Kharif pulses,2008,Kharif     ,Puducherry,1.0,1.0,1434.5875,143.04,0.09,1.0,89.41449983778995,-88.41449983778995,88.41449983778995
Sesamum,2019,Kharif     ,Jharkhand,5844.0,2224.0,1137.8,1003765.44,2162.28,0.416842105,0.18768218274237825,0.22915992225762177,0.22915992225762177
Urad,2010,Kharif     ,Chhattisgarh,102808.0,29551.0,1283.1,17077436.88,24673.92,0.291111111,-74.28980297919395,74.58091409019396,74.58091409019396
Wheat,2014,Rabi       ,Delhi,19360.0,85558.0,416.4,2922585.6,6388.8,4.42,15.751447474801012,-11.331447474801012,11.331447474801012
Potato,2019,Rabi       ,Uttar Pradesh,552382.0,14869966.0,814.5,94877132.32,204381.34,25.4704,11.581611003351497,13.888788996648504,13.888788996648504
Jute,2010,Kharif     ,Nagaland,3000.0,5400.0,1771.8,498330.0,720.0,1.8,15.292197367046953,-13.492197367046952,13.492197367046952
Rapeseed &Mustard,2007,Rabi       ,West Bengal,407498.0,361697.0,2007.5,54360233.2,65199.68,0.771666667,92.19836013909082,-91.42669347209082,91.42669347209082
Sweet potato,2016,Whole Year ,Karnataka,3079.0,36908.0,1147.2,471856.75,1077.65,11.27153846,7.029436619957096,4.2421018400429045,4.2421018400429045
Groundnut,2017,Winter     ,Odisha,1817.0,2466.0,1344.4,286068.48,690.46,1.304375,17.628633934303906,-16.324258934303906,16.324258934303906
Soyabean,2002,Kharif     ,Maharashtra,1255500.0,1576000.0,967.4,118858185.0,313875.0,1.372068966,-6.155134027809851,7.527202993809851,7.527202993809851
Maize,2010,Kharif     ,Uttarakhand,26193.0,40494.0,1419.0,4350919.23,6286.32,1.386153846,4.179252278864112,-2.793098432864112,2.793098432864112
Onion,2018,Rabi       ,Himachal Pradesh,640.0,4015.0,1052.2,103808.0,224.0,6.001,1.597887028146971,4.403112971853029,4.403112971853029
Cotton(lint),2017,Kharif     ,Assam,771.0,378.0,2098.563636,121386.24,292.98,0.602777778,-52.88700624743143,53.489784025431426,53.489784025431426
Sugarcane,1997,Kharif     ,Andhra Pradesh,192500.0,13953300.0,927.5,18320225.0,59675.0,77.1065,45.19746769108761,31.909032308912387,31.909032308912387
Cardamom,2007,Kharif     ,Nagaland,200.0,100.0,1769.0,26680.0,32.0,0.4825,-29.748765752453295,30.231265752453297,30.231265752453297
Other  Rabi pulses,2011,Rabi       ,Andhra Pradesh,5856.0,4569.0,861.9,980997.12,1932.48,0.625,52.00909735745081,-51.38409735745081,51.38409735745081
Potato,2007,Whole Year ,Gujarat,72300.0,1795600.0,1021.6,9644820.0,11568.0,24.42333333,48.30078893510321,-23.877455605103215,23.877455605103215
Gram,2008,Rabi       ,Himachal Pradesh,728.0,290.0,1357.1,104133.12,65.52,0.324444444,3.0183472814688344,-2.6939028374688343,2.6939028374688343
Oilseeds total,1998,Whole Year ,Gujarat,2902856.0,3845031.0,775.6,286802172.8,841828.24,1.342105263,-8.477189328517568,9.819294591517568,9.819294591517568
Linseed,2016,Rabi       ,Assam,4970.0,3023.0,2296.8,761652.5,1739.5,0.602857143,-53.84175488243753,54.44461202543753,54.44461202543753
Sannhamp,1999,Whole Year ,Odisha,11450.0,37050.0,1484.3,1215188.5,3091.5,3.852,24.833828678480174,-20.981828678480174,20.981828678480174
Jowar,2011,Kharif     ,Andhra Pradesh,103263.0,153600.0,861.9,17298617.76,34076.79,1.584736842,38.7293280445986,-37.144591202598605,37.144591202598605
Banana,2002,Whole Year ,Bihar,17307.0,340338.0,1105.8,1638453.69,4326.75,22.17956522,45.43866358966292,-23.259098369662922,23.259098369662922
Turmeric,2002,Whole Year ,Assam,12066.0,8315.0,1973.6,1142288.22,3016.5,0.669130435,-48.763575149790995,49.432705584790995,49.432705584790995
Sesamum,2019,Winter     ,West Bengal,584.0,451.0,1733.4,100307.84,216.08,1.03125,90.95480632728706,-89.92355632728706,89.92355632728706
Maize,2016,Summer     ,West Bengal,60813.0,310486.0,1795.8,9319592.25,21284.55,3.493333333,93.96797737662422,-90.47464404362422,90.47464404362422
Moth,2016,Rabi       ,West Bengal,16.0,15.0,1795.8,2452.0,5.6,0.94,93.42931649707344,-92.48931649707345,92.48931649707345
Linseed,2004,Rabi       ,West Bengal,5320.0,1430.0,1612.9,576368.8,1117.2,0.285,88.53054980003452,-88.24554980003452,88.24554980003452
Other Summer Pulses,2019,Summer     ,Puducherry,21.0,17.0,1317.0,3606.96,7.77,0.81,48.31657506023723,-47.506575060237225,47.506575060237225
Other Kharif pulses,2016,Kharif     ,Puducherry,2.0,3.0,1391.3,306.5,0.7,1.5,97.32320312137652,-95.82320312137652,95.82320312137652
Horse-gram,1998,Rabi       ,Karnataka,134779.0,62084.0,1260.8,13316165.2,39085.91,0.4492,-53.162589383442224,53.61178938344222,53.61178938344222
Bajra,2012,Summer     ,Puducherry,12.0,36.0,1098.3,1809.6,3.72,3.0,67.32658274153238,-64.32658274153238,64.32658274153238
Potato,2010,Rabi       ,Uttarakhand,4793.0,60822.0,1419.0,796165.23,1150.32,12.43307692,-7.945875967916237,20.378952887916235,20.378952887916235
Urad,2015,Rabi       ,Puducherry,206.0,245.0,1980.6,32529.46,67.98,1.0,83.4968387710755,-82.4968387710755,82.4968387710755
Coconut ,2006,Whole Year ,Karnataka,403671.0,1635839000.0,1146.3,51552823.41,88807.62,4164.715926,8643.000162715374,-4478.284236715374,4478.284236715374
Sannhamp,2013,Kharif     ,Uttar Pradesh,2020.0,573.0,995.2,291869.8,545.4,0.282903226,-5.933348007097379,6.216251233097379,6.216251233097379
Soyabean,2012,Kharif     ,Himachal Pradesh,617.0,834.0,1035.0,93043.6,191.27,1.494285714,5.756206254593764,-4.2619205405937635,4.2619205405937635
Mesta,2011,Kharif     ,Andhra Pradesh,25760.0,199619.0,861.9,4315315.2,8500.8,5.77625,43.312909196740335,-37.53665919674034,37.53665919674034
Rice,2012,Kharif     ,Uttarakhand,255037.0,561339.0,1309.8,38459579.6,79061.47,1.750769231,21.295045224266033,-19.544275993266034,19.544275993266034
Tobacco,2019,Whole Year ,Tamil Nadu,1658.0,2426.0,910.1,284778.08,613.46,1.397777778,74.0351592670842,-72.63738148908419,72.63738148908419
Onion,2017,Rabi       ,Bihar,13130.0,185740.0,1112.0,2067187.2,4989.4,13.78428571,-0.1293642072795933,13.913649917279594,13.913649917279594
Urad,2008,Summer     ,Uttarakhand,203.0,129.0,1363.7,29037.12,18.27,0.76,-22.06095802054935,22.82095802054935,22.82095802054935
Ragi,2013,Kharif     ,Uttarakhand,108656.0,148803.0,1735.4,15699705.44,29337.12,1.480909091,7.03097945667966,-5.55007036567966,5.55007036567966
Sesamum,2014,Summer     ,Puducherry,125.0,103.0,1330.0,18870.0,41.25,0.82,67.69473597304736,-66.87473597304736,66.87473597304736
Groundnut,2004,Kharif     ,Goa,3291.0,5408.0,2518.0,356546.94,691.11,1.815,-216.9422071705623,218.7572071705623,218.7572071705623
Wheat,2019,Rabi       ,Arunachal Pradesh,3930.0,7742.0,2433.3,675016.8,1454.1,2.168333333,2.7831445689548957,-0.6148112359548956,0.6148112359548956
Other  Rabi pulses,1999,Rabi       ,Puducherry,63.0,123.0,1434.5875,6686.19,17.01,1.333333333,85.01998246265794,-83.68664912965794,83.68664912965794
Groundnut,2008,Rabi       ,Andhra Pradesh,266714.0,523880.0,944.6,38150770.56,24004.26,2.036818182,37.759755590939605,-35.72293740893961,35.72293740893961
Gram,2006,Rabi       ,West Bengal,31212.0,23978.0,1631.4,3986084.52,6866.64,0.699333333,91.07622842821183,-90.37689509521184,90.37689509521184
Sweet potato,2004,Whole Year ,Karnataka,3583.0,29199.0,1117.7,388182.22,752.43,6.102142857,-5.4532075967181015,11.555350453718102,11.555350453718102
Rapeseed &Mustard,2003,Rabi       ,Sikkim,6000.0,4200.0,2838.1,593880.0,1440.0,0.74,-4.635129844005945,5.375129844005945,5.375129844005945
Sannhamp,2017,Kharif     ,West Bengal,745.0,3638.0,1830.0,117292.8,283.1,5.828,77.34708819171593,-71.51908819171592,71.51908819171592
Bajra,1999,Summer     ,Gujarat,181100.0,373300.0,458.9,19220143.0,48897.0,1.933333333,-28.501075146240737,30.434408479240737,30.434408479240737
Castor seed,2003,Kharif     ,Assam,1493.0,619.0,2213.7,147777.14,358.32,0.414285714,-73.78168639203165,74.19597210603165,74.19597210603165
Onion,2007,Rabi       ,Himachal Pradesh,823.0,7036.0,1095.4,109788.2,131.68,8.408,-9.385356454253667,17.79335645425367,17.79335645425367
Other  Rabi pulses,2000,Rabi       ,Gujarat,3100.0,1500.0,379.7,304327.0,806.0,0.385,1.9771246913287541,-1.5921246913287541,1.5921246913287541
Arecanut,2010,Whole Year ,Kerala,99833.5,99909.0,3131.8,16583342.68,23960.04,0.827857143,-66.00339055858475,66.83124770158476,66.83124770158476
Jowar,2018,Kharif     ,Delhi,3155.0,3032.0,678.5,511741.0,1104.25,0.96,10.397751298761364,-9.437751298761363,9.437751298761363
Sugarcane,2006,Whole Year ,Delhi,4.0,301.0,462.7,510.84,0.88,75.25,70.72212404676827,4.527875953231728,4.527875953231728
Moong(Green Gram),2001,Kharif     ,Nagaland,3000.0,2000.0,1532.0,306390.0,780.0,0.745,-16.75416613739401,17.49916613739401,17.49916613739401
Ginger,2010,Kharif     ,Meghalaya,9438.0,56622.0,3119.7,1567746.18,2265.12,7.162857143,-21.763067863925613,28.925925006925613,28.925925006925613
Cashewnut,2012,Kharif     ,Andhra Pradesh,121782.0,33048.0,968.7,18364725.6,37752.42,0.278181818,36.083074651160544,-35.804892833160544,35.804892833160544
Sunflower,2015,Rabi       ,Telangana,10637.0,12502.0,747.9,1679688.67,3510.21,1.076666667,39.69911963686286,-38.62245296986286,38.62245296986286
Bajra,2000,Kharif     ,Haryana,608321.0,656000.0,383.7,59718872.57,158163.46,0.928421053,-22.458912752791207,23.387333805791208,23.387333805791208
Wheat,2009,Rabi       ,Punjab,3522000.0,15169000.0,371.3,548798040.0,598740.0,4.3205,-12.698869216763114,17.019369216763113,17.019369216763113
Rapeseed &Mustard,2008,Winter     ,Odisha,13736.0,2527.0,1539.0,1964797.44,1236.24,0.166206897,9.979067313423968,-9.812860416423968,9.812860416423968
Turmeric,2003,Whole Year ,Karnataka,5410.0,26381.0,867.6,535481.8,1298.4,4.343809524,-19.99474721849549,24.33855674249549,24.33855674249549
Peas & beans (Pulses),2001,Whole Year ,Karnataka,6974.0,42197.0,1002.9,712254.62,1813.24,6.209444444,12.526952983171896,-6.317508539171896,6.317508539171896
Other Cereals,2002,Rabi       ,Uttarakhand,471.0,474.0,1610.3,44589.57,117.75,1.0375,-12.1597813710585,13.1972813710585,13.1972813710585
Mesta,2002,Kharif     ,Andhra Pradesh,81169.0,613607.0,648.1,7684269.23,20292.25,7.506363636,32.2624689362528,-24.756105300252802,24.756105300252802
Maize,2014,Summer     ,Maharashtra,35900.0,53700.0,1001.6,5419464.0,11847.0,1.240454545,5.385277901519174,-4.144823356519174,4.144823356519174
Sunflower,2003,Kharif     ,Tamil Nadu,10367.0,13408.0,345.6,1026125.66,2488.08,1.1916,26.963995734221868,-25.772395734221867,25.772395734221867
Rice,2014,Winter     ,Assam,1882756.0,3717906.0,1899.0,284220845.8,621309.48,1.977777778,-51.78427841049631,53.76205618849632,53.76205618849632
Castor seed,1998,Rabi       ,West Bengal,54.0,38.0,2152.5,5335.2,15.66,0.7,76.50067744998555,-75.80067744998554,75.80067744998554
Maize,2007,Kharif     ,West Bengal,34570.0,72463.0,2007.5,4611638.0,5531.2,1.775454545,98.12135017625127,-96.34589563125127,96.34589563125127
Groundnut,2015,Kharif     ,Madhya Pradesh,234000.0,260000.0,1000.7,36950940.0,77220.0,1.022592593,5.951572990759928,-4.928980397759928,4.928980397759928
Dry chillies,2016,Whole Year ,Assam,20546.0,18207.0,2296.8,3148674.5,7191.1,0.803333333,-35.69429670047174,36.49763003347174,36.49763003347174
Onion,2011,Whole Year ,Haryana,1860.0,32400.0,471.5409091,311587.2,613.8,16.7075,44.929097706878764,-28.221597706878764,28.221597706878764
Rice,1997,Kharif     ,Maharashtra,1339000.0,2330000.0,1156.1,127432630.0,415090.0,8.778275862,9.866091327185586,-1.087815465185587,1.087815465185587
Moong(Green Gram),2017,Kharif     ,Andhra Pradesh,18008.0,10705.0,868.2,2835179.52,6843.04,0.625384615,38.29375228139051,-37.66836766639051,37.66836766639051
Gram,2011,Rabi       ,Jammu and Kashmir,103.0,57.0,887.6,17254.56,33.99,0.55,3.0825425090144165,-2.5325425090144167,2.5325425090144167
Rice,2017,Kharif     ,Uttarakhand,246539.0,620027.0,1475.8,38815100.16,93684.82,1.909230769,27.65845360429728,-25.749222835297278,25.749222835297278
Groundnut,2006,Rabi       ,Karnataka,145532.0,115262.0,1146.3,18585891.72,32017.04,0.9432,-37.17354414506417,38.11674414506417,38.11674414506417
Ginger,2012,Rabi       ,Jammu and Kashmir,3.0,3.0,1116.7,452.4,0.93,0.9,-9.01441364085889,9.914413640858891,9.914413640858891
Small millets,2015,Kharif     ,Madhya Pradesh,130000.0,84937.0,1000.7,20528300.0,42900.0,0.550526316,-4.370243756064042,4.920770072064042,4.920770072064042
Moong(Green Gram),2002,Summer     ,West Bengal,7615.0,3840.0,1629.1,720912.05,1903.75,0.596875,65.03589144709869,-64.4390164470987,64.4390164470987
Onion,2008,Kharif     ,Karnataka,117822.0,611170.0,1164.1,16853258.88,10603.98,5.7176,-41.22757473523234,46.945174735232335,46.945174735232335
Turmeric,2001,Whole Year ,West Bengal,12794.0,22031.0,1556.6,1306651.22,3326.44,1.602222222,106.60762195767197,-105.00539973567197,105.00539973567197
Rapeseed &Mustard,2015,Rabi       ,Assam,285677.0,199501.0,2155.3,45111255.07,94273.41,0.647777778,-56.54155711826132,57.18933489626132,57.18933489626132
Maize,2018,Winter     ,Odisha,67.0,164.0,1635.9,10867.4,23.45,2.231,20.996020451581757,-18.765020451581755,18.765020451581755
Rapeseed &Mustard,2012,Rabi       ,Jammu and Kashmir,59861.0,48934.0,1116.7,9027038.8,18556.91,0.896315789,5.500512304777601,-4.604196515777601,4.604196515777601
Rapeseed &Mustard,1999,Rabi       ,Madhya Pradesh,671983.0,673759.0,1222.9,71317555.79,181435.41,0.72559322,-14.839657726420796,15.565250946420797,15.565250946420797
Guar seed,2017,Whole Year ,Gujarat,199513.0,132697.0,814.8,31411326.72,75814.94,0.665909091,30.291922622224888,-29.62601353122489,29.62601353122489
Gram,2017,Rabi       ,Karnataka,1265207.0,975878.0,1111.7,199194190.1,480778.66,0.737916667,-31.611941612799427,32.34985827979943,32.34985827979943
Moong(Green Gram),2013,Kharif     ,Punjab,4600.0,3800.0,586.6,664654.0,1242.0,0.860833333,-0.11433811226578428,0.9751714452657843,0.9751714452657843
Ragi,2012,Kharif     ,Bihar,7935.0,9371.0,924.1,1196598.0,2459.85,1.301785714,5.104896705963085,-3.803110991963085,3.803110991963085
Ragi,2019,Kharif     ,Telangana,1488.0,2355.0,1031.7,255578.88,550.56,1.644285714,56.32646457240212,-54.68217885840212,54.68217885840212
Ragi,2002,Rabi       ,Uttar Pradesh,590.0,864.0,664.0,55855.3,147.5,1.441481481,5.662839655745728,-4.221358174745728,4.221358174745728
Sunflower,2001,Rabi       ,Karnataka,418198.0,168890.0,1002.9,42710561.74,108731.48,0.556363636,-53.56046548501797,54.11682912101797,54.11682912101797
Moth,2007,Kharif     ,Gujarat,49700.0,28900.0,1021.6,6629980.0,7952.0,0.633529412,-2.4522522305492203,3.0857816425492204,3.0857816425492204
Jute,2001,Kharif     ,Meghalaya,4061.0,25057.0,4241.0,414749.93,1055.86,6.236666667,-1.311285561578103,7.547952228578103,7.547952228578103
Sunflower,2013,Summer     ,Karnataka,18620.0,18523.0,1235.6,2690403.8,5027.4,1.0455,-45.787906281630086,46.83340628163008,46.83340628163008
Potato,2011,Whole Year ,Gujarat,77800.0,1792300.0,890.5,13033056.0,25674.0,21.34230769,51.61427048077363,-30.271962790773628,30.271962790773628
Tobacco,2009,Whole Year ,West Bengal,14169.0,20927.0,1317.2,2207813.58,2408.73,0.935,113.70347809660973,-112.76847809660973,112.76847809660973
Rapeseed &Mustard,2003,Rabi       ,Nagaland,16000.0,12800.0,1709.8,1583680.0,3840.0,0.77625,-3.167688856157781,3.9439388561577813,3.9439388561577813
Sugarcane,2013,Whole Year ,Delhi,3.0,226.0,706.8,433.47,0.81,75.33,79.4751272313284,-4.145127231328402,4.145127231328402
Maize,2003,Rabi       ,Karnataka,64199.0,123529.0,867.6,6354417.02,15407.76,1.943478261,-41.105879958563975,43.04935821956398,43.04935821956398
Linseed,2015,Rabi       ,Assam,5272.0,3338.0,2155.3,832501.52,1739.76,0.599166667,-55.78749248861669,56.38665915561669,56.38665915561669
Wheat,1999,Rabi       ,Assam,76310.0,97583.0,2201.8,8098780.3,20603.7,1.256818182,-63.63927870048067,64.89609688248068,64.89609688248068
Urad,2000,Kharif     ,Chhattisgarh,116722.0,32851.0,896.4,11458598.74,30347.72,0.2825,-87.15731047375036,87.43981047375036,87.43981047375036
Other Cereals,2014,Kharif     ,Jammu and Kashmir,519.0,213.0,1278.4,78348.24,171.27,0.517142857,6.079949146720168,-5.562806289720168,5.562806289720168
Sweet potato,2004,Whole Year ,Madhya Pradesh,4172.0,24117.0,895.7,451994.48,876.12,5.938913043,25.00210575723642,-19.063192714236422,19.063192714236422
Moong(Green Gram),2001,Rabi       ,Puducherry,544.0,105.0,1434.5875,55558.72,141.44,0.236666667,63.905166534940136,-63.668499867940135,63.668499867940135
Banana,2012,Kharif     ,Puducherry,265.0,10901.0,1098.3,39962.0,82.15,30.195,87.19993276904698,-57.00493276904698,57.00493276904698
Groundnut,2002,Kharif     ,Tamil Nadu,502090.0,717403.0,315.9,47532860.3,125522.5,1.509285714,31.165215677983667,-29.655929963983667,29.655929963983667
Jowar,2009,Rabi       ,Karnataka,1117147.0,1046387.0,1321.0,174073845.5,189914.99,0.8765,-45.76338882843942,46.63988882843942,46.63988882843942
Horse-gram,2011,Kharif     ,Madhya Pradesh,18823.0,4475.0,852.6,3153228.96,6211.59,0.213333333,-6.562396309184521,6.775729642184521,6.775729642184521
Dry chillies,2006,Whole Year ,Assam,15453.0,9975.0,1774.9,1973502.63,3399.66,0.633703704,-49.31215469522715,49.94585839922715,49.94585839922715
Maize,2017,Kharif     ,Madhya Pradesh,1316520.0,4679550.0,800.0,207272908.8,500277.6,2.5508,0.9920449304018462,1.558755069598154,1.558755069598154
Linseed,2006,Rabi       ,Assam,8169.0,4142.0,1774.9,1043262.99,1797.18,0.484583333,-67.49738051234627,67.98196384534627,67.98196384534627
Rice,2017,Kharif     ,Tripura,15837.0,16787.0,3326.8,2493377.28,6018.06,1.02625,32.58655832274168,-31.56030832274168,31.56030832274168
Rice,2008,Kharif     ,Puducherry,4493.0,12290.0,1434.5875,642678.72,404.37,3.0,105.33508348290849,-102.33508348290849,102.33508348290849
Other Cereals,2004,Kharif     ,Uttarakhand,75993.0,88540.0,1219.6,8233081.62,15958.53,1.117272727,-9.837912963249067,10.955185690249067,10.955185690249067
Rice,2004,Winter     ,Odisha,3375000.0,5207000.0,1290.4,365647500.0,708750.0,1.511333333,-1.3362125478258804,2.8475458808258804,2.8475458808258804
Sesamum,2014,Kharif     ,Uttarakhand,1540.0,408.0,1287.4,232478.4,508.2,0.256153846,-6.5701630716391435,6.826316917639144,6.826316917639144
Maize,2018,Summer     ,Bihar,163817.0,631331.0,1521.4,26571117.4,57335.95,3.415151515,4.1249894934237545,-0.7098379784237547,0.7098379784237547
Sesamum,1997,Kharif     ,Arunachal Pradesh,1345.0,818.0,2274.9,128003.65,416.95,0.635,-39.41670355754263,40.05170355754263,40.05170355754263
Ginger,2007,Whole Year ,Karnataka,14780.0,303354.0,1323.3,1971652.0,2364.8,19.98210526,5.324324667028719,14.657780592971282,14.657780592971282
Groundnut,2006,Summer     ,Maharashtra,108100.0,149700.0,1439.4,13805451.0,23782.0,1.453870968,-0.9043022155100857,2.3581731835100856,2.3581731835100856
Groundnut,2019,Rabi       ,Telangana,98576.0,231466.0,1031.7,16931413.76,36473.12,2.293870968,53.81233349989735,-51.51846253189735,51.51846253189735
Masoor,2019,Rabi       ,Assam,24122.0,18434.0,2084.7,4143194.72,8925.14,0.732962963,-52.53189829172058,53.26486125472058,53.26486125472058
Small millets,2014,Rabi       ,Andhra Pradesh,1883.0,1887.0,687.6,284257.68,621.39,0.93,33.29879047017542,-32.36879047017542,32.36879047017542
Arhar/Tur,2019,Kharif     ,Chhattisgarh,35774.0,22466.0,1420.3,6144542.24,13236.38,0.585714286,-54.78163513753714,55.367349423537135,55.367349423537135
Cashewnut,2010,Whole Year ,Andhra Pradesh,138101.0,33563.0,1297.0,22939957.11,33144.24,0.25,86.70629568595247,-86.45629568595247,86.45629568595247
Ginger,2000,Kharif     ,Meghalaya,7811.0,44900.0,6258.8,766805.87,2030.86,5.897142857,-11.586845276143833,17.483988133143832,17.483988133143832
Onion,2017,Whole Year ,Chhattisgarh,4238.0,28864.0,1124.5,667230.72,1610.44,6.250869565,-14.7241319278601,20.975001492860102,20.975001492860102
Horse-gram,2019,Winter     ,Odisha,22722.0,8999.0,1593.9,3902730.72,8407.14,0.400344828,12.53071553710734,-12.130370709107341,12.130370709107341
Rice,2010,Winter     ,Bihar,2265685.0,2505545.0,629.2,376352935.3,543764.4,0.979210526,2.4020328242907283,-1.4228222982907281,1.4228222982907281
Groundnut,2018,Whole Year ,Kerala,187.3,239.0,2989.7,30380.06,65.555,1.28,-38.42419808404475,39.70419808404475,39.70419808404475
Groundnut,2015,Kharif     ,Uttarakhand,929.0,1278.0,1247.6,146698.39,306.57,1.08,7.90199911764779,-6.82199911764779,6.82199911764779
Potato,2015,Kharif     ,Himachal Pradesh,6475.0,58138.0,1223.2,1022467.25,2136.75,10.163,3.966075152132703,6.196924847867297,6.196924847867297
Rice,1998,Rabi       ,Andhra Pradesh,1504200.0,4872200.0,1048.3,148614960.0,436218.0,2.986086957,37.858103658118196,-34.8720167011182,34.8720167011182
Urad,2015,Kharif     ,Madhya Pradesh,937000.0,515000.0,1000.7,147961670.0,309210.0,0.554489796,-9.5756040352245,10.130093831224501,10.130093831224501
Jute,2000,Kharif     ,Odisha,13850.0,106680.0,1066.0,1359654.5,3601.0,5.8825,9.959779366004682,-4.0772793660046815,4.0772793660046815
Soyabean,2015,Rabi       ,Andhra Pradesh,66.0,107.0,940.7,10422.06,21.78,1.62,44.445473485236064,-42.82547348523607,42.82547348523607
Groundnut,2013,Kharif     ,Goa,394.0,951.0,3642.6,56929.06,106.38,2.41,-200.3985114557169,202.8085114557169,202.8085114557169
Masoor,2009,Rabi       ,Nagaland,1910.0,1360.0,1225.9,297616.2,324.7,0.711111111,-1.1550692724297846,1.8661803834297848,1.8661803834297848
Banana,2017,Summer     ,Uttar Pradesh,69378.0,3172335.0,652.1,10922872.32,26363.64,45.97483871,10.34584230861293,35.62899640138707,35.62899640138707
Moong(Green Gram),2016,Kharif     ,Telangana,134700.0,82101.0,942.6,20642775.0,47145.0,0.648666667,39.891479308222316,-39.242812641222315,39.242812641222315
Bajra,2015,Kharif     ,Andhra Pradesh,33319.0,58890.0,940.7,5261403.29,10995.27,1.908181818,39.50311302384446,-37.59493120584446,37.59493120584446
Maize,2010,Summer     ,West Bengal,39124.0,184380.0,1096.0,6498887.64,9389.76,2.883529412,83.38638136700044,-80.50285195500044,80.50285195500044
Rice,2014,Summer     ,Odisha,301000.0,1002000.0,1536.9,45438960.0,99330.0,2.62,23.489804527866625,-20.869804527866624,20.869804527866624
Barley,2010,Rabi       ,Madhya Pradesh,76570.0,98699.0,856.3,12719042.7,18376.8,1.7805,-6.259384806571859,8.039884806571859,8.039884806571859
Sweet potato,2018,Kharif     ,Meghalaya,4723.0,15796.0,5649.1,766070.6,1653.05,3.697272727,-3.5855823305053605,7.28285505750536,7.28285505750536
Gram,2011,Rabi       ,Andhra Pradesh,564754.0,519918.0,861.9,94607590.08,186368.82,1.1105,39.325350683014506,-38.214850683014504,38.214850683014504
Groundnut,2017,Kharif     ,Tamil Nadu,188544.0,463781.0,970.9,29684367.36,71646.72,2.411666667,53.047414485646584,-50.635747818646585,50.635747818646585
Niger seed,2014,Rabi       ,Andhra Pradesh,7378.0,2376.0,687.6,1113782.88,2434.74,0.41,43.48067618838638,-43.070676188386386,43.070676188386386
Groundnut,2009,Kharif     ,Gujarat,1757600.0,1633200.0,618.0,273869232.0,298792.0,1.067916667,-5.378526946405088,6.446443613405089,6.446443613405089
Potato,2008,Rabi       ,Chhattisgarh,10093.0,42582.0,1117.9,1443702.72,908.37,4.63,-76.98848074073226,81.61848074073225,81.61848074073225
Small millets,2002,Kharif     ,Andhra Pradesh,46256.0,21891.0,648.1,4379055.52,11564.0,0.461538462,23.79229319740648,-23.33075473540648,23.33075473540648
Sugarcane,2016,Kharif     ,Nagaland,4420.0,192390.0,1959.8,677365.0,1547.0,43.71090909,31.76316448703834,11.947744602961663,11.947744602961663
Khesari,2007,Rabi       ,Bihar,98114.0,82348.0,1600.2,13088407.6,15698.24,0.803684211,-9.91750038165361,10.72118459265361,10.72118459265361
Rice,2019,Summer     ,Tamil Nadu,339990.0,1463054.0,910.1,58396682.4,125796.3,4.095,59.48142703332303,-55.38642703332303,55.38642703332303
Arhar/Tur,2007,Whole Year ,Tamil Nadu,30057.0,21077.0,1067.2,4009603.8,4809.12,0.73375,92.21805560372167,-91.48430560372167,91.48430560372167
Coriander,2002,Whole Year ,Karnataka,7685.0,1114.0,860.8,727538.95,1921.25,0.1235,-31.10875481409937,31.23225481409937,31.23225481409937
Gram,2011,Rabi       ,Tripura,147.0,115.0,2295.609091,24625.44,48.51,0.795,-0.9277572648907153,1.7227572648907152,1.7227572648907152
Moong(Green Gram),2007,Summer     ,Uttar Pradesh,31600.0,20085.0,672.9,4215440.0,5056.0,0.616896552,-9.978699271725105,10.595595823725105,10.595595823725105
Turmeric,2018,Whole Year ,Manipur,2504.0,30325.0,1196.9,406148.8,876.4,12.485,23.560331413879567,-11.075331413879567,11.075331413879567
Banana,2016,Kharif     ,Meghalaya,7240.0,94295.0,3837.1,1109530.0,2534.0,10.72545455,1.0192600653013244,9.706194484698676,9.706194484698676
Mesta,2004,Kharif     ,Assam,5095.0,25454.0,2536.9,551992.3,1069.95,4.660952381,-62.97310882393282,67.63406120493282,67.63406120493282
Maize,2011,Rabi       ,Manipur,4850.0,10500.0,1533.561905,812472.0,1600.5,2.156666667,-2.147122607692296,4.303789274692296,4.303789274692296
Ragi,2011,Kharif     ,Uttarakhand,114511.0,160034.0,1564.7,19182882.72,37788.63,1.467272727,3.900830652662421,-2.433557925662421,2.433557925662421
Ragi,2016,Kharif     ,Puducherry,20.0,31.0,1391.3,3065.0,7.0,1.29,94.37162623201323,-93.08162623201322,93.08162623201322
Groundnut,1999,Kharif     ,Punjab,6000.0,6000.0,364.4,636780.0,1620.0,1.0,-2.4997410454629687,3.4997410454629687,3.4997410454629687
Turmeric,2006,Whole Year ,Kerala,3917.0,9980.0,3429.7,500240.07,861.74,2.168571429,-80.7172819902161,82.88585341921609,82.88585341921609
Bajra,2019,Kharif     ,Tamil Nadu,50298.0,140059.0,910.1,8639184.48,18610.26,2.9272,44.93515705470577,-42.00795705470577,42.00795705470577
other oilseeds,2000,Kharif     ,Sikkim,80.0,34.0,2504.8,7853.6,20.8,0.45,-7.91949232695606,8.36949232695606,8.36949232695606
Garlic,2016,Whole Year ,Kerala,77.0,380.0,2924.3,11800.25,26.95,4.94,-69.28991489207519,74.22991489207519,74.22991489207519
Cotton(lint),2016,Kharif     ,Meghalaya,7255.0,8707.0,3837.1,1111828.75,2539.25,1.156,1.009904428244937,0.14609557175506294,0.14609557175506294
Bajra,2004,Kharif     ,Gujarat,770100.0,785900.0,719.8,83432634.0,161721.0,1.133333333,-13.806671379479326,14.940004712479325,14.940004712479325
Moth,2012,Kharif     ,Jammu and Kashmir,2823.0,1615.0,1116.7,425708.4,875.13,0.66,-0.2533980559288125,0.9133980559288125,0.9133980559288125
Horse-gram,2012,Whole Year ,Kerala,105.0,0.0,2187.6,15834.0,32.55,0.0,-58.440956648443944,58.440956648443944,58.440956648443944
Masoor,1999,Kharif     ,Andhra Pradesh,427217.0,152953.0,650.4,45340540.21,115348.59,0.375,28.615765869536403,-28.240765869536403,28.240765869536403
Tapioca,2008,Whole Year ,Tamil Nadu,124301.0,4533359.0,1201.9,17780015.04,11187.09,35.91833333,80.32191962054365,-44.40358629054365,44.40358629054365
Castor seed,2014,Kharif     ,Assam,941.0,556.0,1899.0,142053.36,310.53,0.64,-64.56148844458465,65.20148844458465,65.20148844458465
Khesari,1997,Rabi       ,West Bengal,25261.0,28460.0,1852.9,2404089.37,7830.91,1.095882353,71.52229964980654,-70.42641729680655,70.42641729680655
Wheat,2008,Rabi       ,Nagaland,1380.0,2070.0,1540.9,197395.2,124.2,1.502222222,8.837008040264124,-7.334785818264123,7.334785818264123
Sunflower,2004,Kharif     ,Tamil Nadu,18152.0,19303.0,1034.0,1966587.68,3811.92,1.002962963,32.4091160956762,-31.406153132676195,31.406153132676195
Gram,2006,Rabi       ,Delhi,45.0,65.0,462.7,5746.95,9.9,1.44,-0.15438539753046143,1.5943853975304614,1.5943853975304614
Sweet potato,2008,Whole Year ,Kerala,386.0,4827.0,2524.8,55213.44,34.74,11.5,-72.64725565478247,84.14725565478247,84.14725565478247
Bajra,2004,Kharif     ,Nagaland,2680.0,4000.0,1711.5,290351.2,562.8,1.50875,-9.632801870305059,11.141551870305058,11.141551870305058
Wheat,2006,Rabi       ,Uttarakhand,377870.0,796548.0,1178.9,48257777.7,83131.4,1.760769231,0.6756980764435241,1.085071154556476,1.085071154556476
Sugarcane,1999,Whole Year ,Jammu and Kashmir,143.0,143.0,667.1,15176.59,38.61,1.1125,60.240111536179,-59.127611536179,59.127611536179
Safflower,2003,Rabi       ,Odisha,1620.0,710.0,1648.2,160347.6,388.8,0.42875,-2.5059331141990526,2.9346831141990526,2.9346831141990526
Moong(Green Gram),2014,Rabi       ,Chhattisgarh,7622.0,1621.0,1274.7,1150617.12,2515.26,0.231304348,-74.70258927604135,74.93389362404135,74.93389362404135
Onion,2005,Kharif     ,Andhra Pradesh,20434.0,364201.0,1075.5,2450445.28,4291.14,15.5455,31.120982832017987,-15.575482832017986,15.575482832017986
Dry chillies,2011,Kharif     ,Uttar Pradesh,13284.0,11026.0,777.4,2225335.68,4383.72,0.838676471,-15.9718760500796,16.8105525210796,16.8105525210796
Urad,2002,Rabi       ,Andhra Pradesh,584271.0,330894.0,648.1,55312935.57,146067.75,0.386666667,16.231944144547896,-15.845277477547896,15.845277477547896
Safflower,1997,Rabi       ,Bihar,480.0,302.0,1303.7,45681.6,148.8,0.653636364,-17.949877394254116,18.603513758254117,18.603513758254117
Groundnut,2017,Summer     ,Maharashtra,51277.0,69376.0,1129.5,8073050.88,19485.26,1.3459375,8.781651760975876,-7.435714260975876,7.435714260975876
Other  Rabi pulses,2018,Rabi       ,Karnataka,13989.0,10005.0,1419.1,2269015.8,4896.15,0.696842105,-12.491383161698053,13.188225266698053,13.188225266698053
Gram,2012,Rabi       ,Nagaland,760.0,640.0,1296.6,114608.0,235.6,0.823636364,3.2137350207401596,-2.3900986567401596,2.3900986567401596
Jute,1999,Kharif     ,Nagaland,260.0,360.0,1782.2,27593.8,70.2,1.39,4.11557764821012,-2.7255776482101206,2.7255776482101206
Niger seed,2015,Kharif     ,Nagaland,32370.0,36170.0,1308.3,5111546.7,10682.1,1.08,8.663819761314443,-7.583819761314443,7.583819761314443
Sweet potato,2005,Whole Year ,Chhattisgarh,2700.0,15487.0,1292.7,323784.0,567.0,5.54375,-37.335008026913755,42.87875802691376,42.87875802691376
Sugarcane,2019,Whole Year ,West Bengal,19177.0,1527577.0,1733.4,3293841.52,7095.49,81.0915,175.7692211490816,-94.6777211490816,94.6777211490816
Coconut ,2012,Whole Year ,Chhattisgarh,100.0,0.0,1366.8,15080.0,31.0,0.0,8897.885371751265,-8897.885371751265,8897.885371751265
Bajra,2011,Summer     ,Karnataka,3193.0,3328.0,1178.986364,534891.36,1053.69,1.013333333,-49.97793469893537,50.99126803193537,50.99126803193537
Dry chillies,1997,Kharif     ,Karnataka,186579.0,139206.0,1266.7,17756723.43,57839.49,1.078333333,-78.64268654918061,79.72101988218061,79.72101988218061
Ragi,2018,Rabi       ,Jammu and Kashmir,4056.0,2987.0,1016.3,657883.2,1419.6,0.57,9.587834898311826,-9.017834898311825,9.017834898311825
Small millets,2007,Kharif     ,Karnataka,35680.0,17571.0,1323.3,4759712.0,5708.8,0.465238095,-41.891671476963836,42.35690957196383,42.35690957196383
Rice,2011,Summer     ,Uttar Pradesh,23642.0,59496.0,777.4,3960507.84,7801.86,2.335909091,25.84776775905246,-23.511858668052458,23.511858668052458
Onion,2015,Rabi       ,Jharkhand,3129.0,19999.0,1085.6,494100.39,1032.57,8.018181818,-3.390218135095978,11.408399953095978,11.408399953095978
Gram,2016,Rabi       ,West Bengal,28122.0,28498.0,1795.8,4309696.5,9842.7,1.035,102.43068468338925,-101.39568468338925,101.39568468338925
Onion,2001,Whole Year ,Odisha,19410.0,173430.0,1672.5,1982343.3,5046.6,8.714333333,48.153459439532355,-39.439126106532356,39.439126106532356
Black pepper,2008,Whole Year ,Karnataka,17451.0,73956.0,1164.1,2496191.04,1570.59,4.133571429,21.753978382874976,-17.620406953874976,17.620406953874976
Linseed,2019,Rabi       ,Assam,4885.0,3039.0,2084.7,839047.6,1807.45,0.588695652,-52.147465258243216,52.736160910243214,52.736160910243214
Potato,2001,Whole Year ,Meghalaya,18151.0,159032.0,4241.0,1853761.63,4719.26,7.288571429,32.89901115639604,-25.61043972739604,25.61043972739604
Arhar/Tur,1999,Kharif     ,Meghalaya,871.0,647.0,6200.3,92439.23,235.17,0.78,-1.1961892271839645,1.9761892271839645,1.9761892271839645
Rice,2004,Kharif     ,Arunachal Pradesh,121642.0,134950.0,2939.5,13178694.28,25544.82,1.080625,2.5371199275368213,-1.4564949275368213,1.4564949275368213
Moth,1997,Kharif     ,Gujarat,48500.0,24100.0,798.9,4615745.0,15035.0,0.603571429,-14.090164084229144,14.693735513229145,14.693735513229145
Potato,2017,Rabi       ,Uttar Pradesh,572826.0,15008697.0,652.1,90185725.44,217673.88,23.98133333,8.340631646142782,15.640701683857216,15.640701683857216
Rice,2012,Summer     ,Assam,389140.0,1155877.0,2167.5,58682312.0,120633.4,2.7724,-51.68113006868654,54.45353006868654,54.45353006868654
Urad,2006,Rabi       ,Karnataka,10986.0,5776.0,1146.3,1403022.06,2416.92,0.520714286,-47.997079362900934,48.517793648900934,48.517793648900934
Onion,2015,Rabi       ,Meghalaya,521.0,4595.0,3870.8,82271.11,171.93,8.331,-10.088054570838835,18.419054570838835,18.419054570838835
Sesamum,2017,Kharif     ,Jammu and Kashmir,4326.0,1762.0,1279.1,681085.44,1643.88,0.421666667,1.2239479156787638,-0.8022812486787638,0.8022812486787638
Castor seed,2016,Kharif     ,Bihar,77.0,74.0,1205.6,11800.25,26.95,0.9875,2.5775350709308498,-1.5900350709308497,1.5900350709308497
Soyabean,2015,Kharif     ,Gujarat,80354.0,61832.0,584.3,12688700.14,26516.82,0.732222222,9.358093369550716,-8.625871147550715,8.625871147550715
Mesta,1998,Kharif     ,Tripura,2175.0,15250.0,2472.9,214890.0,630.75,7.255,-12.039919042415562,19.29491904241556,19.29491904241556
Other Kharif pulses,2016,Kharif     ,Arunachal Pradesh,2450.0,2235.0,2933.7,375462.5,857.5,0.8725,-0.3675999580243001,1.2400999580243002,1.2400999580243002
Rapeseed &Mustard,2005,Rabi       ,Tripura,1753.0,1276.0,1765.9,210219.76,368.13,0.7375,-10.277816923190983,11.015316923190984,11.015316923190984
Banana,2010,Whole Year ,Assam,47628.0,653502.0,2578.5,7911487.08,11430.72,13.76444444,-6.6200270064200595,20.384471446420058,20.384471446420058
Dry chillies,1998,Whole Year ,Arunachal Pradesh,1236.0,1582.0,3616.7,122116.8,358.44,1.7575,-1.4587853117977545,3.216285311797755,3.216285311797755
Moong(Green Gram),2008,Kharif     ,Maharashtra,426600.0,106000.0,1052.8,61020864.0,38394.0,0.391818182,-5.258277808701536,5.650095990701535,5.650095990701535
Small millets,2002,Kharif     ,West Bengal,3126.0,2088.0,1629.1,295938.42,781.5,0.85625,79.41501852328793,-78.55876852328792,78.55876852328792
Sannhamp,2002,Whole Year ,Uttarakhand,4007.0,1262.0,1610.3,379342.69,1001.75,0.31,17.953034783510248,-17.64303478351025,17.64303478351025
Jowar,2019,Kharif     ,Nagaland,280.0,270.0,1593.0,48092.8,103.6,0.966,9.190579804676503,-8.224579804676504,8.224579804676504
Maize,2013,Rabi       ,Chhattisgarh,33.0,117.0,1418.3,4768.17,8.91,3.55,-60.910244446787885,64.46024444678788,64.46024444678788
Peas & beans (Pulses),2002,Rabi       ,Assam,23077.0,13684.0,1973.6,2184699.59,5769.25,0.585217391,-69.13506457786696,69.72028196886696,69.72028196886696
Peas & beans (Pulses),2019,Rabi       ,Arunachal Pradesh,3704.0,5432.0,2433.3,636199.04,1370.48,1.773333333,-4.63441911657975,6.40775244957975,6.40775244957975
Masoor,2003,Rabi       ,Nagaland,2500.0,1070.0,1709.8,247450.0,600.0,0.4475,-4.155712681680882,4.603212681680882,4.603212681680882
Potato,2010,Whole Year ,Arunachal Pradesh,4334.0,35832.0,2574.1,719920.74,1040.16,7.283125,31.709781987254487,-24.42665698725449,24.42665698725449
Wheat,2013,Rabi       ,Bihar,2148818.0,6134679.0,1069.9,310482712.8,580180.86,2.835,-0.276673517930476,3.111673517930476,3.111673517930476
Ginger,2004,Kharif     ,Bihar,365.0,555.0,1147.8,39544.1,76.65,1.450833333,-14.721774248647392,16.17260758164739,16.17260758164739
Peas & beans (Pulses),2009,Rabi       ,Tripura,724.0,538.0,2004.2,112813.68,123.08,0.74,-4.15635037348008,4.896350373480081,4.896350373480081
Rice,2019,Kharif     ,Gujarat,849599.0,1821136.0,1067.8,145927124.2,314351.63,1.948571429,32.47052654811786,-30.52195511911786,30.52195511911786
Maize,2006,Autumn     ,Jharkhand,75712.78,116029.0,1465.1,9669279.134,16656.8116,1.457272727,-14.37231383704352,15.82958656404352,15.82958656404352
Tobacco,2015,Whole Year ,West Bengal,15073.0,25335.0,1717.0,2380177.43,4974.09,1.1875,122.4548404365375,-121.2673404365375,121.2673404365375
Sesamum,2017,Kharif     ,Uttarakhand,1888.0,563.0,1475.8,297246.72,717.44,0.236666667,-2.275468338088473,2.512135005088473,2.512135005088473
Maize,2016,Summer     ,Uttar Pradesh,66929.0,125558.0,965.3,10256869.25,23425.15,1.884827586,14.817340891177906,-12.932513305177906,12.932513305177906
Maize,2019,Kharif     ,Gujarat,300503.0,449952.0,1067.8,51614395.28,111186.11,1.603636364,18.335280502946944,-16.731644138946944,16.731644138946944
Sesamum,2011,Kharif     ,Assam,11801.0,7957.0,1743.4,1976903.52,3894.33,0.594444444,-72.57486931512639,73.1693137591264,73.1693137591264
Niger seed,2008,Kharif     ,Karnataka,25337.0,8678.0,1164.1,3624204.48,2280.33,0.3416,-31.630656118547705,31.972256118547705,31.972256118547705
Sugarcane,2006,Whole Year ,Nagaland,4500.0,229000.0,1362.5,574695.0,990.0,48.145,68.31264789028076,-20.167647890280755,20.167647890280755
Jowar,2003,Kharif     ,Tamil Nadu,401607.0,245933.0,345.6,39751060.86,96385.68,0.7376,26.782915975999657,-26.045315975999657,26.045315975999657
Rice,2005,Summer     ,Bihar,113251.0,182827.0,907.8,13581059.92,23782.71,1.304583333,4.162192814993119,-2.8576094819931193,2.8576094819931193
Arecanut,2003,Whole Year ,Karnataka,148939.0,198857.0,867.6,14741982.22,35745.36,1.302727273,-7.798056500095441,9.100783773095442,9.100783773095442
Groundnut,2005,Rabi       ,Karnataka,172368.0,150118.0,1316.2,20670370.56,36197.28,0.9764,-37.28884116562065,38.26524116562065,38.26524116562065
Urad,2017,Rabi       ,West Bengal,10454.0,9583.0,1830.0,1645877.76,3972.52,0.733076923,91.94010089914443,-91.20702397614443,91.20702397614443
Gram,2019,Rabi       ,Nagaland,760.0,640.0,1593.0,130537.6,281.2,0.834545455,12.307081205471547,-11.472535750471547,11.472535750471547
Garlic,2002,Whole Year ,Odisha,10700.0,33830.0,1102.8,1012969.0,2675.0,3.16,26.692865624302797,-23.532865624302797,23.532865624302797
Mesta,2008,Kharif     ,Assam,5285.0,26807.0,2109.9,755966.4,475.65,4.663913043,-61.65827555972146,66.32218860272145,66.32218860272145
Moong(Green Gram),2011,Summer     ,Puducherry,1310.0,481.0,1434.5875,219451.2,432.3,0.495,65.5992260050668,-65.10422600506679,65.10422600506679
Coriander,2003,Whole Year ,Bihar,2169.0,1500.0,1353.9,214687.62,520.56,0.690967742,7.8534745256311,-7.1625067836311,7.1625067836311
Rapeseed &Mustard,2016,Rabi       ,Chhattisgarh,42918.0,18433.0,1298.9,6577183.5,15021.3,0.458148148,-58.896288666871754,59.354436814871754,59.354436814871754
Arecanut,2003,Whole Year ,West Bengal,9166.0,18519.0,1526.7,907250.68,2199.84,2.096666667,121.62291963050829,-119.5262529635083,119.5262529635083
Arecanut,1998,Kharif     ,Puducherry,66.0,23.0,1434.5875,6520.8,19.14,0.35,57.85764685573055,-57.50764685573055,57.50764685573055
Rice,2002,Summer     ,Karnataka,73863.0,184064.0,860.8,6992610.21,18465.75,2.378,-33.65068241769134,36.02868241769134,36.02868241769134
Ginger,2017,Whole Year ,Tamil Nadu,380.0,7425.0,970.9,59827.2,144.4,19.705,90.2879369226682,-70.5829369226682,70.5829369226682
Maize,2001,Kharif     ,Haryana,17944.0,47000.0,483.8,1832620.72,4665.44,1.051764706,-6.03851526574681,7.09027997174681,7.09027997174681
Maize,2015,Winter     ,Odisha,255.0,458.0,1210.1,40267.05,84.15,2.528,15.155941770143272,-12.627941770143272,12.627941770143272
Sannhamp,2004,Whole Year ,Bihar,4388.0,3532.0,1147.8,475395.92,921.48,0.832962963,20.74288751342911,-19.90992455042911,19.90992455042911
Arhar/Tur,2008,Rabi       ,West Bengal,629.0,530.0,1560.1,89972.16,56.61,0.813333333,89.99069622594405,-89.17736289294405,89.17736289294405
Ginger,2017,Whole Year ,Arunachal Pradesh,7860.0,55806.0,2745.5,1237478.4,2986.8,6.07,33.99243142645294,-27.92243142645294,27.92243142645294
Onion,2015,Kharif     ,Andhra Pradesh,33867.0,573224.0,940.7,5347937.97,11176.11,16.65909091,40.39590592761979,-23.736815017619794,23.736815017619794
Horse-gram,1998,Kharif     ,Himachal Pradesh,3028.0,1475.0,1381.6,299166.4,878.12,0.467,-12.554646643228011,13.021646643228012,13.021646643228012
Sesamum,2019,Rabi       ,Tamil Nadu,40895.0,29775.0,910.1,7024125.2,15131.15,0.680740741,38.4951804013952,-37.8144396603952,37.8144396603952
Ginger,2005,Whole Year ,Kerala,12226.0,56288.0,3030.9,1466141.92,2567.46,3.258571429,-66.02136646314722,69.27993789214722,69.27993789214722
Maize,2010,Kharif     ,Jammu and Kashmir,308215.0,527690.0,1352.0,51197593.65,73971.6,1.5675,6.771316402259913,-5.203816402259913,5.203816402259913
Gram,1999,Rabi       ,Assam,2336.0,1196.0,2201.8,247919.68,630.72,0.470454545,-71.30625500005232,71.77670954505231,71.77670954505231
Urad,2019,Autumn     ,Odisha,10170.0,2986.0,1593.9,1746799.2,3762.9,0.318181818,-3.7232924975202764,4.041474315520277,4.041474315520277
Mesta,2007,Kharif     ,Meghalaya,4395.0,20037.0,4702.0,586293.0,703.2,4.596666667,-2.167959552655077,6.764626219655077,6.764626219655077
Sugarcane,2007,Whole Year ,Chhattisgarh,10966.0,27254.0,1246.2,1462864.4,1754.56,3.015,2.328937658198271,0.6860623418017293,0.6860623418017293
Groundnut,2004,Kharif     ,Chhattisgarh,34086.0,38108.0,1122.8,3692877.24,7158.06,1.20125,-69.39166568011134,70.59291568011135,70.59291568011135
Groundnut,1997,Kharif     ,Punjab,8000.0,8000.0,690.1,761360.0,2480.0,1.0,-2.4411237237813737,3.4411237237813737,3.4411237237813737
Moong(Green Gram),2002,Rabi       ,Chhattisgarh,6822.0,1698.0,1001.4,645838.74,1705.5,0.249333333,-88.76594253202035,89.01527586502034,89.01527586502034
Horse-gram,2012,Kharif     ,Andhra Pradesh,5000.0,3000.0,968.7,754000.0,1550.0,0.556666667,38.6332715713005,-38.076604904300495,38.076604904300495
Groundnut,2018,Kharif     ,Madhya Pradesh,215697.0,398873.0,1102.2,34986053.4,75493.95,1.47625,9.792850364657909,-8.316600364657909,8.316600364657909
Other Kharif pulses,2000,Kharif     ,Nagaland,4400.0,4240.0,1631.8,431948.0,1144.0,0.985,-2.1200649229238593,3.105064922923859,3.105064922923859
Other Kharif pulses,2006,Kharif     ,West Bengal,1052.0,562.0,1631.4,134350.92,231.44,0.501666667,96.06746533035204,-95.56579866335204,95.56579866335204
Garlic,2008,Whole Year ,Uttarakhand,2972.0,27121.0,1363.7,425114.88,267.48,5.802727273,23.757063360257874,-17.95433608725787,17.95433608725787
Arecanut,2009,Whole Year ,Kerala,99190.0,116763.0,2821.5,15455785.8,16862.3,0.976428571,-69.09698985392453,70.07341842492453,70.07341842492453
Castor seed,2004,Kharif     ,Bihar,173.0,163.0,1147.8,18742.82,36.33,0.962222222,-10.084021817813834,11.046244039813834,11.046244039813834
Dry chillies,2015,Whole Year ,Meghalaya,2292.0,2127.0,3870.8,361929.72,756.36,1.123636364,17.26789181807996,-16.14425545407996,16.14425545407996
Rice,2013,Winter     ,Bihar,2509203.0,5634961.0,1069.9,362554741.5,677484.81,2.066842105,6.535026957875203,-4.468184852875203,4.468184852875203
Coriander,2015,Rabi       ,Telangana,998.0,382.0,747.9,157594.18,329.34,0.402857143,5.523885699032576,-5.1210285560325755,5.1210285560325755
Jowar,2012,Kharif     ,Haryana,55196.0,27500.0,307.9,8323556.8,17110.76,0.368181818,-2.8514043236666,3.2195861416666,3.2195861416666
Onion,2013,Rabi       ,Himachal Pradesh,764.0,7246.0,1216.9,110390.36,206.28,9.466666667,-2.4520531318239307,11.91871979882393,11.91871979882393
Ginger,2016,Kharif     ,Andhra Pradesh,285.0,752.0,890.0,43676.25,99.75,2.288,36.4357278388601,-34.147727838860106,34.147727838860106
Jowar,2010,Kharif     ,Delhi,3341.0,3227.0,989.5,554973.51,801.84,0.97,4.2257496629577815,-3.255749662957782,3.255749662957782
Moong(Green Gram),2002,Kharif     ,Mizoram,13.0,9.0,2627.0,1230.71,3.25,0.69,-47.2480775580172,47.9380775580172,47.9380775580172
Sesamum,2017,Kharif     ,Chhattisgarh,17255.0,5195.0,1124.5,2716627.2,6556.9,0.307777778,-69.63500920381492,69.94278698181492,69.94278698181492
Barley,2005,Rabi       ,Chhattisgarh,3604.0,2981.0,1292.7,432191.68,756.84,0.877142857,-74.04503615700554,74.92217901400554,74.92217901400554
Rice,2000,Winter     ,Kerala,162445.0,336416.0,2412.6,15947225.65,42235.7,2.042857143,-98.54988965839883,100.59274680139883,100.59274680139883
Sweet potato,2000,Whole Year ,Manipur,50.0,180.0,1969.7,4908.5,13.0,3.6,22.055301904942596,-18.455301904942594,18.455301904942594
Moth,2016,Kharif     ,Himachal Pradesh,15.0,4.0,1373.9,2298.75,5.25,0.176666667,5.4893652636012575,-5.312698596601257,5.312698596601257
Rapeseed &Mustard,2008,Rabi       ,Assam,226385.0,124688.0,2109.9,32382110.4,20374.65,0.521111111,-64.06335382853729,64.58446493953728,64.58446493953728
Cotton(lint),2001,Kharif     ,Tamil Nadu,164169.0,229732.0,481.3,16766579.97,42683.94,1.450740741,30.92950411913459,-29.47876337813459,29.47876337813459
Onion,2004,Rabi       ,Andhra Pradesh,12248.0,258886.0,781.8,1326948.32,2572.08,20.17047619,24.93672430552091,-4.766248115520913,4.766248115520913
Sunflower,2002,Kharif     ,Madhya Pradesh,2354.0,931.0,800.8,222853.18,588.5,0.272272727,-16.01537037436907,16.28764310136907,16.28764310136907
Turmeric,2011,Kharif     ,Puducherry,2.0,3.0,1434.5875,335.04,0.66,1.5,58.026494844120094,-56.526494844120094,56.526494844120094
Ragi,2013,Kharif     ,Maharashtra,124500.0,142300.0,1409.8,17989005.0,33615.0,1.244,16.54899747330063,-15.30499747330063,15.30499747330063
Ginger,2010,Whole Year ,Karnataka,46469.0,168165.0,1317.7,7718965.59,11152.56,3.717894737,8.20456170754585,-4.4866669705458495,4.4866669705458495
Moong(Green Gram),2011,Summer     ,West Bengal,17288.0,11084.0,1686.5,2896085.76,5705.04,0.801875,74.57761542827643,-73.77574042827644,73.77574042827644
Ragi,2014,Kharif     ,Andhra Pradesh,28742.0,27354.0,687.6,4338892.32,9484.86,1.024444444,46.047381574283804,-45.02293713028381,45.02293713028381
Coriander,2005,Whole Year ,Uttar Pradesh,5591.0,3200.0,751.9,670472.72,1174.11,0.578387097,21.73100146396095,-21.15261436696095,21.15261436696095
Urad,2007,Kharif     ,Uttarakhand,11409.0,8776.0,1924.3,1521960.6,1825.44,0.686923077,-7.656170937941482,8.343094014941482,8.343094014941482
Soyabean,2013,Kharif     ,Uttarakhand,9172.0,14374.0,1735.4,1325262.28,2476.44,1.109166667,6.529282074267343,-5.4201154072673425,5.4201154072673425
Gram,1999,Rabi       ,West Bengal,26618.0,21961.0,2318.1,2824968.34,7186.86,0.826923077,88.40849686822398,-87.58157379122397,87.58157379122397
Groundnut,2020,Kharif     ,Uttarakhand,617.0,933.0,1313.947826,119457.37,228.29,1.521666667,13.454108318687332,-11.932441651687332,11.932441651687332
Maize,2004,Rabi       ,Mizoram,719.0,1530.0,2640.8,77896.46,150.99,2.61,-34.59578232301112,37.20578232301112,37.20578232301112
Jowar,2016,Rabi       ,Telangana,27810.0,33101.0,942.6,4261882.5,9733.5,1.1768,44.246256514648664,-43.069456514648664,43.069456514648664
Other Kharif pulses,2018,Kharif     ,Sikkim,2283.0,2261.0,3350.1,370302.6,799.05,0.9625,18.625887076036832,-17.663387076036834,17.663387076036834
Sesamum,2007,Kharif     ,Uttarakhand,1961.0,445.0,1924.3,261597.4,313.76,0.243846154,-9.601383331720683,9.845229485720683,9.845229485720683
Ginger,2014,Kharif     ,Jammu and Kashmir,21.0,30.0,1278.4,3170.16,6.93,1.353333333,-2.5946569088874583,3.9479902418874584,3.9479902418874584
Sesamum,1998,Summer     ,Odisha,7864.0,1683.0,1357.1,776963.2,2280.56,0.203703704,-23.575771914302493,23.77947561830249,23.77947561830249
Other Cereals,2007,Rabi       ,Gujarat,59800.0,79000.0,1021.6,7977320.0,9568.0,1.286666667,-2.628180693131924,3.914847360131924,3.914847360131924
Coriander,2018,Rabi       ,Andhra Pradesh,1569.0,360.0,1220.5,254491.8,549.15,0.331428571,8.893610924937576,-8.562182353937576,8.562182353937576
Sunflower,2000,Kharif     ,Andhra Pradesh,197261.0,167828.0,935.6,19365112.37,51287.86,1.038421053,24.913672163290798,-23.875251110290797,23.875251110290797
Sesamum,2001,Rabi       ,Nagaland,7580.0,6090.0,1532.0,774145.4,1970.8,0.836,-20.406917438914064,21.242917438914063,21.242917438914063
Dry chillies,2014,Summer     ,Karnataka,5820.0,11208.0,1238.5,878587.2,1920.6,1.929166667,-72.18949736417784,74.11866403117784,74.11866403117784
Sugarcane,1999,Whole Year ,Andhra Pradesh,232416.0,18507614.0,650.4,24666310.08,62752.32,76.31571429,95.06450451459128,-18.748790224591275,18.748790224591275
other oilseeds,2003,Kharif     ,Maharashtra,25600.0,4700.0,1037.4,2533888.0,6144.0,0.201904762,4.800220838846542,-4.598316076846542,4.598316076846542
Turmeric,2007,Whole Year ,Tamil Nadu,27303.0,146008.0,1067.2,3642220.2,4368.48,5.253846154,62.09768812980397,-56.84384197580397,56.84384197580397
Tapioca,2005,Whole Year ,Kerala,90539.0,2568284.0,3030.9,10857436.88,19013.19,28.00928571,-67.55284167998985,95.56212738998985,95.56212738998985
Coriander,2005,Whole Year ,Bihar,2227.0,1749.0,907.8,267061.84,467.67,0.8034375,7.000736229929828,-6.197298729929828,6.197298729929828
other oilseeds,2019,Rabi       ,Haryana,5000.0,7700.0,351.8,858800.0,1850.0,1.604,6.845024654464112,-5.241024654464112,5.241024654464112
Wheat,2017,Kharif     ,Telangana,2.0,2.0,815.7,314.88,0.76,1.0,62.49543193918302,-61.49543193918302,61.49543193918302
Other  Rabi pulses,2009,Rabi       ,Gujarat,21200.0,15600.0,618.0,3303384.0,3604.0,0.703636364,12.619077026024229,-11.91544066202423,11.91544066202423
Dry chillies,2019,Rabi       ,Odisha,50090.0,65410.0,1593.9,8603458.4,18533.3,1.374,-14.682151412183003,16.056151412183002,16.056151412183002
Peas & beans (Pulses),2001,Rabi       ,Haryana,1065.0,1200.0,483.8,108768.45,276.9,0.576428571,-8.827926848285244,9.404355419285244,9.404355419285244
Rice,2008,Summer     ,Kerala,49762.0,148370.0,2524.8,7117956.48,4478.58,2.446428571,-97.03317725578032,99.47960582678031,99.47960582678031
Cotton(lint),2004,Kharif     ,Chhattisgarh,468.0,763.0,1122.8,50703.12,98.28,1.7775,-71.69366494305098,73.47116494305098,73.47116494305098
Masoor,2000,Rabi       ,Bihar,172202.0,170805.0,1207.0,16905070.34,44772.52,0.946216216,-9.073444387191444,10.019660603191443,10.019660603191443
Potato,2016,Kharif     ,Uttarakhand,6583.0,55540.0,1580.9,1008844.75,2304.05,9.679090909,2.5649961955264757,7.1140947134735235,7.1140947134735235
Maize,2002,Rabi       ,Andhra Pradesh,111990.0,573695.0,648.1,10602093.3,27997.5,5.602272727,31.312918797381997,-25.710646070381998,25.710646070381998
Arecanut,2016,Whole Year ,Tamil Nadu,7078.0,12708.0,912.4,1084703.5,2477.3,1.477272727,83.6141588144641,-82.1368860874641,82.1368860874641
Linseed,2001,Rabi       ,Jammu and Kashmir,436.0,272.0,953.8,44528.68,113.36,0.68625,-7.271602218439398,7.957852218439398,7.957852218439398
Masoor,2011,Rabi       ,Meghalaya,356.0,296.0,4083.104545,59637.12,117.48,0.7875,-3.9537298571137285,4.741229857113728,4.741229857113728
Rice,2000,Kharif     ,Tamil Nadu,2113344.0,7217903.0,971.1,207466980.5,549469.44,3.611785714,39.83359126790704,-36.22180555390704,36.22180555390704
Urad,2003,Kharif     ,Haryana,2419.0,400.0,592.3,239432.62,580.56,0.042857143,-15.31524462339138,15.35810176639138,15.35810176639138
Cardamom,2005,Whole Year ,Tamil Nadu,4887.0,448.0,1364.1,586049.04,1026.27,0.072727273,60.90207245018088,-60.82934517718088,60.82934517718088
Barley,2001,Rabi       ,Bihar,21300.0,26709.0,1247.0,2175369.0,5538.0,1.248181818,-9.800401327031608,11.048583145031607,11.048583145031607
Urad,2018,Summer     ,Odisha,4571.0,2336.0,1635.9,741416.2,1599.85,0.469090909,0.7450372648441999,-0.27594635584419985,0.27594635584419985
Potato,2013,Kharif     ,Tamil Nadu,3875.0,70206.0,740.9,559898.75,1046.25,18.37333333,39.96584553085424,-21.592512200854237,21.592512200854237
Rapeseed &Mustard,2005,Rabi       ,Nagaland,26470.0,21180.0,1568.6,3174282.4,5558.7,0.6525,-2.1081243511210346,2.7606243511210344,2.7606243511210344
Peas & beans (Pulses),2018,Kharif     ,Jammu and Kashmir,330.0,1417.0,1016.3,53526.0,115.5,3.848333333,15.122386916215959,-11.27405358321596,11.27405358321596
Maize,2005,Kharif     ,Andhra Pradesh,593135.0,2098190.0,1075.5,71128749.2,124558.35,3.803636364,37.10872615270915,-33.305089788709154,33.305089788709154
Small millets,1998,Kharif     ,Bihar,32028.0,18325.0,1332.5,3164366.4,9288.12,0.6296,-16.301129421656924,16.930729421656924,16.930729421656924
Groundnut,1997,Summer     ,Odisha,39729.0,48815.0,1496.6,3781008.93,12315.99,1.211071429,-10.1844800309388,11.395551459938801,11.395551459938801
Bajra,2013,Kharif     ,Punjab,800.0,800.0,586.6,115592.0,216.0,1.0,2.7910258796042626,-1.7910258796042626,1.7910258796042626
Coriander,1998,Whole Year ,Karnataka,17935.0,2982.0,1260.8,1771978.0,5201.15,0.118,-32.66358727165874,32.78158727165874,32.78158727165874
Niger seed,2000,Kharif     ,Andhra Pradesh,18452.0,6001.0,935.6,1811432.84,4797.52,0.36,34.005694265722326,-33.64569426572233,33.64569426572233
Masoor,2004,Rabi       ,Nagaland,2530.0,1100.0,1711.5,274100.2,531.3,0.43875,-3.121472744598833,3.560222744598833,3.560222744598833
Other  Rabi pulses,2017,Rabi       ,Tamil Nadu,10235.0,6758.0,970.9,1611398.4,3889.3,0.66,60.46251365555766,-59.80251365555766,59.80251365555766
Dry chillies,2019,Whole Year ,Chhattisgarh,4913.0,2948.0,1420.3,843856.88,1817.81,0.609285714,-37.389939524807744,37.999225238807746,37.999225238807746
Arecanut,2001,Whole Year ,Goa,1600.0,2500.0,2530.6,163408.0,416.0,1.56,-188.94073475435374,190.50073475435374,190.50073475435374
Rapeseed &Mustard,2011,Rabi       ,West Bengal,419473.0,380914.0,1686.5,70270116.96,138426.09,0.775555556,94.69978255696319,-93.92422700096319,93.92422700096319
Peas & beans (Pulses),2000,Kharif     ,Nagaland,1700.0,1120.0,1631.8,166889.0,442.0,0.66,-2.860639539236388,3.520639539236388,3.520639539236388
Moong(Green Gram),2006,Kharif     ,Punjab,12300.0,10700.0,569.6,1570833.0,2706.0,0.904545455,-7.443127001353048,8.347672456353049,8.347672456353049
Potato,2017,Winter     ,Odisha,3966.0,41812.0,1344.4,624407.04,1507.08,11.95545455,9.122856309156873,2.8325982408431276,2.8325982408431276
Sesamum,1998,Winter     ,Manipur,310.0,150.0,1855.0,30628.0,89.9,0.475,-27.930756319374495,28.405756319374497,28.405756319374497
Potato,2007,Kharif     ,Jammu and Kashmir,1380.0,7727.0,1042.2,184092.0,220.8,4.94875,-5.326254948217866,10.275004948217866,10.275004948217866
Sugarcane,2006,Whole Year ,Uttarakhand,118869.0,7267238.0,1178.9,15180759.99,26151.18,61.44,63.95249434544975,-2.5124943454497526,2.5124943454497526
other oilseeds,2003,Kharif     ,Uttarakhand,411.0,294.0,1734.3,40680.78,98.64,0.637,-2.23523626991755,2.87223626991755,2.87223626991755
Urad,2012,Kharif     ,Manipur,1450.0,1584.0,1176.7,218660.0,449.5,1.09,-12.235948819283038,13.325948819283038,13.325948819283038
Bajra,1999,Kharif     ,Bihar,1629.0,990.0,1402.7,172885.77,439.83,0.631666667,-14.241759191079382,14.873425858079381,14.873425858079381
Sweet potato,2012,Kharif     ,Meghalaya,4438.0,15063.0,2945.3,669250.4,1375.78,3.745714286,-27.302910853492023,31.048625139492025,31.048625139492025
Jowar,1999,Kharif     ,West Bengal,1156.0,540.0,2318.1,122686.28,312.12,0.68,85.44901824187869,-84.76901824187868,84.76901824187868
Sugarcane,2002,Whole Year ,Puducherry,2330.0,209496.0,1434.5875,220581.1,582.5,85.75,149.30146128987784,-63.551461289877835,63.551461289877835
Onion,2011,Rabi       ,Jammu and Kashmir,430.0,1036.0,887.6,72033.6,141.9,2.205714286,-6.59676537279239,8.80247965879239,8.80247965879239
Horse-gram,2009,Kharif     ,Andhra Pradesh,20162.0,13170.0,711.0,3141642.84,3427.54,0.6,33.78201295627241,-33.18201295627241,33.18201295627241
Ragi,2014,Summer     ,Puducherry,32.0,58.0,1330.0,4830.72,10.56,1.81,80.06443023370345,-78.25443023370345,78.25443023370345
Arhar/Tur,2013,Kharif     ,Punjab,2900.0,2600.0,586.6,419021.0,783.0,0.92375,10.572476485082888,-9.648726485082888,9.648726485082888
Other Kharif pulses,1998,Kharif     ,Goa,1200.0,324.0,2964.9,118560.0,348.0,0.27,-218.54804224578237,218.81804224578238,218.81804224578238
Peas & beans (Pulses),2002,Rabi       ,Nagaland,6800.0,5260.0,1536.6,643756.0,1700.0,0.82,-4.786339094845516,5.6063390948455165,5.6063390948455165
Groundnut,2002,Kharif     ,Nagaland,2000.0,2500.0,1536.6,189340.0,500.0,1.33875,-2.293027293584629,3.631777293584629,3.631777293584629
Other Kharif pulses,2018,Kharif     ,Arunachal Pradesh,2496.0,2321.0,2992.9,404851.2,873.6,0.951818182,2.064603097036752,-1.112784915036752,1.112784915036752
Banana,2008,Whole Year ,Andhra Pradesh,54100.0,1368488.0,944.6,7738464.0,4869.0,26.21611111,90.62945675967993,-64.41334564967993,64.41334564967993
Ragi,2017,Kharif     ,Nagaland,340.0,330.0,1722.1,53529.6,129.2,0.982857143,12.94572772723447,-11.96287058423447,11.96287058423447
Urad,2015,Summer     ,Karnataka,3911.0,1979.0,1024.9,617586.01,1290.63,0.485,-48.06311139090724,48.54811139090724,48.54811139090724
Groundnut,2007,Kharif     ,Jammu and Kashmir,3.0,2.0,1042.2,400.2,0.48,0.5,3.1725118655579934,-2.6725118655579934,2.6725118655579934
Rice,2010,Kharif     ,Arunachal Pradesh,121570.0,155993.0,2574.1,20193992.7,29176.8,1.219375,6.369700060844394,-5.150325060844394,5.150325060844394
Horse-gram,1997,Kharif     ,West Bengal,5645.0,2556.0,1852.9,537234.65,1749.95,0.438888889,77.98861882375346,-77.54972993475346,77.54972993475346
Jowar,2019,Kharif     ,Tripura,545.0,451.0,2252.8,93609.2,201.65,0.817142857,3.863064055464662,-3.045921198464662,3.045921198464662
Urad,2011,Rabi       ,Tripura,495.0,337.0,2295.609091,82922.4,163.35,0.6325,-12.765271924920768,13.397771924920768,13.397771924920768
Barley,2015,Rabi       ,Nagaland,530.0,540.0,1308.3,83692.3,174.9,1.01,2.5556017836007356,-1.5456017836007356,1.5456017836007356
Small millets,2000,Kharif     ,Madhya Pradesh,466911.0,76938.0,723.3,45836652.87,121396.86,0.207142857,-23.740363300100285,23.947506157100285,23.947506157100285
Groundnut,2018,Rabi       ,West Bengal,9748.0,18896.0,2012.6,1581125.6,3411.8,1.654375,105.84493678966044,-104.19056178966044,104.19056178966044
Dry chillies,2007,Kharif     ,Jammu and Kashmir,674.0,674.0,1042.2,89911.6,107.84,0.956363636,-33.00493022761961,33.96129386361961,33.96129386361961
Maize,2016,Rabi       ,Mizoram,298.0,468.0,2626.8,45668.5,104.3,1.73,-22.398372373534983,24.128372373534983,24.128372373534983
Ginger,2015,Kharif     ,Telangana,1822.0,11862.0,747.9,287712.02,601.26,5.5225,37.248763076370196,-31.726263076370195,31.726263076370195
Sweet potato,2007,Whole Year ,Haryana,65.0,1200.0,443.8,8671.0,10.4,12.7775,29.243189401272645,-16.465689401272645,16.465689401272645
Small millets,2005,Kharif     ,Andhra Pradesh,43674.0,26264.0,1075.5,5237386.08,9171.54,0.6,29.652127820548344,-29.052127820548343,29.052127820548343
Rice,1998,Autumn     ,Kerala,120217.0,235849.0,3151.5,11877439.6,34862.93,1.856923077,-108.7740047503309,110.63092782733091,110.63092782733091
Bajra,2010,Kharif     ,Bihar,4851.0,5424.0,629.2,805799.61,1164.24,0.995,-8.027876739096087,9.022876739096086,9.022876739096086
Turmeric,2003,Whole Year ,Assam,12249.0,8420.0,2213.7,1212406.02,2939.76,0.669130435,-46.180840694725674,46.849971129725674,46.849971129725674
Gram,2014,Rabi       ,West Bengal,26177.0,30844.0,1483.5,3951679.92,8638.41,1.147142857,98.35911776670193,-97.21197490970192,97.21197490970192
Sugarcane,2002,Whole Year ,Arunachal Pradesh,798.0,15284.0,2832.8,75546.66,199.5,16.57,50.729539472641534,-34.159539472641534,34.159539472641534
Rice,2016,Rabi       ,Telangana,939223.0,3570445.0,942.6,143935924.8,328728.05,3.585,62.6986402799124,-59.113640279912396,59.113640279912396
Sesamum,2002,Kharif     ,Madhya Pradesh,126268.0,29042.0,800.8,11953791.56,31567.0,0.279111111,-21.858804353614886,22.137915464614885,22.137915464614885
Ginger,2019,Whole Year ,Karnataka,22388.0,234176.0,1422.3,3845362.88,8283.56,10.60275862,18.251203786736397,-7.648445166736398,7.648445166736398
Sugarcane,2000,Whole Year ,Tripura,1040.0,54100.0,2437.5,102096.8,270.4,52.375,59.59456912209592,-7.219569122095919,7.219569122095919
Groundnut,1997,Kharif     ,Andhra Pradesh,1514000.0,734800.0,927.5,144087380.0,469340.0,0.71047619,22.6184943408269,-21.908018150826898,21.908018150826898
Castor seed,2004,Kharif     ,Chhattisgarh,137.0,50.0,1122.8,14842.58,28.77,0.34625,-78.99616469572118,79.34241469572117,79.34241469572117
Castor seed,2003,Kharif     ,Madhya Pradesh,1523.0,572.0,1163.0,150746.54,365.52,0.25,-13.814865347686407,14.064865347686407,14.064865347686407
Gram,2001,Rabi       ,Meghalaya,489.0,299.0,4241.0,49941.57,127.14,0.583333333,-12.336470352057205,12.919803685057206,12.919803685057206
Moong(Green Gram),2012,Kharif     ,Jammu and Kashmir,1561.0,836.0,1116.7,235398.8,483.91,0.639230769,-4.6348331513377445,5.274063920337745,5.274063920337745
Moong(Green Gram),2008,Kharif     ,Tripura,389.0,204.0,1827.8,55642.56,35.01,0.52,-17.26384407977946,17.78384407977946,17.78384407977946
Sunflower,2019,Kharif     ,Haryana,9050.0,16730.0,351.8,1554428.0,3348.5,1.7625,2.513204954781486,-0.7507049547814859,0.7507049547814859
Niger seed,2013,Kharif     ,Karnataka,14277.0,3125.0,1235.6,2062883.73,3854.79,0.2196,-25.949621113315004,26.169221113315004,26.169221113315004
Arhar/Tur,2008,Kharif     ,Andhra Pradesh,439248.0,199414.0,944.6,62830033.92,39532.32,0.530909091,37.18191136869436,-36.65100227769436,36.65100227769436
Potato,2002,Whole Year ,Himachal Pradesh,13941.0,136033.0,890.8,1319794.47,3485.25,10.06,39.11092566247221,-29.05092566247221,29.05092566247221
Urad,2003,Kharif     ,Karnataka,129237.0,32541.0,867.6,12791878.26,31016.88,0.224444444,-50.31695077301825,50.54139521701825,50.54139521701825
Other  Rabi pulses,2013,Rabi       ,Maharashtra,122300.0,55200.0,1409.8,17671127.0,33021.0,0.429615385,24.347985310622548,-23.918369925622546,23.918369925622546
Urad,2004,Rabi       ,Puducherry,1704.0,515.0,1434.5875,184611.36,357.84,0.543333333,68.67632574865355,-68.13299241565355,68.13299241565355
Onion,2019,Kharif     ,Puducherry,2.0,10.0,1317.0,343.52,0.74,5.0,88.75908344045419,-83.75908344045419,83.75908344045419
Groundnut,2006,Rabi       ,Andhra Pradesh,227602.0,409905.0,845.2,29067051.42,50072.44,1.98,35.54534789031031,-33.56534789031031,33.56534789031031
Rice,2007,Kharif     ,Arunachal Pradesh,124029.0,158146.0,3223.9,16545468.6,19844.64,1.225625,7.4141999151821665,-6.1885749151821665,6.1885749151821665
Bajra,2009,Kharif     ,Haryana,583809.0,930000.0,393.0,90969118.38,99247.53,1.601428571,-13.230721511878357,14.832150082878357,14.832150082878357
Potato,2008,Whole Year ,Gujarat,55800.0,1171400.0,746.1,7981632.0,5022.0,20.86636364,47.7273886030207,-26.8610249630207,26.8610249630207
Sesamum,2014,Kharif     ,Meghalaya,2220.0,2066.0,3484.4,335131.2,732.6,1.032,-14.479194557374285,15.511194557374285,15.511194557374285
Dry chillies,2009,Whole Year ,Gujarat,9000.0,8500.0,618.0,1402380.0,1530.0,0.970909091,20.77120808800484,-19.80029899700484,19.80029899700484
Wheat,2014,Summer     ,Odisha,403.0,658.0,1536.9,60836.88,132.99,1.440625,16.000295885541618,-14.559670885541617,14.559670885541617
Wheat,2011,Rabi       ,Chhattisgarh,104825.0,135121.0,1302.7,17560284.0,34592.25,1.512,-56.45260931080128,57.96460931080128,57.96460931080128
Onion,2009,Rabi       ,Andhra Pradesh,13608.0,333288.0,711.0,2120398.56,2313.36,25.09052632,29.574029174672177,-4.483502854672178,4.483502854672178
Other  Rabi pulses,1997,Rabi       ,Sikkim,2310.0,2650.0,2804.1,219842.7,716.1,1.1125,-1.6041747482824462,2.716674748282446,2.716674748282446
Moong(Green Gram),2001,Kharif     ,Gujarat,168400.0,76700.0,666.5,17198692.0,43784.0,0.505555556,-16.012880817532476,16.518436373532477,16.518436373532477
Maize,2002,Kharif     ,Andhra Pradesh,413659.0,912047.0,648.1,39161097.53,103414.75,1.491363636,32.66742881954127,-31.176065183541272,31.176065183541272
Other Cereals,2019,Rabi       ,Tamil Nadu,5392.0,7193.0,910.1,926129.92,1995.04,1.282,46.59020259847526,-45.30820259847526,45.30820259847526
Rice,2008,Autumn     ,Meghalaya,32570.0,41908.0,3114.3,4658812.8,2931.3,1.53,-9.031745104769414,10.561745104769413,10.561745104769413
Groundnut,2006,Autumn     ,Odisha,32928.0,28796.0,1716.9,4205234.88,7244.16,0.781666667,-4.700428595741613,5.482095262741613,5.482095262741613
Arhar/Tur,2009,Kharif     ,Gujarat,266600.0,241500.0,618.0,41541612.0,45322.0,0.879565217,1.8241845552930442,-0.9446193382930442,0.9446193382930442
Rice,2017,Winter     ,West Bengal,3992412.0,11010468.0,1830.0,628565345.3,1517116.56,2.684545455,98.76946202751691,-96.0849165725169,96.0849165725169
Groundnut,2013,Rabi       ,West Bengal,11969.0,21546.0,1939.9,1729400.81,3231.63,1.690833333,100.23365891670528,-98.54282558370528,98.54282558370528
Peas & beans (Pulses),1998,Rabi       ,Punjab,4300.0,4100.0,588.6,424840.0,1247.0,0.944444444,-4.517528640291033,5.461973084291033,5.461973084291033
Urad,2010,Kharif     ,Haryana,1387.0,700.0,639.2,230394.57,332.88,0.351,-7.836976368815925,8.187976368815924,8.187976368815924
Rice,1998,Kharif     ,Haryana,1086694.0,2432000.0,687.6,107365367.2,315141.26,2.286666667,2.4999254707771,-0.21325880377710016,0.21325880377710016
Masoor,2011,Rabi       ,West Bengal,59299.0,41695.0,1686.5,9933768.48,19568.67,0.73625,95.60190785390304,-94.86565785390304,94.86565785390304
Bajra,2009,Rabi       ,Andhra Pradesh,11938.0,9884.0,711.0,1860179.16,2029.46,1.296363636,28.65659455735444,-27.36023092135444,27.36023092135444
Potato,2007,Whole Year ,Manipur,1950.0,10200.0,1435.7,260130.0,312.0,5.191111111,38.20893002065431,-33.01781890965431,33.01781890965431
Soyabean,2005,Kharif     ,Maharashtra,2346800.0,2527300.0,1387.2,281428256.0,492828.0,1.144642857,-7.701028022702957,8.845670879702958,8.845670879702958
Gram,2007,Rabi       ,Andhra Pradesh,630000.0,912000.0,1004.2,84042000.0,100800.0,1.28,34.87476561038082,-33.59476561038082,33.59476561038082
Cashewnut,2016,Kharif     ,Andhra Pradesh,111894.0,48288.0,890.0,17147755.5,39162.9,0.445833333,39.75138991854894,-39.305556585548935,39.305556585548935
Castor seed,2013,Kharif     ,Haryana,700.0,700.0,452.2,101143.0,189.0,0.733333333,-4.11543054518765,4.84876387818765,4.84876387818765
Sugarcane,2007,Kharif     ,Himachal Pradesh,2697.0,58442.0,1095.4,359779.8,431.52,13.81285714,20.466060561680806,-6.653203421680805,6.653203421680805
Masoor,2005,Rabi       ,Uttarakhand,12972.0,6422.0,1353.3,1555602.24,2724.12,0.475384615,-5.737267987973922,6.212652602973923,6.212652602973923
Arhar/Tur,2013,Kharif     ,Uttarakhand,2330.0,1880.0,1735.4,336661.7,629.1,0.793076923,6.2914302977186765,-5.498353374718676,5.498353374718676
Tapioca,2013,Kharif     ,Mizoram,223.0,1790.0,1848.8,32221.27,60.21,10.674,-42.712200857942804,53.386200857942804,53.386200857942804
Garlic,2004,Whole Year ,Uttar Pradesh,32348.0,140083.0,704.0,3504582.32,6793.08,4.241764706,34.68281237110375,-30.441047665103753,30.441047665103753
Moong(Green Gram),2003,Kharif     ,Odisha,257261.0,60081.0,1648.2,25463693.78,61742.64,0.229333333,-6.002730032368163,6.2320633653681625,6.2320633653681625
Masoor,2012,Rabi       ,Jharkhand,10104.0,9830.0,1102.0,1523683.2,3132.24,0.975333333,2.455137235666257,-1.4798039026662568,1.4798039026662568
Ragi,2007,Kharif     ,West Bengal,13062.0,14955.0,2007.5,1742470.8,2089.92,0.722,96.50103275719667,-95.77903275719667,95.77903275719667
Urad,2004,Kharif     ,Madhya Pradesh,547073.0,193237.0,895.7,59269888.82,114885.33,0.346041667,-19.97921226611649,20.325253933116493,20.325253933116493
Ragi,2019,Kharif     ,Tamil Nadu,63650.0,190535.0,910.1,10932524.0,23550.5,2.928181818,54.043746513019016,-51.11556469501902,51.11556469501902
Other Kharif pulses,2012,Kharif     ,Manipur,1430.0,1479.0,1176.7,215644.0,443.3,1.032222222,1.0748483866406104,-0.04262616464061053,0.04262616464061053
Jute,2008,Kharif     ,Meghalaya,3951.0,34588.0,3114.3,565151.04,355.59,6.31,-1.473126101189706,7.783126101189706,7.783126101189706
Jowar,2001,Kharif     ,Tamil Nadu,317233.0,274842.0,481.3,32399006.29,82480.58,1.009583333,26.199622226853222,-25.190038893853224,25.190038893853224
Potato,2003,Whole Year ,Madhya Pradesh,46546.0,667656.0,1163.0,4607123.08,11171.04,13.33404255,37.809620532571444,-24.475577982571444,24.475577982571444
Sunflower,2007,Kharif     ,Nagaland,1000.0,970.0,1769.0,133400.0,160.0,0.9375,-4.3068390935172545,5.2443390935172545,5.2443390935172545
Rapeseed &Mustard,2007,Kharif     ,Karnataka,3957.0,1438.0,1323.3,527863.8,633.12,0.341875,-30.375806246059398,30.7176812460594,30.7176812460594
Urad,2015,Rabi       ,Andhra Pradesh,411586.0,379722.0,940.7,64993545.26,135823.38,0.8,32.9131311500681,-32.1131311500681,32.1131311500681
Small millets,2004,Rabi       ,Andhra Pradesh,515.0,257.0,781.8,55795.1,108.15,0.502,23.680650783331146,-23.178650783331147,23.178650783331147
Maize,2015,Summer     ,Uttar Pradesh,87544.0,161869.0,596.7,13824073.04,28889.52,1.851754386,11.273094339289912,-9.421339953289912,9.421339953289912
Castor seed,2015,Kharif     ,West Bengal,56.0,34.0,1717.0,8842.96,18.48,0.61,94.39512268459066,-93.78512268459066,93.78512268459066
Other Kharif pulses,2002,Kharif     ,Bihar,5913.0,3268.0,1105.8,559783.71,1478.25,0.575294118,-0.9923323955416663,1.5676265135416663,1.5676265135416663
Bajra,2003,Summer     ,Gujarat,170500.0,365500.0,902.5,16876090.0,40920.0,2.178947368,-21.498935856508638,23.677883224508637,23.677883224508637
Sesamum,2017,Kharif     ,Andhra Pradesh,13457.0,2960.0,868.2,2118670.08,5113.66,0.222307692,38.0157472208509,-37.7934395288509,37.7934395288509
Cotton(lint),2011,Kharif     ,Gujarat,3003100.0,10374600.0,890.5,503079312.0,991023.0,3.286521739,-10.165447688399723,13.451969427399723,13.451969427399723
Safflower,2017,Rabi       ,Jharkhand,2005.0,1112.0,1165.7,315667.2,761.9,0.537692308,0.5014446129437715,0.03624769505622849,0.03624769505622849
Potato,2009,Rabi       ,Himachal Pradesh,3406.0,23611.0,969.9,530722.92,579.02,4.67,-7.125573936679956,11.795573936679956,11.795573936679956
Peas & beans (Pulses),2010,Rabi       ,Madhya Pradesh,247181.0,66496.0,856.3,41059235.91,59323.44,0.312708333,-2.74620464144823,3.05891297444823,3.05891297444823
Cashewnut,2017,Whole Year ,Kerala,39720.0,25629.0,2664.8,6253516.8,15093.6,0.33,-52.319160869893864,52.64916086989386,52.64916086989386
Dry chillies,2002,Whole Year ,Puducherry,14.0,36.0,1434.5875,1325.38,3.5,2.57,96.16320292881028,-93.59320292881029,93.59320292881029
Banana,2000,Whole Year ,Meghalaya,5377.0,64100.0,6258.8,527860.09,1398.02,11.36285714,51.07108549426944,-39.70822835426944,39.70822835426944
Sugarcane,2004,Whole Year ,Madhya Pradesh,41925.0,1794420.0,895.7,4542154.5,8804.25,30.82,62.43112076731609,-31.611120767316088,31.611120767316088
Ginger,2012,Kharif     ,Manipur,2476.0,29217.0,1176.7,373380.8,767.56,11.8,-15.021174539153776,26.821174539153777,26.821174539153777
Cowpea(Lobia),2017,Kharif     ,Mizoram,1024.7,1887.0,3865.8,161328.768,389.386,1.50125,-16.1116119154878,17.612861915487798,17.612861915487798
Arhar/Tur,2016,Kharif     ,Assam,5721.0,4910.0,2296.8,876743.25,2002.35,0.845925926,-52.846801201411296,53.692727127411295,53.692727127411295
Castor seed,2013,Kharif     ,Maharashtra,13800.0,5100.0,1409.8,1993962.0,3726.0,0.346521739,8.72623400624019,-8.37971226724019,8.37971226724019
Horse-gram,2011,Rabi       ,Madhya Pradesh,126.0,31.0,852.6,21107.52,41.58,0.2375,-9.783232176115888,10.020732176115889,10.020732176115889
Jowar,2013,Whole Year ,Chhattisgarh,5153.0,3320.0,1418.3,744556.97,1391.31,0.64173913,-13.676876725641876,14.318615855641875,14.318615855641875
Groundnut,2010,Rabi       ,Goa,2424.0,6897.0,4193.3,402650.64,581.76,2.425,-203.22462229778847,205.64962229778848,205.64962229778848
Groundnut,2008,Summer     ,Odisha,49116.0,62791.0,1539.0,7025552.64,4420.44,1.197586207,1.2350843210058144,-0.037498114005814376,0.037498114005814376
Ginger,2015,Whole Year ,Chhattisgarh,1970.0,2392.0,1136.0,311082.7,650.1,1.194736842,-21.614624422105038,22.80936126410504,22.80936126410504
Safflower,1999,Rabi       ,Odisha,2400.0,1150.0,1484.3,254712.0,648.0,0.374,-7.670776938155001,8.044776938155001,8.044776938155001
Cowpea(Lobia),2012,Rabi       ,Mizoram,130.0,149.0,2050.2,19604.0,40.3,1.11,-36.34844806114191,37.45844806114191,37.45844806114191
Mesta,2018,Kharif     ,West Bengal,10751.0,130963.0,2012.6,1743812.2,3762.85,10.75538462,107.02153538806357,-96.26615076806357,96.26615076806357
Jowar,1997,Kharif     ,Andhra Pradesh,309300.0,227700.0,927.5,29436081.0,95883.0,0.668095238,23.531656426269976,-22.863561188269976,22.863561188269976
Gram,2003,Rabi       ,Karnataka,509534.0,171096.0,867.6,50433675.32,122288.16,0.32,-44.248857233713295,44.568857233713295,44.568857233713295
Other Kharif pulses,2016,Kharif     ,Kerala,1562.0,1433.0,2924.3,239376.5,546.7,1.104545455,-89.96847455058204,91.07302000558204,91.07302000558204
Coriander,2013,Rabi       ,Himachal Pradesh,144.0,43.0,1216.9,20806.56,38.88,0.294285714,-35.79019682582273,36.08448253982273,36.08448253982273
Bajra,2008,Kharif     ,West Bengal,75.0,26.0,1560.1,10728.0,6.75,0.35,85.52189485000932,-85.17189485000932,85.17189485000932
Bajra,2006,Whole Year ,Chhattisgarh,307.0,12394.0,1317.2,39206.97,67.54,33.11285714,-25.694064828269177,58.80692196826918,58.80692196826918
Rice,2019,Kharif     ,Sikkim,8685.0,16137.0,2740.0,1491735.6,3213.45,1.8225,31.604518323100166,-29.782018323100164,29.782018323100164
Sesamum,2006,Rabi       ,Meghalaya,1635.0,876.0,2454.7,208805.85,359.7,0.58,-32.68174668579044,33.26174668579044,33.26174668579044
Groundnut,2010,Kharif     ,Maharashtra,275200.0,345500.0,1389.0,45713472.0,66048.0,0.9456,13.735952819344163,-12.790352819344163,12.790352819344163
Ginger,2007,Kharif     ,West Bengal,10867.0,23137.0,2007.5,1449657.8,1738.72,1.799444444,83.38036751202262,-81.58092306802261,81.58092306802261
Garlic,2004,Whole Year ,Uttarakhand,1849.0,16770.0,1219.6,200320.66,388.29,9.342727273,18.736256090302618,-9.393528817302618,9.393528817302618
Castor seed,2001,Kharif     ,Assam,1636.0,671.0,1824.7,167084.68,425.36,0.42952381,-78.35839262261061,78.78791643261061,78.78791643261061
Small millets,2001,Kharif     ,Chhattisgarh,279037.0,69178.0,1550.0,28498048.81,72549.62,0.239375,-82.11548928822282,82.35486428822281,82.35486428822281
Urad,2001,Kharif     ,Bihar,31963.0,21497.0,1247.0,3264381.19,8310.38,0.666333333,-14.57325709503263,15.239590428032631,15.239590428032631
other oilseeds,2019,Summer     ,Maharashtra,1276.0,686.0,1555.8,219165.76,472.12,0.3625,12.84620286913605,-12.48370286913605,12.48370286913605
Safflower,2002,Rabi       ,Madhya Pradesh,280.0,47.0,800.8,26507.6,70.0,0.215555556,-18.896087667394966,19.111643223394967,19.111643223394967
Other Kharif pulses,2019,Kharif     ,Tamil Nadu,32430.0,27665.0,910.1,5570176.8,11999.1,0.746153846,57.18007110406057,-56.433917258060575,56.433917258060575
Linseed,1999,Rabi       ,Madhya Pradesh,326992.0,116921.0,1222.9,34703660.96,88287.84,0.425689655,-13.42410823120261,13.849797886202609,13.849797886202609
Other  Rabi pulses,1998,Rabi       ,Andhra Pradesh,3500.0,600.0,1048.3,345800.0,1015.0,0.145,39.92262774353631,-39.77762774353631,39.77762774353631
Dry chillies,2004,Whole Year ,Arunachal Pradesh,2012.0,2640.0,2939.5,217980.08,422.52,1.81125,0.27609134159300197,1.535158658406998,1.535158658406998
Potato,2019,Rabi       ,Telangana,994.0,12455.0,1031.7,170729.44,367.78,12.98,45.852444931267655,-32.87244493126765,32.87244493126765
Mesta,2014,Kharif     ,Bihar,16370.0,218409.0,1061.0,2471215.2,5402.1,13.15894737,7.176281634595227,5.9826657354047725,5.9826657354047725
Dry chillies,2003,Whole Year ,Assam,14808.0,9688.0,2213.7,1465695.84,3553.92,0.633913043,-49.527671054631156,50.161584097631156,50.161584097631156
Urad,2013,Kharif     ,Punjab,2200.0,1050.0,586.6,317878.0,594.0,0.464,1.6079293941931212,-1.1439293941931212,1.1439293941931212
Arhar/Tur,2016,Kharif     ,Tamil Nadu,56560.0,37053.0,912.4,8667820.0,19796.0,0.591034483,49.64479193980179,-49.05375745680179,49.05375745680179
Sesamum,2009,Kharif     ,Karnataka,76280.0,31039.0,1321.0,11885949.6,12967.6,0.437307692,-42.90948053298865,43.34678822498865,43.34678822498865
Other Kharif pulses,1997,Kharif     ,Andhra Pradesh,7300.0,1400.0,927.5,694741.0,2263.0,0.218571429,33.2717301888473,-33.0531587598473,33.0531587598473
Maize,2014,Kharif     ,Karnataka,1210336.0,3788289.0,1238.5,182712322.6,399410.88,3.134642857,-30.904672626649983,34.039315483649986,34.039315483649986
Tobacco,2000,Whole Year ,Odisha,3380.0,1560.0,1066.0,331814.6,878.8,0.454166667,20.483689287786092,-20.029522620786093,20.029522620786093
Banana,2013,Whole Year ,Tamil Nadu,92463.0,3840375.0,740.9,13359978.87,24965.01,42.13096774,95.46751343354038,-53.33654569354037,53.33654569354037
Dry chillies,2009,Rabi       ,Puducherry,1.0,1.0,1434.5875,155.82,0.17,1.0,49.32738755933566,-48.32738755933566,48.32738755933566
Other Cereals,2009,Kharif     ,Jammu and Kashmir,3329.0,1237.0,751.7,518724.78,565.93,0.40625,-2.4814210877133576,2.8876710877133576,2.8876710877133576
Sweet potato,2000,Whole Year ,Andhra Pradesh,1938.0,25467.0,935.6,190253.46,503.88,13.93277778,64.52579232322746,-50.59301454322746,50.59301454322746
Rice,2015,Autumn     ,West Bengal,235970.0,612966.0,1717.0,37262022.7,77870.1,2.48,103.36973607930011,-100.8897360793001,100.8897360793001
Banana,2018,Whole Year ,Madhya Pradesh,26541.39,1853026.0,1102.2,4305013.458,9289.4865,48.04833333,58.711143790684645,-10.662810460684646,10.662810460684646
Sesamum,2017,Whole Year ,Kerala,239.104,90.0,2664.8,37644.53376,90.85952,0.924,-55.263923254182146,56.187923254182145,56.187923254182145
Maize,1997,Autumn     ,Odisha,51349.0,63331.0,1496.6,4886884.33,15918.19,0.812,-15.007741461956442,15.819741461956442,15.819741461956442
Sweet potato,1998,Whole Year ,Kerala,1099.0,11924.0,3151.5,108581.2,318.71,11.718,-78.81635214452388,90.53435214452388,90.53435214452388
Moong(Green Gram),2013,Kharif     ,Himachal Pradesh,300.0,142.0,1216.9,43347.0,81.0,0.484285714,-2.9927321796971,3.4770178936971,3.4770178936971
Rapeseed &Mustard,2015,Rabi       ,West Bengal,457832.0,490219.0,1717.0,72296251.12,151084.56,0.887222222,98.74280731870019,-97.85558509670018,97.85558509670018
Potato,2018,Rabi       ,Bihar,84227.0,1076879.0,1521.4,13661619.4,29479.45,13.51289474,4.077126369172447,9.435768370827553,9.435768370827553
Niger seed,2010,Kharif     ,Chhattisgarh,69408.0,12024.0,1283.1,11529362.88,16657.92,0.186,-63.09444376254871,63.28044376254871,63.28044376254871
Groundnut,2007,Summer     ,Maharashtra,90100.0,139900.0,1257.2,12019340.0,14416.0,1.509032258,-0.983093711078709,2.492125969078709,2.492125969078709
Moong(Green Gram),2018,Summer     ,Karnataka,246.0,66.0,1419.1,39901.2,86.1,0.261666667,-44.11706127557696,44.37872794257696,44.37872794257696
Urad,2010,Autumn     ,Odisha,35912.0,8515.0,1291.9,5965342.32,8618.88,0.230909091,-15.063832076686566,15.294741167686567,15.294741167686567
Cotton(lint),2006,Kharif     ,Andhra Pradesh,971806.0,2181944.0,845.2,124109344.3,213797.32,2.080952381,31.326136061943913,-29.245183680943914,29.245183680943914
Jute,2016,Kharif     ,Bihar,91380.0,1355875.0,1205.6,14003985.0,31983.0,16.25875,19.56843954510191,-3.309689545101911,3.309689545101911
Potato,2009,Whole Year ,Arunachal Pradesh,4235.0,36449.0,1701.9,659897.7,719.95,7.4525,25.01485761944957,-17.56235761944957,17.56235761944957
Rapeseed &Mustard,2013,Rabi       ,West Bengal,448591.0,478084.0,1939.9,64816913.59,121119.57,0.993888889,97.97463965640992,-96.98075076740992,96.98075076740992
Tobacco,2017,Kharif     ,Andhra Pradesh,33229.0,359587.0,868.2,5231573.76,12627.02,8.184444444,19.19075576717097,-11.00631132317097,11.00631132317097
Wheat,2000,Rabi       ,Karnataka,266310.0,249880.0,1213.3,26143652.7,69240.6,0.93375,-35.36573681358266,36.29948681358266,36.29948681358266
Potato,2000,Whole Year ,Karnataka,38298.0,452462.0,1213.3,3759714.66,9957.48,11.70933333,3.258267812284231,8.451065517715769,8.451065517715769
Safflower,1999,Rabi       ,West Bengal,60.0,19.0,2318.1,6367.8,16.2,0.542,80.21092711982837,-79.66892711982837,79.66892711982837
Groundnut,2003,Kharif     ,Goa,325.0,363.0,3011.6,32168.5,78.0,1.12,-214.73729774266616,215.85729774266616,215.85729774266616
Gram,2012,Rabi       ,Himachal Pradesh,450.0,422.0,1035.0,67860.0,139.5,0.95,5.022375586269419,-4.072375586269419,4.072375586269419
Sannhamp,2015,Kharif     ,Uttar Pradesh,1992.0,568.0,596.7,314556.72,657.36,0.280714286,-6.4749528525800315,6.755667138580032,6.755667138580032
Linseed,2012,Rabi       ,West Bengal,3841.0,1344.0,1566.0,579222.8,1190.71,0.357142857,96.42906548627693,-96.07192262927693,96.07192262927693
Sugarcane,2004,Whole Year ,Andhra Pradesh,209536.0,15739172.0,781.8,22701130.24,44002.56,77.12619048,101.56607177552532,-24.43988129552531,24.43988129552531
Sesamum,2009,Kharif     ,Uttar Pradesh,331799.0,34504.0,585.8,51700920.18,56405.83,0.118360656,1.1144841670922006,-0.9961235110922005,0.9961235110922005
Coriander,2014,Whole Year ,Telangana,1597.0,382.0,746.4,241083.12,527.01,0.241428571,58.48930022479142,-58.24787165379142,58.24787165379142
Ragi,2010,Kharif     ,Karnataka,733345.0,1409869.0,1317.7,121815937.9,176002.8,1.627,-33.64547046786873,35.272470467868736,35.272470467868736
Turmeric,2018,Kharif     ,Himachal Pradesh,274.0,170.0,1052.2,44442.8,95.9,0.688888889,-18.385101072570905,19.073989961570906,19.073989961570906
Ragi,2006,Summer     ,Odisha,274.0,202.0,1716.9,34992.54,60.28,0.59,-0.6318603973341794,1.2218603973341793,1.2218603973341793
Cashewnut,2011,Whole Year ,Andhra Pradesh,137898.0,38894.0,861.9,23100672.96,45506.34,0.351538462,84.98835644308127,-84.63681798108128,84.63681798108128
Other  Rabi pulses,2011,Rabi       ,Meghalaya,890.0,642.0,4083.104545,149092.8,293.7,0.71,6.489079171371003,-5.779079171371003,5.779079171371003
Groundnut,2016,Kharif     ,Nagaland,930.0,960.0,1959.8,142522.5,325.5,1.02,14.798440892853648,-13.778440892853649,13.778440892853649
Sugarcane,1997,Rabi       ,Arunachal Pradesh,681.0,15806.0,2274.9,64810.77,211.11,20.80111111,-12.016930568872567,32.81804167887257,32.81804167887257
Dry chillies,2010,Whole Year ,Madhya Pradesh,54136.0,131713.0,856.3,8992530.96,12992.64,1.942244898,15.363152022544057,-13.420907124544057,13.420907124544057
Mesta,2003,Kharif     ,Bihar,20011.0,138908.0,1353.9,1980688.78,4802.64,6.455714286,-2.2061861904392117,8.661900476439211,8.661900476439211
Onion,2003,Whole Year ,Gujarat,49100.0,1474600.0,902.5,4859918.0,11784.0,31.65611111,42.61089710061488,-10.954785990614877,10.954785990614877
Niger seed,2001,Kharif     ,West Bengal,6362.0,3229.0,1556.6,649751.06,1654.12,0.466666667,88.111886797371,-87.645220130371,87.645220130371
Rice,2019,Summer     ,Odisha,292610.0,932910.0,1593.9,50258693.6,108265.7,2.796896552,29.154125596032557,-26.357229044032557,26.357229044032557
Sesamum,2015,Rabi       ,Meghalaya,2234.0,2163.0,3870.8,352770.94,737.22,1.060909091,-14.2650889443984,15.325998035398399,15.325998035398399
Wheat,2000,Rabi       ,Madhya Pradesh,3299120.0,4861992.0,723.3,323874610.4,857771.2,1.499333333,-26.355490898020378,27.854824231020377,27.854824231020377
Horse-gram,2010,Kharif     ,Andhra Pradesh,6234.0,2985.0,1297.0,1035529.74,1496.16,0.4775,38.710448553673444,-38.232948553673445,38.232948553673445
Gram,2016,Rabi       ,Tamil Nadu,5227.0,3393.0,912.4,801037.75,1829.45,0.58,49.46711676770116,-48.88711676770116,48.88711676770116
Arhar/Tur,2005,Kharif     ,Tamil Nadu,37769.0,20400.0,1364.1,4529258.48,7931.49,0.6375,41.377652102086174,-40.74015210208617,40.74015210208617
Arecanut,2013,Whole Year ,Kerala,100008.0,100018.0,3255.4,14450155.92,27002.16,0.805,-62.12254618234448,62.92754618234448,62.92754618234448
Rice,2012,Rabi       ,Mizoram,306.0,589.0,2050.2,46144.8,94.86,2.3525,-13.109682971217353,15.462182971217352,15.462182971217352
Gram,2006,Rabi       ,Haryana,107656.0,90000.0,329.3,13748747.76,23684.32,0.475,-6.120487319164454,6.595487319164453,6.595487319164453
Linseed,1999,Rabi       ,Punjab,300.0,300.0,364.4,31839.0,81.0,1.0,-6.188095465972367,7.188095465972367,7.188095465972367
Sesamum,2005,Kharif     ,Puducherry,132.0,85.0,1434.5875,15829.44,27.72,0.356666667,71.02170402566365,-70.66503735866365,70.66503735866365
Masoor,2017,Rabi       ,Nagaland,2140.0,1760.0,1722.1,336921.6,813.2,0.823333333,10.261873317205158,-9.438539984205157,9.438539984205157
Maize,2016,Rabi       ,Maharashtra,344895.0,1084699.0,1151.1,52855158.75,120713.25,2.637857143,15.141803015358619,-12.503945872358619,12.503945872358619
Ginger,2002,Whole Year ,Kerala,8998.0,32412.0,2511.2,851840.66,2249.5,2.951428571,-72.44478272732175,75.39621129832175,75.39621129832175
Sunflower,2008,Kharif     ,Karnataka,441753.0,196320.0,1164.1,63188349.12,39757.77,0.4992,-42.57891176477145,43.07811176477145,43.07811176477145
Mesta,2011,Whole Year ,Karnataka,825.0,1028.0,1178.986364,138204.0,272.25,1.202857143,20.9759244384729,-19.773067295472902,19.773067295472902
Ragi,2018,Kharif     ,Tamil Nadu,56917.0,178988.0,986.2,9231937.4,19920.95,3.1396,53.53933932642698,-50.39973932642698,50.39973932642698
Turmeric,2004,Whole Year ,Assam,11697.0,8401.0,2536.9,1267252.98,2456.37,0.722173913,-43.05447029401262,43.776644207012616,43.776644207012616
Castor seed,2008,Kharif     ,Chhattisgarh,39.0,12.0,1117.9,5578.56,3.51,0.218333333,-74.9323542683918,75.15068760139181,75.15068760139181
Maize,2019,Kharif     ,Tripura,12485.0,17757.0,2252.8,2144423.6,4619.45,1.42,10.538216333997696,-9.118216333997696,9.118216333997696
Rapeseed &Mustard,2011,Rabi       ,Chhattisgarh,49166.0,21830.0,1302.7,8236288.32,16224.78,0.471111111,-64.02638106436058,64.49749217536058,64.49749217536058
Dry chillies,1998,Autumn     ,Manipur,2000.0,1200.0,1855.0,197600.0,580.0,0.608,-63.69528475955158,64.30328475955159,64.30328475955159
Urad,2012,Kharif     ,Puducherry,4.0,4.0,1098.3,603.2,1.24,1.0,78.01296714940916,-77.01296714940916,77.01296714940916
Rapeseed &Mustard,2009,Rabi       ,Maharashtra,5800.0,2240.0,1002.4,903756.0,986.0,0.493,8.926129205432744,-8.433129205432744,8.433129205432744
Sesamum,2001,Kharif     ,Chhattisgarh,23601.0,5711.0,1550.0,2410370.13,6136.26,0.246875,-83.30897310983977,83.55584810983977,83.55584810983977
Masoor,2012,Rabi       ,Manipur,624.0,514.0,1176.7,94099.2,193.44,0.816666667,-4.546491455914122,5.363158122914122,5.363158122914122
Horse-gram,2016,Kharif     ,Chhattisgarh,39873.0,15245.0,1298.9,6110537.25,13955.55,0.405217391,-64.6073905862406,65.01260797724059,65.01260797724059
Sugarcane,2018,Winter     ,Odisha,6778.0,417672.0,1635.9,1099391.6,2372.3,57.58454545,37.46592767180155,20.11861777819845,20.11861777819845
Rice,2011,Winter     ,Kerala,92734.9,248114.0,3035.1,15534950.45,30602.517,2.426428571,-82.70822811641375,85.13465668741375,85.13465668741375
Guar seed,2018,Kharif     ,Punjab,20400.0,16900.0,585.5,3308880.0,7140.0,1.086666667,-16.833813553368714,17.920480220368713,17.920480220368713
Potato,2005,Whole Year ,Andhra Pradesh,3275.0,29564.0,1075.5,392738.0,687.75,8.895,83.01704134986494,-74.12204134986494,74.12204134986494
Sweet potato,2005,Whole Year ,Kerala,711.0,9013.0,3030.9,85263.12,149.31,11.48692308,-72.43140207922727,83.91832515922727,83.91832515922727
other oilseeds,2015,Rabi       ,Uttarakhand,627.0,315.0,1247.6,99009.57,206.91,0.568,3.564257723453693,-2.996257723453693,2.996257723453693
Gram,2014,Rabi       ,Tripura,161.0,131.0,2015.7,24304.56,53.13,0.853333333,0.3240029371447406,0.5293303958552594,0.5293303958552594
Gram,2000,Rabi       ,Jammu and Kashmir,398.0,107.0,989.5,39071.66,103.48,0.335,-7.51840152214362,7.85340152214362,7.85340152214362
Other Kharif pulses,2000,Kharif     ,Mizoram,1610.0,2554.0,2834.3,158053.7,418.6,1.4075,-32.94018644141582,34.34768644141582,34.34768644141582
Khesari,2005,Rabi       ,Bihar,99047.0,78799.0,907.8,11877716.24,20799.87,0.734473684,-16.445632589202205,17.180106273202206,17.180106273202206
Sugarcane,2012,Whole Year ,Goa,854.0,46055.0,3048.9,128783.2,264.74,47.765,-137.59475384394784,185.35975384394783,185.35975384394783
Niger seed,2002,Kharif     ,Andhra Pradesh,14919.0,5743.0,648.1,1412381.73,3729.75,0.38,34.205188101632146,-33.82518810163214,33.82518810163214
Potato,2010,Kharif     ,Uttarakhand,7578.0,72287.0,1419.0,1258781.58,1818.72,8.47,-4.643139421166893,13.113139421166894,13.113139421166894
Ragi,2010,Rabi       ,Puducherry,1.0,2.0,1434.5875,166.11,0.24,2.0,85.18926364899616,-83.18926364899616,83.18926364899616
Horse-gram,2001,Rabi       ,West Bengal,3681.0,3167.0,1556.6,375940.53,957.06,0.651111111,76.84682080009557,-76.19570968909557,76.19570968909557
Other Kharif pulses,2014,Kharif     ,Telangana,146.0,75.0,746.4,22040.16,48.18,0.603333333,52.31175844044472,-51.70842510744472,51.70842510744472
Wheat,2009,Rabi       ,Chhattisgarh,109163.0,118923.0,956.9,17009778.66,18557.71,1.301764706,-60.89568012810278,62.19744483410278,62.19744483410278
Urad,2012,Whole Year ,Kerala,265.0,0.0,2187.6,39962.0,82.15,0.0,-61.47481288772062,61.47481288772062,61.47481288772062
Castor seed,2016,Rabi       ,Telangana,466.0,272.0,942.6,71414.5,163.1,0.521666667,40.86257445825703,-40.34090779125703,40.34090779125703
Tapioca,2013,Whole Year ,Tamil Nadu,83526.0,2499280.0,740.9,12068671.74,22552.02,32.50806452,83.18511831549758,-50.67705379549758,50.67705379549758
Barley,2002,Rabi       ,Uttar Pradesh,242586.0,556740.0,664.0,22965616.62,60646.5,2.107536232,1.7062075398432057,0.40132869215679445,0.40132869215679445
Jute,2007,Kharif     ,Tripura,458.0,3735.0,2831.8,61097.2,73.28,8.145,9.511172008506009,-1.366172008506009,1.366172008506009
Ginger,2010,Kharif     ,Jammu and Kashmir,25.0,32.0,1352.0,4152.75,6.0,1.346666667,-6.211326941816679,7.5579936088166795,7.5579936088166795
Moong(Green Gram),2003,Rabi       ,Puducherry,1299.0,388.0,1434.5875,128575.02,311.76,0.483333333,65.94774319577564,-65.46440986277564,65.46440986277564
Guar seed,2006,Whole Year ,Gujarat,204700.0,82800.0,1056.2,26142237.0,45034.0,0.445454545,20.320217018454628,-19.874762473454627,19.874762473454627
Maize,2003,Kharif     ,Sikkim,36700.0,57050.0,2838.1,3632566.0,8808.0,1.5375,-1.4668617202341352,3.0043617202341353,3.0043617202341353
Maize,2018,Whole Year ,Kerala,104.326,145.0,2989.7,16921.6772,36.5141,4.508,-37.984109141241106,42.49210914124111,42.49210914124111
Moong(Green Gram),2018,Summer     ,Bihar,160470.0,113163.0,1521.4,26028234.0,56164.5,0.767368421,-9.610417501508493,10.377785922508494,10.377785922508494
Other Kharif pulses,2015,Kharif     ,Uttarakhand,12297.0,12055.0,1247.6,1941819.27,4058.01,0.969166667,9.455643517039618,-8.486476850039619,8.486476850039619
Coconut ,2006,Whole Year ,Goa,25468.0,126680000.0,2928.8,3252518.28,5602.96,4974.045,8723.318680895225,-3749.273680895225,3749.273680895225
Cashewnut,1999,Whole Year ,Kerala,89403.0,65547.0,2914.6,9488340.39,24138.81,0.491428571,-69.47650806635986,69.96793663735986,69.96793663735986
Tobacco,1999,Whole Year ,Assam,1373.0,695.0,2201.8,145716.49,370.71,0.573913043,-49.80799689912203,50.38190994212203,50.38190994212203
Arhar/Tur,2011,Kharif     ,Maharashtra,1233100.0,870900.0,1174.095455,206568912.0,406923.0,0.639375,5.613061845786007,-4.973686845786006,4.973686845786006
Cowpea(Lobia),2011,Rabi       ,Mizoram,227.0,283.0,2439.340909,38027.04,74.91,1.13,-34.843278127316154,35.973278127316156,35.973278127316156
Moong(Green Gram),2000,Kharif     ,Odisha,147440.0,29290.0,1066.0,14474184.8,38334.4,0.21,-12.134040333264437,12.344040333264438,12.344040333264438
Mesta,2012,Kharif     ,Tripura,641.0,5077.0,1882.2,96662.8,198.71,7.9475,-1.535590554535247,9.483090554535247,9.483090554535247
Potato,2015,Rabi       ,Mizoram,350.0,2894.0,2310.8,55268.5,115.5,6.275,-34.40473182687262,40.67973182687262,40.67973182687262
Barley,1997,Rabi       ,Haryana,42000.0,116000.0,661.2,3997140.0,13020.0,2.596666667,-16.555169485283216,19.151836152283217,19.151836152283217
Linseed,2015,Kharif     ,Andhra Pradesh,259.0,125.0,940.7,40898.69,85.47,0.64,49.807504224461994,-49.16750422446199,49.16750422446199
Ginger,2002,Whole Year ,Arunachal Pradesh,4448.0,32332.0,2832.8,421092.16,1112.0,6.605714286,19.219045904400105,-12.613331618400103,12.613331618400103
Arecanut,2003,Whole Year ,Tamil Nadu,5219.0,0.0,345.6,516576.62,1252.56,0.0,66.62735842525419,-66.62735842525419,66.62735842525419
Groundnut,1998,Kharif     ,Himachal Pradesh,282.0,286.0,1381.6,27861.6,81.78,0.714285714,-3.8769500054077923,4.591235719407792,4.591235719407792
Sugarcane,2005,Whole Year ,Gujarat,213200.0,17786000.0,942.4,25566944.0,44772.0,75.31714286,67.62752929576301,7.689613564236993,7.689613564236993
Garlic,2014,Whole Year ,Kerala,75.0,625.0,3046.4,11322.0,24.75,8.33,-70.54381989530395,78.87381989530395,78.87381989530395
Sunflower,2008,Summer     ,Maharashtra,5800.0,5400.0,1052.8,829632.0,522.0,1.05,-9.35157922725648,10.40157922725648,10.40157922725648
Sweet potato,2006,Whole Year ,Madhya Pradesh,4070.0,22633.0,1072.3,519779.7,895.4,5.947173913,28.199217973816673,-22.252044060816672,22.252044060816672
Arhar/Tur,2010,Kharif     ,Tripura,1207.0,923.0,2348.3,200494.77,289.68,0.765,-1.160977933753344,1.925977933753344,1.925977933753344
Safflower,2018,Rabi       ,Telangana,2552.0,1543.0,1350.3,413934.4,893.2,0.749,47.15919089052743,-46.410190890527424,46.410190890527424
Urad,2006,Kharif     ,West Bengal,53388.0,34664.0,1631.4,6818181.48,11745.36,0.56,82.41968630155557,-81.85968630155557,81.85968630155557
Urad,2010,Kharif     ,Gujarat,102100.0,68700.0,1107.5,16959831.0,24504.0,0.672307692,-1.7852065616519894,2.4575142536519894,2.4575142536519894
Small millets,2012,Autumn     ,West Bengal,1057.0,763.0,1566.0,159395.6,327.67,0.656666667,72.20373277127064,-71.54706610427064,71.54706610427064
Tapioca,2005,Whole Year ,Andhra Pradesh,15281.0,125986.0,1075.5,1832497.52,3209.01,7.2075,76.34424322147635,-69.13674322147635,69.13674322147635
Small millets,2018,Kharif     ,Karnataka,19229.0,16105.0,1419.1,3118943.8,6730.15,0.852142857,-29.868609157279053,30.720752014279054,30.720752014279054
Maize,2017,Kharif     ,Sikkim,38458.0,67968.0,2873.6,6054827.52,14614.04,1.7325,13.134190195103542,-11.401690195103543,11.401690195103543
Rice,2011,Kharif     ,Haryana,1234094.0,3574300.0,471.5409091,206735426.9,407251.02,2.63047619,14.181739732398029,-11.55126354239803,11.55126354239803
Sugarcane,2019,Whole Year ,Maharashtra,822407.0,69312919.0,1555.8,141256626.3,304290.59,69.62148148,77.47737352197154,-7.8558920419715434,7.8558920419715434
Ginger,2018,Kharif     ,Jammu and Kashmir,27.0,54.0,1016.3,4379.4,9.45,1.983333333,-0.20331410954580065,2.1866474425458007,2.1866474425458007
Black pepper,2009,Whole Year ,Tamil Nadu,2790.0,643.0,928.5,434737.8,474.3,0.153846154,98.23404286065028,-98.08019670665027,98.08019670665027
Onion,2007,Rabi       ,Puducherry,3.0,25.0,1434.5875,400.2,0.48,8.33,73.91699917849606,-65.58699917849606,65.58699917849606
Banana,2006,Kharif     ,Meghalaya,6422.0,72367.0,2454.7,820153.62,1412.84,10.31714286,-18.202686928445075,28.519829788445076,28.519829788445076
Soyabean,2005,Kharif     ,Karnataka,133445.0,74802.0,1316.2,16002724.4,28023.45,0.556666667,-36.1485291007524,36.7051957677524,36.7051957677524
Soyabean,2001,Kharif     ,Madhya Pradesh,4435868.0,3726129.0,955.0,453035198.8,1153325.68,0.862222222,-38.0166799817886,38.8789022037886,38.8789022037886
Sugarcane,1999,Whole Year ,Manipur,650.0,21230.0,2092.7,68984.5,175.5,32.7475,59.80061091051641,-27.05311091051641,27.05311091051641
Sweet potato,2007,Whole Year ,Chhattisgarh,2671.0,15681.0,1246.2,356311.4,427.36,5.865,-35.59027975532615,41.45527975532615,41.45527975532615
Sesamum,2008,Kharif     ,Nagaland,4800.0,2880.0,1540.9,686592.0,432.0,0.575454545,-9.848023404375283,10.423477949375282,10.423477949375282
Urad,2015,Kharif     ,Uttarakhand,11940.0,7876.0,1247.6,1885445.4,3940.2,0.832307692,-3.852387550621984,4.6846952426219834,4.6846952426219834
Other Kharif pulses,2013,Kharif     ,Tripura,1763.0,1233.0,2043.5,254735.87,476.01,0.70125,4.267583706065096,-3.5663337060650964,3.5663337060650964
Rice,2012,Kharif     ,Uttar Pradesh,5837298.0,14353736.0,746.3,880264538.4,1809562.38,2.4092,3.6967729407431023,-1.2875729407431025,1.2875729407431025
Maize,2003,Kharif     ,Manipur,2340.0,7530.0,687.7,231613.2,561.6,2.76,-12.502614584701575,15.262614584701575,15.262614584701575
Coriander,2018,Whole Year ,Meghalaya,486.0,1904.0,5649.1,78829.2,170.1,3.74,25.202207209637606,-21.462207209637604,21.462207209637604
Gram,2013,Whole Year ,Tamil Nadu,8908.0,5823.0,740.9,1287116.92,2405.16,0.6575,99.25807918585613,-98.60057918585613,98.60057918585613
Moong(Green Gram),2017,Summer     ,Bihar,169944.0,120185.0,1112.0,26755983.36,64578.72,0.855526316,-13.316101194725007,14.171627510725008,14.171627510725008
Rice,2004,Summer     ,Bihar,116220.0,166198.0,1147.8,12591274.8,24406.2,1.437407407,4.673845633251801,-3.236438226251801,3.236438226251801
Ragi,2000,Kharif     ,Madhya Pradesh,1783.0,662.0,723.3,175037.11,463.58,0.22375,-11.248100444421908,11.471850444421909,11.471850444421909
Ginger,2004,Whole Year ,Andhra Pradesh,1873.0,10906.0,781.8,202920.82,393.33,5.2775,74.11581285863919,-68.83831285863918,68.83831285863918
Maize,2016,Kharif     ,Maharashtra,658330.0,2136362.0,1151.1,100889072.5,230415.5,2.413448276,16.62805936151267,-14.214611085512669,14.214611085512669
Bajra,2008,Whole Year ,Tamil Nadu,56672.0,84021.0,1201.9,8106362.88,5100.48,2.5968,86.11025576458016,-83.51345576458016,83.51345576458016
Other Cereals,2016,Kharif     ,Gujarat,5937.0,3499.0,710.5,909845.25,2077.95,0.6875,8.267291460417084,-7.579791460417084,7.579791460417084
Potato,2018,Kharif     ,Andhra Pradesh,486.0,2992.0,1220.5,78829.2,170.1,7.44,46.61058607841568,-39.17058607841568,39.17058607841568
Maize,2009,Rabi       ,Karnataka,103702.0,262272.0,1321.0,16158845.64,17629.34,2.43962963,-32.30486276063226,34.74449239063226,34.74449239063226
Rapeseed &Mustard,2003,Rabi       ,Andhra Pradesh,1695.0,432.0,826.0,167771.1,406.8,0.285714286,34.23710452620277,-33.95139024020277,33.95139024020277
Sugarcane,2007,Whole Year ,Tamil Nadu,354022.0,38070965.0,1067.2,47226534.8,56643.52,104.9803571,103.3012383104446,1.6791187895554032,1.6791187895554032
Groundnut,2015,Rabi       ,West Bengal,13472.0,24593.0,1717.0,2127363.52,4445.76,1.759285714,100.82960083111237,-99.07031511711237,99.07031511711237
Masoor,2007,Kharif     ,Himachal Pradesh,607.0,352.0,1095.4,80973.8,97.12,0.671,2.786239672852588,-2.1152396728525877,2.1152396728525877
Other Kharif pulses,2008,Kharif     ,Karnataka,132310.0,101329.0,1164.1,18925622.4,11907.9,0.77,-30.091474784577656,30.861474784577656,30.861474784577656
Potato,1998,Kharif     ,Karnataka,28755.0,317052.0,1260.8,2840994.0,8338.95,12.37333333,-49.072810964693474,61.446144294693475,61.446144294693475
Ragi,2019,Autumn     ,West Bengal,2851.0,4174.0,1733.4,489687.76,1054.87,0.86,90.0267206784232,-89.1667206784232,89.1667206784232
Cowpea(Lobia),2019,Rabi       ,Mizoram,113.0,153.0,2178.5,19408.88,41.81,1.532,-28.348017002502303,29.880017002502303,29.880017002502303
Coconut ,2011,Whole Year ,Tamil Nadu,419400.0,6200900000.0,926.5,70257888.0,138402.0,13248.16226,7945.827420310042,5302.334839689957,5302.334839689957
Small millets,2016,Kharif     ,Madhya Pradesh,132000.0,131620.0,1048.4,20229000.0,46200.0,1.1425,-3.0408847265252916,4.183384726525292,4.183384726525292
Sannhamp,2008,Whole Year ,Karnataka,266.0,66.0,1164.1,38048.64,23.94,0.243333333,-9.727365466274279,9.97069879927428,9.97069879927428
Urad,2014,Kharif     ,Andhra Pradesh,19424.0,20949.0,687.6,2932247.04,6409.92,1.113076923,35.73991407236083,-34.62683714936083,34.62683714936083
Masoor,2013,Rabi       ,Tripura,1857.0,1275.0,2043.5,268317.93,501.39,0.68,-1.3589716774032468,2.038971677403247,2.038971677403247
Banana,2018,Whole Year ,Kerala,52898.61,429061.0,2989.7,8580154.542,18514.5135,7.930714286,-41.27646058242101,49.207174868421006,49.207174868421006
Bajra,2014,Rabi       ,Andhra Pradesh,3423.0,6586.0,687.6,516736.08,1129.59,1.624285714,33.68284341528428,-32.05855770128428,32.05855770128428
Groundnut,2003,Summer     ,Gujarat,90600.0,141000.0,902.5,8967588.0,21744.0,1.52952381,-10.432593112434176,11.962116922434177,11.962116922434177
Cashewnut,2019,Whole Year ,Kerala,39898.0,19444.0,3119.2,6852880.48,14762.26,0.273571429,-47.31707015983585,47.59064158883585,47.59064158883585
Rice,2011,Autumn     ,Bihar,570397.0,914228.0,1097.1,95552905.44,188231.01,1.546774194,3.907777756731349,-2.361003562731349,2.361003562731349
Horse-gram,2003,Kharif     ,Karnataka,109019.0,38239.0,867.6,10790700.62,26164.56,0.341666667,-47.15616096670905,47.49782763370905,47.49782763370905
Castor seed,2003,Kharif     ,Meghalaya,25.0,14.0,3321.3,2474.5,6.0,0.545,-22.916833308465584,23.461833308465586,23.461833308465586
Potato,1997,Whole Year ,West Bengal,284015.0,5581553.0,1852.9,27029707.55,88044.65,18.23722222,126.24498361289507,-108.00776139289508,108.00776139289508
Urad,2014,Kharif     ,Uttar Pradesh,519466.0,278369.0,616.4,78418587.36,171423.78,0.574594595,7.734430692216819,-7.159836097216819,7.159836097216819
Sesamum,2010,Kharif     ,Tripura,2046.0,1178.0,2348.3,339861.06,491.04,0.57,-12.14493977459739,12.71493977459739,12.71493977459739
Castor seed,2009,Kharif     ,West Bengal,60.0,35.0,1317.2,9349.2,10.2,0.58,85.65375244919616,-85.07375244919616,85.07375244919616
Arhar/Tur,2013,Kharif     ,Himachal Pradesh,71.0,23.0,1216.9,10258.79,19.17,0.346666667,7.685242146216893,-7.338575479216893,7.338575479216893
Gram,2005,Rabi       ,Himachal Pradesh,1338.0,715.0,1248.1,160452.96,280.98,0.425555556,-0.7649489494945385,1.1905045054945385,1.1905045054945385
Peas & beans (Pulses),2003,Rabi       ,Uttarakhand,4451.0,3386.0,1734.3,440559.98,1068.24,0.663333333,-3.70571047813732,4.3690438111373195,4.3690438111373195
Other  Rabi pulses,1999,Rabi       ,Bihar,4033.0,3352.0,1402.7,428022.29,1088.91,0.823636364,2.6986958821105986,-1.8750595181105987,1.8750595181105987
Bajra,2013,Whole Year ,Chhattisgarh,1240.0,41543.0,1418.3,179167.6,334.8,31.91931034,-17.88091179117592,49.800222131175914,49.800222131175914
Cotton(lint),1998,Kharif     ,Haryana,583165.0,874000.0,687.6,57616702.0,169117.85,0.748421053,-14.297635280527231,15.04605633352723,15.04605633352723
Tobacco,2003,Whole Year ,Uttar Pradesh,23384.0,155821.0,1075.6,2314548.32,5612.16,6.369090909,32.15909098179543,-25.79000007279543,25.79000007279543
Jowar,2010,Kharif     ,Haryana,70846.0,38000.0,639.2,11768229.06,17003.04,0.499285714,-2.8617114814937565,3.3609971954937565,3.3609971954937565
Jute,2003,Kharif     ,Odisha,2590.0,18148.0,1648.2,256358.2,621.6,7.076666667,16.9003845501133,-9.823717883113302,9.823717883113302
Other  Rabi pulses,2018,Rabi       ,Tamil Nadu,20761.0,16051.0,986.2,3367434.2,7266.35,0.7015,61.52731337695283,-60.82581337695283,60.82581337695283
Wheat,2003,Rabi       ,Jammu and Kashmir,250282.0,455540.0,1430.3,24772912.36,60067.68,1.513333333,4.884765637444843,-3.371432304444843,3.371432304444843
Coriander,2012,Whole Year ,Madhya Pradesh,136731.0,83367.0,1049.5,20619034.8,42386.61,0.42625,11.5294974932159,-11.1032474932159,11.1032474932159
Black pepper,1997,Kharif     ,Karnataka,3825.0,924.0,1266.7,364025.25,1185.75,0.4375,-39.40723820898435,39.84473820898435,39.84473820898435
Cotton(lint),1998,Kharif     ,Tripura,750.0,850.0,2472.9,74100.0,217.5,1.155,-12.436024961176088,13.591024961176087,13.591024961176087
Moong(Green Gram),2011,Rabi       ,Tripura,251.0,147.0,2295.609091,42047.52,82.83,0.585,-14.471614732266374,15.056614732266375,15.056614732266375
Cashewnut,2001,Whole Year ,Puducherry,191.0,134.0,1434.5875,19506.83,49.66,1.063333333,120.75581415833317,-119.69248082533316,119.69248082533316
Black pepper,2013,Whole Year ,Kerala,84065.0,29408.0,3255.4,12146551.85,22697.55,0.352142857,-40.35645834415408,40.708601201154075,40.708601201154075
Arhar/Tur,2018,Kharif     ,Nagaland,3210.0,2920.0,1372.7,520662.0,1123.5,0.907272727,10.292602425848088,-9.385329698848087,9.385329698848087
Jowar,1997,Kharif     ,Haryana,130000.0,32000.0,661.2,12372100.0,40300.0,0.3575,-16.37345648510771,16.73095648510771,16.73095648510771
Jowar,2017,Rabi       ,Gujarat,24212.0,31982.0,814.8,3811937.28,9200.56,1.223529412,6.044748717156352,-4.821219305156353,4.821219305156353
Onion,2007,Whole Year ,Madhya Pradesh,41376.0,601524.0,740.4,5519558.4,6620.16,12.21604167,38.14059219365541,-25.92455052365541,25.92455052365541
Sesamum,2008,Kharif     ,Andhra Pradesh,46041.0,9634.0,944.6,6585704.64,4143.69,0.2495,29.037272055404586,-28.787772055404584,28.787772055404584
Dry chillies,1999,Whole Year ,Kerala,312.0,310.0,2914.6,33112.56,84.24,0.975,-94.53755903683242,95.51255903683241,95.51255903683241
Peas & beans (Pulses),2004,Rabi       ,West Bengal,14347.0,9402.0,1612.9,1554353.98,3012.87,0.688125,89.73210250570892,-89.04397750570892,89.04397750570892
Groundnut,2015,Summer     ,Puducherry,55.0,165.0,1980.6,8685.05,18.15,3.0,86.65169892181618,-83.65169892181618,83.65169892181618
Moth,2013,Kharif     ,Himachal Pradesh,27.0,10.0,1216.9,3901.23,7.29,0.366666667,1.397496097409885,-1.0308294304098848,1.0308294304098848
Rice,2017,Autumn     ,Tripura,37775.0,104258.0,3326.8,5947296.0,14354.5,2.68125,15.407981826174108,-12.726731826174108,12.726731826174108
Urad,2008,Kharif     ,Uttarakhand,12152.0,8916.0,1363.7,1738222.08,1093.68,0.662307692,-10.286452462228226,10.948760154228227,10.948760154228227
Cotton(lint),2014,Kharif     ,Meghalaya,7305.0,9024.0,3484.4,1102762.8,2410.65,1.186,-3.331607286593453,4.517607286593453,4.517607286593453
Moong(Green Gram),2019,Kharif     ,Tripura,2262.0,1462.0,2252.8,388521.12,836.94,0.63875,-3.248785741890515,3.887535741890515,3.887535741890515
Cowpea(Lobia),2014,Whole Year ,Kerala,1004.0,0.0,3046.4,151563.84,331.32,0.0,-47.82348770318714,47.82348770318714,47.82348770318714
Dry chillies,1998,Kharif     ,Puducherry,8.0,23.0,1434.5875,790.4,2.32,2.75,41.3872641124413,-38.6372641124413,38.6372641124413
Peas & beans (Pulses),2003,Rabi       ,Bihar,23740.0,22172.0,1353.9,2349785.2,5697.6,0.931944444,-2.552172368492336,3.484116812492336,3.484116812492336
Maize,2015,Summer     ,Odisha,2489.0,6521.0,1210.1,393037.99,821.37,1.936111111,7.049338859024431,-5.113227748024431,5.113227748024431
Urad,2015,Kharif     ,Puducherry,72.0,38.0,1980.6,11369.52,23.76,0.625,86.81887617570959,-86.19387617570959,86.19387617570959
Soyabean,1999,Kharif     ,Meghalaya,1038.0,928.0,6200.3,110162.94,280.26,0.888571429,-0.9170166777622057,1.8055881067622057,1.8055881067622057
Banana,2008,Whole Year ,Gujarat,28200.0,2002900.0,746.1,4033728.0,2538.0,72.95916667,53.76693497283739,19.19223169716261,19.19223169716261
Jowar,2019,Kharif     ,Andhra Pradesh,36981.0,38880.0,899.2,6351856.56,13682.97,1.149,47.54590036879662,-46.39690036879662,46.39690036879662
Horse-gram,2003,Rabi       ,West Bengal,4089.0,1783.0,1526.7,404729.22,981.36,0.457272727,78.69704986914775,-78.23977714214774,78.23977714214774
Gram,2002,Rabi       ,Jammu and Kashmir,228.0,134.0,933.2,21584.76,57.0,0.603333333,-5.835799812740362,6.439133145740362,6.439133145740362
Tobacco,2013,Whole Year ,Maharashtra,1500.0,1800.0,1409.8,216735.0,405.0,1.2,36.94416053603129,-35.74416053603129,35.74416053603129
Jowar,2015,Kharif     ,Gujarat,74697.0,102483.0,584.3,11795403.27,24650.01,1.305,5.5278503569344934,-4.222850356934494,4.222850356934494
Other  Rabi pulses,2009,Rabi       ,Tripura,1031.0,887.0,2004.2,160650.42,175.27,0.8775,4.740544746995823,-3.8630447469958233,3.8630447469958233
Arhar/Tur,2014,Kharif     ,Karnataka,728050.0,474035.0,1238.5,109906428.0,240256.5,0.695925926,-30.88379314552776,31.579719071527762,31.579719071527762
Arhar/Tur,2015,Rabi       ,West Bengal,2837.0,2480.0,1717.0,447990.67,936.21,0.842727273,98.16572967695652,-97.32300240395652,97.32300240395652
Small millets,2007,Kharif     ,West Bengal,1487.0,1118.0,2007.5,198365.8,237.92,0.636,87.00341580186489,-86.3674158018649,86.3674158018649
Jute,2019,Kharif     ,Nagaland,3080.0,5870.0,1593.0,529020.8,1139.6,1.9025,23.346117269043006,-21.443617269043006,21.443617269043006
Ragi,2017,Summer     ,Puducherry,23.0,64.0,1582.4,3621.12,8.74,2.78,84.77638095892013,-81.99638095892013,81.99638095892013
Ginger,2014,Kharif     ,Meghalaya,9777.0,63555.0,3484.4,1475935.92,3226.41,9.29,-15.295546479465429,24.585546479465428,24.585546479465428
Coriander,2006,Whole Year ,Karnataka,5998.0,888.0,1146.3,766004.58,1319.56,0.113157895,-25.147244980841833,25.260402875841834,25.260402875841834
Arhar/Tur,2016,Kharif     ,Punjab,5700.0,4900.0,635.9,873525.0,1995.0,0.902857143,13.950770264152169,-13.047913121152169,13.047913121152169
Small millets,2015,Kharif     ,Nagaland,8740.0,9810.0,1308.3,1380133.4,2884.2,1.115555556,-1.416127758468491,2.531683314468491,2.531683314468491
Small millets,1998,Kharif     ,Himachal Pradesh,14771.0,9881.0,1381.6,1459374.8,4283.59,0.436,-14.878250333467435,15.314250333467434,15.314250333467434
Wheat,2009,Rabi       ,Assam,60067.0,65301.0,1727.1,9359639.94,10211.39,1.097037037,-56.40506591698906,57.50210295398906,57.50210295398906
Sugarcane,2006,Whole Year ,Gujarat,216100.0,16554000.0,1056.2,27598131.0,47542.0,71.79642857,69.60744992334998,2.1889786466500283,2.1889786466500283
Cotton(lint),2006,Kharif     ,Maharashtra,3106900.0,4617500.0,1439.4,396782199.0,683518.0,1.454444444,-11.31521094830893,12.76965539230893,12.76965539230893
Ragi,2005,Kharif     ,Goa,441.0,463.0,3392.8,52884.72,92.61,1.045,-211.54745758825896,212.59245758825895,212.59245758825895
Barley,2010,Rabi       ,Himachal Pradesh,21233.0,25065.0,1319.8,3527013.63,5095.92,1.195454545,0.8910455392883421,0.30440900571165797,0.30440900571165797
Groundnut,2008,Kharif     ,Nagaland,740.0,740.0,1540.9,105849.6,66.6,0.964,3.885165473689881,-2.921165473689881,2.921165473689881
Urad,2006,Kharif     ,Karnataka,134069.0,18350.0,1146.3,17121951.99,29495.18,0.164285714,-45.45708644004185,45.62137215404185,45.62137215404185
Moong(Green Gram),2009,Kharif     ,Punjab,7000.0,6400.0,371.3,1090740.0,1190.0,0.941818182,-5.627709697480981,6.569527879480981,6.569527879480981
Arhar/Tur,2010,Kharif     ,Meghalaya,779.0,611.0,3119.7,129399.69,186.96,0.79,-9.95821342362379,10.748213423623788,10.748213423623788
Turmeric,2001,Whole Year ,Arunachal Pradesh,573.0,2094.0,2128.5,58520.49,148.98,4.02625,-4.726775901532278,8.753025901532279,8.753025901532279
Sunflower,2018,Kharif     ,West Bengal,8454.0,8050.0,2012.6,1371238.8,2958.9,1.173529412,100.52539351603028,-99.35186410403028,99.35186410403028
Dry chillies,1999,Whole Year ,Puducherry,11.0,35.0,1434.5875,1167.43,2.97,3.305,93.09194499379203,-89.78694499379202,89.78694499379202
Arhar/Tur,2007,Kharif     ,Tripura,1221.0,882.0,2831.8,162881.4,195.36,0.7175,-1.0904705845408955,1.8079705845408955,1.8079705845408955
Potato,2016,Kharif     ,Himachal Pradesh,6448.0,64460.0,1373.9,988156.0,2256.8,11.604,5.9691595535832676,5.634840446416732,5.634840446416732
Coriander,2019,Whole Year ,Haryana,2163.6,6291.0,351.8,371619.936,800.532,3.844736842,19.001313789477024,-15.156576947477024,15.156576947477024
Ragi,2005,Kharif     ,Tamil Nadu,99549.0,132172.0,1364.1,11937916.08,20905.29,1.621923077,42.350584491076475,-40.72866141407648,40.72866141407648
Small millets,2014,Kharif     ,Maharashtra,64100.0,23800.0,1001.6,9676536.0,21153.0,0.349655172,5.746344049371373,-5.396688877371373,5.396688877371373
Sugarcane,2003,Whole Year ,Gujarat,176200.0,12669000.0,902.5,17440276.0,42288.0,71.59666667,66.44475900444299,5.151907665557019,5.151907665557019
Jute,2003,Kharif     ,Assam,64027.0,665268.0,2213.7,6337392.46,15366.48,10.2626087,-56.58902345736436,66.85163215736436,66.85163215736436
Rice,2016,Autumn     ,Meghalaya,33646.0,78965.0,3837.1,5156249.5,11776.1,2.552727273,3.9046068913605154,-1.3518796183605155,1.3518796183605155
Urad,2007,Autumn     ,Odisha,32628.0,7455.0,1633.8,4352575.2,5220.48,0.222916667,-15.91745004529497,16.14036671229497,16.14036671229497
Urad,2008,Summer     ,Uttar Pradesh,53715.0,33405.0,891.6,7683393.6,4834.35,0.661694915,-5.998827162749251,6.660522077749251,6.660522077749251
Moong(Green Gram),2015,Kharif     ,Himachal Pradesh,130.0,64.0,1223.2,20528.3,42.9,0.5,-0.9031844196216525,1.4031844196216525,1.4031844196216525
Horse-gram,2007,Kharif     ,Chhattisgarh,50203.0,16113.0,1246.2,6697080.2,8032.48,0.3,-74.28995309899383,74.58995309899383,74.58995309899383
Turmeric,2008,Whole Year ,Meghalaya,1959.0,10046.0,3114.3,280215.36,176.31,4.862857143,8.511638495788475,-3.6487813527884745,3.6487813527884745
Sunflower,2011,Rabi       ,Maharashtra,55400.0,33800.0,1174.095455,9280608.0,18282.0,0.561052632,2.7891123356789933,-2.2280597036789933,2.2280597036789933
Maize,2016,Summer     ,Gujarat,11311.0,24059.0,710.5,1733410.75,3958.85,2.081428571,2.6052462638113525,-0.5238176928113525,0.5238176928113525
Barley,2010,Kharif     ,Jammu and Kashmir,102.0,30.0,1352.0,16943.22,24.48,0.31,4.591778029239066,-4.281778029239066,4.281778029239066
Castor seed,2000,Kharif     ,Odisha,9710.0,5050.0,1066.0,953230.7,2524.6,0.5196,-7.70138007938354,8.22098007938354,8.22098007938354
Wheat,2000,Rabi       ,Haryana,2354779.0,9669000.0,383.7,231168654.4,612242.54,3.990526316,-19.41448158475842,23.40500790075842,23.40500790075842
Wheat,2007,Rabi       ,Andhra Pradesh,8000.0,8000.0,1004.2,1067200.0,1280.0,1.0,47.336150838011775,-46.336150838011775,46.336150838011775
Gram,2008,Rabi       ,West Bengal,21692.0,22543.0,1560.1,3102823.68,1952.28,1.025833333,92.70354354434971,-91.67771021134972,91.67771021134972
Sunflower,2000,Rabi       ,Haryana,1254.0,1500.0,383.7,123105.18,326.04,0.77,-20.01184962569559,20.78184962569559,20.78184962569559
Sunflower,2015,Summer     ,Uttar Pradesh,2198.0,3534.0,596.7,347086.18,725.34,1.624473684,2.671098179339424,-1.046624495339424,1.046624495339424
Sugarcane,2008,Whole Year ,Tripura,972.0,51695.0,1827.8,139034.88,87.48,54.9975,63.82153352748777,-8.82403352748777,8.82403352748777
Sunflower,2014,Rabi       ,Tamil Nadu,6122.0,8327.0,911.3,924177.12,2020.26,1.4275,38.614798794336664,-37.18729879433666,37.18729879433666
Maize,2014,Summer     ,Uttarakhand,36.0,80.0,1287.4,5434.56,11.88,2.205,-4.27955248266386,6.48455248266386,6.48455248266386
Gram,2013,Rabi       ,Bihar,61325.0,70339.0,1069.9,8860849.25,16557.75,1.161,4.904471843091869,-3.743471843091869,3.743471843091869
Coriander,2010,Whole Year ,Karnataka,4348.0,1622.0,1317.7,722246.28,1043.52,0.368,-19.926151545493354,20.294151545493353,20.294151545493353
Urad,2007,Kharif     ,Himachal Pradesh,12259.0,6315.0,1095.4,1635350.6,1961.44,0.455,-8.298867258527935,8.753867258527935,8.753867258527935
Coriander,2016,Whole Year ,Haryana,2261.0,4004.0,554.7,346498.25,791.35,1.896190476,17.248228338153922,-15.352037862153923,15.352037862153923
Sesamum,2005,Kharif     ,Kerala,600.0,210.0,3030.9,71952.0,126.0,0.314545455,-115.85299235143071,116.16753780643072,116.16753780643072
Groundnut,2001,Kharif     ,Uttar Pradesh,107515.0,90156.0,849.9,10980506.95,27953.9,0.894915254,9.82384763963438,-8.92893238563438,8.92893238563438
Tobacco,2012,Kharif     ,Andhra Pradesh,18006.0,151392.0,968.7,2715304.8,5581.86,8.578461538,14.828227913710009,-6.249766375710008,6.249766375710008
other oilseeds,2019,Rabi       ,Tripura,93.0,74.0,2252.8,15973.68,34.41,0.756666667,5.824409817956081,-5.067743150956081,5.067743150956081
Gram,2008,Rabi       ,Manipur,548.0,457.0,1134.8,78385.92,49.32,0.845555556,-8.08463271794443,8.930188273944431,8.930188273944431
Cashewnut,2002,Whole Year ,Tamil Nadu,95217.0,35885.0,315.9,9014193.39,23804.25,0.3108,73.98185369938055,-73.67105369938055,73.67105369938055
Black pepper,2004,Whole Year ,Meghalaya,895.0,578.0,4767.9,96964.3,187.95,0.8,49.97549251951821,-49.175492519518215,49.175492519518215
Sugarcane,2005,Whole Year ,Punjab,85000.0,5241000.0,566.7,10193200.0,17850.0,64.525,71.25103016957262,-6.72603016957261,6.72603016957261
Maize,2013,Rabi       ,Manipur,6310.0,15190.0,1428.8,911731.9,1703.7,2.408888889,-0.7926330842265656,3.2015219732265656,3.2015219732265656
Onion,2002,Whole Year ,Karnataka,114975.0,535821.0,860.8,10884683.25,28743.75,7.0436,1.4641502994593054,5.579449700540694,5.579449700540694
Jowar,2015,Autumn     ,West Bengal,25.0,9.0,1717.0,3947.75,8.25,0.36,80.87617208071401,-80.51617208071401,80.51617208071401
Groundnut,2004,Whole Year ,West Bengal,46467.0,71469.0,1612.9,5034234.78,9758.07,1.383333333,142.65556995783595,-141.27223662483595,141.27223662483595
Ragi,2016,Winter     ,Odisha,32617.0,23981.0,1460.5,4998555.25,11415.95,0.702727273,15.858024821271243,-15.155297548271243,15.155297548271243
Moong(Green Gram),2005,Rabi       ,Andhra Pradesh,132963.0,42623.0,1075.5,15944922.96,27922.23,0.448333333,23.263169158065622,-22.81483582506562,22.81483582506562
