Crop_Year,Area,Annual_Rainfall,Fertilizer,Pesticide,Actual_Yield_Class,Predicted_Yield_Class,High_Yield_Probability,Actual_Yield_Label,Predicted_Yield_Label
1.3711464230678003,0.3141632856197798,1.3157701545724585,0.542546204344192,0.6391675051987677,1,1,0.671084710816091,High Yield,High Yield
0.1405698039460854,0.366883976442866,-1.2107272358826424,0.638846570248639,0.2626073895667283,0,0,0.48971329158303,Low Yield,Low Yield
-0.474718505614772,1.98105573372698,-0.3623268198787899,1.987934291187635,1.9937021534461856,1,1,0.6287564662831887,High Yield,High Yield
-0.3208964282245576,-0.0925848320637884,2.151865401131274,-0.0895478801197949,-0.3374283889365339,1,1,0.5613715183394606,High Yield,High Yield
0.9096801908971572,-0.6799775647494356,2.151865401131274,-0.6740909833107556,-0.6688138455664759,1,1,0.576309768358958,High Yield,High Yield
0.9096801908971572,-0.6780604487195051,-0.3792259192499747,-0.6718088768551053,-0.6664401897486051,0,0,0.4589336992219412,Low Yield,Low Yield
1.0635022682873716,-0.712960674628011,0.039642048659102,-0.7133643017047577,-0.7096286284898806,1,0,0.4795726405501167,High Yield,Low Yield
1.524968500458015,1.98105573372698,-0.7498576229345043,1.987934291187635,1.9937021534461856,0,1,0.6737773132035068,Low Yield,High Yield
0.7558581135069429,-0.645004720809493,-1.6151571383095418,-0.6360361378647672,-0.625512609131376,0,0,0.40079051108595537,Low Yield,Low Yield
-0.6285405830049864,-0.7119004513690343,0.5818898488704215,-0.7124824889787568,-0.7089534770761198,0,0,0.44783416411802274,Low Yield,Low Yield
-0.0132522734441289,-0.5953049400941759,-0.6146648279650256,-0.5751564440806102,-0.6347903556775354,1,0,0.4207622723032564,High Yield,Low Yield
0.7558581135069429,0.2719431621424488,-1.2494475024030272,0.4074445281962682,0.5097961792116632,0,1,0.519830821084578,Low Yield,High Yield
-0.9361847377854152,-0.647621584190348,-0.1785696228328964,-0.6647364082591036,-0.6509189655184916,0,0,0.40634497576708434,Low Yield,Low Yield
0.9096801908971572,-0.6987420640726938,-1.402031603521492,-0.6964279646796958,-0.6920469009959399,1,0,0.4096331583878947,High Yield,Low Yield
1.0635022682873716,-0.7132220995411833,0.039642048659102,-0.7136663144861998,-0.7099719258189116,1,0,0.4795412495192625,High Yield,Low Yield
-0.3208964282245576,-0.5951597040313024,-0.0719248209759047,-0.5949469841818639,-0.6391289800168118,1,0,0.4335921686757623,High Yield,Low Yield
1.217324345677586,-0.4192788318914748,1.2000418997648792,-0.3648006890493911,-0.2908816304511035,0,1,0.5771920078451385,Low Yield,High Yield
-0.1670743508343432,1.98105573372698,-0.5157312656269242,1.987934291187635,1.9937021534461856,0,1,0.6317848698816366,Low Yield,High Yield
0.7558581135069429,1.98105573372698,-1.0184384546881895,1.987934291187635,1.9937021534461856,1,1,0.638976621795337,High Yield,High Yield
1.3711464230678003,-0.6071271556120801,0.2530957212990195,-0.583938456808778,-0.5706504264538632,1,1,0.5132102215213511,High Yield,High Yield
-0.3208964282245576,0.1362200613871483,-0.5331225717759104,0.14054278816693,-0.2000745826748677,0,0,0.44756900170420144,Low Yield,Low Yield
-1.3976509699560582,-0.6192543668620186,0.0759012812904794,-0.6441442903907025,-0.6183208025463759,1,0,0.4047873281672587,High Yield,Low Yield
0.9096801908971572,-0.6646406365099923,-0.2711044970595783,-0.6558341316655535,-0.6498245990235085,1,0,0.4655125682525156,High Yield,Low Yield
0.1405698039460854,0.0293645161967763,2.151865401131274,0.2162047544439657,-0.041316939932749,1,1,0.6136364674720541,High Yield,High Yield
0.7558581135069429,-0.3536611786852203,-0.0555179283825213,-0.3044891011785492,-0.2647888537791725,1,1,0.5051673267600792,High Yield,High Yield
1.3711464230678003,-0.7017194033616009,0.0096174352132105,-0.6995987430604615,-0.694866843341551,0,0,0.48998737556645816,Low Yield,Low Yield
0.9096801908971572,-0.6984515919469467,-0.806297333455743,-0.6960821909742942,-0.6916872561750503,0,0,0.4368446741801325,Low Yield,Low Yield
0.6020360361167285,-0.6541545927705245,1.9695848244187848,-0.649331674405975,-0.6501482793623091,0,1,0.5591355286251887,Low Yield,High Yield
-1.3976509699560582,1.98105573372698,-0.494074167403658,1.508235133094676,1.9937021534461856,1,1,0.5586559390737487,High Yield,High Yield
-0.6285405830049864,1.98105573372698,-0.0835737147172067,1.987934291187635,1.9937021534461856,0,1,0.6360266936688961,Low Yield,High Yield
0.1405698039460854,-0.5483065501483062,-0.0811126808281992,-0.5071548652053325,-0.5614892920162953,0,0,0.4579784714370495,Low Yield,Low Yield
-0.474718505614772,-0.09389195662965,-0.3623268198787899,-0.1174293738389409,-0.1987820409852465,1,0,0.44893601973786346,High Yield,Low Yield
0.4482139587265142,-0.7099688117328166,-0.4410799043270299,-0.7099688229680042,-0.7061945653667808,0,0,0.4369088388142389,Low Yield,Low Yield
-1.2438288925658438,-0.6617068680399473,0.2704870274480057,-0.674021813241856,-0.6597333587554105,1,0,0.41623315413671563,High Yield,Low Yield
-1.705295124736487,1.98105573372698,-1.0233605224662048,1.987934291187635,1.9937021534461856,1,1,0.5588790405963002,High Yield,High Yield
-1.0900068151756297,0.7109191621776502,-0.4336968026600074,0.3026644973674303,0.6258334010060905,0,0,0.46418264282286836,Low Yield,Low Yield
-0.9361847377854152,-0.6978996949080274,-0.8195869164563835,-0.7022513491836525,-0.6961926249312848,1,0,0.3751887782403218,High Yield,Low Yield
-1.8591172021267013,-0.4206004800636237,-1.465526277857886,-0.503750634283787,-0.3696302233160294,1,0,0.33825780739261596,High Yield,Low Yield
-0.474718505614772,-0.6605595031432465,-0.0819330254578684,-0.662975044054585,-0.6665241068734793,0,0,0.4257174880620862,Low Yield,Low Yield
-0.9361847377854152,0.1461977789065588,-0.8878395896448583,-0.0724292175899067,0.0638872785334016,1,0,0.41663714698609144,High Yield,Low Yield
-0.474718505614772,1.98105573372698,-0.4837378250698266,1.987934291187635,1.9937021534461856,0,1,0.6234431801265923,Low Yield,High Yield
-0.9361847377854152,-0.6898245698122599,0.103628929773297,-0.6962261060589235,-0.6889212605525726,1,0,0.4168666615315379,High Yield,Low Yield
-1.705295124736487,-0.7009786994409459,-0.1744678996845506,-0.7045654163321281,-0.6966601631984412,0,0,0.37906777441368905,Low Yield,Low Yield
1.3711464230678003,-0.6363236708594172,-0.4346812162156103,-0.6196377597791503,-0.6089906350429899,1,0,0.47742773135653754,High Yield,Low Yield
-0.474718505614772,1.98105573372698,0.4335715398262363,1.987934291187635,1.692266391734017,0,1,0.6395795916718697,Low Yield,High Yield
0.9096801908971572,-0.6849446380997098,2.011586469457846,-0.6800037136731221,-0.6749637720036871,1,1,0.5693264218441615,High Yield,High Yield
0.2943918813362998,-0.6791061483721945,-0.9675770876487012,-0.6705790164322325,-0.6677349111038073,0,0,0.4115092309733659,Low Yield,Low Yield
0.2943918813362998,-0.7132366231474707,-0.7867731312696169,-0.7136799682886191,-0.7099931775583277,0,0,0.41567210252071624,Low Yield,Low Yield
0.1405698039460854,-0.7129461510217237,0.0850891411427739,-0.7133165478838835,-0.7097414261837051,0,0,0.45058456702313826,Low Yield,Low Yield
-1.8591172021267013,1.98105573372698,-1.465526277857886,1.987934291187635,1.9937021534461856,0,1,0.533230139779193,Low Yield,High Yield
0.1405698039460854,-0.6990615834110155,1.9874683373455728,-0.6959302944752125,-0.6972388644102362,0,1,0.5405270896185562,Low Yield,High Yield
-0.1670743508343432,1.5191723756750526,1.8993633241191044,1.6934978137672512,0.0438076542834646,0,1,0.5949689536236509,Low Yield,High Yield
-0.474718505614772,-0.7123506831639422,0.1106633849727103,-0.7128357678413697,-0.7092738879165487,1,0,0.43124900493043045,High Yield,Low Yield
-0.0132522734441289,-0.713251146753758,0.1106633849727103,-0.7136995900869478,-0.7100198784616968,0,0,0.44658473025391127,Low Yield,Low Yield
0.7558581135069429,-0.701516072873578,0.1909135983700965,-0.7003456852100352,-0.695481509035435,1,0,0.4775146822092697,High Yield,Low Yield
0.6020360361167285,1.98105573372698,-0.2158132690198767,1.987934291187635,1.9937021534461856,1,1,0.6682175133724794,High Yield,High Yield
1.3711464230678003,0.9497889147857216,-0.2405876768358854,1.3197414181941731,1.4738568165897787,1,1,0.6771275114105446,High Yield,High Yield
-0.7823626603952007,0.1391538298571933,-0.1259034976081356,-0.0175390027487908,-0.0384022475243254,1,0,0.45273270846213737,High Yield,Low Yield
-1.3976509699560582,0.7775244206114444,-0.7080200468213768,0.3895313678627383,0.7442415540364122,1,0,0.45239060283164906,High Yield,Low Yield
-1.8591172021267013,-0.5962344508965663,0.7969842107696774,-0.6297552508015167,-0.5739101163304712,1,0,0.4253163892589566,High Yield,Low Yield
-0.6285405830049864,-0.7016467853301641,-0.4784876194399439,-0.7032131523240995,-0.7008745465995921,0,0,0.4000376031484724,Low Yield,Low Yield
-1.705295124736487,-0.5723866893727351,-0.5231143672939467,-0.6087911581162505,-0.5567441600461346,0,0,0.3723383993638405,Low Yield,Low Yield
-1.3976509699560582,-0.7083276442223458,-1.6135164490502034,-0.7100623007685463,-0.705212081106078,0,0,0.32670303255373107,Low Yield,Low Yield
-0.0132522734441289,-0.4028526331804801,0.5492401326095889,-0.3490962017791718,-0.5120386740603796,0,0,0.48690123948925434,Low Yield,Low Yield
-1.705295124736487,1.2735636697496502,-0.5231143672939467,0.7660572967333134,1.4517631813428604,0,1,0.500391285093577,Low Yield,High Yield
1.217324345677586,1.98105573372698,-0.9062153093494476,1.987934291187635,1.9937021534461856,1,1,0.6580047755667289,High Yield,High Yield
-0.6285405830049864,1.4416308417068826,-0.4784876194399439,1.2343145371958402,0.9878279013921036,0,1,0.5213668145472093,Low Yield,High Yield
-0.9361847377854152,-0.7095185799379087,0.2617913743735126,-0.7109207637516078,-0.7066550197207985,0,0,0.42301077766161715,Low Yield,Low Yield
1.0635022682873716,-0.6336617842990714,2.0667136285716143,-0.6217537580006788,-0.6054951053505017,1,1,0.5830594276488796,High Yield,High Yield
1.217324345677586,-0.6310620587736354,-0.8186025029007805,-0.6161539417837738,-0.5928285237420512,0,0,0.45560267787880604,Low Yield,Low Yield
1.3711464230678003,-0.4349933738943892,-0.2793079433562699,-0.3734662147306338,-0.3446082073608377,1,1,0.5098900439812651,High Yield,High Yield
0.2943918813362998,-0.4320450818180568,-0.3086986535371664,-0.3585831474837251,-0.3618390086962135,0,0,0.4714976359693951,Low Yield,Low Yield
-1.705295124736487,-0.7024746308885431,2.151865401131274,-0.7056795736165459,-0.698287828471164,1,0,0.4852449345314718,High Yield,Low Yield
1.217324345677586,1.98105573372698,0.7594124267308293,1.987934291187635,1.9937021534461856,1,1,0.7242804531876154,High Yield,High Yield
0.9096801908971572,1.98105573372698,0.5740145404255975,1.987934291187635,1.9937021534461856,1,1,0.7087790472004983,High Yield,High Yield
1.3711464230678003,-0.635419140659841,0.0091252284354091,-0.6185317682809536,-0.6078028262845429,1,0,0.4982674153967103,High Yield,Low Yield
1.524968500458015,1.22563576900139,1.7492402568896468,1.7967567950218533,1.98158539248058,1,1,0.7961089907913422,High Yield,High Yield
-1.2438288925658438,-0.4496476926383269,2.151865401131274,-0.5107586271088126,-0.4528689272781218,1,1,0.5167707650587379,High Yield,High Yield
-0.9361847377854152,0.3191884533952034,-1.676026709830994,0.0566475285587383,0.2196592589557744,1,0,0.39036379911641683,High Yield,Low Yield
-1.5514730473462726,-0.7132220995411833,0.1106633849727103,-0.7136817912042657,-0.7099850038123985,0,0,0.39583719440071696,Low Yield,Low Yield
-1.3976509699560582,-0.4655219943104022,-0.7080200468213768,-0.5303758019104361,-0.4683543613993927,1,0,0.37881870416773594,High Yield,Low Yield
-1.0900068151756297,-0.5922840299864067,1.8524396113020276,-0.6273771133685752,-0.5965503027218627,1,0,0.4980841120136604,High Yield,Low Yield
-1.3976509699560582,-0.572590019860758,-0.4901365131812459,-0.6096106906281049,-0.5727995767168759,0,0,0.38225708700997046,Low Yield,Low Yield
1.0635022682873716,-0.6871231790428125,-1.3329585857033484,-0.6835153718055715,-0.6756994091373247,1,0,0.4192327916027526,High Yield,Low Yield
0.2943918813362998,-0.7132075759348959,0.1106633849727103,-0.7136432866274647,-0.7099572130762388,1,0,0.4569118752436604,High Yield,Low Yield
1.3711464230678003,-0.6470961201148716,-0.625001170298857,-0.6328095005312766,-0.6231367736479239,0,0,0.467215399218897,Low Yield,Low Yield
-0.1670743508343432,-0.6150715682512614,-0.4089223948439983,-0.6078349824751568,-0.6768715243035874,0,0,0.4207009010942515,Low Yield,Low Yield
1.3711464230678003,1.98105573372698,-0.516715679182527,1.987934291187635,1.9937021534461856,1,1,0.6787573541122958,High Yield,High Yield
0.4482139587265142,-0.3211283006015528,-0.6537132323372778,-0.2679398723825,-0.253934119185052,0,0,0.467973055363952,Low Yield,Low Yield
1.0635022682873716,-0.6669063190908191,-0.6965352220060085,-0.6601597167073888,-0.6491510823589336,1,0,0.45085380016397564,High Yield,Low Yield
1.3711464230678003,-0.6167127357617321,-0.0276262109737696,-0.5956589832829237,-0.583237995184997,0,0,0.4988928479994314,Low Yield,Low Yield
-0.6285405830049864,-0.672599572755461,-1.3132703145912883,-0.6769544082599147,-0.6779880579975308,0,0,0.3647714243049819,Low Yield,Low Yield
0.7558581135069429,-0.2394184916289128,-0.2110552701677953,-0.1744816739316005,-0.1233405457233184,0,1,0.5107658873147428,Low Yield,High Yield
0.6020360361167285,-0.3266472709907464,-0.50014471766321,-0.2926041072038481,-0.3183759320917132,0,0,0.47348300746942346,Low Yield,Low Yield
0.2943918813362998,-0.5418725925630095,0.6173287368721297,-0.497276508308404,-0.4978207154745466,0,1,0.5013623928968783,Low Yield,High Yield
-1.705295124736487,-0.6881688786955018,1.619789874327852,-0.695024768517987,-0.6827222916397858,0,0,0.46146490754507824,Low Yield,Low Yield
0.6020360361167285,-0.7004558496146013,-0.0302513137887108,-0.6997639353478987,-0.6970525030030479,0,0,0.46185724150900576,Low Yield,Low Yield
-1.0900068151756297,0.2736279004717815,-1.7247551808333428,-0.0094119860567353,0.2156612073635524,1,0,0.381616348939507,High Yield,Low Yield
0.1405698039460854,-0.6690993836402093,1.9874683373455728,-0.6584116325692624,-0.6702589638467775,1,1,0.5432781863788115,High Yield,High Yield
0.1405698039460854,-0.5995022623112205,-0.1234424637191281,-0.5712621280354218,-0.6075892190575902,0,0,0.45132147285894536,Low Yield,Low Yield
-1.705295124736487,1.98105573372698,-0.0858706796802805,1.987934291187635,1.9937021534461856,0,1,0.6015366668612283,Low Yield,High Yield
-1.3976509699560582,-0.7065412406490016,1.7152779892213428,-0.7087402862118081,-0.7034694384739497,0,0,0.4749209076694651,Low Yield,Low Yield
0.9096801908971572,1.98105573372698,-0.6012111760384512,1.987934291187635,1.9937021534461856,0,1,0.6614494653350598,Low Yield,High Yield
-1.5514730473462726,-0.606299310053701,1.3694206933528223,-0.6281384297280728,-0.6016697922555857,1,0,0.4605419252836614,High Yield,Low Yield
-1.0900068151756297,-0.0234815133485696,-0.6000626935569144,-0.2214465478624464,-0.0630226600961905,0,0,0.4160761092141933,Low Yield,Low Yield
-0.6285405830049864,-0.4999429412114254,1.3412008380922025,-0.5208724335424003,-0.5419507697468784,0,0,0.4952659273550512,Low Yield,Low Yield
-1.5514730473462726,-0.2030659050916718,1.56023285421387,-0.3055323596350249,-0.1931852046892519,1,0,0.4970608752861678,High Yield,Low Yield
-0.1670743508343432,0.2463380442578479,1.2186413504196292,0.3210139421790349,-0.3859956974156892,0,1,0.5236127999583908,Low Yield,High Yield
-1.3976509699560582,1.98105573372698,-0.649775578114866,1.3697997876411252,1.9937021534461856,1,1,0.5413451280009256,High Yield,High Yield
-0.0132522734441289,-0.5501074773279377,-1.0765188544687667,-0.5220661509674809,-0.6059620987012627,1,0,0.40267662865202936,High Yield,Low Yield
0.1405698039460854,1.98105573372698,-0.1378805292013058,1.987934291187635,1.9937021534461856,0,1,0.6575043397770677,Low Yield,High Yield
0.7558581135069429,-0.6884012563960995,2.151865401131274,-0.6854211102285968,-0.6792435453722724,1,1,0.5701579400233535,High Yield,High Yield
-1.705295124736487,0.1926007009946471,2.0895192092764168,-0.039034920399207,0.2756090947582804,1,1,0.5456903678181992,High Yield,High Yield
0.4482139587265142,-0.4373171509003654,-0.6537132323372778,-0.4000218805505811,-0.3890733852162711,0,0,0.4557059645521181,Low Yield,Low Yield
-0.7823626603952007,-0.6958373428152235,-0.3598657859897823,-0.6994827990562755,-0.6962972488791799,1,0,0.400570597007548,High Yield,Low Yield
-0.1670743508343432,-0.7013998840232791,-0.2711044970595783,-0.7009218973500454,-0.70602237178587,1,0,0.4242936263152464,High Yield,Low Yield
-0.6285405830049864,-0.6209391051913514,-0.1953046532781475,-0.630253231941762,-0.6372844380187649,0,0,0.41729530910101065,Low Yield,Low Yield
0.7558581135069429,-0.549787957989616,-1.2317280584021733,-0.527680087390448,-0.5076210368437865,1,0,0.4285943065850068,High Yield,Low Yield
-1.3976509699560582,-0.1247691435965595,-0.494074167403658,-0.2782042122341004,-0.135948821277473,0,0,0.408212844082331,Low Yield,Low Yield
-0.474718505614772,1.98105573372698,0.5738504714996638,1.987934291187635,1.9937021534461856,1,1,0.6686085437011771,High Yield,High Yield
-0.1670743508343432,0.6737387300820301,-1.0189306614659912,0.7818756061995968,-0.2416735002910905,0,0,0.43312215047166563,Low Yield,Low Yield
0.7558581135069429,-0.7127282969274134,-0.1308255653861507,-0.7131051225142107,-0.709363799121771,0,0,0.4612773666916059,Low Yield,Low Yield
-1.5514730473462726,1.98105573372698,-0.7936640261588379,1.987934291187635,1.9937021534461856,1,1,0.5745381601062184,High Yield,High Yield
-0.7823626603952007,-0.703418665297221,1.919215664157098,-0.7056745241949471,-0.7022706224043179,0,1,0.5053576469777987,Low Yield,High Yield
-0.6285405830049864,-0.713251146753758,-0.0227041431957546,-0.7137035205777413,-0.7100176987961156,0,0,0.4200032739790075,Low Yield,Low Yield
-0.7823626603952007,1.4703875821558388,-0.9603580549076128,1.069689974666224,1.0104855251081444,0,0,0.48124538018469426,Low Yield,Low Yield
-0.7823626603952007,-0.6993956263556246,2.151865401131274,-0.7023888769470313,-0.6991008437329325,0,1,0.5164294755019606,Low Yield,High Yield
-1.0900068151756297,1.98105573372698,-0.8307436034198843,1.987934291187635,1.9937021534461856,1,1,0.5880646030908406,High Yield,High Yield
0.9096801908971572,-0.7048274551070941,-0.2711044970595783,-0.7036719238078584,-0.6995814599935757,1,0,0.46085572245438433,High Yield,Low Yield
1.217324345677586,-0.455311899090394,-0.3980938457323655,-0.407566250703074,-0.3422552583659877,0,0,0.49836227866926197,Low Yield,Low Yield
-0.1670743508343432,0.6075256090179942,-1.0689716838758103,0.7104786942018484,-0.2640319649061186,1,0,0.4287516748433622,High Yield,Low Yield
0.1405698039460854,1.98105573372698,0.0358684633626239,1.987934291187635,1.9937021534461856,0,1,0.6647810200139547,Low Yield,High Yield
0.6020360361167285,-0.656986695996558,-1.0274622456145506,-0.6524164582465255,-0.653017264183496,1,0,0.4197877321816487,High Yield,Low Yield
-0.9361847377854152,0.0419618565822365,-1.5019495794151967,-0.1502047030326761,-0.0299734807220234,1,0,0.38357781535909086,High Yield,Low Yield
-0.7823626603952007,-0.6997587165128084,2.151865401131274,-0.7026854155073126,-0.6993869248404582,0,1,0.5164110455595476,Low Yield,High Yield
-1.5514730473462726,1.98105573372698,1.56023285421387,1.987934291187635,1.9937021534461856,0,1,0.6770916434969296,Low Yield,High Yield
-1.3976509699560582,-0.6903183724260299,1.7561311517788674,-0.6967346743428938,-0.6876439765220196,0,0,0.47781413107958154,Low Yield,Low Yield
1.524968500458015,1.1344710923356842,1.177295981084303,1.6787175304968578,1.855029104591529,1,1,0.7694658936608946,High Yield,High Yield
-1.705295124736487,1.98105573372698,-0.6635573678933079,1.981894954680528,1.9937021534461856,1,1,0.574954622069546,High Yield,High Yield
-0.9361847377854152,-0.6346929603454734,-0.8195869164563835,-0.6550897339339755,-0.63927719727633,1,0,0.37846268062650523,High Yield,Low Yield
1.0635022682873716,-0.6373507802960587,-0.7460840376380262,-0.6260154939165827,-0.6103394121046046,0,0,0.45208128465648184,Low Yield,Low Yield
-0.6285405830049864,1.98105573372698,-1.0094146637618289,1.987934291187635,1.9937021534461856,1,1,0.5950976601043287,High Yield,High Yield
1.3711464230678003,-0.7088504940486905,-0.5756164235927733,-0.7083181044222882,-0.7042312315945611,0,0,0.46181584677795995,Low Yield,Low Yield
0.1405698039460854,-0.675780242532391,-0.1150749484965028,-0.6667774030378697,-0.676274840850748,0,0,0.444731305818659,Low Yield,Low Yield
1.0635022682873716,-0.3048328143471444,0.7033008540614583,-0.2418720144101928,-0.1736842816511098,1,1,0.5593850843389648,High Yield,High Yield
0.6020360361167285,-0.6775666461057352,0.1382474731453361,-0.6748325541545261,-0.6738652205507881,0,0,0.4717476915668684,Low Yield,Low Yield
0.2943918813362998,1.98105573372698,-0.7820151324175357,1.987934291187635,1.9937021534461856,1,1,0.634741438497909,High Yield,High Yield
-0.9361847377854152,0.5412253463162343,1.6716356549229432,0.222320040952365,0.4195956233833821,0,1,0.5570054570644072,Low Yield,High Yield
-0.1670743508343432,1.98105573372698,-0.2779953919487993,1.987934291187635,0.2179231553203894,1,0,0.4956613995647026,High Yield,Low Yield
0.7558581135069429,-0.5285689692037954,-0.1308255653861507,-0.5035330175699811,-0.4813489826778059,0,0,0.48195273009054873,Low Yield,Low Yield
-0.3208964282245576,0.5065720217146135,2.151865401131274,0.5129759506216393,0.0222513066022993,1,1,0.5899650073316379,High Yield,High Yield
0.2943918813362998,1.179160228881865,-0.316723115401868,1.676093574257534,1.6330568660549032,1,1,0.6614371553721552,High Yield,High Yield
-0.6285405830049864,-0.479435609133685,0.032915222695815,-0.5023337602330857,-0.5257929087938231,0,0,0.43565463302574736,Low Yield,Low Yield
1.0635022682873716,-0.4252044632567142,0.3507167322296504,-0.3809321217763846,-0.3317536295960133,1,1,0.5286787984083103,High Yield,High Yield
-0.474718505614772,1.98105573372698,2.151865401131274,1.987934291187635,1.887913174297924,0,1,0.7233329365698992,Low Yield,High Yield
0.6020360361167285,-0.4592477963942663,-0.50014471766321,-0.4370352685588555,-0.4527032726939544,0,0,0.4616021958317036,Low Yield,Low Yield
-0.0132522734441289,-0.5574128512904756,-0.8520725637912827,-0.5306472619687354,-0.6106216787973634,0,0,0.41235201500670254,Low Yield,Low Yield
0.6020360361167285,1.98105573372698,0.083940658661237,1.987934291187635,1.9937021534461856,0,1,0.680521912354689,Low Yield,High Yield
-1.2438288925658438,-0.6971154201685105,-0.7367321088597977,-0.7012826616626737,-0.6942745192198738,1,0,0.36923311347671384,High Yield,Low Yield
0.4482139587265142,-0.7131349579034593,-0.4410799043270299,-0.7135680576905844,-0.7098771103661315,1,0,0.4365779666411923,High Yield,Low Yield
-1.5514730473462726,-0.6280992430910157,-1.1759446235846698,-0.6455794220638192,-0.6237536190073889,0,0,0.3452491574555132,Low Yield,Low Yield
1.217324345677586,-0.2785596105733253,-1.5587174277883031,-0.1977891909185836,-0.0902532222014811,1,0,0.4675215426576667,High Yield,Low Yield
-0.6285405830049864,-0.481585102864213,-0.4784876194399439,-0.5042769072938355,-0.5274865089503756,1,0,0.412191652017838,High Yield,Low Yield
0.6020360361167285,-0.6749814441865867,-0.610234966964812,-0.6720167001872543,-0.6712463523550379,1,0,0.4373008966372063,High Yield,Low Yield
-0.1670743508343432,-0.2402318135810045,2.151865401131274,-0.2036492176693023,-0.5502977990898873,1,1,0.5515068078428644,High Yield,High Yield
-1.705295124736487,-0.1112767133556099,2.151865401131274,-0.2653602879902174,-0.0550281916609324,0,1,0.5271500008832543,Low Yield,High Yield
-0.9361847377854152,-0.6900279003002828,2.151865401131274,-0.6963778208138628,-0.6891043524613892,1,1,0.5118005935588644,High Yield,High Yield
-1.3976509699560582,-0.7012110771415436,-0.494074167403658,-0.7047957387132481,-0.6982698462301195,0,0,0.37469572775157056,Low Yield,Low Yield
-0.9361847377854152,0.1062142907974799,0.103628929773297,-0.1022628404718831,0.0278835624639875,0,0,0.4600692290921631,Low Yield,Low Yield
0.2943918813362998,-0.7111887946609541,0.5239735180157784,-0.7110939111772359,-0.7074576815710565,1,0,0.476384777054651,High Yield,Low Yield
-0.1670743508343432,-0.712960674628011,0.1106633849727103,-0.7133877762599395,-0.7099261528417075,1,0,0.4414495509082037,High Yield,Low Yield
0.6020360361167285,0.0408290152918231,2.151865401131274,0.1076584606608177,0.0538858830143009,1,1,0.6275860353158347,High Yield,High Yield
-1.2438288925658438,-0.6002574898381627,0.2857454375598521,-0.6267122768725041,-0.5997892857754497,0,0,0.4207106864393083,Low Yield,Low Yield
1.524968500458015,-0.3666743299186873,-0.7677411358612921,-0.2649530672471299,-0.2288854023264911,1,1,0.5048755645524428,High Yield,High Yield
-0.1670743508343432,1.98105573372698,-1.0189306614659912,1.987934291187635,1.9937021534461856,1,1,0.6096429179177288,High Yield,High Yield
-0.9361847377854152,1.98105573372698,-1.676026709830994,1.2990179832195787,1.7189727442670413,0,0,0.48062226188623575,Low Yield,Low Yield
-0.9361847377854152,-0.7120166402193332,-0.6642136435970434,-0.7127846878837182,-0.708904434600544,1,0,0.38128727244124716,High Yield,Low Yield
-1.3976509699560582,1.98105573372698,-1.6200792060875568,1.987934291187635,1.9937021534461856,0,1,0.5415874155809262,Low Yield,High Yield
0.7558581135069429,-0.3197340343979671,-0.3454277205076051,-0.2658802338954483,-0.2227823386992748,0,0,0.4954402472339237,Low Yield,Low Yield
0.7558581135069429,-0.6943123641550516,-0.1455917687201957,-0.6921479120197878,-0.6865623174773745,1,0,0.46265376341542075,High Yield,Low Yield
0.7558581135069429,-0.6981320726086251,1.0873862096725626,-0.6964947151428422,-0.6912916468720719,1,1,0.519767934378814,High Yield,High Yield
0.6020360361167285,-0.4764001754196285,0.7064181636542012,-0.4557179850495744,-0.4700790217904765,0,1,0.5163671001834718,Low Yield,High Yield
1.3711464230678003,-0.6797161398362632,0.0091252284354091,-0.6726948072902634,-0.6659726514814487,1,0,0.4927195452072789,High Yield,Low Yield
-0.3208964282245576,-0.6967959008301887,1.0506347702633836,-0.6971543281370818,-0.7001421789643262,1,0,0.4807054484989628,High Yield,Low Yield
1.3711464230678003,0.5029846909616377,-0.2405876768358854,0.7734228175114171,0.8871235371282669,1,1,0.6263865588257105,High Yield,High Yield
0.2943918813362998,-0.5633239590494277,0.1106633849727103,-0.5243659150709075,-0.5243804854972388,1,0,0.4750895573112108,High Yield,Low Yield
-0.1670743508343432,-0.3045568658276847,-0.2779953919487993,-0.27301024492046,-0.5720187115224293,1,0,0.4364178699990955,High Yield,Low Yield
-0.474718505614772,1.98105573372698,-0.4837378250698266,1.987934291187635,1.9937021534461856,1,1,0.6234431801265923,High Yield,High Yield
-0.474718505614772,0.7692750122402288,2.151865401131274,0.7135640462665555,0.5136983255183147,0,1,0.6197865587789705,Low Yield,High Yield
-0.6285405830049864,-0.4073694747358465,-0.0049846991949007,-0.4371858162098432,-0.469011530572109,0,0,0.4379716645141185,Low Yield,Low Yield
0.9096801908971572,0.9567311985910756,-0.3792259192499747,1.2742228258301047,1.357658844458742,0,1,0.6450288314762661,Low Yield,High Yield
-0.0132522734441289,-0.642361424465195,-0.7597017584905343,-0.6304303996354106,-0.6648043507299529,0,0,0.41122601950531346,Low Yield,Low Yield
1.217324345677586,-0.6483451502555838,2.151865401131274,-0.6366662426172615,-0.6174696431369373,1,1,0.591004029118953,High Yield,High Yield
0.2943918813362998,-0.5389823949118264,-1.086034852172929,-0.493626683023544,-0.4942422495066957,1,0,0.422730294698374,High Yield,Low Yield
-0.9361847377854152,-0.6897374281745359,0.4611351193831202,-0.6961610854496639,-0.6888427925916514,0,0,0.433202549072404,Low Yield,Low Yield
1.524968500458015,-0.0042667822304035,-0.9067075161272492,0.2042892089504505,0.2742146537027405,1,1,0.5478569704681895,High Yield,High Yield
-0.7823626603952007,1.98105573372698,-0.5496935332952277,1.987934291187635,1.9937021534461856,1,1,0.610683164861934,High Yield,High Yield
0.2943918813362998,1.7849543707335864,-0.3086986535371664,1.987934291187635,1.9937021534461856,0,1,0.6683741406685595,Low Yield,High Yield
-1.705295124736487,-0.0088707654234939,-0.5231143672939467,-0.1890891907821586,0.0563957679309936,0,0,0.41040095307589064,Low Yield,Low Yield
1.524968500458015,1.98105573372698,-0.7498576229345043,1.987934291187635,1.9937021534461856,1,1,0.6737773132035068,High Yield,High Yield
1.524968500458015,1.98105573372698,0.6009218442787464,1.987934291187635,1.9937021534461856,1,1,0.7266793143966065,High Yield,High Yield
1.3711464230678003,1.98105573372698,-0.4346812162156103,1.987934291187635,1.9937021534461856,1,1,0.6820920643247422,High Yield,High Yield
1.3711464230678003,1.4630016021784062,-0.4346812162156103,1.947259293538608,1.9937021534461856,1,1,0.7128434546843867,High Yield,High Yield
0.7558581135069429,-0.7064976698301395,-0.5697099422591553,-0.7060147098153877,-0.7016494177136905,0,0,0.44165682189947386,Low Yield,Low Yield
-1.0900068151756297,-0.713004245446873,-0.7119577010437887,-0.7135300819235476,-0.7097839296625374,0,0,0.3742405138174034,Low Yield,Low Yield
-1.8591172021267013,-0.5927197381750273,-0.2921053195791092,-0.6272336997226041,-0.5698221535330268,0,0,0.37671221940471356,Low Yield,Low Yield
0.1405698039460854,1.835627233070156,-0.4259855631411172,1.987934291187635,1.5851587149091606,1,1,0.6234492405998842,High Yield,High Yield
-0.474718505614772,-0.6617068680399473,1.4816438386915638,-0.6640796422540117,-0.6674711715684883,1,0,0.49816464204382677,High Yield,Low Yield
-1.8591172021267013,-0.2993428911705255,-0.9323022685729272,-0.4167571220613006,-0.2285955068041983,1,0,0.36938048232628173,High Yield,Low Yield
1.524968500458015,-0.6375395871777942,-0.2451816067620326,-0.6156671477618929,-0.6049049608944056,0,0,0.4922102525620013,Low Yield,Low Yield
0.7558581135069429,1.98105573372698,-1.6151571383095418,1.987934291187635,1.9937021534461856,1,1,0.6128652328837294,High Yield,High Yield
-1.705295124736487,1.141398852534751,-0.9705303283155104,0.6676220415080495,1.3079597446265752,1,0,0.4701414357966627,High Yield,Low Yield
0.7558581135069429,-0.6337053551179335,-0.7478887958232985,-0.6231775339494194,-0.6115224255987731,1,0,0.44153111846853027,High Yield,Low Yield
1.524968500458015,-0.7078919360337252,0.6009218442787464,-0.7067587834730731,-0.7025692365889353,1,1,0.522105636335564,High Yield,High Yield
-1.8591172021267013,0.9656632164577968,-0.7213096298220173,0.4907928736961024,1.2427332521107004,0,0,0.4713929290793499,Low Yield,Low Yield
0.7558581135069429,1.98105573372698,-0.7808666499359989,1.987934291187635,1.9937021534461856,1,1,0.6491574553625599,High Yield,High Yield
0.1405698039460854,1.98105573372698,-0.1234424637191281,1.987934291187635,1.9937021534461856,1,1,0.6581118999566272,High Yield,High Yield
-1.2438288925658438,-0.691480260929018,0.2704870274480057,-0.6969441837351604,-0.6887774026242169,0,0,0.4144039707590623,Low Yield,Low Yield
1.3711464230678003,-0.7131785287223212,0.5361146185348822,-0.7136100997090994,-0.7099147095974063,0,1,0.5131540669771708,Low Yield,High Yield
1.3711464230678003,-0.3011583419564444,0.0852532100687076,-0.2098228034287355,-0.1688590469708419,0,1,0.5435819607863854,Low Yield,High Yield
0.6020360361167285,-0.4881062020872339,-0.4876754792922384,-0.4684684249238501,-0.4819374923847161,0,0,0.45960072819363956,Low Yield,Low Yield
0.7558581135069429,-0.6918288274799145,1.0873862096725626,-0.6893216636013758,-0.683487354258769,1,1,0.5204768334291023,High Yield,High Yield
-1.8591172021267013,-0.669999847230025,1.1226610287483367,-0.68267656456101,-0.6597066578520414,0,0,0.43479523709249185,Low Yield,Low Yield
-0.0132522734441289,-0.7131930523286086,0.1106633849727103,-0.7136313506356458,-0.7099828241468172,0,0,0.4465884346004801,Low Yield,Low Yield
-0.0132522734441289,-0.6461085148873317,-1.0097428016136965,-0.634831844244404,-0.6671943540396825,0,0,0.3997253043119226,Low Yield,Low Yield
0.6020360361167285,-0.710854751716345,-0.284394080060219,-0.7110906288342279,-0.7075868267567396,0,0,0.44914611217388206,Low Yield,Low Yield
1.217324345677586,-0.5613342249880605,2.151865401131274,-0.5333980121185858,-0.4934150664186498,1,1,0.6020726468954406,High Yield,High Yield
-0.6285405830049864,-0.5325920081453918,-0.0227041431957546,-0.550387261870544,-0.5676751829355954,0,0,0.4301136300805525,Low Yield,Low Yield
1.217324345677586,-0.2470579085360598,-1.5587174277883031,-0.1604016442733445,-0.0453401230691217,1,0,0.47166881756191736,High Yield,Low Yield
-0.9361847377854152,-0.7058876783660708,2.151865401131274,-0.7082115716991219,-0.7033855213490754,0,1,0.510926481699466,Low Yield,High Yield
-0.9361847377854152,-0.6547355370220185,0.5622015777583614,-0.6700444740636984,-0.6573248282882411,0,0,0.4397486180667894,Low Yield,Low Yield
0.1405698039460854,-0.7109999877792186,-0.0248370392328944,-0.7108795625734631,-0.7079889750564614,0,0,0.44568040644252255,Low Yield,Low Yield
-1.3976509699560582,-0.7130913870845972,-0.6195868957430406,-0.7135876729198478,-0.709859128125087,0,0,0.368539136919807,Low Yield,Low Yield
0.7558581135069429,-0.173248941383739,-1.2317280584021733,-0.0991811605147307,-0.0414134555246824,0,0,0.47055339278682196,Low Yield,Low Yield
-1.3976509699560582,-0.5244587886244749,0.4342278155299714,-0.5739915341969662,-0.5258474004333519,1,0,0.42667720741855014,High Yield,Low Yield
-0.6285405830049864,-0.7131494815097466,0.1106633849727103,-0.7136116149735167,-0.7099375960860084,1,0,0.42609429957063616,High Yield,Low Yield
1.678790577848229,-0.6344460590385884,-0.0872688324091677,-0.5986790158458958,-0.6006104747831474,1,1,0.5061799051894409,High Yield,High Yield
1.0635022682873716,-0.5560766795120393,-0.2650339468000267,-0.5321230758638307,-0.5036120869236587,1,0,0.48419684502561583,High Yield,Low Yield
1.524968500458015,-0.712510442833103,-0.0822611633097361,-0.7127387876341291,-0.7089807228958842,1,0,0.4895599459737619,High Yield,Low Yield
-1.8591172021267013,-0.5269278016933246,-0.3462480651372743,-0.5800327642371732,-0.4932995441428489,0,0,0.378989549893147,Low Yield,Low Yield
1.0635022682873716,-0.1724356194316474,-0.3544515114339659,-0.0889193190976681,0.0001767434292158,0,1,0.5261322027149073,Low Yield,High Yield
0.9096801908971572,1.98105573372698,0.5740145404255975,1.987934291187635,1.9937021534461856,0,1,0.7087790472004983,Low Yield,High Yield
1.3711464230678003,-0.7074997986639668,1.3157701545724585,-0.7066665756918403,-0.7024575287279013,0,1,0.5501372966183268,Low Yield,High Yield
-1.2438288925658438,-0.6368715012885761,1.5049416261741686,-0.6549012017571971,-0.6355063758209427,0,0,0.47472187173732927,Low Yield,Low Yield
0.2943918813362998,1.98105573372698,-0.0343530369370567,1.987934291187635,1.9937021534461856,1,1,0.666496862445764,High Yield,High Yield
-0.1670743508343432,-0.1613686314406855,-0.5157312656269242,-0.1186118778693957,-0.5236677348522032,0,0,0.4300013668183445,Low Yield,Low Yield
0.7558581135069429,-0.7129025802028616,0.1909135983700965,-0.7133034557365553,-0.7095795860143047,0,0,0.4762347571788729,Low Yield,Low Yield
-1.0900068151756297,-0.7031427167777613,-0.7815229256397342,-0.7064923213786936,-0.7005339738525377,1,0,0.37171506387775327,High Yield,Low Yield
-0.9361847377854152,1.5789951099726538,-1.1147469142113495,0.9966504766257164,1.3540705699957756,1,0,0.4842615119953748,High Yield,Low Yield
-1.3976509699560582,-0.6839279856595952,0.886893982181418,-0.6920055165789526,-0.6814101329599342,0,0,0.4378875167839336,Low Yield,Low Yield
1.0635022682873716,-0.1933931833042957,-0.7460840376380262,-0.1131306770766033,-0.0273442591147628,1,1,0.5053317711580668,High Yield,High Yield
1.3711464230678003,-0.0388039179817255,0.0852532100687076,0.1109644544939439,0.175658894785521,0,1,0.5759611555593728,Low Yield,High Yield
-0.474718505614772,-0.4682379086861369,-0.0819330254578684,-0.4778220142215491,-0.5077768829328385,0,0,0.43794032115041,Low Yield,Low Yield
0.1405698039460854,1.98105573372698,-1.0246730738736751,1.987934291187635,1.9937021534461856,1,1,0.6192607954469806,High Yield,High Yield
0.6020360361167285,-0.7120311638256205,-0.0302513137887108,-0.7123720005833796,-0.7087785589132326,1,0,0.4608218988971986,High Yield,Low Yield
-0.474718505614772,1.98105573372698,0.160724915998271,1.987934291187635,1.9937021534461856,1,1,0.651279261773881,High Yield,High Yield
0.4482139587265142,-0.6939347503915805,0.8450564060682905,-0.691741505840809,-0.6875453466544725,0,0,0.49838248379846123,Low Yield,Low Yield
0.6020360361167285,-0.6862953334844335,1.1096995835995638,-0.6843400161451461,-0.6827075788971131,0,1,0.5163281107020801,Low Yield,High Yield
-1.705295124736487,-0.4585651868987608,-0.0568304797899919,-0.5240178509513721,-0.4328993761400327,0,0,0.4006556932925192,Low Yield,Low Yield
-0.3208964282245576,-0.5410156997920557,1.0439079443000967,-0.540498716353191,-0.6066258068707225,1,0,0.4879946439007703,High Yield,Low Yield
-1.0900068151756297,-0.7089085884738399,2.0670417664234817,-0.7106071828460088,-0.7059422690757629,0,1,0.5015914866230216,Low Yield,High Yield
0.7558581135069429,-0.5792127843277903,-0.7478887958232985,-0.5611653464296442,-0.5440530571998964,0,0,0.4475940674897737,Low Yield,Low Yield
-0.7823626603952007,-0.3652800637151016,-0.3598657859897823,-0.4295140937762652,-0.4358490085877221,0,0,0.41680545591198054,Low Yield,Low Yield
0.6020360361167285,0.0764989923335586,-0.0302513137887108,0.146510917647444,0.0900203790185839,1,1,0.5316525649142589,High Yield,High Yield
0.1405698039460854,-0.6906814625832137,-0.444853489623508,-0.6854367084743723,-0.6896928621682993,1,0,0.42821355918722365,High Yield,Low Yield
1.217324345677586,-0.7131349579034593,0.1782802910731912,-0.7135615149014529,-0.7098427806332285,0,0,0.49123138248773945,Low Yield,Low Yield
-1.3976509699560582,1.98105573372698,-1.0563383765789054,1.987934291187635,1.9937021534461856,0,1,0.5676139782467153,Low Yield,High Yield
1.217324345677586,-0.6690412892150598,-0.8186025029007805,-0.661229291934673,-0.6469768659417378,0,0,0.4506282035982052,Low Yield,Low Yield
-0.0132522734441289,-0.6927147674634428,-0.651744405226072,-0.6895769440516122,-0.6969211781517838,0,0,0.41296814273641097,Low Yield,Low Yield
-1.0900068151756297,-0.5762790158577453,-1.662408988978486,-0.615955004207413,-0.581537856031701,0,0,0.3404784108910164,Low Yield,Low Yield
1.524968500458015,-0.6145922892437787,-0.7677411358612921,-0.5859551774019289,-0.5730491484259174,0,0,0.4709620737432228,Low Yield,Low Yield
-1.3976509699560582,-0.0008682583591632,-0.7080200468213768,-0.1865122920427774,-0.0150830953044061,1,0,0.4058621212521234,High Yield,Low Yield
-1.5514730473462726,-0.6027991209384493,2.151865401131274,-0.6253381105056112,-0.598124021271452,1,0,0.4972683621398585,High Yield,Low Yield
0.9096801908971572,-0.0375984586598753,-0.2711044970595783,0.0905875661847786,0.1265406758307304,0,1,0.5384399558967079,Low Yield,High Yield
0.9096801908971572,-0.7117116444872987,0.3370990113771419,-0.7118667606258752,-0.7081050422486577,0,0,0.48840043557042123,Low Yield,Low Yield
-0.1670743508343432,-0.7039415151235656,2.151865401131274,-0.7036625114319944,-0.7068806151084474,0,1,0.5367989782523209,Low Yield,High Yield
1.0635022682873716,-0.7125685372582525,0.0110940555466152,-0.7129112825325947,-0.7091136824963342,0,0,0.47828787336401973,Low Yield,Low Yield
-0.6285405830049864,1.98105573372698,-1.3949766397063377,1.987934291187635,1.9937021534461856,1,1,0.5776176358480766,High Yield,High Yield
-1.2438288925658438,-0.7123506831639422,-1.2391111600691955,-0.7130122063687596,-0.7091365689849364,1,0,0.34676729393941697,High Yield,Low Yield
0.1405698039460854,-0.7121618762822066,-0.1378805292013058,-0.7123344791766991,-0.7090352145354128,0,0,0.4403598295094624,Low Yield,Low Yield
0.6020360361167285,-0.7125249664393905,2.151865401131274,-0.7129098603299371,-0.7092787921641062,1,1,0.5623540798172252,High Yield,High Yield
-0.0132522734441289,0.2149525310708812,-0.8520725637912827,0.376596243094316,-0.1179845624740407,1,0,0.4613324927691833,High Yield,Low Yield
-0.3208964282245576,-0.7089376356864147,0.914129423886434,-0.7093642937767733,-0.7074309806676874,0,0,0.4737471137514391,Low Yield,Low Yield
1.3711464230678003,0.9693667360610716,-0.3966172253989608,1.3436797055989438,1.4995659721194277,1,1,0.6728804886672617,High Yield,High Yield
-1.8591172021267013,1.0774949848704038,-0.9323022685729272,0.5710240443887775,1.3728047956657488,0,0,0.46995474803501547,Low Yield,Low Yield
-0.7823626603952007,0.07391379041441,-0.5170438170343947,-0.0708210512601179,-0.0898053009245551,0,0,0.4314305257081018,Low Yield,Low Yield
0.4482139587265142,-0.6988873001355673,-0.435009354067478,-0.6973715014389734,-0.6933056578690533,1,0,0.43834671169062017,High Yield,Low Yield
0.1405698039460854,1.98105573372698,-0.0811126808281992,1.987934291187635,1.9937021534461856,1,1,0.6598901626300718,High Yield,High Yield
-0.7823626603952007,-0.4798567937160182,-0.3598657859897823,-0.5230898018586028,-0.526124762878553,1,0,0.41115581029421844,High Yield,Low Yield
-0.6285405830049864,-0.7129751982342983,0.5818898488704215,-0.7134540625091316,-0.709800277154396,0,0,0.4477733032615288,Low Yield,Low Yield
-1.0900068151756297,-0.6116004263485844,-1.7478888993900132,-0.6411624175285984,-0.6146687728651612,0,0,0.33513638233464144,Low Yield,Low Yield
-0.474718505614772,-0.7126266316834019,-0.3623268198787899,-0.7131014306994597,-0.7095016629697787,0,0,0.40968899389048163,Low Yield,Low Yield
1.3711464230678003,-0.7126411552896893,0.4890268367918719,-0.7129530398916094,-0.7092090428655096,0,1,0.5110219311684646,Low Yield,High Yield
0.4482139587265142,-0.6406476389232875,-0.6537132323372778,-0.6311653948447228,-0.6255671007709047,1,0,0.4343759999391873,High Yield,Low Yield
0.7558581135069429,-0.6786994873961486,2.151865401131274,-0.6743805608514086,-0.6672314083545621,1,1,0.5712289792589066,High Yield,High Yield
-1.705295124736487,1.98105573372698,-1.1149109831372837,1.987934291187635,1.9937021534461856,1,1,0.5546555187062878,High Yield,High Yield
-1.5514730473462726,-0.691480260929018,0.6809874801344571,-0.6962872771958629,-0.6879600280312861,0,0,0.42305336289338646,Low Yield,Low Yield
0.6020360361167285,-0.6021891294743805,0.083940658661237,-0.5927298457829501,-0.5975060860791963,0,0,0.4759806060781375,Low Yield,Low Yield
-1.2438288925658438,1.98105573372698,-0.597601659667907,1.987934291187635,1.9937021534461856,1,1,0.5935638185262447,High Yield,High Yield
-0.9361847377854152,0.3105033368353672,0.4611351193831202,0.0501671411691917,0.2118386188506128,0,0,0.48795996065856173,Low Yield,Low Yield
0.6020360361167285,-0.6696948514979907,-0.0266417974181664,-0.6662584370182266,-0.6658909140221556,1,0,0.46477805767252117,High Yield,Low Yield
1.3711464230678003,-0.3507011224877952,-0.4346812162156103,-0.2703999893428888,-0.2339175145162298,1,1,0.5131846974889019,High Yield,High Yield
1.524968500458015,1.98105573372698,-0.4911209267368491,1.987934291187635,1.9937021534461856,1,1,0.6843182903055678,High Yield,High Yield
-0.0132522734441289,-0.5627430147979336,-0.6087583466314076,-0.5369082316257143,-0.6140214121875601,0,0,0.4230806210127104,Low Yield,Low Yield
-0.1670743508343432,0.5293305127668934,0.281971852263374,0.6261617443891968,-0.2904364337561539,0,0,0.4889031292195497,Low Yield,Low Yield
-1.2438288925658438,1.189326753283011,-0.5436229830356758,0.7510787327930986,1.1459561003076983,0,0,0.49446807890329597,Low Yield,Low Yield
-1.3976509699560582,-0.6671532203977041,-1.0563383765789054,-0.679591477448607,-0.6650462936094604,0,0,0.3523058014611064,Low Yield,Low Yield
1.0635022682873716,-0.6806892214575158,0.7033008540614583,-0.6760825016845263,-0.6672504804283971,1,1,0.5144555236277306,High Yield,High Yield
1.3711464230678003,-0.6681698728378187,2.151865401131274,-0.6585769004009515,-0.650810352782583,0,1,0.5932056435490956,Low Yield,High Yield
0.1405698039460854,-0.6838698912344457,-0.444853489623508,-0.6769072598879009,-0.6835592832229469,1,0,0.42883054354014083,High Yield,Low Yield
-0.9361847377854152,-0.5011193533207009,0.2617913743735126,-0.5554239767071188,-0.5189988911773826,1,0,0.4342680347572416,High Yield,Low Yield
0.1405698039460854,1.98105573372698,-0.1150749484965028,1.987934291187635,1.9937021534461856,1,1,0.6584637715451479,High Yield,High Yield
0.4482139587265142,1.98105573372698,-0.6742218480790071,1.987934291187635,1.9937021534461856,0,1,0.6441908375534925,Low Yield,High Yield
-0.474718505614772,-0.6520486698588585,-1.274221910219036,-0.654781442220862,-0.6594990447054371,1,0,0.37284474657479827,High Yield,Low Yield
0.2943918813362998,0.2975773272396243,-0.7820151324175357,0.5628051582223571,0.5415348346551647,0,1,0.5381800092099018,Low Yield,High Yield
1.524968500458015,-0.7125685372582525,-0.5503498089989628,-0.7128140078122556,-0.7090613705223866,0,0,0.4677188517665515,Low Yield,Low Yield
0.9096801908971572,-0.6671241731851294,1.5869760891410851,-0.6587904968467367,-0.6528995622421141,0,1,0.5518208436980679,Low Yield,High Yield
0.6020360361167285,-0.7043191288870368,-0.50014471766321,-0.7039718968944959,-0.7009660925540004,1,0,0.43976834412673593,High Yield,Low Yield
0.4482139587265142,0.4149716368602871,-0.5211455401827406,0.5688491801153561,0.6022238083474831,0,1,0.5521109104332462,Low Yield,High Yield
-1.5514730473462726,-0.7126411552896893,1.91757497489776,-0.713217007930828,-0.7093964941054882,0,0,0.4787902471665306,Low Yield,Low Yield
-1.0900068151756297,-0.6999184761819692,1.9896012333827129,-0.7041913157219077,-0.6975096878586938,1,0,0.4984750107321983,High Yield,Low Yield
1.524968500458015,-0.701022270259808,2.151865401131274,-0.6978639974096156,-0.6930326547550144,0,1,0.5943993391157186,Low Yield,High Yield
0.7558581135069429,-0.6653232460054979,0.8726199856251744,-0.6591584860364531,-0.6506697643525989,1,1,0.5134335527643561,High Yield,High Yield
-0.0132522734441289,-0.7099978589453912,-0.651744405226072,-0.7098781808140234,-0.7079448368284432,0,0,0.41188757444460994,Low Yield,Low Yield
0.7558581135069429,0.6664769269383544,-1.7487092440196823,0.8564213602790753,0.9982837571848742,1,1,0.5408599315081248,High Yield,High Yield
-1.705295124736487,1.98105573372698,1.619789874327852,1.987934291187635,1.9937021534461856,1,1,0.674966533361177,High Yield,High Yield
1.3711464230678003,-0.7108983225352071,2.151865401131274,-0.7108220350781285,-0.7069203940053034,1,1,0.5880295770910673,High Yield,High Yield
1.524968500458015,-0.6058345546525058,-0.7498576229345043,-0.5746157355493605,-0.5608915187306653,0,0,0.472990641765728,Low Yield,Low Yield
-1.705295124736487,-0.711058082204368,-0.9559281939073992,-0.7120724566756812,-0.7076271505699908,0,0,0.344691546251723,Low Yield,Low Yield
-0.474718505614772,0.8502876881110759,-1.702769944758209,0.7915570684995015,0.5805682858823755,0,0,0.4474516534502286,Low Yield,Low Yield
0.1405698039460854,-0.7000201414259808,1.6097816698458882,-0.6971306006728822,-0.698102011980371,0,1,0.5228600468137031,Low Yield,High Yield
0.9096801908971572,-0.7027070085891408,-0.8090865051966183,-0.701147775758427,-0.6969560528010821,0,0,0.43622859815921433,Low Yield,Low Yield
0.2943918813362998,-0.7100850005831154,1.523332261384814,-0.7097000080533697,-0.7060910312516763,1,1,0.5231910672813728,High Yield,High Yield
-1.5514730473462726,0.1206798026596821,0.1922261497775671,-0.0465202609300786,0.1347765422291007,0,0,0.45547022635324785,Low Yield,Low Yield
1.524968500458015,1.98105573372698,-0.4911209267368491,1.987934291187635,1.9937021534461856,1,1,0.6843182903055678,High Yield,High Yield
-0.0132522734441289,1.98105573372698,-1.2819331497379265,1.987934291187635,1.9937021534461856,1,1,0.6028804867891783,High Yield,High Yield
-0.3208964282245576,1.98105573372698,-0.0719248209759047,1.987934291187635,1.9937021534461856,0,1,0.6461163880936884,Low Yield,High Yield
1.524968500458015,-0.701603214511302,2.151865401131274,-0.6986161991908805,-0.6938391310200394,1,1,0.5943226259930383,High Yield,High Yield
-0.9361847377854152,-0.7132075759348959,-0.6642136435970434,-0.7136733028769336,-0.7099768300664692,1,0,0.3812253040072227,High Yield,Low Yield
-0.0132522734441289,1.98105573372698,-1.6338609958659989,1.987934291187635,1.9937021534461856,1,1,0.5870275615297288,High Yield,High Yield
1.0635022682873716,1.98105573372698,-0.1162234309780397,1.987934291187635,1.9937021534461856,1,1,0.6859521884450978,High Yield,High Yield
1.217324345677586,1.98105573372698,-0.3898903994356738,1.987934291187635,1.9937021534461856,1,1,0.6793833207878495,High Yield,High Yield
-1.3976509699560582,-0.3267925070536199,-0.494074167403658,-0.4277100860896041,-0.3330232847970324,0,0,0.3963511859959247,Low Yield,Low Yield
1.217324345677586,-0.7100123825516786,-0.8186025029007805,-0.7098555109693523,-0.7053908136837322,0,0,0.4452729322719529,Low Yield,Low Yield
-0.474718505614772,-0.61178923323032,-0.5157312656269242,-0.616022629451101,-0.6262678632552441,0,0,0.4090708575240931,Low Yield,Low Yield
-0.0132522734441289,1.98105573372698,-1.2291029555872317,1.987934291187635,1.9937021534461856,0,1,0.6052426044824826,Low Yield,High Yield
-0.9361847377854152,-0.7120602110381952,2.151865401131274,-0.7128171981883481,-0.7089436685810047,1,1,0.5105862641275402,High Yield,High Yield
1.3711464230678003,-0.2064789525691995,-0.0276262109737696,-0.0940559669363779,-0.0445281976401438,0,1,0.5501075202535045,Low Yield,High Yield
-1.2438288925658438,1.1182482241127123,-0.1971094114634195,0.6963557663568877,1.076618758505777,1,1,0.5061663928272622,High Yield,High Yield
-0.6285405830049864,-0.6263128395176715,-0.5487091197396246,-0.6351110995936362,-0.6415184384101461,0,0,0.4010279432245671,Low Yield,Low Yield
0.1405698039460854,1.98105573372698,0.0358684633626239,1.987934291187635,1.9937021534461856,0,1,0.6647810200139547,Low Yield,High Yield
0.6020360361167285,0.0920392510610248,0.1382474731453361,0.1634376802596956,0.1057630136784304,1,1,0.5408768155807183,High Yield,High Yield
-1.705295124736487,-0.6526586613229273,-0.1744678996845506,-0.668577054339331,-0.6440849946319487,1,0,0.3823001151412302,High Yield,Low Yield
0.6020360361167285,-0.0785695519964941,0.9397241763321124,-0.022392862175931,-0.0670675744984072,1,1,0.5627418751941896,High Yield,High Yield
0.2943918813362998,-0.7121473526759193,0.3241375662283693,-0.7123044059953302,-0.708644509479992,0,0,0.46695907767136247,Low Yield,Low Yield
-0.3208964282245576,-0.5896116864295341,0.4375091940486481,-0.5893677893560717,-0.6357984510088167,1,0,0.4573811324983296,High Yield,Low Yield
0.7558581135069429,-0.3356519068889044,1.6998555101835622,-0.2839946682029306,-0.2424908748840213,0,1,0.5882998229256217,Low Yield,High Yield
-1.2438288925658438,1.98105573372698,-0.6761906751902131,1.987934291187635,1.9937021534461856,0,1,0.5900146823961906,Low Yield,High Yield
-0.6285405830049864,0.8805839308264912,-0.0049846991949007,0.727126895596111,0.5457753740432895,1,1,0.5113864337073988,High Yield,High Yield
-0.7823626603952007,0.3222674579281219,-1.0620807889865895,0.1320113239722271,0.105874176623069,1,0,0.418866164909698,High Yield,Low Yield
1.524968500458015,-0.7128735329902869,2.151865401131274,-0.7132089137474197,-0.7094847705615248,0,1,0.5928334844357185,Low Yield,High Yield
-0.1670743508343432,-0.6979432657268895,2.151865401131274,-0.6971946621985945,-0.7048551608671649,1,1,0.5369896947433483,High Yield,High Yield
-0.1670743508343432,-0.6933683297463737,1.4393140558006352,-0.6922615568510861,-0.7033103228865258,1,1,0.5039017835073291,High Yield,High Yield
1.217324345677586,-0.6517146269142494,-0.3980938457323655,-0.6406652794184119,-0.622273626077789,1,0,0.4724372310317422,High Yield,Low Yield
-1.3976509699560582,-0.7116680736684367,0.0759012812904794,-0.7125343605087882,-0.7084706811498953,0,0,0.3993619961339421,Low Yield,Low Yield
-1.705295124736487,-0.6987420640726938,0.2147035926305023,-0.7028995889360082,-0.6942265665770886,1,0,0.39648826325763853,High Yield,Low Yield
1.217324345677586,-0.6318027626942904,1.2000418997648792,-0.6170330403909233,-0.5938845717161179,0,1,0.5495675647912749,Low Yield,High Yield
1.217324345677586,-0.7053793521460134,0.7594124267308293,-0.7043568353677703,-0.6987853371400611,0,1,0.5194053575566678,Low Yield,High Yield
0.2943918813362998,-0.5691043543517936,-0.8441972553464585,-0.5316655656406273,-0.5315374174329405,0,0,0.4301970433701603,Low Yield,Low Yield
-1.0900068151756297,0.0986329683154824,-1.1536312496576684,-0.1342985498342694,0.0515187661931734,0,0,0.3976966647647404,Low Yield,Low Yield
0.4482139587265142,1.98105573372698,-0.5211455401827406,1.987934291187635,1.9937021534461856,0,1,0.6507226432708609,Low Yield,High Yield
-1.0900068151756297,-0.4744830593896981,1.8854174654147284,-0.543307487773125,-0.4860548806675059,1,1,0.5062130817371197,High Yield,High Yield
-0.6285405830049864,0.2871784251378805,-0.4784876194399439,0.1906870131088796,0.0782272983917789,0,0,0.45540394392443123,Low Yield,Low Yield
-0.474718505614772,-0.4601918308029442,-0.720653354118282,-0.4700758445698725,-0.5011354419070785,0,0,0.4093033598991548,Low Yield,Low Yield
-0.0132522734441289,-0.4474836753015115,-0.6146648279650256,-0.4015211602421044,-0.5405056514665768,1,0,0.43008437670609717,High Yield,Low Yield
1.217324345677586,-0.7129316274154363,0.3531777661186579,-0.7133201937151766,-0.7095528851109357,1,0,0.4994313589574945,High Yield,Low Yield
1.217324345677586,-0.3729560801100927,-0.9304975103876548,-0.3098228964138158,-0.2248376325623631,1,0,0.48436760336602963,High Yield,Low Yield
-1.705295124736487,-0.7128299621714248,0.8004296582142877,-0.7133921381193605,-0.7095550647765168,1,0,0.4219878556939324,High Yield,Low Yield
-0.0132522734441289,1.98105573372698,-1.0097428016136965,1.987934291187635,1.6975008586271454,1,1,0.5909769277113284,High Yield,High Yield
1.524968500458015,1.98105573372698,-0.9067075161272492,1.987934291187635,1.9937021534461856,1,1,0.6672997216230064,High Yield,High Yield
-0.474718505614772,-0.677682834956034,0.6516191423923007,-0.6794601235118534,-0.6806581483344379,0,0,0.45843413102681185,Low Yield,Low Yield
-1.5514730473462726,-0.6502332190729395,1.1904214951590095,-0.6632876647817924,-0.6461758388406657,1,0,0.44925312183397614,High Yield,Low Yield
0.9096801908971572,-0.4739747331696408,-0.8090865051966183,-0.4288682714399741,-0.4137537385916178,1,0,0.46259954383231955,High Yield,Low Yield
-0.1670743508343432,-0.6640015978333489,1.8993633241191044,-0.6605957187156514,-0.6933939343250898,1,1,0.5263172154553212,High Yield,High Yield
1.3711464230678003,-0.5699176763038853,-0.3966172253989608,-0.5384415040409578,-0.5217877732884624,1,0,0.4875115532528871,High Yield,Low Yield
0.7558581135069429,1.98105573372698,-0.1516623189797476,1.987934291187635,1.9937021534461856,0,1,0.6754553033155271,Low Yield,High Yield
-0.7823626603952007,1.301594229884239,-0.3598657859897823,0.9318351287626968,0.8774921398415662,1,1,0.5007242162669638,High Yield,High Yield
-0.0132522734441289,-0.7100123825516786,0.1106633849727103,-0.7098952406768491,-0.7079541004071631,0,0,0.4467912566158846,Low Yield,Low Yield
0.1405698039460854,-0.6682279672629682,1.6097816698458882,-0.6573204451168353,-0.669474284237564,1,1,0.5257928572093813,High Yield,High Yield
-0.3208964282245576,0.0206121553398297,0.4375091940486481,0.0242852205928325,-0.2694751347786421,1,0,0.4870936664345634,High Yield,Low Yield
0.7558581135069429,0.2448856836291127,0.1909135983700965,0.376653295427254,0.476295264145803,0,1,0.5833254561328162,Low Yield,High Yield
0.4482139587265142,1.98105573372698,0.1034648608473633,1.987934291187635,1.9937021534461856,1,1,0.6767737160180225,High Yield,High Yield
-0.6285405830049864,-0.6971444673810852,2.151865401131274,-0.6991430469941509,-0.6973271408662727,1,1,0.5218488922097637,High Yield,High Yield
0.6020360361167285,-0.6206486330656044,-1.0274622456145506,-0.6128363086616155,-0.6162059820162664,0,0,0.4229766532070185,Low Yield,Low Yield
1.3711464230678003,-0.3538064147480939,-0.2405876768358854,-0.2741969071693086,-0.2379953146229021,1,1,0.521856021929843,High Yield,High Yield
-0.9361847377854152,-0.5915578496720392,-0.8195869164563835,-0.6229045323504412,-0.6004355566202602,0,0,0.3807033345860429,Low Yield,Low Yield
-1.0900068151756297,0.4961585960065824,-0.7815229256397342,0.149398863822871,0.4243914325783045,1,0,0.43620426572568416,High Yield,Low Yield
0.9096801908971572,-0.6118473276554693,2.001578264975882,-0.5929897607088213,-0.5844591528268356,0,1,0.5772024285357034,Low Yield,High Yield
-0.0132522734441289,-0.7103609491025751,-0.2317279548354582,-0.7103046773846623,-0.7081764262964403,0,0,0.43100748275339074,Low Yield,Low Yield
-0.7823626603952007,0.0656208112243322,-0.9603580549076128,-0.0775939919769407,-0.0963393934204436,1,0,0.4108197718595599,High Yield,Low Yield
-0.1670743508343432,-0.7129025802028616,-0.4089223948439983,-0.7133251336523522,-0.709906535851477,1,0,0.4176550310677342,High Yield,Low Yield
0.4482139587265142,-0.7132220995411833,-1.501621441563329,-0.7136671191967103,-0.709978464815655,1,0,0.38856199291598825,High Yield,Low Yield
1.0635022682873716,1.98105573372698,0.7033008540614583,1.987934291187635,1.9937021534461856,1,1,0.7179808271705667,High Yield,High Yield
-0.6285405830049864,-0.3203585494683232,-0.5487091197396246,-0.3585277483655777,-0.4004550539646343,0,0,0.41796865756206264,Low Yield,Low Yield
0.6020360361167285,0.3015277481497839,-1.0274622456145506,0.3916167680345727,0.3179796139902298,0,1,0.5053376453042336,Low Yield,High Yield
1.524968500458015,-0.4830374634929482,-0.9067075161272492,-0.4156190840344908,-0.3904225982110022,1,0,0.48245508196899933,High Yield,Low Yield
1.217324345677586,-0.6948642611939709,0.7594124267308293,-0.6918770825917661,-0.6837935972729204,1,1,0.520792594596343,High Yield,High Yield
1.0635022682873716,1.98105573372698,-1.0773391990984358,1.987934291187635,1.9937021534461856,1,1,0.646019507721181,High Yield,High Yield
0.1405698039460854,-0.5531138638294195,0.0850891411427739,-0.5131745826512217,-0.5658181078604566,0,0,0.46525826839655016,Low Yield,Low Yield
0.4482139587265142,1.98105573372698,-0.5449355344431465,1.987934291187635,1.9937021534461856,1,1,0.6497111508396428,High Yield,High Yield
0.6020360361167285,1.98105573372698,-0.610234966964812,1.987934291187635,1.9937021534461856,0,1,0.6516725871156368,Low Yield,High Yield
-0.7823626603952007,0.8541219201709367,-1.4479709027829657,0.5663810070721383,0.5249257829268117,0,0,0.42764447717925347,Low Yield,Low Yield
-1.705295124736487,-0.626124032635936,-1.2773392198117788,-0.648814283867182,-0.6152136892604484,0,0,0.3366088809255296,Low Yield,Low Yield
1.524968500458015,-0.7006010856774748,1.4530958455790774,-0.6973186511181985,-0.6924479594628713,0,1,0.5626151203171071,Low Yield,High Yield
0.2943918813362998,-0.5862131625582938,-0.9675770876487012,-0.5532710640605523,-0.5527204973833341,0,0,0.42251644202510896,Low Yield,Low Yield
1.217324345677586,0.1323132112958507,-0.4186024614740947,0.2898519776355027,0.4955428010601366,1,1,0.5744949561932853,High Yield,High Yield
-1.5514730473462726,-0.6253688051089936,-0.7936640261588379,-0.6433949406786625,-0.6209876233849113,1,0,0.3617507245948041,High Yield,Low Yield
0.4482139587265142,0.6021663982979616,0.1034648608473633,0.7816498055251555,0.8199500583320312,1,1,0.6000066992375546,High Yield,High Yield
1.3711464230678003,-0.6644082588093947,1.650142625625611,-0.6539774816785217,-0.6458706856593048,1,1,0.5708509669788002,High Yield,High Yield
-1.5514730473462726,-0.3505386033334398,2.151865401131274,-0.4235175935971632,-0.342578393788393,1,1,0.5145827375321136,High Yield,High Yield
-1.0900068151756297,0.1116751667615241,-1.49095696137763,-0.1249908783036672,0.0637521392673705,1,0,0.3833826477709137,High Yield,Low Yield
0.6020360361167285,-0.6039610094414374,-0.610234966964812,-0.594659813108833,-0.5993010406852723,0,0,0.44360072223872643,Low Yield,Low Yield
0.4482139587265142,1.98105573372698,-0.6537132323372778,1.987934291187635,1.9937021534461856,1,1,0.645069129531691,High Yield,High Yield
0.6020360361167285,-0.6890257714664556,0.4352122290855746,-0.687314064155523,-0.6854735745195908,1,0,0.4845702939570175,High Yield,Low Yield
0.6020360361167285,-0.702009875487348,2.151865401131274,-0.7014566116091239,-0.6986267664690325,0,1,0.5632853130208623,Low Yield,High Yield
-1.0900068151756297,-0.7025472489199799,0.3989529964541972,-0.7060673608745124,-0.6999754345473683,1,0,0.42456769659001214,High Yield,Low Yield
-0.1670743508343432,-0.6468492188079866,-0.3331225510625676,-0.6421004888254691,-0.6876020179595824,0,0,0.4231659691063825,Low Yield,Low Yield
-1.8591172021267013,-0.7125394900456778,2.151865401131274,-0.713195668321899,-0.7091845216277215,0,0,0.4793324053631215,Low Yield,Low Yield
-0.6285405830049864,-0.6274747280206596,-0.0049846991949007,-0.6361614493562036,-0.6424338979542287,0,0,0.42560541700124077,Low Yield,Low Yield
-1.3976509699560582,-0.7109418933540691,-0.2524006395031214,-0.7119969562174312,-0.707762289836022,0,0,0.3847769906847813,Low Yield,Low Yield
1.3711464230678003,-0.7130768634783098,-0.4346812162156103,-0.7134857910949797,-0.7097812050805611,0,0,0.46784317776315204,Low Yield,Low Yield
0.7558581135069429,-0.6162770275731115,-0.5022776137003497,-0.6033442117149498,-0.589943736345401,1,0,0.454828055716178,High Yield,Low Yield
0.7558581135069429,-0.713251146753758,-0.0609322029383378,-0.7137001221812448,-0.7100111597993722,0,0,0.4644673066172207,Low Yield,Low Yield
0.2943918813362998,-0.6980594545771883,-0.1057230197182742,-0.69451380033546,-0.6912017356668495,1,0,0.4487185435822478,High Yield,Low Yield
-0.0132522734441289,1.431696695006334,-0.0604399961605363,1.8058203710308949,0.65809027194151,0,1,0.5761364535126506,Low Yield,High Yield
-0.474718505614772,1.98105573372698,-1.274221910219036,1.987934291187635,1.9937021534461856,0,1,0.5881717126191343,Low Yield,High Yield
-1.8591172021267013,-0.6451790040849412,2.151865401131274,-0.664869412520259,-0.6308375321461223,1,0,0.4843960511997331,High Yield,Low Yield
-0.3208964282245576,-0.5701210067919082,-0.5331225717759104,-0.5697675813555142,-0.6240980061692104,0,0,0.4137377454418911,Low Yield,Low Yield
-1.8591172021267013,0.9537393356958812,0.2124066276674285,0.4822383553664029,1.2288645849342463,0,1,0.5140985349631454,Low Yield,High Yield
1.217324345677586,-0.7065848114678637,2.151865401131274,-0.7057875252578371,-0.7005040034507969,1,1,0.5835427631417606,High Yield,High Yield
-1.3976509699560582,0.506717257777487,-1.6200792060875568,0.1891225595299041,0.4800682652667715,0,0,0.394687462260069,Low Yield,Low Yield
-1.0900068151756297,-0.6203145901209953,-0.4336968026600074,-0.6473813517361277,-0.6228425187944688,0,0,0.3914280431121751,Low Yield,Low Yield
1.3711464230678003,1.3048184704800307,-0.625001170298857,1.753844857073707,1.9400736614876024,1,1,0.6998563452334432,High Yield,High Yield
0.7558581135069429,-0.5099351823371233,-0.7808666499359989,-0.4823278905476273,-0.4582777674177422,0,0,0.4537958296261021,Low Yield,Low Yield
-1.0900068151756297,-0.6984806391595215,-0.4287747348819924,-0.7031651915776654,-0.696161019780358,0,0,0.3874890751521342,Low Yield,Low Yield
0.2943918813362998,1.98105573372698,-0.3086986535371664,1.987934291187635,1.9937021534461856,1,1,0.6550011485868061,High Yield,High Yield
1.217324345677586,-0.6830856164949288,-0.4186024614740947,-0.6778976910153305,-0.6670003638029602,0,0,0.4673518692573126,Low Yield,Low Yield
1.524968500458015,-0.4918968633282327,-0.7677411358612921,-0.4270901611987807,-0.4027213612526337,0,0,0.4877319897604548,Low Yield,Low Yield
1.3711464230678003,-0.4722028532025839,-0.2405876768358854,-0.418963167498454,-0.3934708605262386,0,1,0.5070398615127885,Low Yield,High Yield
1.0635022682873716,0.0535807416121178,-1.3329585857033484,0.1721875089468149,0.296976356450281,0,1,0.5076086843787327,Low Yield,High Yield
0.1405698039460854,1.98105573372698,0.0850891411427739,1.987934291187635,1.9937021534461856,1,1,0.6668284317992852,High Yield,High Yield
-0.474718505614772,1.98105573372698,-0.5101529221451736,1.987934291187635,1.9937021534461856,1,1,0.6222831881313139,High Yield,High Yield
-0.7823626603952007,0.3972673607960055,-0.9603580549076128,0.1932643289839131,0.1649670901935913,0,0,0.4272281763882384,Low Yield,Low Yield
0.2943918813362998,-0.6403571667975405,0.2907569967335177,-0.6216456804523007,-0.6197582919971434,1,0,0.4741219736964286,High Yield,Low Yield
-1.5514730473462726,1.094603793076904,-0.2679871874668356,0.7326656578244093,1.1213836403786184,1,1,0.5007065878188107,High Yield,High Yield
-1.3976509699560582,1.9553162724842208,-0.7080200468213768,1.2611473880145767,1.8931814260075608,1,1,0.5241306570814546,High Yield,High Yield
-1.0900068151756297,1.98105573372698,-0.6558461283744178,1.987934291187635,1.9937021534461856,0,1,0.5959615982221798,Low Yield,High Yield
-0.7823626603952007,0.1158143945534193,2.089683278202351,-0.0366005014036667,-0.0567915411160816,1,1,0.5547326320364047,High Yield,High Yield
-0.3208964282245576,-0.3066046943142012,0.914129423886434,-0.3047704323524457,-0.4659065969517627,1,0,0.4933798706043152,High Yield,Low Yield
1.3711464230678003,-0.7036510429978187,1.3157701545724585,-0.7019606067287364,-0.6974034291616128,1,1,0.5506144752786231,High Yield,High Yield
-0.474718505614772,-0.6564347989576387,0.5738504714996638,-0.659004083438924,-0.663119469235725,1,0,0.45619205486379377,High Yield,Low Yield
-0.1670743508343432,-0.6781911611760914,-0.6932538434873318,-0.6758961756188758,-0.6981853841888499,1,0,0.4058562098717381,High Yield,Low Yield
-1.0900068151756297,1.98105573372698,-1.1536312496576684,1.987934291187635,1.9937021534461856,0,1,0.573368599612253,Low Yield,High Yield
-0.9361847377854152,-0.5945932833860956,0.6023984646121506,-0.6251694169063196,-0.6031688572590207,0,0,0.4448745101625238,Low Yield,Low Yield
0.9096801908971572,1.98105573372698,0.5740145404255975,1.987934291187635,1.9937021534461856,1,1,0.7087790472004983,High Yield,High Yield
0.4482139587265142,1.98105573372698,-0.6742218480790071,1.987934291187635,1.9937021534461856,1,1,0.6441908375534925,High Yield,High Yield
1.217324345677586,-0.712757344139988,-0.1444432862386591,-0.7131133469840826,-0.7093044032346848,0,0,0.476215539878706,Low Yield,Low Yield
-0.474718505614772,-0.163910262540972,-0.4837378250698266,-0.1848378285153543,-0.2565769637021948,1,0,0.4388561652310075,High Yield,Low Yield
0.1405698039460854,-0.5075823581185723,-0.0811126808281992,-0.4561600382619082,-0.5248185982790498,1,0,0.46171987959020466,High Yield,Low Yield
-1.705295124736487,-0.5600271004221989,-1.0233605224662048,-0.5995858391935363,-0.5432961683268425,0,0,0.35155541721155886,Low Yield,Low Yield
-0.6285405830049864,-0.446016791066489,-0.7536312082309826,-0.4721230751872411,-0.4994620036571515,1,0,0.40174403399208275,High Yield,Low Yield
-0.1670743508343432,-0.6524553308349044,2.151865401131274,-0.648145500457654,-0.6894950575168101,1,1,0.5384356437894334,High Yield,High Yield
1.3711464230678003,-0.7035058069349451,-0.5756164235927733,-0.7017830229942796,-0.6972127084232623,0,0,0.4624814537863234,Low Yield,Low Yield
1.3711464230678003,-0.7054229229648755,0.0091252284354091,-0.7041271282891087,-0.6997302221694891,1,0,0.4895006959132527,High Yield,Low Yield
1.0635022682873716,-0.700237995520291,2.151865401131274,-0.6986663463412461,-0.6929214918103758,1,1,0.5791374351442602,High Yield,High Yield
-0.7823626603952007,-0.0827087797883893,-0.5465762237024847,-0.1987359246230191,-0.2132092474668697,0,0,0.4222918813775398,Low Yield,Low Yield
-1.2438288925658438,-0.5527217264596611,0.2857454375598521,-0.5901147555922184,-0.5534179903693017,0,0,0.42364453342278097,Low Yield,Low Yield
0.9096801908971572,0.8817603429357668,-0.6996525315987513,1.1849786324659637,1.2648345161871528,0,1,0.6230270405418388,Low Yield,High Yield
-0.1670743508343432,-0.7114647431804138,0.1106633849727103,-0.7117747291145639,-0.7094210153432762,0,0,0.44149671971157994,Low Yield,Low Yield
1.678790577848229,-0.7042174636430254,-0.0872688324091677,-0.7005107450213202,-0.697468274212652,0,0,0.49577917354395795,Low Yield,Low Yield
0.6020360361167285,-0.0220581999324091,-0.50014471766321,0.0391604399962851,-0.0098202927587225,0,1,0.5008656407097215,Low Yield,High Yield
0.2943918813362998,-0.6476625407600783,-0.0343530369370567,-0.6308711182326253,-0.6288033592425152,0,0,0.45811269419595646,Low Yield,Low Yield
1.524968500458015,-0.642898797897827,0.6009218442787464,-0.6226062091940616,-0.6123447044392615,1,1,0.5309795573318428,High Yield,High Yield
0.7558581135069429,-0.4745121066022728,-0.5022776137003497,-0.4420166631060677,-0.4144190815102634,0,0,0.47070769600826035,Low Yield,Low Yield
1.3711464230678003,-0.6249911913455225,-0.942310473054891,-0.6057812561469588,-0.5941090772709761,0,0,0.45522750603707907,Low Yield,Low Yield
1.217324345677586,-0.6420999995520227,-1.5587174277883031,-0.62925423475306,-0.6085657092379448,1,0,0.4201268811619994,High Yield,Low Yield
0.7558581135069429,-0.7032443820217728,-0.0555179283825213,-0.7023124896649534,-0.6976213957197277,0,0,0.4658408872447482,Low Yield,Low Yield
-0.0132522734441289,-0.6784525860892636,-0.0756984062723828,-0.6728241587569165,-0.6878243438488596,1,0,0.4402024040637447,High Yield,Low Yield
-0.474718505614772,-0.7050888800202665,0.6690104485412873,-0.7058446399968963,-0.7032798075683897,0,0,0.45747887780908936,Low Yield,Low Yield
0.9096801908971572,0.8231140207474411,-0.3792259192499747,1.1151669213453903,1.192222226849556,1,1,0.6306453042267625,High Yield,High Yield
-0.474718505614772,0.5521470982443227,2.151865401131274,0.5045293237167983,0.3344753231083631,1,1,0.6064457335381431,High Yield,High Yield
0.7558581135069429,-0.7107821336849083,-0.0609322029383378,-0.7108904015313615,-0.7069541788218111,0,0,0.4647440427610306,Low Yield,Low Yield
-0.6285405830049864,-0.0337787502063019,-0.1221299123116576,-0.0994589794283304,-0.1746569574166974,0,0,0.4536974517938732,Low Yield,Low Yield
1.3711464230678003,-0.7080371720965988,0.0091252284354091,-0.7073236355093303,-0.7031631954597983,0,0,0.4891733995947407,Low Yield,Low Yield
0.2943918813362998,-0.6150425210386866,-0.3086986535371664,-0.5896776127562661,-0.5884152458566205,1,0,0.44934182223388114,High Yield,Low Yield
-0.6285405830049864,1.98105573372698,1.3412008380922025,1.987934291187635,1.721328417843868,0,1,0.6752935109975342,Low Yield,High Yield
-0.0132522734441289,-0.6889095826161568,-0.0819330254578684,-0.6851072599913166,-0.6944941205271746,0,0,0.4392505792243951,Low Yield,Low Yield
-1.3976509699560582,-0.6493618026956984,0.4342278155299714,-0.6664250723103617,-0.6476907064195639,0,0,0.4192331587423199,Low Yield,Low Yield
1.3711464230678003,-0.6865567583976059,-0.2405876768358854,-0.6810590011831765,-0.6749555982577577,0,0,0.4802019918411014,Low Yield,Low Yield
-1.0900068151756297,-0.6707695983632547,-0.7815229256397342,-0.6833889807977223,-0.6701685077251599,1,0,0.37340792317298016,High Yield,Low Yield
0.9096801908971572,0.0419618565822365,-0.6012111760384512,0.1852949840942641,0.225047392272374,0,1,0.532312768347549,Low Yield,High Yield
-0.9361847377854152,-0.7123652067702296,-0.6642136435970434,-0.713044770320757,-0.7092183064442295,1,0,0.38126913493845693,High Yield,Low Yield
1.3711464230678003,-0.7111742710546668,-0.0276262109737696,-0.7111594441735962,-0.7072827634081693,0,0,0.48706404521924246,Low Yield,Low Yield
0.1405698039460854,-0.505418340781757,-0.444853489623508,-0.453450256088381,-0.5228699772495028,0,0,0.44506776810297816,Low Yield,Low Yield
1.524968500458015,-0.544704695789043,-0.4911209267368491,-0.4954653031157607,-0.4760300537434078,0,0,0.49342727211783627,Low Yield,Low Yield
-0.0132522734441289,-0.0517299275774684,-0.7597017584905343,0.0633430418914625,-0.2880823949285133,1,0,0.44855378160249154,High Yield,Low Yield
-0.7823626603952007,1.98105573372698,-0.9603580549076128,1.987934291187635,1.9937021534461856,0,1,0.592283547105708,Low Yield,High Yield
-0.9361847377854152,-0.6374379219337828,-1.676026709830994,-0.6571378831256549,-0.6417489380453527,0,0,0.3414610156957696,Low Yield,Low Yield
1.524968500458015,-0.3277801122811598,2.151865401131274,-0.2145931579914445,-0.1748918163830662,1,1,0.6425865273859018,High Yield,High Yield
-1.3976509699560582,-0.710564279590598,0.1106633849727103,-0.7117175059859255,-0.7073939263528078,1,0,0.40098657636075274,High Yield,Low Yield
-1.3976509699560582,-0.6821851529051131,-1.6135164490502034,-0.690715746279696,-0.6797099938066383,0,0,0.32810884524490863,Low Yield,Low Yield
-0.0132522734441289,-0.7105788031968854,-0.6146648279650256,-0.7105605753270456,-0.7083153799772385,0,0,0.41353137669075085,Low Yield,Low Yield
0.7558581135069429,-0.6980304073646135,-0.5022776137003497,-0.6963790207631412,-0.6911657711847605,0,0,0.4457100555993318,Low Yield,Low Yield
0.4482139587265142,-0.0756793543453112,-1.4873474450070856,0.011083369872571,0.0315475803058985,1,0,0.4551566513772577,High Yield,Low Yield
-0.7823626603952007,1.98105573372698,-0.7734835482689763,1.987934291187635,1.9937021534461856,0,1,0.6006918337165194,Low Yield,High Yield
-1.705295124736487,1.98105573372698,-0.4758625166250027,1.987934291187635,1.9937021534461856,1,1,0.5839391820191695,High Yield,High Yield
-0.3208964282245576,-0.6845670243362386,0.914129423886434,-0.6848567311650477,-0.6928010652870173,1,0,0.4749346376005942,High Yield,Low Yield
1.217324345677586,-0.6707986455758294,2.151865401131274,-0.6633149964732041,-0.6494823915272682,1,1,0.5881322046767108,High Yield,High Yield
-0.1670743508343432,1.98105573372698,-0.2711044970595783,1.987934291187635,1.1998270800621835,1,1,0.5785021867686364,High Yield,High Yield
-0.7823626603952007,-0.7132220995411833,2.089683278202351,-0.7136810653225397,-0.7099948123075136,1,1,0.5128238662932312,High Yield,High Yield
-0.3208964282245576,-0.1391765610336122,-1.5149110245639696,-0.136401432478803,-0.365397857673834,1,0,0.3898704560901087,High Yield,Low Yield
-0.474718505614772,-0.1125402671026095,2.151865401131274,-0.1353825901435489,-0.2141748393193186,0,1,0.5646883460648715,Low Yield,High Yield
0.7558581135069429,-0.6911026471655469,-0.0609322029383378,-0.6884952751749396,-0.6825882422065451,1,0,0.4669505547198577,High Yield,Low Yield
0.9096801908971572,1.98105573372698,-1.0159774207991823,1.987934291187635,1.9937021534461856,1,1,0.6438748518401454,High Yield,High Yield
0.4482139587265142,-0.6643211171716705,-0.1157312242002383,-0.6580771040089693,-0.6531017262247656,1,0,0.45673265841176863,High Yield,Low Yield
-1.5514730473462726,1.98105573372698,-0.2366500226134732,1.987934291187635,1.9937021534461856,1,1,0.5997735520071917,High Yield,High Yield
1.0635022682873716,1.5721109205924493,0.1531777454053148,1.9264790854163545,1.9937021534461856,0,1,0.7187126287771679,Low Yield,High Yield
-0.474718505614772,-0.711348554330115,0.6516191423923007,-0.7118709921988324,-0.7084467048285027,0,0,0.4562697552192943,Low Yield,Low Yield
-0.6285405830049864,-0.0349696859218647,-0.4784876194399439,-0.100535587934962,-0.175595303449382,0,0,0.43717528198591016,Low Yield,Low Yield
0.9096801908971572,0.7964341559975763,-0.6996525315987513,1.0834076065042575,1.1591888500508518,1,1,0.6136426885775018,High Yield,High Yield
1.3711464230678003,-0.0414472143260235,0.0852532100687076,0.1077324305268311,0.1721877773475417,0,1,0.5756376810713518,Low Yield,High Yield
1.0635022682873716,-0.0678075597375666,-0.6965352220060085,0.0319529074305708,0.137571963336924,0,1,0.5227371473353299,Low Yield,High Yield
-1.3976509699560582,1.98105573372698,-1.0563383765789054,1.987934291187635,1.9937021534461856,0,1,0.5676139782467153,Low Yield,High Yield
-1.2438288925658438,-0.7114211723615518,-0.7367321088597977,-0.712296581143603,-0.7082298281031784,0,0,0.3683905491333644,Low Yield,Low Yield
0.4482139587265142,-0.7111742710546668,-0.5449355344431465,-0.711339173802748,-0.7075966352518548,0,0,0.43201265771394065,Low Yield,Low Yield
0.6020360361167285,-0.7045515065876344,-1.5011292347855276,-0.704225007363464,-0.7012014964367644,0,0,0.3942901716507098,Low Yield,Low Yield
0.9096801908971572,-0.6426373729846546,-0.1961249979078167,-0.6296417734813858,-0.6225815038411263,1,0,0.47155635840331783,High Yield,Low Yield
0.7558581135069429,-0.7131785287223212,-0.1308255653861507,-0.7136174833386011,-0.7099212485941498,0,0,0.46122695348182813,Low Yield,Low Yield
-0.7823626603952007,-0.1191630315696418,-0.9603580549076128,-0.2285083960752523,-0.2419317906624566,1,0,0.40176039044974465,High Yield,Low Yield
-0.9361847377854152,-0.5784285095882733,2.151865401131274,-0.6131080938886516,-0.5886130505081097,0,1,0.5179490511975571,Low Yield,High Yield
1.217324345677586,-0.7022567767942329,1.2000418997648792,-0.7006508314356696,-0.6943333701905648,0,1,0.5403331610820721,Low Yield,High Yield
-0.474718505614772,1.98105573372698,-0.5157312656269242,1.987934291187635,1.9937021534461856,1,1,0.6220380412166311,High Yield,High Yield
1.524968500458015,-0.7047693606819447,-0.7498576229345043,-0.7027156988987743,-0.6982344266644257,1,0,0.45950648070203015,High Yield,Low Yield
-1.5514730473462726,1.98105573372698,-0.3291848968401554,1.987934291187635,1.9937021534461856,0,1,0.5956139731578093,Low Yield,High Yield
-0.7823626603952007,0.0410468693861334,-0.4092505326958661,-0.0976637217367727,-0.1157013627777875,1,0,0.4347379396637454,High Yield,Low Yield
1.217324345677586,1.98105573372698,-0.3898903994356738,1.987934291187635,1.9937021534461856,0,1,0.6793833207878495,Low Yield,High Yield
-0.7823626603952007,-0.5792999259655145,2.151865401131274,-0.6043057827484195,-0.60447665660771,1,1,0.522522609724035,High Yield,High Yield
-1.705295124736487,-0.7065412406490016,2.151865401131274,-0.7087083507004001,-0.7027125496008958,0,0,0.48495672943676055,Low Yield,Low Yield
-0.474718505614772,-0.3672117033513193,-0.3623268198787899,-0.380561443649234,-0.4243872371292517,0,0,0.4314904112144816,Low Yield,Low Yield
1.524968500458015,-0.6549824383289035,0.309535431820258,-0.6382520062443717,-0.6291194107517818,0,1,0.5157412932882428,Low Yield,High Yield
0.1405698039460854,-0.7112178418735288,-0.0248370392328944,-0.71115235943657,-0.7081851449587648,0,0,0.4456604996245452,Low Yield,Low Yield
0.2943918813362998,-0.6061976448096895,0.6173287368721297,-0.5785080469347598,-0.577464061060534,1,0,0.4935243805497261,High Yield,Low Yield
-0.474718505614772,-0.7009496522283712,-0.4837378250698266,-0.7018596971255464,-0.6998631817699392,0,0,0.4049399867185747,Low Yield,Low Yield
0.6020360361167285,-0.7014579784484285,-0.610234966964812,-0.7008554742453242,-0.698067682247468,1,0,0.434957365605719,High Yield,Low Yield
1.524968500458015,-0.712917103809149,-0.7677411358612921,-0.7132653288810145,-0.7095452562814017,1,0,0.4575684626918355,High Yield,Low Yield
0.7558581135069429,-0.146685265484173,-1.1149109831372837,-0.0689518718756932,-0.0085239366543344,0,0,0.4789835795728057,Low Yield,Low Yield
-1.3976509699560582,1.6831293670529646,-1.5780775610484956,1.0597175115281643,1.62766219374156,1,0,0.4669179711098648,High Yield,Low Yield
-0.3208964282245576,-0.4690367070319413,-0.5331225717759104,-0.4681152358384641,-0.5634161163900308,0,0,0.41853738583110073,Low Yield,Low Yield
0.6020360361167285,-0.7131785287223212,2.151865401131274,-0.7136217335239103,-0.7099408655843801,1,1,0.5622961847231811,High Yield,High Yield
0.7558581135069429,-0.5603466197605207,-1.1149109831372837,-0.5396957751108309,-0.520694126083121,0,0,0.43278237029813993,Low Yield,Low Yield
-0.6285405830049864,-0.0818809342300103,-0.0835737147172067,-0.1429434595986204,-0.212556982541711,0,0,0.45275379885417333,Low Yield,Low Yield
0.6020360361167285,1.0411278747268755,-1.0274622456145506,1.1972041131432691,1.0672113218575392,1,1,0.5713972591893671,High Yield,High Yield
-0.6285405830049864,1.98105573372698,0.4642524289758629,1.987934291187635,1.9937021534461856,1,1,0.6593890470535426,High Yield,High Yield
0.6020360361167285,-0.1540487338718603,-0.610234966964812,-0.1046063063776806,-0.1435296981687082,0,0,0.48384931175240165,Low Yield,Low Yield
0.1405698039460854,-0.4507079158973036,-1.1034261583219154,-0.3849418705335025,-0.4736051757843799,1,0,0.4198230951596219,High Yield,Low Yield
-0.0132522734441289,1.98105573372698,-1.2819331497379265,1.987934291187635,1.9937021534461856,0,1,0.6028804867891783,Low Yield,High Yield
-0.474718505614772,1.3146364283302805,-0.720653354118282,1.238597747386514,0.963853759665049,1,1,0.5232122922270641,High Yield,High Yield
-0.9361847377854152,-0.1489509480649999,-0.0217197296401514,-0.2926540211523924,-0.201883705107221,1,0,0.44034057807651955,High Yield,Low Yield
0.4482139587265142,-0.6244247707003158,-0.0940741259769722,-0.6127234444542545,-0.6066982807512957,0,0,0.461947172758543,Low Yield,Low Yield
1.217324345677586,0.7967246281233232,-0.8186025029007805,1.0784034282485742,1.442817833797826,1,1,0.640289997229745,High Yield,High Yield
-1.0900068151756297,-0.5473625157396284,0.3989529964541972,-0.5953185075287616,-0.5544146424562819,0,0,0.4330703203323395,Low Yield,Low Yield
-1.5514730473462726,1.98105573372698,-1.4901366167479608,1.987934291187635,1.9937021534461856,0,1,0.5424450763798766,Low Yield,High Yield
-0.9361847377854152,1.98105573372698,0.4537520177160977,1.987934291187635,1.9937021534461856,0,1,0.6495213518717876,Low Yield,High Yield
0.1405698039460854,-0.6907540806146505,0.6639243118373382,-0.6855276407620746,-0.6897582521357338,1,0,0.4795386669465176,High Yield,Low Yield
0.4482139587265142,-0.7111161766295173,1.3461229058702175,-0.7112731327986639,-0.7075290656188392,0,1,0.5199649783253534,Low Yield,High Yield
-0.474718505614772,-0.7130913870845972,0.1106633849727103,-0.7135488628815061,-0.7098852841120609,0,0,0.43120194341770407,Low Yield,Low Yield
1.524968500458015,-0.4657688956172872,-0.3762726785831657,-0.3932598860863914,-0.3664500912331335,0,1,0.509601605092595,Low Yield,High Yield
0.6020360361167285,-0.707717652758277,-0.0302513137887108,-0.7076736375031565,-0.7044088743394248,0,0,0.46120767762858933,Low Yield,Low Yield
-1.8591172021267013,-0.3339381213469969,1.4893550782104543,-0.4415766868132424,-0.2688332232649939,0,0,0.4768721528008987,Low Yield,Low Yield
-1.705295124736487,-0.656696223870811,2.0895192092764168,-0.6715841973011578,-0.648478110610754,1,0,0.48557808896235377,High Yield,Low Yield
0.9096801908971572,0.219324136563374,-0.5615064959624635,0.3964244086124522,0.4446465199075239,0,1,0.5546591135974075,Low Yield,High Yield
-1.3976509699560582,1.98105573372698,-0.2524006395031214,1.987934291187635,1.9937021534461856,1,1,0.6040607835377444,High Yield,High Yield
0.6020360361167285,-0.5904104847753384,-0.2464941581695032,-0.579900308887122,-0.5855740517715932,0,0,0.4616542156913837,Low Yield,Low Yield
-1.5514730473462726,-0.6705372206626571,-1.1759446235846698,-0.6795318401884369,-0.6667442530971753,0,0,0.34261950771471367,Low Yield,Low Yield
0.2943918813362998,0.7858609706203843,-0.1057230197182742,1.1794238822273428,1.146097778570473,0,1,0.6265506724182636,Low Yield,High Yield
-0.1670743508343432,-0.7044934121624851,0.0376732215478959,-0.7042576162040748,-0.7070669765156355,0,0,0.4383543595839154,Low Yield,Low Yield
-0.474718505614772,0.3186365563562841,-0.3088403500243599,0.2797226167499088,0.1417296754329651,1,0,0.47798730078641394,High Yield,Low Yield
1.0635022682873716,-0.7100995241894027,-0.1119576389037598,-0.7100589395967535,-0.7058714299443756,0,0,0.4728469750746843,Low Yield,Low Yield
0.9096801908971572,0.6519533206510028,-0.6012111760384512,0.9114197654375252,0.9803015161403974,1,1,0.6019790340767385,High Yield,High Yield
1.524968500458015,-0.6486356223813309,0.3705690722676441,-0.6300342017840526,-0.6203086575563834,1,1,0.519458175467871,High Yield,High Yield
1.524968500458015,0.1639456257897024,-0.2829174597268143,0.4220892347157044,0.5077298562407343,1,1,0.5988702266268784,High Yield,High Yield
-1.0900068151756297,1.0028726957659917,-1.179718208881148,0.5110195231003533,0.8996811354576599,0,0,0.44579654957249526,Low Yield,Low Yield
1.0635022682873716,-0.5758433076691247,-1.0773391990984358,-0.5549585978384189,-0.5295691794131633,1,0,0.4440850574196182,High Yield,Low Yield
0.1405698039460854,-0.6810087407958375,1.980249304604484,-0.6733245277524321,-0.6809829185060292,1,1,0.5418499826867607,High Yield,High Yield
-0.0132522734441289,-0.6793385260727921,-1.2819331497379265,-0.6738648103892754,-0.6883894221507724,1,0,0.3855474274163719,High Yield,Low Yield
-1.705295124736487,0.6122748282739583,2.151865401131274,0.2735348746545538,0.7322403153466076,0,1,0.5778624832466684,Low Yield,High Yield
-0.474718505614772,-0.6706824567255305,-0.2627369818369529,-0.6727206762697809,-0.6748798548788129,1,0,0.4168378400799003,High Yield,Low Yield
-0.9361847377854152,-0.5557571601737176,-0.8878395896448583,-0.5961918987129288,-0.568198302675071,1,0,0.37955752561738115,High Yield,Low Yield
0.4482139587265142,1.2328975721450657,-0.6537132323372778,1.4986569868655832,1.5535535639825044,1,1,0.6299227082051785,High Yield,High Yield
0.6020360361167285,-0.7132075759348959,-0.2464941581695032,-0.7136533723325313,-0.7099702910697256,0,0,0.4506900425196104,Low Yield,Low Yield
-1.8591172021267013,1.053821506622021,-0.1040823304589359,0.5540400433200685,1.345270170211888,0,1,0.5068438081036176,Low Yield,High Yield
0.2943918813362998,-0.7129316274154363,0.3241375662283693,-0.7132948108464982,-0.7096155504963937,0,0,0.4668639278127152,Low Yield,Low Yield
1.3711464230678003,-0.437505957782101,0.4409546414932588,-0.3765384133367356,-0.3479076761343015,0,1,0.5431313448177881,Low Yield,High Yield
1.217324345677586,-0.7110290349917933,0.3531777661186579,-0.711062116900734,-0.7068402912951961,1,0,0.49968277076464546,High Yield,Low Yield
-1.2438288925658438,0.3038224779431854,0.5010038683850417,0.0693338893897939,0.2821437321705641,0,0,0.48728305122105203,Low Yield,Low Yield
-0.474718505614772,-0.5819577459160998,-0.3623268198787899,-0.5873030762660039,-0.6016441811850072,0,0,0.41789954146939257,Low Yield,Low Yield
1.524968500458015,-0.6287963761928086,-0.7677411358612921,-0.6043465109538559,-0.5927674931057791,0,0,0.4690241755106989,Low Yield,Low Yield
0.6020360361167285,-0.7032589056280601,-1.0834097493579875,-0.7028170803798282,-0.6998920623388893,1,0,0.4131984878721166,High Yield,Low Yield
-0.6285405830049864,-0.7120166402193332,0.1106633849727103,-0.7125875239550135,-0.7090450230305281,1,0,0.426157741203798,High Yield,Low Yield
1.3711464230678003,-0.6246861956134881,-0.2369781604653409,-0.6054083303045995,-0.5937085637204401,0,0,0.4881121080705453,Low Yield,Low Yield
-0.9361847377854152,-0.6114551902857108,-0.0217197296401514,-0.6377509047980647,-0.6183524076973025,0,0,0.4153731804748385,Low Yield,Low Yield
-0.6285405830049864,0.6016871192904789,2.151865401131274,0.4750035644638406,0.3260307537305977,1,1,0.595052959188267,High Yield,High Yield
-1.5514730473462726,-0.710070476976828,1.1904214951590095,-0.7111603419458666,-0.7067923386524109,0,0,0.44519088684645225,Low Yield,Low Yield
1.524968500458015,-0.6060378851405287,-0.2829174597268143,-0.5748790061728033,-0.561173785423424,0,0,0.49475958649787266,Low Yield,Low Yield
0.7558581135069429,-0.709780004851081,-0.0555179283825213,-0.7097499855028795,-0.7057134041897423,0,0,0.4651081716052145,Low Yield,Low Yield
0.2943918813362998,-0.707136708506783,0.5239735180157784,-0.705976819446201,-0.7024406363196475,0,0,0.47687746843266204,Low Yield,Low Yield
-1.705295124736487,-0.6876460288691572,2.151865401131274,-0.6946353543214915,-0.682153398923106,0,0,0.48629593552821887,Low Yield,Low Yield
-0.6285405830049864,-0.7056407770591858,-0.0835737147172067,-0.706823729632925,-0.7040214387823756,1,0,0.4176576771387624,High Yield,Low Yield
-0.474718505614772,-0.6662091859890262,-1.702769944758209,-0.6684141415175853,-0.6711875013843469,0,0,0.353471433640056,Low Yield,Low Yield
-1.3976509699560582,0.6956838991822183,-0.2627369818369529,0.3289659042268097,0.6644058529628885,0,0,0.46810373323245147,Low Yield,Low Yield
0.7558581135069429,-0.5842669993157887,0.1909135983700965,-0.5669170098776405,-0.5503108770833742,1,0,0.4907084724336377,High Yield,Low Yield
-1.3976509699560582,0.4993392657835124,-0.7080200468213768,0.1836625319297174,0.4728710095178184,1,0,0.43562222463568745,High Yield,Low Yield
0.6020360361167285,-0.0867899131551351,-0.2158132690198767,-0.0313466450156828,-0.0753949868511858,0,1,0.5083286935976699,Low Yield,High Yield
0.1405698039460854,-0.6922064412433856,1.301660226942149,-0.6873462865161197,-0.691066051484423,1,1,0.5091971184552114,High Yield,High Yield
-1.2438288925658438,-0.2223096834224127,0.3000194341160957,-0.335732351337254,-0.2310999425569382,1,0,0.4448341016600072,High Yield,Low Yield
-0.1670743508343432,-0.6713069717958867,-0.7802103742322635,-0.6684730266197679,-0.6958607708465548,0,0,0.40215400108524585,Low Yield,Low Yield
0.4482139587265142,-0.6176858173829847,-0.3124498663949043,-0.6050626879805059,-0.5988602033214849,1,0,0.45252657110205624,High Yield,Low Yield
1.524968500458015,-0.614272769905457,-0.5503498089989628,-0.5855414664222333,-0.5726055864801537,1,0,0.48114206006396104,High Yield,Low Yield
0.4482139587265142,-0.7069624252313348,0.3262704622655091,-0.706551201006655,-0.702697836858223,0,0,0.47277986409872025,Low Yield,Low Yield
-1.705295124736487,1.98105573372698,-0.4758625166250027,1.987934291187635,1.9937021534461856,0,1,0.5839391820191695,Low Yield,High Yield
0.7558581135069429,-0.3408368343334889,-1.1149109831372837,-0.2898950815676853,-0.2489105349368995,1,0,0.45720532510227563,High Yield,Low Yield
-1.5514730473462726,1.9480399457342576,-0.2679871874668356,1.4154555256679358,1.9859338253149716,1,1,0.5590214206247572,High Yield,High Yield
1.217324345677586,1.98105573372698,0.7594124267308293,1.987934291187635,1.9937021534461856,0,1,0.7242804531876154,Low Yield,High Yield
0.2943918813362998,-0.5143648822547655,-0.3086986535371664,-0.4625389751952142,-0.4637623509363076,1,0,0.4615118510086994,High Yield,Low Yield
0.1405698039460854,-0.6711472121267258,0.0358684633626239,-0.6609759230824659,-0.6721029609284294,0,0,0.4521344699064436,Low Yield,Low Yield
0.9096801908971572,0.0542052566824739,-0.2576508451330042,0.1998693457769395,0.2402064214728678,1,1,0.5496765790017805,High Yield,High Yield
0.6020360361167285,-0.7122344943136434,-0.2464941581695032,-0.7125934722437268,-0.7089845373106511,0,0,0.450776752258923,Low Yield,Low Yield
0.1405698039460854,-0.7131494815097466,-0.6195868957430406,-0.7135711582894498,-0.7099245180925216,1,0,0.41821161401927487,High Yield,Low Yield
-0.9361847377854152,1.6729628426518186,-0.5409978802207343,1.066764366944055,1.438685187855968,0,1,0.5162470295303099,Low Yield,High Yield
0.9096801908971572,0.4486228326280806,-0.6012111760384512,0.6693781716564381,0.7285501415177229,0,1,0.5790697461820249,Low Yield,High Yield
0.4482139587265142,-0.6992939611116131,-0.0005548381946871,-0.6978337884675617,-0.6937786453001626,1,0,0.4583892979539611,High Yield,Low Yield
-0.1670743508343432,0.5537882657547935,1.8993633241191044,0.6525342821834959,-0.2821776808691815,1,1,0.5649053012916881,High Yield,High Yield
1.3711464230678003,-0.167337833624787,0.0852532100687076,-0.0461971505002828,0.0068710413453188,0,1,0.5601615167608109,Low Yield,High Yield
-0.474718505614772,1.191345534556953,-0.3623268198787899,1.1199023788430431,0.8620862635140073,0,1,0.5319476526316586,Low Yield,High Yield
0.4482139587265142,-0.3778720303662354,-0.435009354067478,-0.3324454231215866,-0.3199327582330486,1,0,0.47215298184110327,High Yield,Low Yield
1.217324345677586,-0.5699321999101726,2.151865401131274,-0.5436024508525561,-0.5056735056470301,0,1,0.6009833409557181,Low Yield,High Yield
-1.5514730473462726,-0.4716364325573772,2.151865401131274,-0.5204016669452339,-0.4652532421938133,1,1,0.5062727689334731,High Yield,High Yield
-0.1670743508343432,-0.6411850123559195,-0.6932538434873318,-0.6359928345856967,-0.6856893614121244,0,0,0.4069978393751888,Low Yield,Low Yield
-0.3208964282245576,1.98105573372698,1.2911598156823834,1.987934291187635,1.3371476464237373,0,1,0.6534806880330776,Low Yield,High Yield
1.524968500458015,-0.7129998883649868,1.3311926336102389,-0.7133725176348448,-0.7096601791491677,1,1,0.5553231357158288,High Yield,High Yield
1.0635022682873716,0.0022543169926173,1.525286172989964,0.1128923328570319,0.2295756475172103,1,1,0.6318298628945572,High Yield,High Yield
-1.0900068151756297,-0.6006060563890592,0.4297979545297578,-0.6333161955367655,-0.6043562300843515,0,0,0.43156238182879,Low Yield,Low Yield
1.217324345677586,-0.626124032635936,0.6773779637639127,-0.6102932844027774,-0.585788203914941,1,1,0.5260305335301197,High Yield,High Yield
-0.0132522734441289,-0.2233118122562399,-0.0756984062723828,-0.1382021775296523,-0.3975223139251987,0,0,0.4693101864714769,Low Yield,Low Yield
1.0635022682873716,-0.711929498581609,0.3507167322296504,-0.7121730290668475,-0.7082745112475919,0,0,0.49422393218073113,Low Yield,Low Yield
1.524968500458015,1.98105573372698,-0.5503498089989628,1.987934291187635,1.9937021534461856,1,1,0.6819214706955401,High Yield,High Yield
1.3711464230678003,-0.6765790408781953,1.3157701545724585,-0.6688589986259975,-0.6618530835330776,0,1,0.5539682516040677,Low Yield,High Yield
1.217324345677586,-0.7122344943136434,2.129059820426471,-0.7124928067908006,-0.7085589576059319,1,1,0.5817799002634294,High Yield,High Yield
1.3711464230678003,-0.7057279186969099,-0.0276262109737696,-0.704500054131468,-0.7001307357200252,0,0,0.4877457898463582,Low Yield,Low Yield
-1.2438288925658438,0.3695998908186008,0.3000194341160957,0.1199755557137822,0.34630981738121,0,0,0.48205531268420293,Low Yield,Low Yield
0.4482139587265142,1.98105573372698,-0.5211455401827406,1.987934291187635,1.9937021534461856,1,1,0.6507226432708609,High Yield,High Yield
-0.3208964282245576,0.84132662303178,0.3823820349348802,0.8496117138145252,0.2232077545218846,1,1,0.5245916645946987,High Yield,High Yield
1.217324345677586,-0.6792804316476427,-0.4190946682518961,-0.673381537386445,-0.6615751761714811,0,0,0.46782967353565375,Low Yield,Low Yield
0.4482139587265142,-0.5445158889073074,-0.6537132323372778,-0.5218840433366568,-0.5137562505383247,1,0,0.44443516867379834,High Yield,Low Yield
-0.0132522734441289,-0.704987214776255,-0.2317279548354582,-0.7039925281392067,-0.704748902170084,0,0,0.431347523395977,Low Yield,Low Yield
-1.3976509699560582,-0.672352671448576,-0.4901365131812459,-0.6834392921747229,-0.6701183754167934,1,0,0.376521110938722,High Yield,Low Yield
-1.3976509699560582,1.98105573372698,1.7152779892213428,1.987934291187635,1.9937021534461856,1,1,0.6878871049530408,High Yield,High Yield
-0.9361847377854152,0.3614957185102586,1.3889448955389478,0.0882150343543057,0.2577554539830914,0,1,0.5340787234297668,Low Yield,High Yield
-1.3976509699560582,-0.5061445210961245,-0.7080200468213768,-0.5604381979689439,-0.5079817714974665,0,0,0.3764872181683312,Low Yield,Low Yield
-1.3976509699560582,-0.5511822241932018,-0.494074167403658,-0.593768012118902,-0.5519162007838903,1,0,0.38331828041471694,High Yield,Low Yield
1.524968500458015,-0.7041303220053012,0.0872220371799137,-0.7018882769393828,-0.6973473027728982,0,0,0.4986268517146472,Low Yield,Low Yield
1.3711464230678003,-0.7030265279274626,-0.2369781604653409,-0.7011969966705723,-0.6965833299867057,0,0,0.4783110436177832,Low Yield,Low Yield
0.6020360361167285,-0.7105352323780233,0.79025738480639,-0.7107426019393965,-0.707263146417939,0,0,0.4992233166547366,Low Yield,Low Yield
-0.7823626603952007,-0.7131785287223212,0.1106633849727103,-0.713645480695306,-0.7099604825746105,1,0,0.42100472668132266,High Yield,Low Yield
-0.1670743508343432,-0.7104626143465865,-0.7746320307505132,-0.710694144133681,-0.7090826222618029,0,0,0.4012012514553783,Low Yield,Low Yield
-0.9361847377854152,-0.7126556788959766,-0.6642136435970434,-0.7132615056849558,-0.7094798663139672,1,0,0.38125402060574826,High Yield,Low Yield
0.9096801908971572,-0.418712411246268,-0.2576508451330042,-0.3630848239873287,-0.3453313114173838,0,0,0.4947403910664314,Low Yield,Low Yield
-0.3208964282245576,-0.7131349579034593,-0.4458379031791109,-0.71358520295126,-0.7099506740794953,0,0,0.41091934526926777,Low Yield,Low Yield
0.7558581135069429,-0.5741876165523667,-1.1149109831372837,-0.5554467385187055,-0.5378312017985074,0,0,0.43125203197937595,Low Yield,Low Yield
0.4482139587265142,-0.7083276442223458,-0.3124498663949043,-0.70810316460263,-0.7042857232340899,0,0,0.443005502000926,Low Yield,Low Yield
0.6020360361167285,0.2843317983055596,-0.591695178334289,0.3728865933309222,0.3005597266656893,1,1,0.5241377503605563,High Yield,High Yield
-1.2438288925658438,-0.6984515919469467,1.5049416261741686,-0.7023113729238366,-0.6955779592374007,1,0,0.47083841991029035,High Yield,Low Yield
-1.8591172021267013,-0.6992213430801764,-0.1040823304589359,-0.7036408652666803,-0.693694183258893,0,0,0.37743647634867067,Low Yield,Low Yield
0.6020360361167285,-0.7110871294169426,1.1096995835995638,-0.7113437393031962,-0.7078222306395037,1,1,0.5140993641467531,High Yield,High Yield
-1.3976509699560582,1.98105573372698,0.886893982181418,1.987934291187635,1.9937021534461856,1,1,0.6537125178547782,High Yield,High Yield
-0.9361847377854152,-0.7108692753226323,1.857853885857844,-0.7119285831951326,-0.7078712731150795,0,0,0.49691263839787264,Low Yield,Low Yield
1.0635022682873716,-0.5673615215973115,-0.2650339468000267,-0.5451599609294112,-0.5184310882934934,1,0,0.4828410054342608,High Yield,Low Yield
1.3711464230678003,-0.7125540136519651,-0.516715679182527,-0.7128464896509353,-0.7090946104224992,0,0,0.46409218143151626,Low Yield,Low Yield
0.7558581135069429,-0.6810232644021249,2.151865401131274,-0.6770250038160045,-0.6701085669216783,1,1,0.5709725032819012,High Yield,High Yield
0.2943918813362998,-0.6816768266850557,-0.9675770876487012,-0.6738253434443944,-0.6709177677686797,1,0,0.41120582453066273,High Yield,Low Yield
-1.8591172021267013,-0.616872495430893,1.1226610287483367,-0.6445615486657105,-0.5979142284592665,0,0,0.43873025112573694,Low Yield,Low Yield
-1.0900068151756297,-0.7102592838585636,0.1106633849727103,-0.7115711176481758,-0.7072091996948056,1,0,0.41103961757806307,High Yield,Low Yield
-0.9361847377854152,0.1253418802779219,-0.4783235505140102,-0.0879908167393866,0.0451072798862245,0,0,0.4342240742877305,Low Yield,Low Yield
-0.3208964282245576,-0.6930923812269141,2.151865401131274,-0.6934299965125347,-0.6979189200715545,0,1,0.532298869311546,Low Yield,High Yield
1.217324345677586,-0.451840757187717,-1.4268060113375012,-0.4034465533087853,-0.3373063276639896,0,0,0.45090180261958934,Low Yield,Low Yield
1.524968500458015,-0.7087197815921044,2.151865401131274,-0.7078306710113755,-0.703718465266596,1,1,0.5933825175906057,High Yield,High Yield
-1.8591172021267013,-0.5947966138741185,0.2124066276674285,-0.6287237071783253,-0.5722377679133348,0,0,0.3989512911036468,Low Yield,Low Yield
0.2943918813362998,-0.7038253262732669,0.2907569967335177,-0.7017951100746027,-0.6983406853615068,0,0,0.46641551413903437,Low Yield,Low Yield
1.217324345677586,1.2661596805004212,-0.9304975103876548,1.6355487180052732,1.9937021534461856,1,1,0.682159526592878,High Yield,High Yield
1.524968500458015,-0.6535736485190304,0.6009218442787464,-0.6364279169248043,-0.6271637058090961,1,1,0.5295232467621527,High Yield,High Yield
-0.0132522734441289,-0.6698110403482894,-0.7597017584905343,-0.6626735403757108,-0.6823125145105299,0,0,0.40951240750517,Low Yield,Low Yield
-0.6285405830049864,-0.7077321763645644,-0.1953046532781475,-0.7087143592055463,-0.705669265961724,0,0,0.41247027750833987,Low Yield,Low Yield
-1.5514730473462726,1.98105573372698,-0.2679871874668356,1.987934291187635,1.9937021534461856,1,1,0.5983664780475689,High Yield,High Yield
0.6020360361167285,1.98105573372698,0.1382474731453361,1.987934291187635,1.9937021534461856,0,1,0.6827250926291866,Low Yield,High Yield
-1.3976509699560582,-0.6898826642374093,2.151865401131274,-0.6964122317680796,-0.6872189417336956,1,0,0.4963212521776988,High Yield,Low Yield
-0.9361847377854152,-0.5800406298861693,0.2617913743735126,-0.6143109751599555,-0.5900647077851547,1,0,0.42999624908346457,High Yield,Low Yield
-0.9361847377854152,-0.6145051476060547,-0.7623268613054757,-0.640026626122153,-0.6210987863295498,0,0,0.38203463093240375,Low Yield,Low Yield
-1.3976509699560582,-0.7080226484903115,-0.6195868957430406,-0.7098365909661762,-0.7049145567542512,0,0,0.36882723606676393,Low Yield,Low Yield
-1.0900068151756297,-0.1118140867882419,1.8770499501921023,-0.2844858109461017,-0.1458771979996053,0,1,0.5260809896054189,Low Yield,High Yield
-0.3208964282245576,1.5088460916047457,-1.3780775403351524,1.5208823247784815,0.6239261936225854,1,0,0.4749682349284205,High Yield,Low Yield
-0.9361847377854152,-0.230791469494226,-0.8195869164563835,-0.3537192100154278,-0.2755781984058585,1,0,0.39963448855835987,High Yield,Low Yield
-1.5514730473462726,-0.6715829203153464,0.6809874801344571,-0.6803684500806247,-0.6678035705696136,0,0,0.4243875887687463,Low Yield,Low Yield
-0.9361847377854152,1.98105573372698,-0.3349273092478396,1.987934291187635,1.9937021534461856,1,1,0.6152647157530803,High Yield,High Yield
1.524968500458015,-0.5959004079519573,-0.2829174597268143,-0.5617530850897307,-0.5471007745987375,1,0,0.4961475527303657,High Yield,Low Yield
0.1405698039460854,-0.6968685188616255,-0.1150749484965028,-0.6931841393866044,-0.6952640873937155,0,0,0.4428059684525731,Low Yield,Low Yield
-1.3976509699560582,-0.6942833169424769,0.0759012812904794,-0.6996689017737027,-0.6915117930957679,0,0,0.4003807622723406,Low Yield,Low Yield
-1.2438288925658438,1.98105573372698,-1.4566665558574587,1.987934291187635,1.9937021534461856,1,1,0.554315030881471,High Yield,High Yield
0.7558581135069429,-0.3066918359519253,0.1909135983700965,-0.2510382977566535,-0.2066342862413346,0,1,0.5219616046741553,Low Yield,High Yield
0.9096801908971572,1.98105573372698,-1.2640496368111382,1.987934291187635,1.9937021534461856,1,1,0.6331714266185622,High Yield,High Yield
-0.0132522734441289,-0.713004245446873,0.1106633849727103,-0.7134095724189135,-0.7098623976234588,0,0,0.4466004737677883,Low Yield,Low Yield
-1.5514730473462726,-0.6951111625008559,1.2801671976448168,-0.699192172654848,-0.6916382136994745,0,0,0.4503552321282189,Low Yield,Low Yield
-0.474718505614772,1.98105573372698,0.4335715398262363,1.987934291187635,1.9937021534461856,1,1,0.6627725248921215,High Yield,High Yield
-1.3976509699560582,0.4880689473045275,-1.0563383765789054,0.1753220173278575,0.4618767763265045,1,0,0.41901538813227746,High Yield,Low Yield
-1.0900068151756297,-0.6341120160939793,0.2780341980409619,-0.6572279975647157,-0.6357842831825392,1,0,0.4227861956451873,High Yield,Low Yield
-1.2438288925658438,0.3691206118111181,0.2857454375598521,0.1196065614570607,0.3458422791140535,1,0,0.48135882196184554,High Yield,Low Yield
-0.7823626603952007,-0.7132584085569017,2.089683278202351,-0.7137107191785679,-0.7100234204182662,0,1,0.5128220225226422,Low Yield,High Yield
-0.3208964282245576,1.98105573372698,-1.5149110245639696,1.987934291187635,1.9937021534461856,1,1,0.5823077116509854,High Yield,High Yield
-1.0900068151756297,1.98105573372698,0.3989529964541972,1.987934291187635,1.9937021534461856,1,1,0.6424134424830393,High Yield,High Yield
1.0635022682873716,-0.5489891596438117,-1.0773391990984358,-0.5239351737891804,-0.4943049148921537,1,0,0.44727688113139147,High Yield,Low Yield
0.1405698039460854,-0.5036900316335622,-0.0811126808281992,-0.4512860676410674,-0.5213136960245626,1,0,0.46207770756024086,High Yield,Low Yield
-1.2438288925658438,1.98105573372698,-0.6761906751902131,1.987934291187635,1.9937021534461856,1,1,0.5900146823961906,High Yield,High Yield
1.524968500458015,-0.6924533425502706,-0.7498576229345043,-0.6867690211359582,-0.6811371298458954,1,0,0.46118225157555776,High Yield,Low Yield
1.3711464230678003,-0.4874235925917283,-0.2793079433562699,-0.4375739428695218,-0.4134583939053722,1,1,0.5033241887268624,High Yield,High Yield
-1.0900068151756297,-0.6960116260906717,1.8854174654147284,-0.7014031602188655,-0.6938451251003876,1,0,0.4938246798330834,High Yield,Low Yield
-0.3208964282245576,-0.5937363906151419,1.0506347702633836,-0.5935156724202733,-0.6382745511090017,1,0,0.4857348506607235,High Yield,Low Yield
-1.5514730473462726,-0.674502165179104,-1.678651812645935,-0.6827039860296487,-0.6707608318468371,1,0,0.32153873606230954,High Yield,Low Yield
1.217324345677586,-0.6729190920937828,2.129059820426471,-0.6658316317015143,-0.6525055876883215,1,1,0.5868273679348949,High Yield,High Yield
1.217324345677586,-0.5158608137023628,0.1782802910731912,-0.4794282525306451,-0.4285820035401724,0,1,0.5172917474920704,Low Yield,High Yield
1.524968500458015,-0.5306022740840246,2.151865401131274,-0.477205604875555,-0.4564528424099255,1,1,0.616689870659104,High Yield,High Yield
-1.5514730473462726,-0.6399795530340693,-0.3646237848418633,-0.6550842400056185,-0.6357886425137015,1,0,0.37952157725166996,High Yield,Low Yield
-0.6285405830049864,-0.7108837989289197,-0.7536312082309826,-0.7115634329365104,-0.7081524499750477,0,0,0.3872562474670709,Low Yield,Low Yield
-0.0132522734441289,-0.6529346098423869,2.151865401131274,-0.6428499797724151,-0.671548236038027,1,1,0.5455415866103989,High Yield,High Yield
1.217324345677586,-0.6871522262553873,0.7594124267308293,-0.6827241147408569,-0.6727982742488158,1,1,0.5218098269108103,High Yield,High Yield
0.2943918813362998,-0.7125685372582525,-1.190718284671743,-0.7128362900820685,-0.7091659944702818,1,0,0.39753297966562556,High Yield,Low Yield
1.0635022682873716,-0.6832744233766643,-0.1119576389037598,-0.6790690725232308,-0.6706453095710362,0,0,0.47606500494906767,Low Yield,Low Yield
-1.2438288925658438,-0.175892237728037,-1.1495295265093226,-0.2999958166559852,-0.1858195697741552,1,0,0.38206177805721897,High Yield,Low Yield
-0.6285405830049864,0.5012273346008681,-0.7536312082309826,0.3841876981178574,0.2468778329003687,0,0,0.45480443783693086,Low Yield,Low Yield
-0.7823626603952007,1.98105573372698,-0.5170438170343947,1.987934291187635,1.9937021534461856,0,1,0.612133322944468,Low Yield,High Yield
-0.3208964282245576,-0.1648688205559372,-0.0719248209759047,-0.16223807029772,-0.3808211713260422,1,0,0.4543474651342729,High Yield,Low Yield
0.2943918813362998,-0.7101866658271269,2.151865401131274,-0.70982839386741,-0.7062169069389876,0,1,0.5523775874866289,Low Yield,High Yield
-0.474718505614772,1.98105573372698,-0.5157312656269242,1.987934291187635,1.9937021534461856,1,1,0.6220380412166311,High Yield,High Yield
-0.6285405830049864,-0.5491489193129726,-0.6968633598578762,-0.5653547459871293,-0.5807204814387703,0,0,0.39862220767668727,Low Yield,Low Yield
0.6020360361167285,-0.1193082676325153,-0.2158132690198767,-0.0667662912669273,-0.1083368176954813,1,1,0.505403186816855,High Yield,High Yield
1.217324345677586,-0.2702956785958223,-1.4268060113375012,-0.1879812084192102,-0.0784710399025819,1,0,0.4747542551739726,High Yield,Low Yield
0.1405698039460854,-0.7105497559843106,-0.0248370392328944,-0.7103157823897092,-0.7075835572583679,0,0,0.4457215477518321,Low Yield,Low Yield
-1.0900068151756297,-0.0228424746719261,0.4297979545297578,-0.2209904926872277,-0.0624232520613746,0,0,0.4635066921136875,Low Yield,Low Yield
-0.9361847377854152,-0.5593154437141187,-1.5019495794151967,-0.5988469069243652,-0.5714024110793596,0,0,0.3527402469101466,Low Yield,Low Yield
-1.2438288925658438,1.3314111935921715,-0.1971094114634195,0.8604687574448047,1.2845599447801537,1,1,0.5196394117407893,High Yield,High Yield
0.2943918813362998,-0.4665095995379421,-0.8441972553464585,-0.402105938443387,-0.4045108666947568,1,0,0.44249551446125945,High Yield,Low Yield
-0.474718505614772,0.8397290263401712,-0.4837378250698266,0.7813919686136371,0.5718528930561526,0,1,0.5035457107192661,Low Yield,High Yield
-1.3976509699560582,-0.5657058304805533,0.0759012812904794,-0.604516097946041,-0.5660840270613567,0,0,0.40794177305404905,Low Yield,Low Yield
-1.3976509699560582,0.3721269983125999,-1.0563383765789054,0.0895200481698068,0.3487750191534893,1,0,0.4121391167365058,High Yield,Low Yield
1.3711464230678003,-0.7077902707897138,-0.625001170298857,-0.7070217431607538,-0.7028389702046024,1,0,0.45965401711311443,High Yield,Low Yield
-0.474718505614772,-0.7102157130397015,0.2730496282056126,-0.7107803762550946,-0.7075116282941899,0,0,0.43884598717540785,Low Yield,Low Yield
1.0635022682873716,0.2110747281921583,-1.0773391990984358,0.3541334312777733,0.5037939251175751,1,1,0.5384230134925703,High Yield,High Yield
-0.7823626603952007,-0.6654684820683714,1.8882066371556037,-0.6746803138743555,-0.6723694250457247,1,1,0.5058367266174839,High Yield,High Yield
-0.0132522734441289,-0.6406476389232875,0.5905855019449145,-0.628417335821995,-0.6637112484410069,1,0,0.4735175121738275,High Yield,Low Yield
-0.9361847377854152,-0.509964229549698,0.6023984646121506,-0.5620235685469749,-0.5269633892108999,1,0,0.4494891421590319,High Yield,Low Yield
1.0635022682873716,1.98105573372698,-0.3544515114339659,1.987934291187635,1.9937021534461856,0,1,0.6762798117025898,Low Yield,High Yield
1.3711464230678003,-0.7132366231474707,0.5361146185348822,-0.7136811332028821,-0.7099909978927466,1,1,0.513146795449505,High Yield,High Yield
-1.2438288925658438,1.98105573372698,-0.1971094114634195,1.987934291187635,1.9937021534461856,1,1,0.6114918370154079,High Yield,High Yield
0.7558581135069429,-0.0139830748366417,-1.2494475024030272,0.0820623491712645,0.1557797997690496,1,0,0.48763467610600747,High Yield,Low Yield
0.4482139587265142,-0.1327571270546029,2.151865401131274,-0.0538019166399987,-0.0348395841319378,1,1,0.6168560427137297,High Yield,High Yield
-0.6285405830049864,-0.6975075575382689,-0.4784876194399439,-0.6994712812949532,-0.6976132219737984,1,0,0.4002651317481693,High Yield,Low Yield
1.217324345677586,-0.6790916247659071,-0.3034260754685435,-0.6731574534277598,-0.6613059874722094,1,0,0.4732415963120457,High Yield,Low Yield
1.217324345677586,1.7771842413698535,-0.4190946682518961,1.987934291187635,1.9937021534461856,1,1,0.6915960839992104,High Yield,High Yield
1.3711464230678003,-0.5759159257005615,-0.625001170298857,-0.5457757122740218,-0.5296645397823385,0,0,0.4761021230192768,Low Yield,Low Yield
1.217324345677586,1.7004850765663495,-0.6501037159667337,1.987934291187635,1.9937021534461856,1,1,0.6873530347870578,High Yield,High Yield
0.9096801908971572,-0.7021115407313594,-0.0624088232717424,-0.7004389396623538,-0.6962187809182585,0,0,0.4708784874784079,Low Yield,Low Yield
-0.6285405830049864,-0.7058005367283466,0.5818898488704215,-0.706968152725278,-0.7041473144696869,0,0,0.4481796201555132,Low Yield,Low Yield
0.6020360361167285,-0.7132220995411833,-0.4658543121430386,-0.713669191736842,-0.7099850038123985,0,0,0.44055835417032574,Low Yield,Low Yield
1.524968500458015,1.98105573372698,0.1305362336264459,1.987934291187635,1.9937021534461856,1,1,0.7088703079991873,High Yield,High Yield
-0.9361847377854152,-0.6140694394174341,0.4611351193831202,-0.6397015230758547,-0.6207064465249431,0,0,0.43730515528081715,Low Yield,Low Yield
1.524968500458015,-0.6249621441329478,-0.7498576229345043,-0.5993819791975076,-0.587444749756614,0,0,0.4703799868608188,Low Yield,Low Yield
1.524968500458015,-0.7129897218405857,-0.0706122695684341,-0.7133593541036726,-0.7096460658145297,1,0,0.4900385436000594,High Yield,Low Yield
0.1405698039460854,-0.0133876069788602,-0.4461660410309786,0.1626705524670137,-0.0798137139005695,0,0,0.49028241012583124,Low Yield,Low Yield
-1.5514730473462726,-0.6769566546416664,0.6809874801344571,-0.6846676953599226,-0.6732472853585324,1,0,0.42402714090715926,High Yield,Low Yield
-0.6285405830049864,-0.5225561962008318,0.4642524289758629,-0.5413148657963681,-0.5597679011235831,0,0,0.45312414391689115,Low Yield,Low Yield
-0.0132522734441289,-0.6987420640726938,1.3280753240174958,-0.6966567871242177,-0.7007655633205347,0,1,0.5042128164884079,Low Yield,High Yield
-0.7823626603952007,-0.7121473526759193,2.089683278202351,-0.7128033111841073,-0.7091480122292373,1,1,0.5128784417444017,High Yield,High Yield
0.6020360361167285,-0.6830565692823541,-0.0266417974181664,-0.680812288983901,-0.679426637281089,1,0,0.4635819146683166,High Yield,Low Yield
1.0635022682873716,-0.6297985050266359,-0.7618346545276743,-0.6172906802304801,-0.600421933710378,0,0,0.45225195801034346,Low Yield,Low Yield
1.217324345677586,-0.7098090520636557,2.151865401131274,-0.709614189783076,-0.7051009181614395,0,1,0.5831285417505097,Low Yield,High Yield
1.0635022682873716,1.98105573372698,0.1531777454053148,1.987934291187635,1.9937021534461856,1,1,0.6966985473646515,High Yield,High Yield
0.1405698039460854,-0.696723282798752,-1.194320343289259,-0.6930022748111999,-0.6951333074588465,1,0,0.3937714142276195,High Yield,Low Yield
-1.2438288925658438,-0.6912624068347077,1.9088793218232665,-0.6967764590730142,-0.6885648852300549,1,0,0.4901397188160919,High Yield,Low Yield
-1.0900068151756297,-0.2898154054460228,-0.4287747348819924,-0.4115179070252334,-0.3128395815155955,0,0,0.4093966050279635,Low Yield,Low Yield
0.2943918813362998,0.2041179207805169,-0.3086986535371664,0.4447819134581666,0.4258191135339569,0,1,0.5488306861740667,Low Yield,High Yield
-0.6285405830049864,-0.6694915210099678,0.2235633146309295,-0.674144722645047,-0.6755392037171103,0,0,0.43371731283451,Low Yield,Low Yield
-1.0900068151756297,-0.431435090353988,-0.8307436034198843,-0.5125859527879303,-0.4456765757767263,0,0,0.3838386818909574,Low Yield,Low Yield
0.4482139587265142,-0.6101625893261365,1.3131450517575172,-0.5965103779516225,-0.5901099358459635,1,1,0.5291229163498098,High Yield,High Yield
-0.6285405830049864,0.4394148662418998,-0.1953046532781475,0.3283090907492721,0.1981753851551823,1,0,0.47725151293026935,High Yield,Low Yield
0.9096801908971572,-0.3731518583228462,-1.2843941836269337,-0.3088502182950952,-0.2889210212608603,0,0,0.45220904315956584,Low Yield,Low Yield
0.1405698039460854,-0.1916939213686755,-0.1234424637191281,-0.0606045867571016,-0.2403722399391448,0,0,0.48887809317918185,Low Yield,Low Yield
0.7558581135069429,-0.6071707264309422,2.151865401131274,-0.5929813008474394,-0.578668871210514,1,1,0.5791042810212909,High Yield,High Yield
-0.9361847377854152,-0.341461349403845,-0.5409978802207343,-0.4362953837752025,-0.3752325087759769,0,0,0.406291236655126,Low Yield,Low Yield
-0.9361847377854152,-0.2647767082066287,-0.3349273092478396,-0.3790772476266972,-0.3061807031651862,0,0,0.41973036237586137,Low Yield,Low Yield
-0.474718505614772,-0.7123506831639422,0.1106633849727103,-0.7128357678413697,-0.7092738879165487,1,0,0.43124900493043045,High Yield,Low Yield
-1.5514730473462726,-0.5416837856812738,-0.2366500226134732,-0.5764429101399742,-0.5362128001045045,0,0,0.39158321421320663,Low Yield,Low Yield
0.7558581135069429,-0.7080226484903115,2.151865401131274,-0.7077501255109039,-0.7035375530233606,1,1,0.5679898127389553,High Yield,High Yield
1.524968500458015,-0.6960406733032464,2.151865401131274,-0.691413867135269,-0.6861171207824249,1,1,0.5950569646021527,High Yield,High Yield
-1.0900068151756297,-0.6987420640726938,0.2780341980409619,-0.7033517596038913,-0.6964062321582373,1,0,0.4192619380985284,High Yield,Low Yield
0.1405698039460854,-0.5770778142035496,-1.2107272358826424,-0.5431822375929657,-0.5873967971138288,1,0,0.40364510282229515,High Yield,Low Yield
1.217324345677586,-0.6741971694470696,2.151865401131274,-0.6673485077295369,-0.6543277881141617,0,1,0.5876970015436007,Low Yield,High Yield
0.9096801908971572,-0.6635804132510157,-0.6996525315987513,-0.6545720576408378,-0.6485118954272617,1,0,0.4457668294593751,High Yield,Low Yield
0.1405698039460854,-0.5073645040242621,-0.1378805292013058,-0.4558872413988014,-0.5246224283767463,0,0,0.45910343461301417,Low Yield,Low Yield
-0.6285405830049864,0.7325448119395166,-0.0049846991949007,0.5932992064729931,0.4291343848828841,1,1,0.5029128332354655,High Yield,High Yield
0.1405698039460854,-0.6974349395068321,-0.0811126808281992,-0.6938934112306819,-0.6957741291397042,0,0,0.4443212965286686,Low Yield,Low Yield
-0.474718505614772,-0.5782542263128251,-0.0819330254578684,-0.5837376010653224,-0.598587200207446,0,0,0.4309381232366878,Low Yield,Low Yield
-1.0900068151756297,-0.3534578481971974,-0.6000626935569144,-0.456936856520889,-0.3725351726193054,0,0,0.3982604649571883,Low Yield,Low Yield
0.2943918813362998,-0.7033896180846463,0.2907569967335177,-0.7012448851572871,-0.6978012181301725,0,0,0.46646836852555246,Low Yield,Low Yield
1.217324345677586,-0.6284478096419122,0.5823820556482229,-0.6130512408173641,-0.5891012955982871,0,1,0.5212944044613008,Low Yield,High Yield
0.9096801908971572,-0.7096928632133569,1.0065002291871823,-0.7094636333733343,-0.7056055107434753,1,1,0.5199081662260997,High Yield,High Yield
1.524968500458015,-0.7096347687882075,-0.9067075161272492,-0.7090153888168678,-0.7049886653840103,1,0,0.45157314765618756,High Yield,Low Yield
-1.2438288925658438,-0.7132366231474707,0.1106633849727103,-0.7136942866614874,-0.7100008063878617,0,0,0.405844391203728,Low Yield,Low Yield
-1.2438288925658438,-0.6529927042675363,1.6494863499218757,-0.6673128267560107,-0.6512326629889306,0,0,0.48044603556000903,Low Yield,Low Yield
0.9096801908971572,-0.5338991327112534,-0.806297333455743,-0.5002013868643146,-0.4879484651411289,0,0,0.4557936960271562,Low Yield,Low Yield
1.524968500458015,-0.7038108026669795,0.6009218442787464,-0.7014745659596872,-0.6969037408271345,0,1,0.5226633286090002,Low Yield,High Yield
-1.0900068151756297,-0.7125540136519651,-0.7119577010437887,-0.7132087703228253,-0.7093616194561899,0,0,0.37426410054350867,Low Yield,Low Yield
0.2943918813362998,-0.3980598431056541,0.0124066069540858,-0.3156656039331104,-0.3197605646521379,1,0,0.4906162739824437,High Yield,Low Yield
-1.2438288925658438,0.0177800521137961,0.3000194341160957,-0.1508885920080753,0.0031083936358609,0,0,0.4598810031038106,Low Yield,Low Yield
1.524968500458015,-0.3241782579218966,1.7492402568896468,-0.209929506947602,-0.1698916635399111,0,1,0.6255827008594534,Low Yield,High Yield
0.7558581135069429,0.7870228591233724,-0.5997345557050467,0.9936018390674906,1.1475363578540312,0,1,0.6065697732639487,Low Yield,High Yield
0.2943918813362998,-0.6611404473947405,-0.3086986535371664,-0.6478914090082537,-0.6454908789317896,1,0,0.4437887406015647,High Yield,Low Yield
0.2943918813362998,-0.6458470899741594,0.3241375662283693,-0.6285785144104771,-0.6265555791119556,1,0,0.47501076304101053,High Yield,Low Yield
-1.705295124736487,0.4297711916670983,1.619789874327852,0.1376076859555795,0.5336651520744274,1,1,0.5405988144613044,High Yield,High Yield
0.9096801908971572,-0.606749541848609,1.5869760891410851,-0.5869214321790239,-0.5781473862202242,1,1,0.5587690912728348,High Yield,High Yield
1.3711464230678003,-0.6960842441221085,2.151865401131274,-0.6927084941635395,-0.6874668786935513,1,1,0.5898264026219912,High Yield,High Yield
-0.1670743508343432,1.98105573372698,-0.6932538434873318,1.987934291187635,0.3044487949788541,0,0,0.4835889515935331,Low Yield,Low Yield
0.4482139587265142,-0.6160156026599393,0.3262704622655091,-0.6031640091130896,-0.5969175763722863,1,0,0.48241899871366734,High Yield,Low Yield
0.6020360361167285,-0.6460068496433202,0.4352122290855746,-0.6404569885877757,-0.6418944307228942,0,0,0.48843838354094526,Low Yield,Low Yield
0.1405698039460854,-0.6575240694291901,-0.0811126808281992,-0.643917025909523,-0.6598358030377245,0,0,0.44796896651677426,Low Yield,Low Yield
-1.2438288925658438,-0.5940849571660384,0.7507167736563363,-0.6219600781116971,-0.5937679596075264,0,0,0.4424138231891804,Low Yield,Low Yield
-1.8591172021267013,0.6112872230464184,-0.2921053195791092,0.2365538392933397,0.8305584907154818,1,0,0.4648046463812855,High Yield,Low Yield
-1.8591172021267013,0.2235069351741312,-1.1582251795838157,-0.0416503499916506,0.3795311903362878,0,0,0.3965917621782851,Low Yield,Low Yield
0.1405698039460854,1.2183739658577142,0.0358684633626239,1.7050822029301929,1.029343991716243,0,1,0.6240642867795996,Low Yield,High Yield
-0.0132522734441289,-0.6902312307883057,-1.376108713223947,-0.6866597075084422,-0.6953371061906839,1,0,0.3807223340749941,High Yield,Low Yield
-0.474718505614772,-0.6724107658737254,2.151865401131274,-0.6743845646967657,-0.6763064460016746,0,1,0.5287631113415171,Low Yield,High Yield
0.7558581135069429,-0.7008915578032219,2.151865401131274,-0.6996349911633,-0.6947082726705225,1,1,0.5687780908841005,High Yield,High Yield
-1.2438288925658438,-0.3837976617314749,-0.6761906751902131,-0.4600610525641089,-0.3886320029360885,1,0,0.3905693995207596,High Yield,Low Yield
0.9096801908971572,1.98105573372698,-0.6012111760384512,1.987934291187635,1.9937021534461856,0,1,0.6614494653350598,Low Yield,High Yield
0.2943918813362998,0.3248236126346958,-0.3086986535371664,0.5972125563851576,0.5752695188546032,1,1,0.5633531706035501,High Yield,High Yield
-1.2438288925658438,-0.5283801623220599,0.3108479832277286,-0.5713743200084243,-0.5296727135282677,0,0,0.4262962654425233,Low Yield,Low Yield
-0.0132522734441289,-0.2775574817394981,-1.6338609958659989,-0.2019207651831028,-0.4321217804439579,1,0,0.3945566404357139,High Yield,Low Yield
-1.705295124736487,-0.7125394900456778,0.8004296582142877,-0.7131757968990852,-0.7092390132672503,1,0,0.42200795861320095,High Yield,Low Yield
-1.8591172021267013,-0.0480845023993432,-0.3462480651372743,-0.2364974788167188,0.063643155988313,1,0,0.4134635967236825,High Yield,Low Yield
-0.7823626603952007,-0.6895631448990877,0.1106633849727103,-0.6943586127346163,-0.6913537673411346,1,0,0.4221751932135075,High Yield,Low Yield
1.0635022682873716,-0.7129316274154363,1.818149205781857,-0.713330744729042,-0.7095904843422105,0,1,0.5623586836737996,Low Yield,High Yield
-1.705295124736487,-0.5633384826557151,1.2885347128674425,-0.6020521291046746,-0.5468991555324813,0,0,0.45488456786673914,Low Yield,Low Yield
-0.0132522734441289,-0.7132220995411833,0.1106633849727103,-0.7136654703612968,-0.710001351304257,0,0,0.4465865824264542,Low Yield,Low Yield
0.9096801908971572,1.98105573372698,-0.8090865051966183,1.987934291187635,1.9937021534461856,1,1,0.6526933198966137,High Yield,High Yield
1.524968500458015,-0.7092281078121616,0.6009218442787464,-0.7084888475699823,-0.7044241319984927,1,1,0.5219230346504846,High Yield,High Yield
0.1405698039460854,-0.7070059960501969,0.0850891411427739,-0.7058782867498391,-0.7043925268475661,0,0,0.45112853855366974,Low Yield,Low Yield
-0.1670743508343432,-0.0633488126073497,-0.2711044970595783,-0.0129181382175413,-0.4905689680860649,0,0,0.44433679839391144,Low Yield,Low Yield
0.6020360361167285,-0.5128399035945936,0.0699947999568612,-0.4954088704646581,-0.5069932931564156,0,0,0.4833563045504062,Low Yield,Low Yield
-0.9361847377854152,-0.6471687381463084,-0.0217197296401514,-0.6643985178263175,-0.6505111936815704,1,0,0.41346151057233893,High Yield,Low Yield
-0.7823626603952007,-0.6772471267674135,0.4038750642322122,-0.6843000247698777,-0.6816498961738607,1,0,0.436216184853964,High Yield,Low Yield
-0.474718505614772,1.98105573372698,-0.5101529221451736,1.987934291187635,1.9937021534461856,1,1,0.6222831881313139,High Yield,High Yield
1.3711464230678003,-0.6511627298753301,0.0852532100687076,-0.6377818450960656,-0.6284769543217382,1,0,0.49985337709085387,High Yield,Low Yield
-1.5514730473462726,1.654430721029158,-0.7290208693409076,1.1805540592725658,1.688501019442583,1,1,0.5175864804237011,High Yield,High Yield
0.9096801908971572,-0.7111887946609541,1.0065002291871823,-0.7112443679561523,-0.7074576815710565,0,1,0.5197341454516397,Low Yield,High Yield
1.217324345677586,-0.3391230487915814,-1.1731554518437946,-0.2696684299737459,-0.1766006741986868,1,0,0.47750759606918425,High Yield,Low Yield
-0.1670743508343432,-0.5137548907906968,-0.6932538434873318,-0.498586274842717,-0.6426594933418774,1,0,0.41093664318908574,High Yield,Low Yield
0.4482139587265142,1.0731379029841983,-0.6537132323372778,1.317044225634472,1.3677370731895782,0,1,0.6139667906819433,Low Yield,High Yield
-0.6285405830049864,-0.6588747648139137,-0.0049846991949007,-0.6645471516895873,-0.6671741921330568,0,0,0.42384844760125023,Low Yield,Low Yield
-1.8591172021267013,-0.7132366231474707,1.1257783383410798,-0.7136958106846585,-0.7099953572239088,1,0,0.431741793984745,High Yield,Low Yield
-1.8591172021267013,1.98105573372698,1.1226610287483367,1.987934291187635,1.9937021534461856,0,1,0.6495274653706821,Low Yield,High Yield
-0.474718505614772,-0.7128299621714248,-0.3088403500243599,-0.7132971822791051,-0.7096694972195271,0,0,0.4120965890949782,Low Yield,Low Yield
1.3711464230678003,-0.2924006073651714,-0.4346812162156103,-0.1991145042409933,-0.1573585864483061,1,1,0.5204786669078025,High Yield,High Yield
-0.0132522734441289,-0.6692591433093701,-0.2317279548354582,-0.6620252655883397,-0.6819604985191743,1,0,0.4336099654281783,High Yield,Low Yield
-0.3208964282245576,-0.6944576002179251,2.151865401131274,-0.694802887385897,-0.6987384743300664,0,1,0.5322324473970139,Low Yield,High Yield
-1.705295124736487,0.2991894475375203,-1.0233605224662048,0.0403514903808161,0.3915841960836448,0,0,0.4089232877715832,Low Yield,Low Yield
0.7558581135069429,-0.6538786442510648,-1.0184384546881895,-0.646134604435818,-0.6364997584095512,0,0,0.4268736911490181,Low Yield,Low Yield
-1.8591172021267013,0.8595973197412682,1.1226610287483367,0.414698297128751,1.1193679946324513,0,1,0.5493960078734141,Low Yield,High Yield
1.524968500458015,-0.5244006941993254,0.0872220371799137,-0.4691758508605522,-0.4478437082807834,0,1,0.5232197525616434,Low Yield,High Yield
-0.474718505614772,-0.7117406916998734,-0.2627369818369529,-0.7122485131024341,-0.7087703851673033,0,0,0.4142547153074341,Low Yield,Low Yield
0.9096801908971572,-0.7131349579034593,2.027501155273428,-0.7135610517823427,-0.7098673018710164,1,1,0.5668327955989619,High Yield,High Yield
0.2943918813362998,-0.6522229531343067,2.151865401131274,-0.6366301390338617,-0.6344497829304809,1,1,0.5593525047259018,High Yield,High Yield
0.2943918813362998,-0.7095476271504834,-0.4246730117336466,-0.7090213973220139,-0.7054256883330307,0,0,0.4326431969127811,Low Yield,Low Yield
0.9096801908971572,-0.6290287538934063,-1.5428027419727215,-0.6134422753833231,-0.6057321439824516,1,0,0.4111269645773988,High Yield,Low Yield
-1.2438288925658438,-0.6413738192376551,-0.6761906751902131,-0.6583675114415505,-0.6398984019669574,1,0,0.3751730323593232,High Yield,Low Yield
1.3711464230678003,-0.7103609491025751,0.4409546414932588,-0.7101649752606384,-0.7062147272734065,1,1,0.5090616280137321,High Yield,High Yield
0.6020360361167285,-0.713251146753758,-0.4658543121430386,-0.713700830545463,-0.7100144292977439,0,0,0.4405557773857811,Low Yield,Low Yield
0.4482139587265142,0.617096665561359,-1.4873474450070856,0.798622343574754,0.8373154540170428,0,1,0.5285795183272466,Low Yield,High Yield
0.6020360361167285,-0.6102933017827227,-0.0266417974181664,-0.6015570733882178,-0.6057157964905929,1,0,0.4701004097116774,High Yield,Low Yield
0.1405698039460854,-0.7110726058106553,2.151865401131274,-0.7109704948611654,-0.708054365023896,0,1,0.5470492015330325,Low Yield,High Yield
-1.705295124736487,0.3681184829772909,1.619789874327852,0.091689261952146,0.4665832192325997,0,1,0.5362513926200455,Low Yield,High Yield
-0.474718505614772,-0.505171439474872,-0.5157312656269242,-0.5133788904385412,-0.5382627755835748,0,0,0.4157636090703071,Low Yield,Low Yield
1.524968500458015,0.2033191224347125,0.0872220371799137,0.4730697104409334,0.5623887851028049,0,1,0.6204645004131424,Low Yield,High Yield
0.4482139587265142,-0.5302682311394156,-1.6870193278685612,-0.5056874870850459,-0.4971847980412465,1,0,0.39884045684866487,High Yield,Low Yield
-0.9361847377854152,0.0935061352960473,0.4611351193831202,-0.1117450126555843,0.0164403181629569,0,0,0.4760100798582035,Low Yield,Low Yield
-1.3976509699560582,1.428094840647071,-0.494074167403658,0.8709811244036035,1.378875164309248,0,1,0.5019618274656031,Low Yield,High Yield
0.4482139587265142,-0.713251146753758,-0.5449355344431465,-0.7137001396987525,-0.7100122496321628,1,0,0.43179617849362334,High Yield,Low Yield
0.6020360361167285,-0.6740228861716214,0.083940658661237,-0.6709726195027603,-0.6702753113386363,1,0,0.4695361379826346,High Yield,Low Yield
0.7558581135069429,-0.4503738729526945,-0.6228682742617173,-0.4145475118113272,-0.3845325968943431,0,0,0.4678019373561738,Low Yield,Low Yield
0.2943918813362998,0.3601304995192475,-0.8441972553464585,0.6417991155182963,0.6189843468337262,1,1,0.542865316252835,High Yield,High Yield
-1.0900068151756297,1.98105573372698,-1.179718208881148,1.987934291187635,1.9937021534461856,1,1,0.5721752266594922,High Yield,High Yield
0.7558581135069429,-0.7034767597223704,-1.1149109831372837,-0.702576933961413,-0.6979091115764393,1,0,0.41702418780447015,High Yield,Low Yield
-1.8591172021267013,-0.1034630131730147,0.2124066276674285,-0.2762275377584292,-0.0007675966838168,0,0,0.4348962248598975,Low Yield,Low Yield
-1.5514730473462726,1.5676666970685196,1.1904214951590095,1.111138677384658,1.600607094715552,1,1,0.5999787439220551,High Yield,High Yield
0.2943918813362998,-0.6485339571373194,-0.443048731438236,-0.6319715680672564,-0.6298822937051839,1,0,0.4391110020854585,High Yield,Low Yield
1.524968500458015,-0.6755042940129313,-1.1713506936585223,-0.6648235341675545,-0.6576081848137906,0,0,0.4439622577663123,Low Yield,Low Yield
0.4482139587265142,1.0686355850351197,-0.3124498663949043,1.3119260478179586,1.3625004266308685,1,1,0.6285267956756095,High Yield,High Yield
0.4482139587265142,-0.350175513176256,-0.6537132323372778,-0.3009603744245203,-0.2877189356928568,1,0,0.4649020647378675,High Yield,Low Yield
-1.5514730473462726,-0.584528424228961,1.56023285421387,-0.6107206765559982,-0.5796153909891278,1,0,0.4709050526364293,High Yield,Low Yield
1.3711464230678003,-0.6713941134336108,0.2530957212990195,-0.6625192593058915,-0.6550443531739644,1,1,0.5051634172631392,High Yield,High Yield
-0.474718505614772,-0.6867310416730541,2.151865401131274,-0.6881710688060674,-0.6881267724482439,0,1,0.5278386806635998,Low Yield,High Yield
-1.5514730473462726,-0.7081824081594723,2.151865401131274,-0.7096497963071944,-0.7048796821049529,1,0,0.49003473493124927,High Yield,Low Yield
-0.474718505614772,-0.7082695497971965,-0.720653354118282,-0.7089067539927757,-0.7059052147608833,0,0,0.39386142299938426,Low Yield,Low Yield
0.2943918813362998,0.2756321581394361,-0.3086986535371664,0.5350921632202292,0.5143636684369604,0,1,0.5574464541723878,Low Yield,High Yield
0.9096801908971572,-0.7125975844708272,-1.0159774207991823,-0.7129213704273498,-0.7092019589523707,0,0,0.42561396624625647,Low Yield,Low Yield
0.2943918813362998,-0.7087633524109664,0.2907569967335177,-0.7080309924708459,-0.7044546473166289,0,0,0.46581655073493594,Low Yield,Low Yield
0.4482139587265142,1.98105573372698,-1.4873474450070856,1.987934291187635,1.9937021534461856,1,1,0.6086382031519058,High Yield,High Yield
1.524968500458015,-0.7127428205337007,0.3720456926010487,-0.713039668346635,-0.7093033134018941,0,1,0.5107574308432078,Low Yield,High Yield
-0.9361847377854152,1.98105573372698,-0.5409978802207343,1.987934291187635,1.9937021534461856,1,1,0.6061060913291547,High Yield,High Yield
0.9096801908971572,-0.7123652067702296,2.027501155273428,-0.7126447514630286,-0.7089142430956592,1,1,0.566920876732427,High Yield,High Yield
-0.6285405830049864,-0.6545322065339956,-1.3949766397063377,-0.6606214694519918,-0.6637526620870488,1,0,0.3621947568318803,High Yield,Low Yield
-1.8591172021267013,-0.463822732374782,2.151865401131274,-0.534759460774878,-0.419902030279643,1,0,0.4980420460866807,High Yield,Low Yield
0.2943918813362998,1.98105573372698,-0.1057230197182742,1.987934291187635,1.9937021534461856,0,1,0.663524618523058,Low Yield,High Yield
1.3711464230678003,-0.7131349579034593,0.5361146185348822,-0.7135568245887624,-0.7098574933759012,1,1,0.5131595206192664,High Yield,High Yield
1.524968500458015,-0.6959390080592349,-0.3762726785831657,-0.6912822318235476,-0.6859759874360455,0,0,0.47810058486950496,Low Yield,Low Yield
1.3711464230678003,-0.6304956381284288,-0.942310473054891,-0.6125116796828697,-0.6013373932544606,0,0,0.4545436649948257,Low Yield,Low Yield
1.3711464230678003,-0.5045178771919412,0.0096174352132105,-0.4584755484150817,-0.4359062248092273,1,1,0.5146821014821333,High Yield,High Yield
1.524968500458015,-0.5588216411003487,0.309535431820258,-0.513743806400498,-0.4956274269835157,0,1,0.528881203339497,Low Yield,High Yield
1.524968500458015,-0.6451499568723665,0.3720456926010487,-0.6255209910964631,-0.6154697999662334,1,1,0.520003613470675,High Yield,High Yield
0.2943918813362998,-0.2753789407963953,-0.7229503190813557,-0.160740608047622,-0.1678645745494428,1,0,0.47122872964373663,High Yield,Low Yield
-1.705295124736487,1.98105573372698,-0.5231143672939467,1.987934291187635,1.9937021534461856,0,1,0.5817914800293871,Low Yield,High Yield
-0.3208964282245576,0.1552169384110041,-0.4921053402924519,0.159646418617548,-0.1886705723542977,1,0,0.45038446624541206,High Yield,Low Yield
0.2943918813362998,-0.5896697808546835,0.2907569967335177,-0.5576361817379224,-0.5570002707519195,0,0,0.4802856055171597,Low Yield,Low Yield
0.9096801908971572,0.558188918459861,-1.2640496368111382,0.7998040133339038,0.8642081679572554,1,1,0.5612176744546304,High Yield,High Yield
1.3711464230678003,1.98105573372698,0.2530957212990195,1.987934291187635,1.9937021534461856,1,1,0.7092983086468022,High Yield,High Yield
1.0635022682873716,-0.5244587886244749,-0.5229502983680125,-0.4955963077972043,-0.4620921821847524,0,0,0.47595908348689275,Low Yield,Low Yield
-1.5514730473462726,1.98105573372698,-0.3291848968401554,1.987934291187635,1.9937021534461856,0,1,0.5956139731578093,Low Yield,High Yield
-1.2438288925658438,1.98105573372698,-1.1495295265093226,1.987934291187635,1.9937021534461856,1,1,0.5684520243324535,High Yield,High Yield
1.0635022682873716,-0.6180634311464558,-0.7828354770472049,-0.603733662041305,-0.5850116980516568,0,0,0.45267804550189783,Low Yield,Low Yield
0.1405698039460854,1.98105573372698,-1.194320343289259,1.987934291187635,1.9937021534461856,1,1,0.6117554840229907,High Yield,High Yield
1.524968500458015,-0.6536753137630419,0.0905034156985903,-0.6365595522365256,-0.6273048391554754,0,1,0.50568855224064,Low Yield,High Yield
-0.474718505614772,-0.6608354516627062,1.617492909364778,-0.6632407069126749,-0.6667518819267093,0,1,0.5045699817300069,Low Yield,High Yield
-1.3976509699560582,-0.6358838960610362,-0.8084302294928829,-0.6564508486627768,-0.634542963634075,1,0,0.36471944865116007,High Yield,Low Yield
1.217324345677586,-0.7131930523286086,-0.1444432862386591,-0.7136304638118176,-0.7099256079253121,0,0,0.47615809520565505,Low Yield,Low Yield
-0.7823626603952007,-0.6929761923766152,-0.5465762237024847,-0.6971460752012596,-0.6940429297518768,1,0,0.39235804035376876,High Yield,Low Yield
-1.5514730473462726,0.8344279100452879,-1.1759446235846698,0.524512468815374,0.8578195681389085,0,0,0.44069087892606557,Low Yield,Low Yield
-0.474718505614772,-0.7122925887387929,-1.483901997562475,-0.712779838818614,-0.7092259352737634,1,0,0.3601216048077177,High Yield,Low Yield
-1.8591172021267013,-0.2775574817394981,0.0514550113263381,-0.4011276732250652,-0.2032568944233448,0,0,0.41473896156582946,Low Yield,Low Yield
0.2943918813362998,1.98105573372698,-0.7820151324175357,1.987934291187635,1.9937021534461856,1,1,0.634741438497909,High Yield,High Yield
0.7558581135069429,-0.7127428205337007,-0.1308255653861507,-0.7131216502827394,-0.7093817813628156,1,0,0.46127574044666386,High Yield,Low Yield
0.2943918813362998,-0.713251146753758,0.1106633849727103,-0.7136983091191963,-0.7100111597993722,0,0,0.4569066053225551,Low Yield,Low Yield
1.0635022682873716,-0.556846430645269,0.972373892592945,-0.5330123357202989,-0.5046229068369165,1,1,0.5418324592120525,High Yield,High Yield
-1.0900068151756297,-0.322580661230288,-0.4336968026600074,-0.4349010996455436,-0.3435728662097921,0,0,0.4074033861857214,Low Yield,Low Yield
-1.5514730473462726,-0.7053793521460134,-0.7290208693409076,-0.7074072170128579,-0.7020401227691114,1,0,0.35947100137752214,High Yield,Low Yield
0.9096801908971572,-0.6508141633244336,-1.5428027419727215,-0.6393753032884396,-0.6327055055491667,1,0,0.40867112291110214,High Yield,Low Yield
-1.3976509699560582,-0.3244977772602184,0.9817258213711736,-0.4260118885289162,-0.3307847682451927,1,0,0.4640024707997646,High Yield,Low Yield
0.7558581135069429,-0.7056698242717605,0.1909135983700965,-0.7050726270092504,-0.7006244299741553,0,0,0.47704773568051595,Low Yield,Low Yield
-0.9361847377854152,-0.6609806877255797,-0.5409978802207343,-0.6747042843939745,-0.6629483654876048,0,0,0.3894091897317479,Low Yield,Low Yield
-0.7823626603952007,-0.5575871345659238,-1.4479709027829657,-0.5865727768436034,-0.5873690063776691,0,0,0.35930014042127184,Low Yield,Low Yield
0.2943918813362998,-0.4039564272583189,0.6173287368721297,-0.3231119811474478,-0.3270613545161954,0,1,0.518160282831828,Low Yield,High Yield
1.217324345677586,1.98105573372698,-0.330497448247626,1.987934291187635,1.9937021534461856,1,1,0.6817969956209106,High Yield,High Yield
0.1405698039460854,-0.7126121080771145,-0.0248370392328944,-0.7128982593604531,-0.7094406323335065,1,0,0.4455331001202188,High Yield,Low Yield
1.524968500458015,-0.4169260076729238,-0.2451816067620326,-0.3300185213265444,-0.2986455992511552,1,1,0.5224022983359345,High Yield,High Yield
0.6020360361167285,1.98105573372698,-0.2158132690198767,1.987934291187635,1.9937021534461856,1,1,0.6682175133724794,High Yield,High Yield
1.3711464230678003,-0.6989889653795788,0.2434156546689232,-0.6962601688526746,-0.6912812934605614,0,1,0.5012548241465388,Low Yield,High Yield
-1.3976509699560582,-0.5851819865118918,-0.494074167403658,-0.6189292810402345,-0.5850830820994394,1,0,0.3813575635969468,High Yield,Low Yield
-0.9361847377854152,1.920924372795772,-0.0217197296401514,1.251780510592432,1.6619657706576785,0,1,0.5539839549605917,Low Yield,High Yield
0.7558581135069429,-0.7112468890861036,-0.1516623189797476,-0.7114192901242806,-0.7075296105352343,0,0,0.46047535910669835,Low Yield,Low Yield
-1.5514730473462726,-0.6395293212391614,1.56023285421387,-0.6547240329687043,-0.6353325474908462,0,0,0.4671435649120194,Low Yield,Low Yield
-0.0132522734441289,-0.652440807228617,-0.7597017584905343,-0.6422699444363462,-0.671233274361551,0,0,0.4105965358793644,Low Yield,Low Yield
1.524968500458015,-0.6594702326716951,1.7492402568896468,-0.6440627650046431,-0.6353494398991001,1,1,0.581679600881172,High Yield,High Yield
-1.0900068151756297,1.98105573372698,0.4297979545297578,1.987934291187635,1.9937021534461856,1,1,0.6437369723377454,High Yield,High Yield
-1.705295124736487,-0.6953144929888788,2.151865401131274,-0.7003467625367596,-0.6904971587677432,1,0,0.48575240509208445,High Yield,Low Yield
-1.0900068151756297,-0.467497204765482,2.151865401131274,-0.5383219755167556,-0.4795022610141777,1,1,0.5190475732463198,High Yield,High Yield
-1.3976509699560582,-0.5812170419954449,-0.7723350657874396,-0.6159950536094255,-0.581215265525691,1,0,0.36938851062661276,High Yield,Low Yield
-0.1670743508343432,-0.713251146753758,0.1106633849727103,-0.7137009892978766,-0.7100242377928591,0,0,0.44144039203973434,Low Yield,Low Yield
0.4482139587265142,-0.6750540622180233,-0.7268879733037676,-0.6702781795134959,-0.6655852159243995,1,0,0.42743724519517307,High Yield,Low Yield
1.524968500458015,1.7782154174162554,0.6009218442787464,1.987934291187635,1.9937021534461856,1,1,0.7387800370726456,High Yield,High Yield
-1.705295124736487,0.0546700120836691,2.151865401131274,-0.1417645488469356,0.1255320355830538,0,1,0.5388694256344099,Low Yield,High Yield
-0.0132522734441289,1.98105573372698,-0.7839839595287418,1.987934291187635,1.1106994646162227,1,1,0.5526506478634091,High Yield,High Yield
0.4482139587265142,-0.1359377968315329,-1.0186025236141236,-0.0574176616135999,-0.0385390215395425,0,0,0.47057749663962173,Low Yield,Low Yield
0.1405698039460854,-0.691480260929018,1.301660226942149,-0.6864369636390971,-0.6904121518100784,1,1,0.5092642444424643,High Yield,High Yield
0.9096801908971572,0.7717875961279406,-0.2711044970595783,1.0540687076009356,1.1286729869983751,1,1,0.629781168792764,High Yield,High Yield
-0.7823626603952007,-0.7125540136519651,-0.4008830174732407,-0.7131354343716223,-0.7094684230696662,0,0,0.39791652985802434,Low Yield,Low Yield
-0.9361847377854152,1.98105573372698,-0.3349273092478396,1.987934291187635,1.9937021534461856,0,1,0.6152647157530803,Low Yield,High Yield
0.9096801908971572,0.1457330235053635,-0.2711044970595783,0.3088226403489688,0.3535305045351603,0,1,0.5595917736763464,Low Yield,High Yield
1.0635022682873716,1.98105573372698,-0.2650339468000267,1.987934291187635,1.9937021534461856,1,1,0.6799285486591307,High Yield,High Yield
-0.1670743508343432,-0.7100995241894027,0.7558029103602849,-0.7103026278362597,-0.7089600160728632,0,0,0.4714534827708632,Low Yield,Low Yield
1.0635022682873716,-0.5690607835329315,2.151865401131274,-0.5471230440087843,-0.5206625209321945,1,1,0.5944383882235524,High Yield,High Yield
-0.7823626603952007,0.4333004279949248,1.919215664157098,0.2226928157062201,0.1933577793044484,0,1,0.5627852431372917,Low Yield,High Yield
-0.0132522734441289,1.98105573372698,-1.6338609958659989,1.987934291187635,1.9937021534461856,1,1,0.5870275615297288,High Yield,High Yield
-0.3208964282245576,-0.700441326008314,2.151865401131274,-0.7008202388734006,-0.7023305632077994,1,1,0.5319413081131927,High Yield,High Yield
1.0635022682873716,-0.6789463887030336,2.151865401131274,-0.6740690831415795,-0.664961831568191,1,1,0.5816321439626972,High Yield,High Yield
-0.0132522734441289,-0.0886489347599161,-0.0819330254578684,0.0199768705889,-0.3116304120344533,0,0,0.4776808165993871,Low Yield,Low Yield
1.3711464230678003,-0.4644036766262761,0.0332433605476827,-0.4094269209581264,-0.3832291568768162,0,1,0.5208029539288773,Low Yield,High Yield
-0.6285405830049864,0.0524188531091297,0.2235633146309295,-0.0215361564178619,-0.1067413024900804,1,0,0.47467739258333985,High Yield,Low Yield
-1.3976509699560582,-0.7121328290696319,-0.7723350657874396,-0.7128782992552566,-0.7089240515907742,0,0,0.36197315114474793,Low Yield,Low Yield
-0.0132522734441289,1.98105573372698,-0.8520725637912827,1.987934291187635,1.7967693681894006,1,1,0.6061400417080377,High Yield,High Yield
1.0635022682873716,-0.545285640040537,-0.7618346545276743,-0.5196566593854185,-0.4894415360642157,0,0,0.46234247340483803,Low Yield,Low Yield
-0.7823626603952007,1.98105573372698,-0.4092505326958661,1.987934291187635,1.9937021534461856,0,1,0.6169068209397556,Low Yield,High Yield
-0.3208964282245576,0.5459309947533363,-0.1803743810181684,0.5525561023962378,0.0458788815019511,1,0,0.4838841638067093,High Yield,Low Yield
-0.9361847377854152,-0.6139242033545605,0.5622015777583614,-0.6395931553937553,-0.6205756665900741,0,0,0.44196760772005944,Low Yield,Low Yield
1.3711464230678003,1.98105573372698,0.4409546414932588,1.987934291187635,1.9937021534461856,1,1,0.7164860906737056,High Yield,High Yield
-0.3208964282245576,-0.1950633980273411,-0.0719248209759047,-0.1926023269543215,-0.3989472702988747,0,0,0.45288496346199325,Low Yield,Low Yield
-1.3976509699560582,-0.5332455704283225,-0.494074167403658,-0.5804941261223854,-0.5344189353312191,0,0,0.38435419693039075,Low Yield,Low Yield
-1.0900068151756297,-0.670493649843795,2.0670417664234817,-0.6831920478811505,-0.6699096724373985,0,1,0.5037397864812854,Low Yield,High Yield
1.217324345677586,-0.6647277781477164,-0.3034260754685435,-0.6561098353400967,-0.6408269395045266,0,0,0.47513460036054234,Low Yield,Low Yield
-1.0900068151756297,-0.6894033852299267,0.4297979545297578,-0.6966871351114892,-0.687646701103996,1,0,0.4266961836343268,High Yield,Low Yield
-0.1670743508343432,-0.6353029518095421,1.2186413504196292,-0.6296502705674717,-0.6837031411513027,0,0,0.49544494784539805,Low Yield,Low Yield
1.217324345677586,-0.681153976858711,-1.5587174277883031,-0.6756051397457055,-0.6642463563411789,1,0,0.4151063681583415,High Yield,Low Yield
-0.7823626603952007,-0.6982627850652112,2.151865401131274,-0.701463676638954,-0.698208270677452,0,1,0.5164869766348175,Low Yield,High Yield
-0.1670743508343432,-0.710317378283713,-0.0056409748986358,-0.7105375376147125,-0.7090335797862269,0,0,0.4361786404842156,Low Yield,Low Yield
0.9096801908971572,-0.1740041689106813,-0.4619166579206268,-0.0717877658717905,-0.0423485320589951,0,1,0.5137017646026002,Low Yield,High Yield
-1.0900068151756297,-0.6707550747569673,-0.4287747348819924,-0.6833786159073764,-0.6701548848152777,0,0,0.3889621446221096,Low Yield,Low Yield
0.9096801908971572,-0.6660639499261528,-0.0965351598659797,-0.6575284228220211,-0.6515868586458673,1,0,0.47347548103700715,High Yield,Low Yield
-0.7823626603952007,1.98105573372698,-0.7734835482689763,1.987934291187635,1.9937021534461856,0,1,0.6006918337165194,Low Yield,High Yield
-1.3976509699560582,1.98105573372698,-1.6200792060875568,1.987934291187635,1.9937021534461856,0,1,0.5415874155809262,Low Yield,High Yield
1.524968500458015,-0.6877476941131686,-0.2451816067620326,-0.6806761867077123,-0.6746046720991927,1,0,0.48533904229532915,High Yield,Low Yield
1.217324345677586,-0.6615035375519244,-0.3980938457323655,-0.6522831708148578,-0.6362300247938841,0,0,0.47114782420192985,Low Yield,Low Yield
-1.0900068151756297,-0.6906669389769263,0.995015404371814,-0.6975888805715809,-0.6888318942637456,0,0,0.4526517428089813,Low Yield,Low Yield
1.0635022682873716,-0.6910300291341102,1.1036290333400118,-0.688028785039344,-0.6808297969989534,1,1,0.5318822029962686,High Yield,High Yield
-1.3976509699560582,1.0092485589261389,1.2970662970160012,0.5610170772347413,0.9702892222933904,1,1,0.5598144360879717,High Yield,High Yield
1.524968500458015,-0.6664851345084859,1.177295981084303,-0.6531456015134168,-0.645087640799277,1,1,0.5545096252745767,High Yield,High Yield
-1.0900068151756297,-0.5769906725658256,0.4297979545297578,-0.6164628838343612,-0.5822053786159278,1,0,0.43285880025109447,High Yield,Low Yield
-1.705295124736487,-0.1177978125786307,2.151865401131274,-0.270217148385398,-0.0621235480439667,1,1,0.5266887735214364,High Yield,High Yield
-1.5514730473462726,-0.691480260929018,0.6809874801344571,-0.6962872771958629,-0.6879600280312861,0,0,0.42305336289338646,Low Yield,Low Yield
0.4482139587265142,-0.6661365679575895,-0.3124498663949043,-0.6601408853865957,-0.6552132772565034,0,0,0.447432501995682,Low Yield,Low Yield
1.3711464230678003,-0.7066864767118751,2.151865401131274,-0.7056721067788826,-0.7013894925931385,0,1,0.5885406802434476,Low Yield,High Yield
-1.705295124736487,-0.4168679132477744,-0.0568304797899919,-0.4929620687808522,-0.3875301819848178,1,0,0.4034999971786853,High Yield,Low Yield
0.6020360361167285,-0.5716314618457928,1.7740146647056554,-0.5594458191136253,-0.5665504754957227,1,1,0.5574442646651153,High Yield,High Yield
0.9096801908971572,-0.7056988714843352,2.151865401131274,-0.704709244924063,-0.7006603944562443,1,1,0.5733800751257645,High Yield,High Yield
-1.0900068151756297,-0.7117842625187355,-0.7815229256397342,-0.7126594311344935,-0.7086396052324344,0,0,0.3712637089603356,Low Yield,Low Yield
0.2943918813362998,-0.2187078290631495,0.5239735180157784,-0.0891746871354431,-0.0976978699938945,1,1,0.5363147768896627,High Yield,High Yield
0.9096801908971572,0.3762517024982078,-0.6996525315987513,0.5832286529556413,0.6389446343930952,1,1,0.5663130855052303,High Yield,High Yield
-0.6285405830049864,-0.605471464495322,-0.1221299123116576,-0.6162704507275836,-0.6250973828381671,1,0,0.42148882771226465,High Yield,Low Yield
-1.8591172021267013,-0.7045079357687724,0.2124066276674285,-0.7074336115176069,-0.6998430198633135,0,0,0.39105745705220313,Low Yield,Low Yield
-1.0900068151756297,1.065193490345017,0.3989529964541972,0.5554952675745337,0.9581370417620916,1,1,0.5228328825995936,High Yield,High Yield
1.0635022682873716,-0.4465251172865463,-0.1119576389037598,-0.4055629419517669,-0.3597514339858683,0,1,0.5045222421944483,Low Yield,High Yield
0.7558581135069429,-0.4471351087506151,-1.0184384546881895,-0.4108618194294215,-0.3805225571414248,0,0,0.4498044526602653,Low Yield,Low Yield
1.3711464230678003,-0.283628349167611,-0.3966172253989608,-0.1883884466798053,-0.1458390538519352,1,1,0.5233508498323212,High Yield,High Yield
1.3711464230678003,-0.706642905893013,-0.2793079433562699,-0.7056188316585454,-0.7013322763716333,1,0,0.47588485901750077,High Yield,Low Yield
-0.474718505614772,-0.6596590395534307,-0.3623268198787899,-0.6621081442018701,-0.6657808409103075,0,0,0.4130114080947148,Low Yield,Low Yield
-1.5514730473462726,-0.3841171810697966,-0.7936640261588379,-0.4503820668018573,-0.3765942548477995,0,0,0.3771829222699423,Low Yield,Low Yield
-0.0132522734441289,-0.7115373612118505,1.1799210838992449,-0.7116865262735323,-0.7089267761727508,1,0,0.4964635392381267,High Yield,Low Yield
-0.3208964282245576,-0.7132220995411833,0.1106633849727103,-0.7136728342836023,-0.7100029860534429,1,0,0.4363106956779228,High Yield,Low Yield
0.4482139587265142,-0.709489532725334,1.3461229058702175,-0.7094239846843108,-0.705637115894402,0,1,0.5201374549151874,Low Yield,High Yield
-1.2438288925658438,1.98105573372698,-0.6761906751902131,1.987934291187635,1.9937021534461856,0,1,0.5900146823961906,Low Yield,High Yield
-0.7823626603952007,-0.0232781828605467,0.4032187885284771,-0.1501984930761913,-0.1663834917870522,0,0,0.4691058825937596,Low Yield,Low Yield
0.1405698039460854,-0.4792903730708115,1.301660226942149,-0.4207328189731099,-0.4993426669665837,0,1,0.5288541110374477,Low Yield,High Yield
0.4482139587265142,-0.6814589725907454,2.151865401131274,-0.6775592002137613,-0.6730347679643705,1,1,0.5604848010993606,High Yield,High Yield
-0.474718505614772,1.98105573372698,-0.720653354118282,1.987934291187635,1.6610132567987164,1,1,0.5859323990649575,High Yield,High Yield
0.9096801908971572,-0.3268941722976314,-0.6996525315987513,-0.2537857557098978,-0.2316475835342018,1,0,0.4847854792399379,High Yield,Low Yield
-0.6285405830049864,-0.7000346650322681,-0.7536312082309826,-0.7017557920285372,-0.6996043464821777,0,0,0.387845965675725,Low Yield,Low Yield
-0.6285405830049864,1.98105573372698,-0.4784876194399439,1.987934291187635,1.9214593174245929,1,1,0.6129798953042322,High Yield,High Yield
-1.3976509699560582,0.7040785436163075,-0.2524006395031214,0.3351782978348963,0.672594856551264,0,0,0.4690953736608456,Low Yield,Low Yield
1.3711464230678003,-0.0459204850625278,-0.625001170298857,0.102262851505563,0.1663135786063459,0,1,0.5423661383572639,Low Yield,High Yield
-0.7823626603952007,-0.2775574817394981,0.5649907494992368,-0.3578703776123257,-0.366731813009497,1,0,0.4637698663606784,High Yield,Low Yield
1.524968500458015,-0.6703919845997836,1.4530958455790774,-0.6582041584924233,-0.6505111936815704,0,1,0.566682348716087,Low Yield,High Yield
0.4482139587265142,-0.7132220995411833,-0.0940741259769722,-0.7136671191967103,-0.709978464815655,0,0,0.4525858026177132,Low Yield,Low Yield
-0.474718505614772,-0.702634390557704,2.151865401131274,-0.7034816387854643,-0.7012538084107119,0,1,0.5268118328194727,Low Yield,High Yield
-0.474718505614772,0.7405473190038474,-0.5101529221451736,0.6859071445138183,0.489985743660998,1,0,0.4958881738692027,High Yield,Low Yield
-0.1670743508343432,-0.7131785287223212,0.1106633849727103,-0.7136226860383923,-0.7099997165550711,0,0,0.44144268175311646,Low Yield,Low Yield
-0.474718505614772,-0.7072383737507945,-1.702769944758209,-0.7079140138388604,-0.7050540553514448,1,0,0.3510463219751973,High Yield,Low Yield
1.0635022682873716,-0.7109854641729312,0.0110940555466152,-0.7110824273560847,-0.7070348264483136,0,0,0.47847792588317795,Low Yield,Low Yield
-0.0132522734441289,-0.4228371154318759,-0.6087583466314076,-0.3725705730271363,-0.5247853583789371,1,0,0.4319145985035875,High Yield,Low Yield
-0.7823626603952007,-0.654633871778007,-0.9603580549076128,-0.6658316032355642,-0.6638327647971559,1,0,0.375903665050927,High Yield,Low Yield
0.9096801908971572,-0.707136708506783,-1.2640496368111382,-0.7064208247658007,-0.7024406363196475,1,0,0.4149353781678357,High Yield,Low Yield
-0.0132522734441289,-0.6951111625008559,-0.2317279548354582,-0.6923918214178288,-0.6984496686405642,1,0,0.43197263154956833,High Yield,Low Yield
-0.1670743508343432,-0.6992068194738891,0.3165903956354127,-0.6985571389136207,-0.7052818304046747,1,0,0.451397558143441,High Yield,Low Yield
0.1405698039460854,-0.3388761474846964,-0.444853489623508,-0.2449061474720308,-0.3729046259353101,1,0,0.4603286250063911,High Yield,Low Yield
1.217324345677586,-0.7098526228825177,2.151865401131274,-0.7096659014658494,-0.7051630386305022,0,1,0.583122943359059,Low Yield,High Yield
1.3711464230678003,-0.7116971208810114,-0.516715679182527,-0.7117987456176406,-0.7079693580662312,0,0,0.4641989588032551,Low Yield,Low Yield
1.0635022682873716,0.5614567298745151,-0.7460840376380262,0.7589144508493679,0.9639077063881828,1,1,0.5949566433649802,High Yield,High Yield
-1.0900068151756297,1.98105573372698,0.4297979545297578,1.987934291187635,1.9937021534461856,1,1,0.6437369723377454,High Yield,High Yield
-0.3208964282245576,1.98105573372698,-1.0282825902442196,1.987934291187635,1.9937021534461856,0,1,0.6042550077287455,Low Yield,High Yield
-0.7823626603952007,-0.4681798142609875,2.151865401131274,-0.5135531217599592,-0.5169243944605244,1,1,0.5281544377700819,High Yield,High Yield
-0.0132522734441289,-0.4488924651113846,-0.7839839595287418,-0.4031759669361833,-0.5414042186024054,1,0,0.42225491030127843,High Yield,Low Yield
-1.2438288925658438,-0.6721783881731278,-0.8486271163466721,-0.6820837786690133,-0.669948361501464,1,0,0.3658372465372305,High Yield,Low Yield
-1.2438288925658438,-0.6900279003002828,1.9088793218232665,-0.6958260193208529,-0.6873606199964702,1,0,0.49021777272057676,High Yield,Low Yield
-0.6285405830049864,-0.5299632354073811,0.4642524289758629,-0.5480108455327353,-0.5656039557171088,0,0,0.45270383688208016,Low Yield,Low Yield
1.3711464230678003,-0.5169210369613394,1.3157701545724585,-0.4736411993376884,-0.452193775864361,1,1,0.5736376808344746,High Yield,High Yield
0.4482139587265142,-0.6789173414904589,2.151865401131274,-0.6746699062850845,-0.6700785965199375,1,1,0.5607507624379359,High Yield,High Yield
-1.2438288925658438,0.3047084179267139,-0.597601659667907,0.0700159696825215,0.2830079695734895,0,0,0.4363393070273655,Low Yield,Low Yield
-0.6285405830049864,-0.6818365863542166,-0.0227041431957546,-0.6853046888723255,-0.6852659613729863,0,0,0.4217567831476431,Low Yield,Low Yield
0.6020360361167285,-0.0316728272946359,-0.50014471766321,0.0286879943427238,-0.0195601284080855,1,1,0.5000004980822486,High Yield,High Yield
1.524968500458015,-0.6530798459052605,0.0905034156985903,-0.635788545410729,-0.6264782009838248,0,1,0.5057700764310848,Low Yield,High Yield
-0.1670743508343432,-0.7131059106908845,0.0376732215478959,-0.7135443827789081,-0.7099751953172833,0,0,0.4380832267124742,Low Yield,Low Yield
1.524968500458015,-0.7074852750576794,-0.3762726785831657,-0.7062322422261876,-0.7020047032034178,0,0,0.47652285995997706,Low Yield,Low Yield
0.1405698039460854,-0.706555764255289,-0.0248370392328944,-0.7053145065660851,-0.7039871090494725,1,0,0.4460865434798206,High Yield,Low Yield
-0.9361847377854152,1.98105573372698,-0.0217197296401514,1.4139527468542463,1.85767794318902,1,1,0.5775244055531814,High Yield,High Yield
-0.474718505614772,-0.6965925703421658,0.6516191423923007,-0.6976650204188624,-0.6962667335610438,1,0,0.4572182219794422,High Yield,Low Yield
0.6020360361167285,-0.595435652550762,0.083940658661237,-0.5853738227785603,-0.5906646607363659,0,0,0.47658693022125564,Low Yield,Low Yield
1.524968500458015,1.98105573372698,-0.2829174597268143,1.987934291187635,1.9937021534461856,1,1,0.6926656281372385,High Yield,High Yield
1.524968500458015,0.7056180458827668,-0.7677411358612921,1.1234421755671034,1.2596883257500608,1,1,0.6472106585937079,High Yield,High Yield
-0.1670743508343432,1.98105573372698,-0.6932538434873318,1.987934291187635,1.9937021534461856,1,1,0.6240313407334322,High Yield,High Yield
0.2943918813362998,-0.6127768384578598,2.151865401131274,-0.5868164431862251,-0.585610016253682,1,1,0.5640859621936487,High Yield,High Yield
0.1405698039460854,-0.7095621507567708,-0.444853489623508,-0.7090791032769586,-0.7066942537012592,0,0,0.426504540128642,Low Yield,Low Yield
0.6020360361167285,0.4264743330398695,-0.0302513137887108,0.5277111033179385,0.4445533392039299,0,1,0.5628522046498,Low Yield,High Yield
1.217324345677586,-0.4110875179454085,0.1782802910731912,-0.3550788926879735,-0.2792029822673088,1,1,0.5311033659007498,High Yield,High Yield
0.1405698039460854,1.98105573372698,-0.0811126808281992,1.987934291187635,1.9937021534461856,1,1,0.6598901626300718,High Yield,High Yield
1.524968500458015,-0.7060038672163695,-1.1713506936585223,-0.7043141276839621,-0.699948188727604,0,0,0.4398424890585002,Low Yield,Low Yield
1.3711464230678003,-0.7005575148586127,0.0332433605476827,-0.6981780731848075,-0.6933410774347469,0,0,0.4912366466087703,Low Yield,Low Yield
1.217324345677586,-0.7131349579034593,2.129059820426471,-0.7135615149014529,-0.7098427806332285,0,1,0.581664090035739,Low Yield,High Yield
1.524968500458015,0.6853576151119114,-1.6658544364230965,1.0972091384454898,1.2315624660073132,1,1,0.6053499170987743,High Yield,High Yield
1.217324345677586,-0.7080662193091735,-0.3034260754685435,-0.7075457224721361,-0.7026160993989299,0,0,0.46942544510768813,Low Yield,Low Yield
0.7558581135069429,-0.7055826826340365,-1.0184384546881895,-0.7049734603980781,-0.7005165365278885,0,0,0.42118385756600224,Low Yield,Low Yield
-1.705295124736487,-0.7129751982342983,0.8004296582142877,-0.7135003087294981,-0.7097130905311502,1,0,0.42197780433123316,High Yield,Low Yield
1.0635022682873716,-0.4071661442478235,-0.3544515114339659,-0.3600932398568852,-0.3080661138928798,0,0,0.49792319374350386,Low Yield,Low Yield
-0.474718505614772,-0.6406040681044255,-0.3088403500243599,-0.6437634247379718,-0.6500523740767385,0,0,0.416636807914591,Low Yield,Low Yield
1.217324345677586,0.5639112193370774,-0.4186024614740947,0.802090669962183,1.1108874607725971,1,1,0.6290965804300431,High Yield,High Yield
0.9096801908971572,-0.6987711112852685,-1.0159774207991823,-0.696462542050236,-0.6920828654780289,0,0,0.4271900174097213,Low Yield,Low Yield
0.6020360361167285,1.6852352899646306,-0.610234966964812,1.8987788749103256,1.7197067466514933,0,1,0.6450577290248501,Low Yield,High Yield
-1.5514730473462726,-0.5854579350313515,-1.4901366167479608,-0.6114643297934984,-0.5805570065201842,1,0,0.3346974669421623,High Yield,Low Yield
-0.3208964282245576,-0.7058295839409213,-0.1984219628708901,-0.7062387762565652,-0.7055651869302242,0,0,0.4225081530865161,Low Yield,Low Yield
-0.0132522734441289,-0.6910155055278228,-0.6730733655974703,-0.6875809401010221,-0.6958373394415575,0,0,0.41210806347225765,Low Yield,Low Yield
-0.1670743508343432,-0.7080516957028862,-0.6932538434873318,-0.7080944759188036,-0.7082685171672438,0,0,0.4049357612931529,Low Yield,Low Yield
-0.7823626603952007,1.98105573372698,-0.5465762237024847,1.987934291187635,1.9937021534461856,0,1,0.61082170719402,Low Yield,High Yield
1.3711464230678003,-0.6837827495967217,0.0332433605476827,-0.6776671518550526,-0.6713128321552629,0,0,0.49333725054979827,Low Yield,Low Yield
-1.0900068151756297,-0.7100269061579659,0.6178209436499311,-0.7114052794026418,-0.7069912331366907,1,0,0.4341823397235017,High Yield,Low Yield
-0.0132522734441289,-0.5156284360017651,-1.0765188544687667,-0.4815660366196117,-0.5839703628202629,1,0,0.4048181193850049,High Yield,Low Yield
-0.0132522734441289,1.463953624570542,-0.7839839595287418,1.8437103263664536,0.6786646802783679,0,1,0.5448771818528804,Low Yield,High Yield
0.7558581135069429,-0.6479675364921127,2.151865401131274,-0.639407802644627,-0.6291809863044492,1,1,0.5746172252500475,High Yield,High Yield
-0.7823626603952007,0.6234311364435873,-0.3575688210267085,0.3779740466432327,0.3431630069358858,1,0,0.4664224174601324,High Yield,Low Yield
0.1405698039460854,0.2889357814986501,-0.1234424637191281,0.5412398526290392,0.192417798522578,0,1,0.5332701780835123,Low Yield,High Yield
-0.7823626603952007,-0.7124668720142411,0.1106633849727103,-0.7130642651171548,-0.70939976360386,0,0,0.4210399861393116,Low Yield,Low Yield
1.217324345677586,-0.092236265512892,-0.0373062776038656,0.0233472018484851,0.1753946103338066,0,1,0.5628670415041063,Low Yield,High Yield
0.1405698039460854,-0.6807473158826652,-0.444853489623508,-0.6729971715167039,-0.6807475146232651,0,0,0.4291134569369316,Low Yield,Low Yield
-0.3208964282245576,1.98105573372698,1.0506347702633836,1.987934291187635,1.7453031044873175,1,1,0.6743010787515851,High Yield,High Yield
-1.3976509699560582,-0.7080371720965988,2.151865401131274,-0.7098473390520034,-0.7049287245805287,1,0,0.4952130102125568,High Yield,Low Yield
-0.7823626603952007,-0.5259692436783595,0.1106633849727103,-0.560750199014316,-0.5624570635343253,1,0,0.4303068553332338,High Yield,Low Yield
1.217324345677586,-0.7090247773241387,-0.6501037159667337,-0.708683379493153,-0.7039827497183102,0,0,0.4531956943130709,Low Yield,Low Yield
1.524968500458015,-0.6927292910697302,-0.4911209267368491,-0.6871263169820591,-0.6815202060717823,1,0,0.47318426628873167,High Yield,Low Yield
-0.3208964282245576,1.98105573372698,-1.0282825902442196,1.987934291187635,1.0431020408644534,0,1,0.5252630783595337,Low Yield,High Yield
-0.1670743508343432,-0.709489532725334,-0.7746320307505132,-0.7096448804565919,-0.7087540376754448,0,0,0.4012311460446453,Low Yield,Low Yield
-0.9361847377854152,-0.535366016946276,1.3889448955389478,-0.5809770761461671,-0.5498367998194744,0,0,0.4846803347197674,Low Yield,Low Yield
1.3711464230678003,-0.713251146753758,0.5361146185348822,-0.7136988915763277,-0.7100100699665816,1,1,0.5131449775667188,High Yield,High Yield
-0.9361847377854152,1.98105573372698,-0.7623268613054757,1.987934291187635,1.9937021534461856,1,1,0.5961857575382906,High Yield,High Yield
1.524968500458015,-0.5171969854807991,0.3720456926010487,-0.4598485487728673,-0.4378434025944732,1,1,0.5374640082179922,High Yield,High Yield
0.7558581135069429,0.4878365696039299,-0.5997345557050467,0.6531298073757613,0.7771021923378101,1,1,0.5739791647145708,High Yield,High Yield
0.6020360361167285,-0.4710409646995958,1.7740146647056554,-0.4498806248589942,-0.4646500197442305,1,1,0.5663566184527508,High Yield,High Yield
1.217324345677586,-0.7049726911699676,2.151865401131274,-0.7038741929952177,-0.6982055460954756,0,1,0.5837498296467685,Low Yield,High Yield
0.9096801908971572,-0.6127332676389978,-0.2361578158356718,-0.5940443705102959,-0.5855560695305486,0,0,0.473164655386498,Low Yield,Low Yield
-0.6285405830049864,1.385831146350878,-0.0835737147172067,1.1838714898485414,0.9438629567875438,0,1,0.5365764289884241,Low Yield,High Yield
-0.9361847377854152,-0.6827660971566071,2.151865401131274,-0.6909594367088907,-0.6825653557179431,0,1,0.512200804162356,Low Yield,High Yield
0.1405698039460854,-0.6269373545880276,-0.0811126808281992,-0.6056163463293335,-0.6322935487543296,1,0,0.4507682674463152,High Yield,Low Yield
-0.3208964282245576,-0.7124378248016663,0.1106633849727103,-0.7128841522925218,-0.7095321782879147,0,0,0.4363483911758716,Low Yield,Low Yield
-0.3208964282245576,-0.6199805471763862,-0.0719248209759047,-0.6199073086773579,-0.6540291739295444,0,0,0.4324012890896861,Low Yield,Low Yield
-1.2438288925658438,-0.7083421678286332,-0.8486271163466721,-0.7099260725852709,-0.7052262489323555,0,0,0.36371715076272715,Low Yield,Low Yield
0.9096801908971572,0.8182486126411783,-0.1961249979078167,1.109375211779914,1.186198176099656,1,1,0.6380587041322153,High Yield,High Yield
-1.0900068151756297,-0.1457848018943572,-0.9291849589801844,-0.3087292894651201,-0.1777411842140228,1,0,0.3946543662141427,High Yield,Low Yield
-0.474718505614772,-0.6979868365457516,1.7843510070394866,-0.6990073169650013,-0.6974175969878903,0,1,0.5099610911282314,Low Yield,High Yield
-1.5514730473462726,-0.7096347687882075,0.6809874801344571,-0.7108117544907884,-0.7063509563722282,1,0,0.42183698146106413,High Yield,Low Yield
-1.0900068151756297,-0.62571737165989,-1.662408988978486,-0.6512370909447959,-0.6279102412706395,0,0,0.33799938854195155,Low Yield,Low Yield
0.1405698039460854,-0.6275909168709585,1.301660226942149,-0.6064347369186538,-0.6328820584612397,1,1,0.5151684068298126,High Yield,High Yield
0.6020360361167285,-0.7115083139992758,2.151865401131274,-0.7118025020282011,-0.7082489001770135,0,1,0.5624441354760655,Low Yield,High Yield
-1.0900068151756297,-0.7127863913525628,2.0670417664234817,-0.7133746085683593,-0.7095795860143047,0,1,0.5013746215218178,Low Yield,High Yield
-1.705295124736487,1.7603804288953877,-0.1744678996845506,1.1286343648537107,1.9814497082981533,1,1,0.5510391323627317,High Yield,High Yield
-0.6285405830049864,-0.7131349579034593,0.1106633849727103,-0.7135984856014846,-0.7099261528417075,1,0,0.4260951129095171,High Yield,Low Yield
-1.2438288925658438,-0.4082699383256623,-1.1495295265093226,-0.4789021229451909,-0.4125047902136196,0,0,0.36828090434462124,Low Yield,Low Yield
-0.7823626603952007,1.98105573372698,-0.4008830174732407,1.987934291187635,1.9599315047646584,0,1,0.6145696195738114,Low Yield,High Yield
-0.1670743508343432,-0.6954742526580397,1.2186413504196292,-0.6945323513761297,-0.7040214387823756,0,0,0.49352154249867736,Low Yield,Low Yield
-0.474718505614772,-0.6358548488484614,-0.0076098020098419,-0.6391912271276862,-0.6461322455290426,0,0,0.43068630758085275,Low Yield,Low Yield
-0.6285405830049864,1.98105573372698,-0.4784876194399439,1.987934291187635,1.9937021534461856,0,1,0.618770580911364,Low Yield,High Yield
1.3711464230678003,-0.6808489811266767,-1.3682334047791225,-0.6740799604190261,-0.6674602732405825,0,0,0.4286943077435887,Low Yield,Low Yield
1.0635022682873716,-0.5145246419239264,0.7033008540614583,-0.4841198221024076,-0.4490468836815775,1,1,0.5343910621500931,High Yield,High Yield
0.7558581135069429,1.98105573372698,-0.5997345557050467,1.987934291187635,1.9937021534461856,0,1,0.6568300084618267,Low Yield,High Yield
1.3711464230678003,1.98105573372698,-0.625001170298857,1.987934291187635,1.9937021534461856,1,1,0.6743275044726428,High Yield,High Yield
1.0635022682873716,-0.7131930523286086,-0.1119576389037598,-0.713632757510484,-0.7099337816712414,0,0,0.47247600492857067,Low Yield,Low Yield
-1.5514730473462726,-0.304861861559719,0.1922261497775671,-0.3869740087231308,-0.2963068180825826,1,0,0.42666970760081446,High Yield,Low Yield
-1.8591172021267013,1.98105573372698,-0.2921053195791092,1.987934291187635,1.9937021534461856,0,1,0.5872190243584039,Low Yield,High Yield
0.4482139587265142,-0.2593303558488719,2.151865401131274,-0.197688754288102,-0.1820569220646973,1,1,0.604070579527981,High Yield,High Yield
-0.7823626603952007,1.517689515473114,-0.3575688210267085,1.1083218325833564,1.0477550274721712,0,1,0.5118099040859075,Low Yield,High Yield
1.524968500458015,-0.694123557273316,1.7492402568896468,-0.6889316012570948,-0.6834557491078423,1,1,0.57705426041056,High Yield,High Yield
0.6020360361167285,-0.4618910927385643,-0.4876754792922384,-0.4399144001433694,-0.4553809918603956,1,0,0.4619450928938729,High Yield,Low Yield
0.4482139587265142,-0.657480498610328,0.3262704622655091,-0.6503007757780735,-0.6451454019371775,0,0,0.47802222343711676,Low Yield,Low Yield
-1.705295124736487,1.98105573372698,-0.0568304797899919,1.987934291187635,1.9937021534461856,1,1,0.6028371991028282,High Yield,High Yield
-0.9361847377854152,1.98105573372698,-0.5409978802207343,1.987934291187635,1.9937021534461856,1,1,0.6061060913291547,High Yield,High Yield
1.217324345677586,1.407398701687595,-0.9062153093494476,1.8031771367743317,1.9937021534461856,0,1,0.6845320753048322,Low Yield,High Yield
-1.8591172021267013,-0.1411372478824047,2.151865401131274,-0.303256064612559,-0.0445865036944395,1,1,0.5223163890492045,High Yield,High Yield
0.9096801908971572,-0.5897714460986949,1.2931286427935895,-0.5667109590983033,-0.557126146439231,1,1,0.547146422721109,High Yield,High Yield
0.1405698039460854,-0.7132366231474707,0.1106633849727103,-0.7136802770346926,-0.7100029860534429,0,0,0.45174179808037934,Low Yield,Low Yield
1.3711464230678003,1.7586521197471927,1.059002285486009,1.987934291187635,1.9937021534461856,0,1,0.7522029396781403,Low Yield,High Yield
-0.6285405830049864,-0.6926566730382935,0.5818898488704215,-0.6950860710362343,-0.6937911783772542,0,0,0.44892416524425727,Low Yield,Low Yield
0.2943918813362998,-0.5876074287618795,-0.1057230197182742,-0.5550317837959621,-0.5544467925236038,0,0,0.4620698150761947,Low Yield,Low Yield
0.9096801908971572,-0.7045515065876344,-1.402031603521492,-0.7033434387877269,-0.6992397974137307,0,0,0.408978556208592,Low Yield,Low Yield
1.0635022682873716,-0.7060329144289443,0.7033008540614583,-0.7053609629965443,-0.7005312492705613,0,1,0.5114092905666215,Low Yield,High Yield
0.6020360361167285,1.98105573372698,0.1382474731453361,1.987934291187635,1.9937021534461856,0,1,0.6827250926291866,Low Yield,High Yield
1.524968500458015,0.0536097888246925,-0.2829174597268143,0.2792273114089669,0.3545598516058579,0,1,0.584270352920684,Low Yield,High Yield
0.1405698039460854,-0.7132220995411833,-0.0248370392328944,-0.7136620905771521,-0.709989908059956,0,0,0.44547736508658703,Low Yield,Low Yield
0.2943918813362998,-0.7124668720142411,-0.8441972553464585,-0.7127079042680283,-0.7090401187829705,0,0,0.4131580178790515,Low Yield,Low Yield
1.0635022682873716,-0.0554334471807431,0.7033008540614583,0.0462481790854931,0.1538213702443874,1,1,0.5887149503623013,High Yield,High Yield
1.217324345677586,-0.6923662009125464,0.6773779637639127,-0.6889122794460856,-0.6802320237133235,1,1,0.5172938278586784,High Yield,High Yield
-1.0900068151756297,-0.7084438330726447,0.4297979545297578,-0.7102755063549405,-0.7055063359595332,0,0,0.4256545565211743,Low Yield,Low Yield
-1.8591172021267013,-0.7129461510217237,2.095261621684101,-0.7134874180335087,-0.7096575090588308,0,0,0.47666155008115524,Low Yield,Low Yield
0.7558581135069429,-0.6777554529874708,0.1909135983700965,-0.6733062558970415,-0.666062562686671,1,0,0.4801864778346755,High Yield,Low Yield
0.2943918813362998,-0.7129897218405857,-0.4246730117336466,-0.7133681741688069,-0.7096874794605715,1,0,0.43223141637356816,High Yield,Low Yield
-0.7823626603952007,-0.6995553860247855,2.151865401131274,-0.7025193539135551,-0.6992267194202437,1,1,0.516421366332802,High Yield,High Yield
0.6020360361167285,-0.7111742710546668,-0.2464941581695032,-0.7114386557290593,-0.7079105070955402,0,0,0.450871230452733,Low Yield,Low Yield
0.4482139587265142,1.98105573372698,-0.6742218480790071,1.987934291187635,1.9937021534461856,0,1,0.6441908375534925,Low Yield,High Yield
1.0635022682873716,0.1688400811085399,-0.1119576389037598,0.3053415885870294,0.4483323344052464,0,1,0.5778975071482124,Low Yield,High Yield
0.1405698039460854,1.794844946615273,-1.2107272358826424,1.987934291187635,1.5484357091979677,0,1,0.5884336479524049,Low Yield,High Yield
-0.3208964282245576,-0.6893017199859153,1.0506347702633836,-0.6896180335556452,-0.6956433492048353,1,0,0.4810710521629531,High Yield,Low Yield
-1.2438288925658438,-0.5985001334773933,-0.1971094114634195,-0.625359297931192,-0.5980749787958761,0,0,0.39898913673735786,Low Yield,Low Yield
-0.9361847377854152,-0.422633784943853,-0.0217197296401514,-0.4968620813005804,-0.4483254143742172,1,0,0.4255214790887971,High Yield,Low Yield
0.7558581135069429,-0.6387305228933571,-0.7478887958232985,-0.6288961418603582,-0.6177442810001621,0,0,0.44097285730335795,Low Yield,Low Yield
-1.5514730473462726,1.98105573372698,-1.4901366167479608,1.987934291187635,1.9937021534461856,0,1,0.5424450763798766,Low Yield,High Yield
-0.7823626603952007,1.1620368970690775,-0.7734835482689763,0.8178575677330127,0.7675340053529626,0,0,0.4743246035334303,Low Yield,Low Yield
1.524968500458015,-0.7111597474483794,-0.0822611633097361,-0.7109899184926881,-0.707105665579701,0,0,0.48974481176937823,Low Yield,Low Yield
0.2943918813362998,-0.7096202451819201,1.523332261384814,-0.7091131014748999,-0.705515599538253,0,1,0.523247578269657,Low Yield,High Yield
0.6020360361167285,-0.3689835833183763,-0.2158132690198767,-0.338717670769001,-0.3612635769827902,0,0,0.4829437310356362,Low Yield,Low Yield
-0.6285405830049864,1.2077136388427985,0.2235633146309295,1.0228528712469604,0.803523008679704,0,1,0.5407083456258962,Low Yield,High Yield
-0.7823626603952007,-0.6540093567076509,-0.4092505326958661,-0.6653215569118806,-0.6633407052922117,1,0,0.40039520810703305,High Yield,Low Yield
-0.1670743508343432,1.98105573372698,-0.2711044970595783,1.987934291187635,1.6922870985570375,1,1,0.6185706777451139,High Yield,High Yield
0.4482139587265142,-0.708995730111564,-1.7378806949080494,-0.7088626361495964,-0.7050627740137694,0,0,0.3785440290035517,Low Yield,Low Yield
-1.2438288925658438,1.98105573372698,-0.8486271163466721,1.987934291187635,1.9937021534461856,1,1,0.5821948771490887,High Yield,High Yield
0.4482139587265142,-0.6765499936656206,-1.0186025236141236,-0.6719787353686598,-0.6673251339745514,0,0,0.4139925252623427,Low Yield,Low Yield
-0.6285405830049864,1.98105573372698,-0.4784876194399439,1.987934291187635,1.9937021534461856,1,1,0.618770580911364,High Yield,High Yield
0.2943918813362998,-0.7125540136519651,-0.1057230197182742,-0.7128179492514913,-0.7091480122292373,0,0,0.4469715177618367,Low Yield,Low Yield
0.9096801908971572,1.98105573372698,-0.8090865051966183,1.987934291187635,1.9937021534461856,1,1,0.6526933198966137,High Yield,High Yield
1.0635022682873716,-0.710070476976828,2.151865401131274,-0.7100253826210376,-0.7058332857967055,1,1,0.5779840029260187,High Yield,High Yield
-0.6285405830049864,-0.7041157983990138,-0.0049846991949007,-0.7054451455695553,-0.7028198981307674,0,0,0.42132040635320145,Low Yield,Low Yield
1.217324345677586,-0.5602304309102218,0.1782802910731912,-0.5320879828216571,-0.4918413478690605,0,1,0.5114335710692482,Low Yield,High Yield
-0.1670743508343432,-0.6991487250487396,0.3165903956354127,-0.6984944963060333,-0.7052622134144445,0,0,0.45139939784076344,Low Yield,Low Yield
-1.3976509699560582,-0.6253542815027063,-1.350021754000467,-0.648658486438101,-0.6242712895829118,1,0,0.34217553699915515,High Yield,Low Yield
0.9096801908971572,-0.705771489515772,-0.6996525315987513,-0.7047956883504134,-0.7007503056614667,1,0,0.44091420767276734,High Yield,Low Yield
-0.3208964282245576,1.98105573372698,-0.0719248209759047,1.987934291187635,1.9673325592454485,1,1,0.6440708124073832,High Yield,High Yield
-0.7823626603952007,-0.6410252526867587,2.151865401131274,-0.6547173379962247,-0.6531104448870902,1,1,0.5193916573227073,High Yield,High Yield
0.7558581135069429,-0.7124523484079537,-0.0609322029383378,-0.7127910949121649,-0.709022136541926,0,0,0.46455683651305746,Low Yield,Low Yield
-0.474718505614772,-0.6762159507210115,-0.2627369818369529,-0.6780479156872697,-0.6794473441041099,0,0,0.4164894379769157,Low Yield,Low Yield
0.7558581135069429,-0.6101480657198491,-1.7487092440196823,-0.5963694933958279,-0.5823552306246318,1,0,0.39856856532417917,High Yield,Low Yield
0.7558581135069429,0.7497988562088903,-0.1308255653861507,0.951241168328369,1.1014478740570373,1,1,0.6233526016337659,High Yield,High Yield
-0.3208964282245576,1.98105573372698,0.3823820349348802,1.987934291187635,1.9937021534461856,1,1,0.6652862033688929,High Yield,High Yield
-1.3976509699560582,1.98105573372698,-0.8084302294928829,1.987934291187635,1.9937021534461856,0,1,0.5789507847450608,Low Yield,High Yield
-1.0900068151756297,-0.7125394900456778,-0.4336968026600074,-0.7131984054324794,-0.7093479965463078,0,0,0.3865246946709367,Low Yield,Low Yield
1.3711464230678003,-0.7118714041564597,-0.0276262109737696,-0.7120118460989886,-0.7081982229522518,0,0,0.4869767853282328,Low Yield,Low Yield
0.1405698039460854,-0.7129025802028616,2.151865401131274,-0.7132619885112622,-0.7097021922032444,0,1,0.5468814793550673,Low Yield,High Yield
-1.8591172021267013,0.8141820028807198,2.151865401131274,0.3821161061214789,1.0665454340224982,1,1,0.5931397205615325,High Yield,High Yield
1.0635022682873716,-0.521655732611016,2.151865401131274,-0.4923580596406316,-0.4584112719345875,1,1,0.5999246979141047,High Yield,High Yield
1.0635022682873716,-0.7095476271504834,-0.7618346545276743,-0.7094213570581537,-0.7051466911386436,0,0,0.44276593167019146,Low Yield,Low Yield
0.4482139587265142,1.98105573372698,-0.6742218480790071,1.987934291187635,1.9937021534461856,0,1,0.6441908375534925,Low Yield,High Yield
-0.474718505614772,-0.7003832315831645,-1.274221910219036,-0.7013143891536775,-0.6993956435027828,1,0,0.369921664435095,High Yield,Low Yield
0.1405698039460854,0.5836923711004504,0.0358684633626239,0.9103340084124896,0.4578356763390547,1,1,0.5676041510450518,High Yield,High Yield
-1.5514730473462726,-0.6805004145757803,1.91757497489776,-0.687502873327892,-0.6768371945706843,0,0,0.4809932455194034,Low Yield,Low Yield
1.217324345677586,-0.3186302403201284,-0.330497448247626,-0.2453467018426107,-0.147383346916179,0,1,0.5195728126071023,Low Yield,High Yield
0.1405698039460854,0.6576756215282192,-0.8381267050869068,1.0029758231235464,0.5244549751612836,0,1,0.5339624130246149,Low Yield,High Yield
1.524968500458015,1.8121933943255144,0.1305362336264459,1.987934291187635,1.9937021534461856,1,1,0.7193722353340308,High Yield,High Yield
0.1405698039460854,-0.1657547605394656,-0.1234424637191281,-0.0281235735898563,-0.2170149435715553,1,0,0.491275701600809,High Yield,Low Yield
1.524968500458015,0.8534683578880059,0.1305362336264459,1.3148775288990222,1.464936535198928,1,1,0.7017628033140006,High Yield,High Yield
0.9096801908971572,-0.7017484505741756,1.5869760891410851,-0.7000067225306019,-0.6957692248921465,1,1,0.5478267633740579,High Yield,High Yield
-0.0132522734441289,-0.6450337680220677,-0.0756984062723828,-0.6335694143953128,-0.6665088492144112,1,0,0.44232818056692536,High Yield,Low Yield
1.3711464230678003,-0.4028671567867675,0.0852532100687076,-0.3341846926687999,-0.3024207800377047,1,1,0.5309139173705999,High Yield,High Yield
0.2943918813362998,-0.6344024882197263,0.5239735180157784,-0.6141259399156547,-0.612385573168908,1,0,0.4857279253026378,High Yield,Low Yield
1.524968500458015,-0.7042755580681748,-0.5503498089989628,-0.7020763273846989,-0.6975489218391545,0,0,0.4688498050378059,Low Yield,Low Yield
-0.0132522734441289,-0.7090102537178513,2.151865401131274,-0.7087181101418857,-0.7073149134754912,0,1,0.5419523942255673,Low Yield,High Yield
1.3711464230678003,0.4529363436954241,0.0332433605476827,0.7122274626176199,0.8214011706926809,0,1,0.6324779482132016,Low Yield,High Yield
-0.7823626603952007,1.6172502889335378,-0.7734835482689763,1.1896338915287668,1.126199611480167,0,0,0.4974329565772666,Low Yield,Low Yield
1.217324345677586,-0.7090828717492881,-0.904738689016043,-0.7087523284035177,-0.7040655770103939,1,0,0.4414202260685854,High Yield,Low Yield
-0.3208964282245576,-0.6841313161476181,0.1106633849727103,-0.6844185745033363,-0.6925395054172796,0,0,0.43770940845715217,Low Yield,Low Yield
1.0635022682873716,0.2386114857129769,0.7033008540614583,0.3859454442563326,0.5399545771088319,0,1,0.622488426626119,Low Yield,High Yield
1.217324345677586,-0.6265887880371311,1.2000418997648792,-0.6108448756856947,-0.5864508222516102,0,1,0.5502496840563055,Low Yield,High Yield
-1.3976509699560582,-0.5121137232802261,-0.494074167403658,-0.5648556612438981,-0.5138047480975053,1,0,0.3855759957638261,High Yield,Low Yield
0.7558581135069429,-0.6987420640726938,-1.7487092440196823,-0.6971888814210487,-0.6920469009959399,0,0,0.38903917084903883,Low Yield,Low Yield
-1.2438288925658438,-0.675039538611736,-1.2391111600691955,-0.6842865625651992,-0.6727394232781247,1,0,0.34890869928101087,High Yield,Low Yield
-1.2438288925658438,-0.6932376172897876,1.7051057158134453,-0.6982971626764726,-0.6904917096037902,1,0,0.4804998401395441,High Yield,Low Yield
-0.474718505614772,-0.7054810173900249,1.7843510070394866,-0.7062221609004979,-0.7036034879071903,0,1,0.50947594035138,Low Yield,High Yield
-0.0132522734441289,-0.0599938595549715,0.5905855019449145,0.0536359799437213,-0.2933533712201261,1,1,0.5109433080051539,High Yield,High Yield
-0.3208964282245576,-0.6921919176370982,2.151865401131274,-0.6925244727449976,-0.6973783630074296,0,1,0.5323426788841116,Low Yield,High Yield
1.217324345677586,-0.6885755396715477,-1.4268060113375012,-0.6844133630447913,-0.6748275429048652,1,0,0.4201499265902748,High Yield,Low Yield
-0.474718505614772,-0.4352402752012742,0.6690104485412873,-0.4460543292962616,-0.4805397818308044,0,0,0.4748729011692859,Low Yield,Low Yield
-0.0132522734441289,-0.4080230370187773,-0.651744405226072,-0.3551695129450696,-0.5153365080846576,0,0,0.4308809473965569,Low Yield,Low Yield
-0.7823626603952007,-0.3937463320383107,-1.6419003732367567,-0.4527627169023118,-0.4582777674177422,1,0,0.35862069657254353,High Yield,Low Yield
0.9096801908971572,-0.2606229568084461,-0.2576508451330042,-0.1748974848225336,-0.1495946176482544,0,1,0.5131565537160023,Low Yield,High Yield
0.1405698039460854,0.541254393528809,-1.2107272358826424,0.8571931794792922,0.4196217793703559,1,1,0.5058353623433561,High Yield,High Yield
-0.0132522734441289,-0.6145051476060547,-0.2317279548354582,-0.5977095827359947,-0.6470368067452194,0,0,0.43708254931107515,Low Yield,Low Yield
-1.0900068151756297,-0.6971008965622231,-1.662408988978486,-0.7021805269948066,-0.694866843341551,0,0,0.334435625524022,Low Yield,Low Yield
1.217324345677586,-0.631003964348486,-0.1444432862386591,-0.6160849928734091,-0.5927456964499677,0,0,0.4870035434822457,Low Yield,Low Yield
1.217324345677586,-0.7063233865546913,-0.3980938457323655,-0.7054772551611961,-0.7001312806364205,1,0,0.46524927672722993,High Yield,Low Yield
1.217324345677586,1.98105573372698,-0.3898903994356738,1.987934291187635,1.9937021534461856,0,1,0.6793833207878495,Low Yield,High Yield
0.1405698039460854,-0.6990615834110155,-0.1378805292013058,-0.6959302944752125,-0.6972388644102362,1,0,0.4415543029600482,High Yield,Low Yield
-0.7823626603952007,-0.700441326008314,2.151865401131274,-0.7032429080006413,-0.6999247573226066,0,1,0.5163763971469962,Low Yield,High Yield
0.7558581135069429,-0.7069333780187601,1.064088422189958,-0.7065105428712495,-0.7021888849450248,0,1,0.5176905599591319,Low Yield,High Yield
-0.1670743508343432,1.235555392095651,-0.3331225510625676,1.3876766035255244,-0.0519624920210468,0,0,0.48273872574378557,Low Yield,Low Yield
-1.5514730473462726,-0.7007172745277737,1.2801671976448168,-0.7036773312435209,-0.6973173323711575,1,0,0.4499741770278735,High Yield,Low Yield
-0.9361847377854152,-0.711058082204368,-0.3349273092478396,-0.712069461181862,-0.7080412870304091,0,0,0.39596209615088507,Low Yield,Low Yield
1.217324345677586,0.1235409530982903,0.7594124267308293,0.2794406921704385,0.4830358799555054,0,1,0.6261652740908993,Low Yield,High Yield
-0.1670743508343432,-0.6969120896804875,0.3165903956354127,-0.6960827559139181,-0.7045069592905765,0,0,0.45147022719733537,Low Yield,Low Yield
-1.0900068151756297,-0.7093297730561731,-0.8307436034198843,-0.7109077646660393,-0.7063373334623461,0,0,0.36924625659011445,Low Yield,Low Yield
-1.3976509699560582,-0.6910881235592595,-1.6135164490502034,-0.6973043228917322,-0.6883948713147252,0,0,0.3276297401695655,Low Yield,Low Yield
0.1405698039460854,1.98105573372698,-0.4461660410309786,1.987934291187635,1.9937021534461856,1,1,0.644410796044128,High Yield,High Yield
-0.3208964282245576,-0.6933392825337991,-0.1984219628708901,-0.6936782852875044,-0.6980671373310726,1,0,0.42310383878635677,High Yield,Low Yield
-0.7823626603952007,-0.4945692068851053,0.4032187885284771,-0.5351055443211973,-0.5377167693554971,0,0,0.4453379280955642,Low Yield,Low Yield
-1.705295124736487,1.98105573372698,-0.9705303283155104,1.987934291187635,1.9937021534461856,1,1,0.5613124387456279,High Yield,High Yield
0.6020360361167285,-0.4309558113465054,-0.50014471766321,-0.4062190689619711,-0.4240428499674302,0,0,0.4641339197074556,Low Yield,Low Yield
-0.3208964282245576,-0.4788108035912031,0.1272548551077692,-0.4779442581784158,-0.5692836017612366,1,0,0.4483753807033626,High Yield,Low Yield
1.3711464230678003,-0.6517727213393988,-0.4346812162156103,-0.638527696780784,-0.6292779814228103,0,0,0.4754969661302593,Low Yield,Low Yield
0.2943918813362998,0.5985935911512731,-0.443048731438236,0.9429372127651094,0.91423476254299,1,1,0.5897925575297182,High Yield,High Yield
-1.3976509699560582,-0.2848192848831739,-1.5780775610484956,-0.3966481180491724,-0.2920782668551541,0,0,0.3513546325124188,Low Yield,Low Yield
-1.705295124736487,-0.1401205954422901,2.151865401131274,-0.2868429711635552,-0.0864121065311019,0,1,0.5251095771877425,Low Yield,High Yield
1.3711464230678003,1.3708282610560436,-0.2405876768358854,1.8345566643843012,1.9937021534461856,1,1,0.7191703626844413,High Yield,High Yield
-0.6285405830049864,-0.7123506831639422,1.1620375709724566,-0.7128894995117516,-0.7093082176494517,1,0,0.4747531332317261,High Yield,Low Yield
0.9096801908971572,1.98105573372698,-0.2361578158356718,1.987934291187635,1.9937021534461856,1,1,0.6765593933948069,High Yield,High Yield
1.217324345677586,1.98105573372698,-0.330497448247626,1.987934291187635,1.9937021534461856,0,1,0.6817969956209106,Low Yield,High Yield
-0.9361847377854152,0.6657507466239867,-0.4783235505140102,0.3152344915844263,0.5317263395399956,0,0,0.4637046432103393,Low Yield,Low Yield
1.0635022682873716,-0.6705372206626571,2.151865401131274,-0.6643543386718613,-0.6539191008176963,1,1,0.5826162931626843,High Yield,High Yield
-1.705295124736487,-0.7067155239244498,-0.1744678996845506,-0.7088381554325653,-0.7029021805064557,1,0,0.3786847186435002,High Yield,Low Yield
-0.0132522734441289,1.98105573372698,-0.7597017584905343,1.987934291187635,1.777436279401007,0,1,0.6086957723227995,Low Yield,High Yield
0.2943918813362998,0.2844915579747205,0.6173287368721297,0.5462800698723127,0.525332835474091,0,1,0.6006654279914205,Low Yield,High Yield
-1.0900068151756297,-0.6940945100607413,1.8770499501921023,-0.700034994693209,-0.6920469009959399,0,0,0.4935408761848048,Low Yield,Low Yield
0.6020360361167285,-0.6899117114499841,1.7740146647056554,-0.6882790478184644,-0.6863710518226287,1,1,0.5469174985224335,High Yield,High Yield
1.217324345677586,-0.5541595634821088,0.7594124267308293,-0.5248828216885498,-0.483185895846319,1,1,0.5393162329020288,High Yield,High Yield
1.3711464230678003,-0.7120602110381952,-0.0276262109737696,-0.7122427049537824,-0.7084461599121075,1,0,0.4869531525774742,High Yield,Low Yield
-0.1670743508343432,1.6107001424979424,-0.6932538434873318,1.7921912420212125,0.0747142223913625,1,0,0.47790832496776425,High Yield,Low Yield
0.1405698039460854,-0.6201548304518344,-0.0776672333835888,-0.5971232706579429,-0.6261861257959509,1,0,0.4515489432398713,High Yield,Low Yield
-0.1670743508343432,-0.712960674628011,0.1106633849727103,-0.7133877762599395,-0.7099261528417075,1,0,0.4414495509082037,High Yield,Low Yield
0.7558581135069429,0.2124835180020314,-0.3454277205076051,0.3397798438396691,0.4361768843755754,1,1,0.5551679468700517,High Yield,High Yield
-1.8591172021267013,-0.3463848519352572,0.7969842107696774,-0.4505063119150115,-0.2833100171385883,1,0,0.4437986080861125,High Yield,Low Yield
0.2943918813362998,-0.3381790143829036,1.7591515114025866,-0.2400463594633734,-0.2456197848257602,1,1,0.5788834196667365,High Yield,High Yield
-1.8591172021267013,-0.5741295221272172,2.151865401131274,-0.6138965700490167,-0.5481998709680317,0,0,0.4897404610216278,Low Yield,Low Yield
1.0635022682873716,1.98105573372698,-1.3329585857033484,1.987934291187635,1.9937021534461856,1,1,0.635017092990798,High Yield,High Yield
0.1405698039460854,1.98105573372698,-0.0811126808281992,1.987934291187635,1.9937021534461856,1,1,0.6598901626300718,High Yield,High Yield
-1.705295124736487,-0.7038398498795542,0.1106633849727103,-0.7066963773518398,-0.6997732705647168,1,0,0.3914991024996077,High Yield,Low Yield
0.1405698039460854,-0.6939492739978678,0.6639243118373382,-0.6895286614209738,-0.6926354107028501,1,0,0.4792437138594777,High Yield,Low Yield
1.0635022682873716,-0.6952854457763041,0.7033008540614583,-0.6929448819817057,-0.6864179146326235,0,1,0.5127012194877799,Low Yield,High Yield
-0.1670743508343432,-0.581013711507422,-0.7802103742322635,-0.5711107537770387,-0.6653710637810517,1,0,0.4049331894193305,High Yield,Low Yield
0.9096801908971572,1.98105573372698,1.5869760891410851,1.987934291187635,1.9937021534461856,1,1,0.7462722464433601,High Yield,High Yield
-1.0900068151756297,-0.4619056163448516,-0.4287747348819924,-0.534331492733591,-0.4742574407095386,1,0,0.4001219342449695,High Yield,Low Yield
-1.2438288925658438,-0.7086907343795297,1.9088793218232665,-0.7101944320447047,-0.7055662767630148,0,0,0.48903783441926857,Low Yield,Low Yield
-0.6285405830049864,-0.6192543668620186,1.3412008380922025,-0.6287302247860393,-0.6359570216798452,0,0,0.4884370294508617,Low Yield,Low Yield
-0.474718505614772,0.5865970923579207,-0.5101529221451736,0.5376952342109803,0.3629112402800291,0,0,0.48592176019790906,Low Yield,Low Yield
0.1405698039460854,-0.7077757471834265,2.151865401131274,-0.706842168999483,-0.7050856605023714,0,1,0.5473513406958362,Low Yield,High Yield
0.2943918813362998,-0.6850608269500086,1.523332261384814,-0.6780987569688787,-0.6751076299320428,0,1,0.5262329486357876,Low Yield,High Yield
0.1405698039460854,-0.7091554897807248,-0.8381267050869068,-0.7085698824658259,-0.7063280698836262,0,0,0.4086626545355147,Low Yield,Low Yield
-0.474718505614772,1.98105573372698,-0.5101529221451736,1.987934291187635,1.651638515134196,0,1,0.5946809615640883,Low Yield,High Yield
0.1405698039460854,0.3179103760419165,-0.4259855631411172,0.5775218354222387,0.2185083955289279,0,1,0.5218450844077152,Low Yield,High Yield
0.6020360361167285,-0.6973187506565334,0.083940658661237,-0.6963469440168274,-0.6938745505857331,1,0,0.4674482563483287,High Yield,Low Yield
0.7558581135069429,-0.6766226116970574,1.064088422189958,-0.672017089951801,-0.6646599478852019,0,1,0.5210998620900865,Low Yield,High Yield
-1.3976509699560582,-0.7054519701774502,0.886893982181418,-0.7079341797747727,-0.7024068515031398,0,0,0.4365941934538008,Low Yield,Low Yield
1.524968500458015,-0.4955277649000705,-0.9067075161272492,-0.4317914223316863,-0.4077618379090401,1,0,0.480747155276813,High Yield,Low Yield
-1.3976509699560582,1.4527849713355687,-0.494074167403658,0.8892528703097399,1.4029604689809412,0,1,0.5034690995830905,Low Yield,High Yield
-0.474718505614772,1.98105573372698,0.1185592020332761,1.987934291187635,1.9937021534461856,1,1,0.6494868743933672,High Yield,High Yield
-0.3208964282245576,-0.6079404775641718,2.151865401131274,-0.6077995795920657,-0.6468014028624554,0,1,0.536439402894116,Low Yield,High Yield
1.217324345677586,-0.6757366717135289,-0.8186025029007805,-0.6691756538542005,-0.6565227113543785,0,0,0.44975224406867054,Low Yield,Low Yield
-0.474718505614772,-0.6987420640726938,-0.0076098020098419,-0.6997343942608265,-0.6980409813440989,1,0,0.42669649914735397,High Yield,Low Yield
0.6020360361167285,1.98105573372698,0.0699947999568612,1.987934291187635,1.9937021534461856,1,1,0.6799548326582656,High Yield,High Yield
1.524968500458015,1.98105573372698,0.309535431820258,1.987934291187635,1.9937021534461856,0,1,0.7157275691032962,Low Yield,High Yield
1.0635022682873716,-0.6196174570192025,0.0110940555466152,-0.6055289602420991,-0.5870524099520071,1,0,0.48945571880018346,High Yield,Low Yield
-0.9361847377854152,0.3015858425749333,-0.8195869164563835,0.043513365488286,0.2038087308496612,1,0,0.4281116650196198,High Yield,Low Yield
0.9096801908971572,0.6742906271209494,-0.1961249979078167,0.9380097633829046,1.0079582028668026,1,1,0.6224256432455014,High Yield,High Yield
-0.7823626603952007,1.98105573372698,-0.9603580549076128,1.987934291187635,1.9876355992174533,1,1,0.5917870820644128,High Yield,High Yield
0.6020360361167285,-0.6749523969740119,-0.4876754792922384,-0.6719850613786332,-0.6712169268696924,1,0,0.44294920868452203,High Yield,Low Yield
-0.0132522734441289,-0.7038398498795542,-0.7597017584905343,-0.7026447989759879,-0.7040170794512133,0,0,0.40739112394525134,Low Yield,Low Yield
-0.0132522734441289,-0.3546052130938982,-1.2819331497379265,-0.2924233374726757,-0.4812650655529317,1,0,0.40557567621942625,High Yield,Low Yield
1.3711464230678003,-0.6718007744096566,0.4409546414932588,-0.6630164937623704,-0.6555783712413458,1,1,0.513888863877109,High Yield,High Yield
-0.474718505614772,1.8376169671315232,-0.5157312656269242,1.7420847924898053,1.395535438178758,1,1,0.5662827929730778,High Yield,High Yield
1.0635022682873716,0.7697978620665734,-0.1119576389037598,0.9996018591707988,1.2374966055519907,1,1,0.646405379987866,High Yield,High Yield
1.3711464230678003,-0.7036800902103933,0.5361146185348822,-0.7019961234756277,-0.6974415733092829,0,1,0.5143428846336368,Low Yield,High Yield
0.2943918813362998,1.98105573372698,-0.3086986535371664,1.987934291187635,1.9937021534461856,0,1,0.6550011485868061,Low Yield,High Yield
-0.3208964282245576,-0.7125540136519651,-0.4458379031791109,-0.7130009940689782,-0.7096019275865115,0,0,0.41094682747357375,Low Yield,Low Yield
-1.3976509699560582,-0.491374013501888,-0.4901365131812459,-0.5495073946827436,-0.493573092173283,0,0,0.38695113387998464,Low Yield,Low Yield
0.4482139587265142,-0.6839279856595952,-0.1157312242002383,-0.680365942887333,-0.6759064773675338,0,0,0.45466670004285603,Low Yield,Low Yield
-0.7823626603952007,-0.1036082492358882,-0.4092505326958661,-0.2158046841528054,-0.2296760760160528,1,0,0.4275271045858216,High Yield,Low Yield
1.217324345677586,-0.4287845322065464,2.151865401131274,-0.3760824545078092,-0.3044342461182908,1,1,0.6187320940629771,High Yield,High Yield
-0.1670743508343432,-0.5995022623112205,-0.2779953919487993,-0.5910467636417314,-0.6716141709218568,0,0,0.42716440090836183,Low Yield,Low Yield
-1.5514730473462726,1.6040483308183353,-0.2366500226134732,1.1402457298836886,1.6374625151108,0,1,0.5370780650232602,Low Yield,High Yield
-1.2438288925658438,-0.0980457080278326,0.5010038683850417,-0.2400622040491012,-0.1098800209269346,0,0,0.4619354520411187,Low Yield,Low Yield
-1.2438288925658438,-0.6101480657198491,-1.4566665558574587,-0.6343269765339384,-0.6094375754704043,0,0,0.343419537114197,Low Yield,Low Yield
-1.2438288925658438,-0.699744192906521,-0.7198330094886128,-0.7033065392525703,-0.6968388957760954,0,0,0.36981417686491763,Low Yield,Low Yield
1.524968500458015,-0.6901005183317196,-0.5503498089989628,-0.6837226039218353,-0.6778709009725441,1,0,0.47078365786977067,High Yield,Low Yield
-1.5514730473462726,1.98105573372698,-0.3291848968401554,1.987934291187635,1.9937021534461856,0,1,0.5956139731578093,Low Yield,High Yield
-0.1670743508343432,0.0768185116718803,-1.0189306614659912,0.1382228132389777,-0.4432380749078162,1,0,0.4144845569426137,High Yield,Low Yield
-1.2438288925658438,1.98105573372698,-0.6781595023014192,1.987934291187635,1.9937021534461856,1,1,0.5899256466222121,High Yield,High Yield
-0.474718505614772,-0.4373171509003654,-1.3085123157392071,-0.448053791859781,-0.4822540888103779,1,0,0.3844228681768311,High Yield,Low Yield
1.0635022682873716,-0.704696742650508,1.818149205781857,-0.7038173421136183,-0.6987766184777365,1,1,0.5633335085423625,High Yield,High Yield
-0.1670743508343432,-0.7057133950906226,-1.0689716838758103,-0.7055731109634105,-0.7074789333104727,0,0,0.388201109388897,Low Yield,Low Yield
0.7558581135069429,-0.6643937352031073,-0.6228682742617173,-0.6581007088506147,-0.6495189009257524,0,0,0.4438857551038534,Low Yield,Low Yield
1.678790577848229,-0.7072964681759438,-0.0872688324091677,-0.7050045682072466,-0.7017425984172846,0,0,0.49532020846381014,Low Yield,Low Yield
0.4482139587265142,-0.708458356678932,0.1034648608473633,-0.7082517568618192,-0.7044377549083749,1,0,0.46225296944470806,High Yield,Low Yield
-0.1670743508343432,-0.3694047679007095,-0.7746320307505132,-0.3429350556399044,-0.5939161768670445,0,0,0.41172262173467994,Low Yield,Low Yield
0.7558581135069429,-0.5065947528910325,0.1909135983700965,-0.4785265037860206,-0.4541418519775126,1,0,0.4994570413456317,High Yield,Low Yield
-0.7823626603952007,-0.6759835730204139,2.089683278202351,-0.6832680705800992,-0.680654333919671,0,1,0.5147146446809993,Low Yield,High Yield
0.2943918813362998,-0.6776102169245972,0.5239735180157784,-0.6686899108827824,-0.6658827402762263,1,0,0.48046887986506964,High Yield,Low Yield
1.217324345677586,-0.6949659264379824,0.5823820556482229,-0.6919977431849043,-0.6839385450340668,0,1,0.5125148542275068,Low Yield,High Yield
1.217324345677586,-0.4920275757848188,-0.9062153093494476,-0.4511419620535416,-0.3946021069628548,0,0,0.46979984245189055,Low Yield,Low Yield
1.524968500458015,1.2591272051000226,-1.6658544364230965,1.840121227711775,1.9937021534461856,0,1,0.6748963040474397,Low Yield,High Yield
1.524968500458015,-0.6792804316476427,2.151865401131274,-0.6697128457457764,-0.6628502805364532,1,1,0.5972669840752423,High Yield,High Yield
-1.3976509699560582,-0.4780122957175245,-0.7080200468213768,-0.5396191557217757,-0.4805386919980139,0,0,0.37810123493670633,Low Yield,Low Yield
0.7558581135069429,-0.7131349579034593,-1.0184384546881895,-0.713567900033015,-0.7098673018710164,1,0,0.42035447001724774,High Yield,Low Yield
-0.0132522734441289,-0.6426809438035167,-0.651744405226072,-0.6308057166175728,-0.6650081494617903,1,0,0.4161010379423415,High Yield,Low Yield
-0.1670743508343432,1.98105573372698,-0.5157312656269242,1.987934291187635,0.8784566418612244,0,1,0.5404135582761881,Low Yield,High Yield
0.4482139587265142,-0.2196954342906894,1.3131450517575172,-0.1526322792517653,-0.1359575399397976,1,1,0.5701587210719848,High Yield,High Yield
1.0635022682873716,-0.6658315722255551,1.525286172989964,-0.6589181086059049,-0.6477397488951397,1,1,0.5544461530243325,High Yield,High Yield
-0.1670743508343432,-0.6342572521568528,1.2186413504196292,-0.6285227036308983,-0.6833500353271567,0,0,0.49547837550800217,Low Yield,Low Yield
-1.0900068151756297,1.98105573372698,-0.7119577010437887,1.8169438822297752,1.9937021534461856,1,1,0.5812067713380153,High Yield,High Yield
0.2943918813362998,-0.6553164812735126,-0.7867731312696169,-0.6405367359468022,-0.6382800002729544,0,0,0.4225451509388194,Low Yield,Low Yield
0.2943918813362998,-0.1061789275487495,-0.7820151324175357,0.0529300681765922,0.0416285336187112,1,0,0.48905620202351674,High Yield,Low Yield
0.4482139587265142,-0.5084828217083882,-1.4873474450070856,-0.4809221105535307,-0.4718461856603929,0,0,0.4100601495094001,Low Yield,Low Yield
-1.3976509699560582,1.2517201658934731,-0.2627369818369529,0.7404563701188273,1.2068210819956944,1,1,0.502006031017595,High Yield,High Yield
-0.3208964282245576,-0.0364656173694619,-0.56692077051828,-0.0331133020913637,-0.3037394777142997,1,0,0.43768483675448316,High Yield,Low Yield
1.0635022682873716,-0.507771165000308,-0.1119576389037598,-0.4763178252484888,-0.4401783693482788,0,0,0.49715586078840285,Low Yield,Low Yield
1.3711464230678003,1.98105573372698,1.650142625625611,1.987934291187635,1.9937021534461856,1,1,0.7600854505387634,High Yield,High Yield
-0.3208964282245576,0.7451367785906504,-1.0282825902442196,0.7528813281307002,0.1654640539460932,0,0,0.45411270896956407,Low Yield,Low Yield
-0.474718505614772,-0.5113875429658584,0.1185592020332761,-0.5193632958734106,-0.5433937083615988,0,0,0.4444249980719493,Low Yield,Low Yield
0.9096801908971572,1.98105573372698,-1.0159774207991823,1.987934291187635,1.9937021534461856,1,1,0.6438748518401454,High Yield,High Yield
-1.2438288925658438,1.98105573372698,-0.6761906751902131,1.987934291187635,1.9937021534461856,0,1,0.5900146823961906,Low Yield,High Yield
0.6020360361167285,-0.6201693540581218,0.083940658661237,-0.6123142683193684,-0.6157204615080654,0,0,0.47436669950080196,Low Yield,Low Yield
1.3711464230678003,-0.7030991459588993,1.059002285486009,-0.7012857885378008,-0.6966786903558809,0,1,0.538779221552216,Low Yield,High Yield
-0.7823626603952007,1.98105573372698,-0.1259034976081356,1.987934291187635,1.9937021534461856,0,1,0.6293454383389412,Low Yield,High Yield
1.524968500458015,-0.6727593324246218,2.151865401131274,-0.6612693807510779,-0.6537975844615473,0,1,0.598125800676744,Low Yield,High Yield
1.524968500458015,-0.6161753623291001,-1.6658544364230965,-0.5880049272558758,-0.5752467962481107,0,0,0.4292170030825301,Low Yield,Low Yield
-0.0132522734441289,-0.3935575251565751,0.5905855019449145,-0.338177889570816,-0.5061099836796551,0,0,0.4894316700798373,Low Yield,Low Yield
0.9096801908971572,1.98105573372698,-0.2711044970595783,1.987934291187635,1.9937021534461856,1,1,0.6751281366369392,High Yield,High Yield
-0.3208964282245576,1.5422213388530797,-1.1390291152495573,1.5544451250655764,0.6439616796445042,1,0,0.48775250019276123,High Yield,Low Yield
1.524968500458015,-0.6677632118617729,2.151865401131274,-0.6548004454321996,-0.6468618885823321,0,1,0.5987833735564059,Low Yield,High Yield
-0.7823626603952007,-0.7116535500621494,-0.9603580549076128,-0.7124000187421249,-0.7087589419230023,0,0,0.3731887135467583,Low Yield,Low Yield
-0.7823626603952007,1.98105573372698,-0.5496935332952277,1.987934291187635,1.9937021534461856,1,1,0.610683164861934,High Yield,High Yield
-1.3976509699560582,-0.6967087591924646,1.8665495389323377,-0.701463832106835,-0.6938778200841048,1,0,0.48257699419408057,High Yield,Low Yield
-0.3208964282245576,1.98105573372698,-0.56692077051828,1.987934291187635,1.9937021534461856,1,1,0.6246834105963638,High Yield,High Yield
-1.705295124736487,-0.7120602110381952,2.151865401131274,-0.7128188338856309,-0.7087175282769604,1,0,0.4845656099902846,High Yield,Low Yield
0.2943918813362998,1.98105573372698,-0.316723115401868,1.987934291187635,1.9937021534461856,1,1,0.6546620796602654,High Yield,High Yield
-0.474718505614772,-0.5707019510434023,0.4335715398262363,-0.57646682810707,-0.5923533566453608,1,0,0.4551960482044035,High Yield,Low Yield
-0.9361847377854152,1.98105573372698,-1.271268669552227,1.987934291187635,1.9937021534461856,1,1,0.573086125082659,High Yield,High Yield
1.3711464230678003,-0.712510442833103,0.5361146185348822,-0.7127932145305983,-0.709037394200994,1,1,0.5132376891443522,High Yield,High Yield
1.524968500458015,-0.6699853236237376,2.151865401131274,-0.6576776172455379,-0.6499466602960529,1,1,0.5984909503026116,High Yield,High Yield
-1.8591172021267013,1.009495460233024,0.2124066276674285,0.5222393247546081,1.293714540220978,0,1,0.5182909837329175,Low Yield,High Yield
-1.705295124736487,-0.7036800902103933,0.8004296582142877,-0.7065773896806884,-0.6995994422346202,1,0,0.42262122150045306,High Yield,Low Yield
1.0635022682873716,0.3248381362409832,-0.7460840376380262,0.4855593266686251,0.6531854794675303,0,1,0.567253609469134,Low Yield,High Yield
1.0635022682873716,-0.6614018723079129,0.1531777454053148,-0.6538006698092486,-0.6419227663754492,0,0,0.4910697926218329,Low Yield,Low Yield
0.6020360361167285,-0.5734759598442865,0.9397241763321124,-0.5614548834610608,-0.5684189938151624,0,1,0.5185331688278639,Low Yield,High Yield
0.2943918813362998,-0.6252961870775569,-0.8289388452346121,-0.6026262391437592,-0.6011107080340211,1,0,0.4241930006812264,High Yield,Low Yield
-0.1670743508343432,-0.6749088261551499,-0.7746320307505132,-0.6723568682901873,-0.6970770242408358,1,0,0.4022939949758224,High Yield,Low Yield
0.7558581135069429,-0.5674777104476103,0.1909135983700965,-0.5478109094584347,-0.5295234064359592,0,0,0.49259922631297864,Low Yield,Low Yield
1.524968500458015,-0.4210942826773937,0.0192975018433068,-0.3354155691071201,-0.3044320664527097,1,1,0.534153986170271,High Yield,High Yield
-1.5514730473462726,-0.7110871294169426,1.56023285421387,-0.7119737126743824,-0.7078222306395037,0,0,0.46225540607888016,Low Yield,Low Yield
-0.7823626603952007,-0.6483161030430091,-0.4008830174732407,-0.6606718322866713,-0.6588549535262075,1,0,0.40104874285100145,High Yield,Low Yield
0.7558581135069429,-0.6813137365278719,-1.6151571383095418,-0.6773555591865791,-0.6704682117425679,0,0,0.3968678498047172,Low Yield,Low Yield
-1.5514730473462726,1.98105573372698,-1.1759446235846698,1.987934291187635,1.9937021534461856,1,1,0.5569829091254211,High Yield,High Yield
0.2943918813362998,-0.7033024764469222,-0.7867731312696169,-0.701134840173824,-0.6976933246839057,0,0,0.416848680258146,Low Yield,Low Yield
-1.2438288925658438,-0.2993428911705255,-0.8486271163466721,-0.3950397918721257,-0.3062460931326207,0,0,0.3879855271938969,Low Yield,Low Yield
1.3711464230678003,1.98105573372698,0.2434156546689232,1.987934291187635,1.9937021534461856,0,1,0.7089250321183401,Low Yield,High Yield
0.7558581135069429,-0.5760321145508603,2.151865401131274,-0.5575457651218535,-0.5401149464111559,1,1,0.582520344195947,High Yield,High Yield
1.217324345677586,-0.7015741672987273,0.1782802910731912,-0.6998406817388848,-0.693360149508582,1,0,0.4927586535445092,High Yield,Low Yield
-0.3208964282245576,1.7507077071080115,-1.0282825902442196,1.764103087694492,0.7691180773140623,0,1,0.5031117495625986,Low Yield,High Yield
-1.8591172021267013,-0.6994391971744867,0.2124066276674285,-0.7037971597550428,-0.6939475693827015,0,0,0.3914209387048655,Low Yield,Low Yield
-0.6285405830049864,-0.3088375535448187,-0.6594556447449621,-0.348112742729297,-0.3913775859903987,0,0,0.41358059293720756,Low Yield,Low Yield
-1.3976509699560582,-0.7114937903929884,-1.6135164490502034,-0.7124053834788625,-0.7083006672345658,0,0,0.32653298359222105,Low Yield,Low Yield
1.217324345677586,-0.6983644503092227,-0.4190946682518961,-0.696031254441237,-0.6887839416209603,0,0,0.46531915223916137,Low Yield,Low Yield
-0.7823626603952007,-0.66388540898305,-1.6419003732367567,-0.6733874057515293,-0.6711221114169125,0,0,0.34609190112249383,Low Yield,Low Yield
0.4482139587265142,-0.4463363104048107,-0.3124498663949043,-0.4102747464346283,-0.3995635707419445,0,0,0.4706148669331568,Low Yield,Low Yield
-0.474718505614772,-0.6101625893261365,-0.3088403500243599,-0.6144566168139389,-0.6249251892572564,1,0,0.4185546923607834,High Yield,Low Yield
-1.2438288925658438,-0.7065848114678637,0.5010038683850417,-0.7085730936439588,-0.7035119419527821,0,0,0.4239651995030875,Low Yield,Low Yield
-1.3976509699560582,1.98105573372698,-0.649775578114866,1.420885439577517,1.9937021534461856,0,1,0.545084913688273,Low Yield,High Yield
-0.6285405830049864,1.98105573372698,-0.7536312082309826,1.987934291187635,1.9937021534461856,1,1,0.6065651845165337,High Yield,High Yield
0.4482139587265142,1.98105573372698,-0.5211455401827406,1.987934291187635,1.9937021534461856,1,1,0.6507226432708609,High Yield,High Yield
-0.1670743508343432,-0.6406476389232875,-1.108840432877732,-0.6354133904655133,-0.6855079042524939,0,0,0.38840709907347515,Low Yield,Low Yield
0.7558581135069429,-0.7107530864723336,2.151865401131274,-0.7108573459943041,-0.7069182143397222,0,1,0.5676878958831992,Low Yield,High Yield
1.3711464230678003,-0.7120166402193332,-0.0276262109737696,-0.7121894298334454,-0.7083889436906022,1,0,0.48695860628401405,High Yield,Low Yield
-0.3208964282245576,0.1581507068810491,-0.5954687636307671,0.1625966734730716,-0.1869094025647295,1,0,0.4457476134453084,High Yield,Low Yield
0.1405698039460854,-0.7036800902103933,0.6639243118373382,-0.7017135879730759,-0.7013976663390679,0,0,0.47834553763833676,Low Yield,Low Yield
0.1405698039460854,-0.6428116562601028,-1.2107272358826424,-0.6254941444210462,-0.6465877956355027,0,0,0.39780648339951247,Low Yield,Low Yield
-0.9361847377854152,-0.086702771517411,-0.3349273092478396,-0.2462076326045716,-0.1458314250224012,1,0,0.429325924277466,High Yield,Low Yield
-0.1670743508343432,-0.4524943194706478,0.3165903956354127,-0.432529645141795,-0.6219733771439857,1,0,0.4592216380979048,High Yield,Low Yield
-1.705295124736487,0.0162550734536242,-0.016469524010269,-0.1703756752283447,0.0837342234825512,0,0,0.4352494537987759,Low Yield,Low Yield
0.2943918813362998,-0.7132220995411833,0.1106633849727103,-0.713661627458042,-0.7099751953172833,0,0,0.4569101186022202,Low Yield,Low Yield
-1.5514730473462726,1.4201794752204644,-0.2679871874668356,0.9931418238406842,1.4511991928737382,0,1,0.5230421295163802,Low Yield,High Yield
0.2943918813362998,-0.175064392169658,-0.8289388452346121,-0.0340604912509999,-0.0436612356552419,0,0,0.4784806391558603,Low Yield,Low Yield
1.524968500458015,-0.697347797869108,-0.7677411358612921,-0.693106321143115,-0.6879316923787312,1,0,0.45968570222201594,High Yield,Low Yield
1.0635022682873716,-0.7033896180846463,-0.3544515114339659,-0.7023072782064083,-0.697060131832582,0,0,0.4623654105834846,Low Yield,Low Yield
-0.3208964282245576,1.98105573372698,-0.56692077051828,1.987934291187635,1.902082090408181,0,1,0.6173775061355938,Low Yield,High Yield
-1.8591172021267013,1.722343104028814,-0.2921053195791092,1.0336557299413458,1.9937021534461856,0,1,0.5373701814104273,Low Yield,High Yield
1.217324345677586,-0.7117552153061608,-0.3034260754685435,-0.7119239782802922,-0.7078756324462417,0,0,0.46893982635502446,Low Yield,Low Yield
0.6020360361167285,1.0629713785830524,0.0699947999568612,1.2209964972262848,1.0893392868373608,0,1,0.6225954536939492,Low Yield,High Yield
1.524968500458015,-0.5605209030359689,0.309535431820258,-0.5159439966106978,-0.497986370058714,0,1,0.5286493006819458,Low Yield,High Yield
-1.8591172021267013,-0.7024891544948305,2.151865401131274,-0.7059852825921157,-0.6974949751160211,0,0,0.4800876685471213,Low Yield,Low Yield
-1.3976509699560582,-0.3487231525475208,-0.5075278193302325,-0.4439396956885841,-0.3544167024760069,1,0,0.39446966131822914,High Yield,Low Yield
0.2943918813362998,1.98105573372698,-0.3086986535371664,1.987934291187635,1.9937021534461856,1,1,0.6550011485868061,High Yield,High Yield
-0.0132522734441289,1.3287533736415862,-0.5984220042975762,1.6849000633233562,0.5924300259749867,0,1,0.5448295321593373,Low Yield,High Yield
0.2943918813362998,-0.6220719464817648,0.2730496282056126,-0.5985545747556239,-0.5971186505221472,1,0,0.4755190087502292,High Yield,Low Yield
-1.0900068151756297,1.3229439311266455,-1.49095696137763,0.7394409765429043,1.1999028234411284,0,0,0.4491135008118408,Low Yield,Low Yield
-0.9361847377854152,-0.7041012747927266,0.103628929773297,-0.7068786492092987,-0.7017769281501877,1,0,0.41610135861145753,High Yield,Low Yield
-0.474718505614772,-0.526985896118474,-1.702769944758209,-0.5343802384833396,-0.5562689929494442,1,0,0.36175627997483323,High Yield,Low Yield
0.2943918813362998,-0.61716296755664,-0.8289388452346121,-0.5923553740205352,-0.591040653049114,1,0,0.4251615883490093,High Yield,Low Yield
1.3711464230678003,-0.6861791446341347,2.151865401131274,-0.6805972834735889,-0.6744597243380464,1,1,0.5910264766095225,High Yield,High Yield
0.4482139587265142,-0.6429278451104017,-0.6742218480790071,-0.6337575042550214,-0.6282192088667674,0,0,0.43319640134838217,Low Yield,Low Yield
1.3711464230678003,-0.6420999995520227,0.4409546414932588,-0.6267006200659643,-0.6165759802486663,1,1,0.5176052986117684,High Yield,High Yield
0.4482139587265142,-0.7128880565965743,-0.4108912219552044,-0.7132873834232272,-0.7095899394258153,1,0,0.4379924756798057,High Yield,Low Yield
-0.6285405830049864,-0.693629754659546,1.3412008380922025,-0.6959657389623846,-0.6945578757454233,0,0,0.48418210747555135,Low Yield,Low Yield
-0.7823626603952007,-0.4208038105516467,-0.9603580549076128,-0.4748607704144673,-0.4795965315505623,1,0,0.38711748179894856,High Yield,Low Yield
-0.1670743508343432,1.0018850905384515,-0.6932538434873318,1.135712375157072,-0.1308669309750249,1,0,0.458525978881467,High Yield,Low Yield
-0.6285405830049864,-0.706889807199898,0.2235633146309295,-0.707952855627685,-0.7050055577922641,0,0,0.43161501947882264,Low Yield,Low Yield
-1.705295124736487,-0.4863052749076023,-0.1744678996845506,-0.5446784374876638,-0.4630822952749893,0,0,0.39350653604333424,Low Yield,Low Yield
1.217324345677586,-0.196051003254881,-0.4190946682518961,-0.0998645009731695,0.0273822393803233,0,1,0.5315978179978418,Low Yield,High Yield
-0.1670743508343432,1.6395585481909098,-1.0189306614659912,1.8233089573402577,0.0844589622882831,0,0,0.46365988171376976,Low Yield,Low Yield
-1.5514730473462726,1.98105573372698,-0.2366500226134732,1.5626756275293003,1.9937021534461856,0,1,0.5693151589773041,Low Yield,High Yield
-1.8591172021267013,-0.3411563536718106,0.2124066276674285,-0.4467552441943151,-0.2772287501671833,0,0,0.41739690359841075,Low Yield,Low Yield
-0.3208964282245576,0.9248954536092008,-0.4921053402924519,0.9336501615307758,0.2733749375376029,1,0,0.48782676559527527,High Yield,Low Yield
-1.0900068151756297,-0.707630511120553,2.0670417664234817,-0.7096950724955712,-0.7047434530061311,1,1,0.5016629626340412,High Yield,High Yield
-0.7823626603952007,-0.4387695115291006,-1.0620807889865895,-0.4895334983771814,-0.4937518247509372,0,0,0.3817532733467105,Low Yield,Low Yield
0.2943918813362998,-0.6351431921403813,-0.8289388452346121,-0.6150613222750911,-0.6133026674621763,1,0,0.4230210972813205,High Yield,Low Yield
1.524968500458015,-0.7114502195741265,-0.0706122695684341,-0.7113660193833207,-0.7075089037122135,1,0,0.49024925922362783,High Yield,Low Yield
0.4482139587265142,-0.700194424701429,-0.5967813150382378,-0.6988574240308644,-0.6948259746119045,0,0,0.4307793505469532,Low Yield,Low Yield
1.217324345677586,-0.6957095350798947,2.151865401131274,-0.692880289237572,-0.6849987343727375,1,1,0.5849390477331499,High Yield,High Yield
-0.9361847377854152,-0.6548517258723173,2.151865401131274,-0.670131168209378,-0.6574294522361362,1,1,0.5137390635684261,High Yield,High Yield
-1.2438288925658438,-0.704943643957393,1.249158170643322,-0.7073095678557912,-0.7019109775834284,1,0,0.45853580900870533,High Yield,Low Yield
1.524968500458015,-0.6654975292809461,1.177295981084303,-0.6518668584852665,-0.6437166311487346,1,1,0.5546432427212388,High Yield,High Yield
1.524968500458015,-0.6994391971744867,-0.2451816067620326,-0.6958142475556687,-0.6908350069328213,1,0,0.48373970621019574,High Yield,Low Yield
0.6020360361167285,-0.710854751716345,-0.4658543121430386,-0.7110906288342279,-0.7075868267567396,1,0,0.4407683728656921,High Yield,Low Yield
0.2943918813362998,-0.0264441837951264,2.151865401131274,0.1536214114317511,0.1403512167752989,1,1,0.6326386937663643,High Yield,High Yield
-0.7823626603952007,1.9599202556773112,-0.7734835482689763,1.4694951231797575,1.396191517518684,0,1,0.5148407950175221,Low Yield,High Yield
-1.2438288925658438,-0.6784090152704016,-1.1495295265093226,-0.6868807040063926,-0.676026358974497,0,0,0.3525280346130756,Low Yield,Low Yield
-0.7823626603952007,1.98105573372698,-0.5170438170343947,1.987934291187635,1.9937021534461856,0,1,0.612133322944468,Low Yield,High Yield
-0.0132522734441289,-0.6999329997882566,-0.651744405226072,-0.6980556958759133,-0.701525176775565,1,0,0.4125167439740325,High Yield,Low Yield
-1.705295124736487,1.98105573372698,-0.4758625166250027,1.987934291187635,1.9937021534461856,1,1,0.5839391820191695,High Yield,High Yield
1.0635022682873716,1.015043477834792,-0.5229502983680125,1.2829234051391285,1.5595476443306635,0,1,0.6557549610214876,Low Yield,High Yield
0.1405698039460854,-0.7130332926594477,-0.0776672333835888,-0.7134256666291263,-0.7098198941446264,0,0,0.44305621803584855,Low Yield,Low Yield
1.0635022682873716,-0.6568269363273972,1.818149205781857,-0.6485154461340131,-0.6359150631174081,0,1,0.5689902997715146,Low Yield,High Yield
1.524968500458015,-0.711145223842092,-0.0822611633097361,-0.7109711134481566,-0.7070855036730753,0,0,0.4897467995889656,Low Yield,Low Yield
-1.0900068151756297,-0.2659385967096168,-1.7478888993900132,-0.3944780272966032,-0.2904435176692926,0,0,0.35257958486777763,Low Yield,Low Yield
0.4482139587265142,-0.7072383737507945,-0.5211455401827406,-0.7068648957760543,-0.7030187926150472,0,0,0.4335148453272581,Low Yield,Low Yield
-0.7823626603952007,1.98105573372698,-0.7734835482689763,1.987934291187635,1.9937021534461856,0,1,0.6006918337165194,Low Yield,High Yield
-0.474718505614772,1.98105573372698,0.5738504714996638,1.987934291187635,1.9937021534461856,1,1,0.6686085437011771,High Yield,High Yield
0.1405698039460854,-0.3596158572630345,0.6639243118373382,-0.2708764088397946,-0.3915800006345921,1,1,0.5101457268393349,High Yield,High Yield
0.9096801908971572,-0.6934409477778105,-1.0159774207991823,-0.6901175945561174,-0.6854833830147059,0,0,0.4277979885667246,Low Yield,Low Yield
-1.705295124736487,1.98105573372698,0.0237273628435201,1.987934291187635,1.9937021534461856,1,1,0.6064372414984938,High Yield,High Yield
-0.1670743508343432,7.577604951461727e-05,0.281971852263374,0.0554719286160115,-0.4691521190020931,1,0,0.47201062811152444,High Yield,Low Yield
0.2943918813362998,-0.6110630529159523,0.6173287368721297,-0.5846522251781171,-0.5834881118104338,0,0,0.492931611397907,Low Yield,Low Yield
-0.1670743508343432,-0.672890044881208,0.3165903956354127,-0.6701800376765248,-0.6963953338303316,1,0,0.45223107627584225,High Yield,Low Yield
-0.474718505614772,1.953777496398076,0.160724915998271,1.8539155730954675,1.491417346835943,1,1,0.604260964086197,High Yield,High Yield
0.9096801908971572,-0.7076014639079783,-0.2711044970595783,-0.7069740626944432,-0.7030160680330707,1,0,0.46053451307526794,High Yield,Low Yield
1.3711464230678003,-0.6861355738152727,2.151865401131274,-0.6805440083532519,-0.6744025081165412,1,1,0.5910317531430629,High Yield,High Yield
1.524968500458015,0.0985313030714709,2.151865401131274,0.3373913141452758,0.4169206287989174,1,1,0.6942576223731993,High Yield,High Yield
0.2943918813362998,-0.6133432591030665,-0.8289388452346121,-0.5875317355787352,-0.5863113236544167,0,0,0.4256166774612642,Low Yield,Low Yield
-0.9361847377854152,-0.6886481577029845,-0.8878395896448583,-0.6953483278339181,-0.6878619430801345,0,0,0.37267944059561725,Low Yield,Low Yield
-1.3976509699560582,1.98105573372698,-1.6200792060875568,1.987934291187635,1.9937021534461856,1,1,0.5415874155809262,High Yield,High Yield
-0.6285405830049864,1.98105573372698,0.4642524289758629,1.987934291187635,1.9937021534461856,0,1,0.6593890470535426,Low Yield,High Yield
-0.3208964282245576,-0.6962730510038441,0.1124886517737242,-0.696628540143028,-0.6998283071206407,0,0,0.4372094589971435,Low Yield,Low Yield
1.524968500458015,-0.5767873420778026,-0.0822611633097361,-0.5370056464861153,-0.5205677054794144,1,1,0.5081416990189342,High Yield,High Yield
1.3711464230678003,0.0290794178053557,1.650142625625611,0.1939670919790305,0.2648017678905497,1,1,0.6531178371436366,High Yield,High Yield
1.524968500458015,1.98105573372698,-0.2829174597268143,1.987934291187635,1.9937021534461856,1,1,0.6926656281372385,High Yield,High Yield
1.0635022682873716,-0.7038834206984163,2.151865401131274,-0.7028777467935765,-0.6977085823429736,0,1,0.5787098963787969,Low Yield,High Yield
-0.474718505614772,-0.3527607150954046,0.5738504714996638,-0.3666490992387317,-0.4124590172364155,0,0,0.47576482408790494,Low Yield,Low Yield
0.9096801908971572,-0.6308877754981872,1.5482558226207008,-0.615655227097893,-0.6080338708361446,1,1,0.5542060823513109,High Yield,High Yield
-0.3208964282245576,0.0852567269248316,-0.0719248209759047,0.0892930639687507,-0.2306683687718708,1,0,0.4664905009774771,High Yield,Low Yield
-0.3208964282245576,-0.4224159308495427,-0.0719248209759047,-0.4212324730353419,-0.5354292103280816,1,0,0.4419007680588156,High Yield,Low Yield
0.9096801908971572,-0.6910445527403974,-1.0159774207991823,-0.6872649614865547,-0.6825163132423673,0,0,0.4280713982828,Low Yield,Low Yield
-0.474718505614772,-0.4214138020157155,0.5738504714996638,-0.432743221880384,-0.4691270528479099,1,0,0.47133122246834774,High Yield,Low Yield
-0.9361847377854152,-0.6114261430731361,1.3889448955389478,-0.6377292312616449,-0.6183262517103287,0,0,0.4804912248111214,Low Yield,Low Yield
1.217324345677586,-0.7007608453466356,-0.3898903994356738,-0.6988753969937795,-0.6922005674194109,0,0,0.46636248583288864,Low Yield,Low Yield
1.217324345677586,-0.1547168197610784,2.151865401131274,-0.0508073512487111,0.0863138576978407,1,1,0.6522702330465043,High Yield,High Yield
0.2943918813362998,-0.7030555751400372,0.5239735180157784,-0.7008230460540119,-0.6973876265861495,1,0,0.47737373713460424,High Yield,Low Yield
-0.474718505614772,-0.6885755396715477,-0.0076098020098419,-0.6899468152785636,-0.6896492688566763,1,0,0.4273408708696154,High Yield,Low Yield
1.524968500458015,-0.1389877541518767,-0.3762726785831657,0.0298536158751186,0.0871928078434388,0,1,0.5541345204371825,Low Yield,High Yield
0.1405698039460854,-0.6453678109666767,1.301660226942149,-0.6286949609481656,-0.6488895224891957,0,1,0.5135259573513612,Low Yield,High Yield
-1.0900068151756297,-0.663594936857303,-0.4287747348819924,-0.6782687249668564,-0.6634387902433633,0,0,0.3893428962364479,Low Yield,Low Yield
-0.3208964282245576,0.6810005332257059,-0.5954687636307671,0.6883846675267787,0.1269624411206827,0,0,0.4711099568314935,Low Yield,Low Yield
-0.9361847377854152,-0.6556069533992597,-0.8195869164563835,-0.6706946801562951,-0.6581095078974548,1,0,0.37737816097499866,High Yield,Low Yield
0.6020360361167285,-0.6643211171716705,0.1011678958842895,-0.6604052574233359,-0.6604471992332367,0,0,0.47120836085014844,Low Yield,Low Yield
-0.7823626603952007,-0.7093442966624605,-0.5496935332952277,-0.7105140334987364,-0.7069394660791384,0,0,0.39142632443222497,Low Yield,Low Yield
0.2943918813362998,1.98105573372698,-0.8441972553464585,1.987934291187635,1.9937021534461856,1,1,0.6320421448854846,High Yield,High Yield
1.0635022682873716,-0.2027463857533501,-0.6592915758190284,-0.1239360232570844,-0.0396266746645357,1,1,0.5082625708394712,High Yield,High Yield
0.7558581135069429,-0.703375094478359,-1.1149109831372837,-0.7024612395817119,-0.697783235889128,0,0,0.41703532485456946,Low Yield,Low Yield
1.0635022682873716,-0.4951501511365994,0.1531777454053148,-0.4617373192999824,-0.4236047371856193,0,1,0.5110634159206167,Low Yield,High Yield
1.3711464230678003,-0.6949949736505571,2.151865401131274,-0.6913766161551139,-0.6860364731559224,1,1,0.5899584281933254,High Yield,High Yield
0.7558581135069429,-0.5625687315224854,-1.1149109831372837,-0.5422245236957257,-0.523445408962926,1,0,0.432536593914703,High Yield,Low Yield
-0.474718505614772,-0.705771489515772,2.151865401131274,-0.7065018060142768,-0.7038432511211167,0,1,0.526609249469367,Low Yield,High Yield
1.0635022682873716,-0.6871377026490999,-0.7460840376380262,-0.6835321502934295,-0.6757184812111597,1,0,0.44615511322918994,High Yield,Low Yield
-0.3208964282245576,-0.3508871698843362,-1.1390291152495573,-0.3493017544043833,-0.4924897983794522,1,0,0.39676525889564285,High Yield,Low Yield
-1.8591172021267013,-0.4049295088795714,-0.1647878330544543,-0.4925078507542548,-0.3514033148100688,0,0,0.39575506288223294,Low Yield,Low Yield
-0.9361847377854152,0.2347046356216793,-0.8195869164563835,-0.0063899521185069,0.1435845708425226,0,0,0.4245037309681208,Low Yield,Low Yield
0.6020360361167285,1.1748031469956597,-1.2806205983304555,1.342805910417255,1.2026274054175643,1,1,0.571589999365212,High Yield,High Yield
0.2943918813362998,1.98105573372698,-0.7820151324175357,1.987934291187635,1.9937021534461856,1,1,0.634741438497909,High Yield,High Yield
0.2943918813362998,-0.6849591617059971,0.1106633849727103,-0.6779703711548384,-0.6749817542447315,1,0,0.4603305180802964,High Yield,Low Yield
-1.2438288925658438,-0.7087633524109664,-1.4492834541904362,-0.7102503402654201,-0.705637115894402,0,0,0.33812471772829783,Low Yield,Low Yield
1.217324345677586,-0.7096928632133569,0.3531777661186579,-0.7094762919623466,-0.7049352635772722,1,0,0.4998593348853085,High Yield,Low Yield
-1.705295124736487,-0.7002089483077163,2.151865401131274,-0.7039921120983985,-0.6958226266988848,0,0,0.4854055102105276,Low Yield,Low Yield
-1.5514730473462726,-0.3145926777722446,0.1922261497775671,-0.3947591285532109,-0.3061643556733276,0,0,0.4260161519255906,Low Yield,Low Yield
-0.0132522734441289,1.98105573372698,-0.719668940562679,1.987934291187635,1.5517569746272426,1,1,0.5921477449110502,High Yield,High Yield
-1.5514730473462726,-0.6017679448920473,1.56023285421387,-0.6245131201952594,-0.5970794165416866,1,0,0.46972567334793247,High Yield,Low Yield
0.6020360361167285,-0.6702757957494847,1.9695848244187848,-0.6668912131906473,-0.6664794237290657,0,1,0.5577047147490641,Low Yield,High Yield
0.1405698039460854,-0.6209826760102135,-0.1234424637191281,-0.5981598987377486,-0.6269315714247037,0,0,0.4493548067448723,Low Yield,Low Yield
-1.2438288925658438,-0.6833034705892391,0.2857454375598521,-0.690648918082609,-0.6808009164300033,1,0,0.4155987241095793,High Yield,Low Yield
1.3711464230678003,-0.698669446041257,-0.0276262109737696,-0.6958694846368697,-0.6908617078361903,0,0,0.48862939834642577,Low Yield,Low Yield
0.9096801908971572,1.98105573372698,-0.6012111760384512,1.987934291187635,1.9937021534461856,1,1,0.6614494653350598,High Yield,High Yield
-1.3976509699560582,-0.3000835950911804,-0.8084302294928829,-0.4079443562534955,-0.3069686522727715,0,0,0.3839214115532247,Low Yield,Low Yield
1.3711464230678003,-0.7020534463062099,0.2530957212990195,-0.7000071856497121,-0.6953055010397572,0,1,0.501323392601461,Low Yield,High Yield
-1.705295124736487,-0.669665804285416,1.619789874327852,-0.6812438327864502,-0.6625898104995058,0,0,0.4627698711952044,Low Yield,Low Yield
-1.8591172021267013,-0.6406476389232875,2.151865401131274,-0.6616184871623221,-0.6255671007709047,0,0,0.48473681123306306,Low Yield,Low Yield
1.0635022682873716,-0.7109854641729312,0.039642048659102,-0.7110824273560847,-0.7070348264483136,1,0,0.4798098224236891,High Yield,Low Yield
-0.0132522734441289,0.230768738317807,-1.2291029555872317,0.3951744337113462,-0.1078965252480893,1,0,0.44487932900052074,High Yield,Low Yield
0.6020360361167285,-0.7119730694004711,1.7740146647056554,-0.7123087229661376,-0.7087197079425416,0,1,0.54494912926903,Low Yield,High Yield
-0.6285405830049864,-0.7088504940486905,-0.1953046532781475,-0.7097253208520174,-0.7065503957729034,0,0,0.412408215095929,Low Yield,Low Yield
-1.3976509699560582,-0.7040431803675772,-0.7723350657874396,-0.7068916154495402,-0.7010325723542254,1,0,0.36242950810170194,High Yield,Low Yield
0.6020360361167285,-0.7132075759348959,-0.50014471766321,-0.7136533723325313,-0.7099702910697256,0,0,0.4389803025509009,Low Yield,Low Yield
-1.0900068151756297,1.98105573372698,-0.9291849589801844,1.987934291187635,1.9937021534461856,0,1,0.5835994606049505,Low Yield,High Yield
0.1405698039460854,1.9229576776760011,-1.2107272358826424,1.987934291187635,1.6637966897458434,1,1,0.5884472300339002,High Yield,High Yield
0.7558581135069429,0.5637078888490545,-0.7478887958232985,0.7394708701698192,0.8710414195541565,1,1,0.5755655073117154,High Yield,High Yield
-0.6285405830049864,-0.7122490179199308,0.3580998338966729,-0.712797593907527,-0.7092281149393445,1,0,0.43749334981663685,High Yield,Low Yield
0.6020360361167285,-0.6740519333841961,-0.2158132690198767,-0.6710042583113813,-0.6703047368239817,0,0,0.4556036778274504,Low Yield,Low Yield
0.4482139587265142,-0.5698014874535865,-1.7378806949080494,-0.5506283903642355,-0.5431659333083688,1,0,0.39255110741706306,High Yield,Low Yield
0.7558581135069429,-0.6647277781477164,-1.7487092440196823,-0.6584808475267754,-0.6499324924697754,1,0,0.39268824750202436,High Yield,Low Yield
-1.0900068151756297,1.98105573372698,-0.9291849589801844,1.987934291187635,1.9937021534461856,0,1,0.5835994606049505,Low Yield,High Yield
-0.7823626603952007,-0.6730352809440815,0.5649907494992368,-0.6808601774706158,-0.6783313553265617,1,0,0.4438485529672346,High Yield,Low Yield
1.524968500458015,-0.6547064898094438,1.4530958455790774,-0.6378947103982708,-0.6287363345258948,0,1,0.5687906762801844,Low Yield,High Yield
-0.9361847377854152,1.98105573372698,-0.4783235505140102,1.987934291187635,1.9937021534461856,0,1,0.6088998218950363,Low Yield,High Yield
0.4482139587265142,-0.4843155408462351,-0.7268879733037676,-0.4534490528545698,-0.4437372183258993,1,0,0.447373915139312,High Yield,Low Yield
0.2943918813362998,0.7122843811686612,-0.1057230197182742,1.08650923452332,1.0549997454391538,0,1,0.6181219386247117,Low Yield,High Yield
-0.0132522734441289,-0.7052631632957147,-0.0819330254578684,-0.7043166655328923,-0.7049249101657618,0,0,0.43821160712493507,Low Yield,Low Yield
0.4482139587265142,-0.4516229030934067,2.151865401131274,-0.416284477806276,-0.405712407346365,1,1,0.5843768051251491,High Yield,High Yield
-0.1670743508343432,-0.7098090520636557,-1.0689716838758103,-0.7099894147983227,-0.7088619311217116,0,0,0.38807672713760416,Low Yield,Low Yield
0.4482139587265142,-0.7022277295816581,-0.1157312242002383,-0.7011688591738058,-0.6971909117674508,0,0,0.45273987791868275,Low Yield,Low Yield
0.2943918813362998,-0.6818365863542166,-0.9675770876487012,-0.6740270925807434,-0.671115572420169,0,0,0.41118697098883034,Low Yield,Low Yield
-0.9361847377854152,-0.626124032635936,2.151865401131274,-0.6486960406901083,-0.6315611811190636,0,1,0.5153218701763727,Low Yield,High Yield
0.7558581135069429,1.98105573372698,-0.7478887958232985,1.987934291187635,1.9937021534461856,1,1,0.6505602548376145,High Yield,High Yield
0.9096801908971572,-0.0739946160159784,-0.6996525315987513,0.0472621208979641,0.0814771797732717,0,1,0.5142428809441314,Low Yield,High Yield
1.3711464230678003,-0.6684167741447037,0.2434156546689232,-0.658878792749528,-0.651134578037779,0,1,0.5050839418572639,Low Yield,High Yield
-0.6285405830049864,-0.3985536457194241,-0.0835737147172067,-0.4292162873863632,-0.4620654812813834,1,0,0.43485470370270357,High Yield,Low Yield
-0.0132522734441289,1.6903911701966403,-1.2291029555872317,1.987934291187635,0.8230931361000475,0,1,0.5297847374929355,Low Yield,High Yield
0.9096801908971572,-0.7132220995411833,-0.1961249979078167,-0.7136647838939632,-0.7099751953172833,0,0,0.46336737183547344,Low Yield,Low Yield
-0.6285405830049864,1.98105573372698,0.6542442452072422,1.987934291187635,1.9937021534461856,1,1,0.6673204426802183,High Yield,High Yield
1.524968500458015,1.98105573372698,0.6009218442787464,1.987934291187635,1.9937021534461856,1,1,0.7266793143966065,High Yield,High Yield
-0.9361847377854152,-0.5737954791826082,-0.8878395896448583,-0.6096511648296795,-0.5844411705857911,0,0,0.37862099724979165,Low Yield,Low Yield
-1.2438288925658438,-0.6416933385759768,1.6494863499218757,-0.6586135076126981,-0.6402100941450616,0,0,0.48115968043440016,Low Yield,Low Yield
1.0635022682873716,-0.6435523601807578,0.972373892592945,-0.6331799082319017,-0.6184831876321715,1,1,0.5314600705241781,High Yield,High Yield
-1.3976509699560582,1.98105573372698,-0.5075278193302325,1.987934291187635,1.9937021534461856,0,1,0.5925989145974626,Low Yield,High Yield
-0.6285405830049864,-0.7043191288870368,0.6542442452072422,-0.7056289567780045,-0.7029801035509817,1,0,0.4516111651313093,High Yield,Low Yield
-1.0900068151756297,1.98105573372698,-1.179718208881148,1.6899221510409892,1.9937021534461856,0,1,0.5505291826562407,Low Yield,High Yield
0.7558581135069429,1.98105573372698,-0.7478887958232985,1.987934291187635,1.9937021534461856,0,1,0.6505602548376145,Low Yield,High Yield
0.4482139587265142,-0.7090538245367134,1.1206922016371303,-0.7089286771536806,-0.705130343646785,0,1,0.5096576983883926,Low Yield,High Yield
1.217324345677586,-0.6641613575025097,-0.4190946682518961,-0.6554375834640412,-0.6400193734067111,1,0,0.46981976583288054,High Yield,Low Yield
-1.705295124736487,-0.4896021335348311,-0.5231143672939467,-0.5471339103377886,-0.4666694799051647,1,0,0.3778440910892385,High Yield,Low Yield
0.1405698039460854,-0.3356519068889044,-0.4259855631411172,-0.2408687538980507,-0.37000131138122,1,0,0.46150136653970963,High Yield,Low Yield
0.1405698039460854,-0.7039705623361404,1.9029728404896484,-0.7020773171238849,-0.7016592262088056,0,1,0.5361500976244048,Low Yield,High Yield
-0.1670743508343432,-0.7104335671340118,0.7558029103602849,-0.7106628228298874,-0.7090728137666877,1,0,0.47144283843286566,High Yield,Low Yield
1.524968500458015,-0.1889199125677914,0.6009218442787464,-0.0347981272246,0.0178761728645386,1,1,0.5921167397412777,High Yield,High Yield
-0.474718505614772,-0.7031427167777613,0.1106633849727103,-0.7039710177345774,-0.7016733940350831,1,0,0.43183414752785193,High Yield,Low Yield
-0.6285405830049864,-0.5330277163340124,0.1106633849727103,-0.5507811430315067,-0.5680184802646262,1,0,0.4362107320603544,High Yield,Low Yield
1.3711464230678003,-0.7126266316834019,0.2434156546689232,-0.7129352815181638,-0.7091899707916745,0,0,0.4995466541821523,Low Yield,Low Yield
-1.5514730473462726,1.98105573372698,0.0583459062155591,1.987934291187635,1.9937021534461856,1,1,0.6129357391571855,High Yield,High Yield
0.4482139587265142,-0.2891763667693793,0.3262704622655091,-0.2316173201362778,-0.2167708210264667,1,1,0.51711635504816,High Yield,High Yield
-1.3976509699560582,-0.6271987795012,-0.649775578114866,-0.6500234933381477,-0.62607060352015,1,0,0.3721141136558326,High Yield,Low Yield
-0.0132522734441289,-0.4424875547386626,-0.6087583466314076,-0.3956525674301132,-0.5373189803869375,1,0,0.43067107282122286,High Yield,Low Yield
-1.2438288925658438,-0.6958373428152235,-1.1495295265093226,-0.700298676978083,-0.6930277505074568,0,0,0.35152222415069495,Low Yield,Low Yield
-1.0900068151756297,0.92890396894451,-1.662408988978486,0.4582311365687757,0.8302996554277204,0,0,0.4195911029137087,Low Yield,Low Yield
-0.1670743508343432,-0.3929911045113684,-0.2779953919487993,-0.3683679543203921,-0.6018806749005617,1,0,0.43363842417170906,High Yield,Low Yield
-0.3208964282245576,-0.6899552822688461,-0.1984219628708901,-0.6902752685482123,-0.6960356890094421,0,0,0.42326526662727426,Low Yield,Low Yield
-1.0900068151756297,-0.7016758325427388,2.151865401131274,-0.7054454674537595,-0.6991580599544376,1,1,0.5059600198763374,High Yield,High Yield
-1.0900068151756297,-0.7128009149588501,-0.7815229256397342,-0.7133849734587052,-0.709593208924187,1,0,0.3712106231345196,High Yield,Low Yield
0.7558581135069429,-0.2325052550361335,2.151865401131274,-0.1666144561119276,-0.1147809989861474,1,1,0.6196160843756826,High Yield,High Yield
0.7558581135069429,-0.6102497309638607,-0.2110552701677953,-0.596485187775529,-0.582481106311943,0,0,0.4690337643099216,Low Yield,Low Yield
0.7558581135069429,0.481518800868932,-0.5022776137003497,0.6459402280657661,0.7692799174834627,1,1,0.577733751482842,High Yield,High Yield
1.3711464230678003,1.98105573372698,-0.2369781604653409,1.987934291187635,1.9937021534461856,0,1,0.690051954569671,Low Yield,High Yield
0.4482139587265142,-0.4574759164272094,-0.7268879733037676,-0.4229381089677431,-0.4125200478726876,1,0,0.4501944475414856,High Yield,Low Yield
-0.7823626603952007,-0.629144942743705,-0.4092505326958661,-0.6450145963038235,-0.6437498710488472,0,0,0.40160912253273906,Low Yield,Low Yield
-1.705295124736487,0.7107303552959146,-0.1744678996845506,0.3468637312668684,0.8393659744125085,1,0,0.4767782757399258,High Yield,Low Yield
-1.0900068151756297,-0.6987420640726938,0.2780341980409619,-0.7033517596038913,-0.6964062321582373,1,0,0.4192619380985284,High Yield,Low Yield
0.7558581135069429,-0.5673469979910241,0.2785264048187637,-0.5476621595416762,-0.5293615662665588,1,0,0.4967081292213322,High Yield,Low Yield
-0.474718505614772,0.045534663728925,0.4335715398262363,0.0168002807749499,-0.0836956983005953,1,0,0.4949841059724014,High Yield,Low Yield
-1.3976509699560582,-0.5846591366855471,-0.7723350657874396,-0.6185423499504575,-0.5845730403534505,0,0,0.3691927335767554,Low Yield,Low Yield
1.0635022682873716,-0.6159284610222151,-0.7828354770472049,-0.6012672243261952,-0.5822081031979043,1,0,0.45293254702077373,High Yield,Low Yield
0.9096801908971572,-0.7127428205337007,-0.6996525315987513,-0.7130942572800507,-0.7093817813628156,0,0,0.44011345767512566,Low Yield,Low Yield
0.2943918813362998,-0.4398878292132266,-0.8441972553464585,-0.3684871959954054,-0.3715494188602309,0,0,0.4456989669924022,Low Yield,Low Yield
0.9096801908971572,1.98105573372698,-0.6996525315987513,1.987934291187635,1.9937021534461856,1,1,0.6573162389401045,High Yield,High Yield
-0.6285405830049864,-0.4634596422175983,-0.6968633598578762,-0.4878914509977841,-0.5132053400626894,1,0,0.40333563625219804,High Yield,Low Yield
0.7558581135069429,-0.6872393678931114,-0.1455917687201957,-0.6840988887462988,-0.6778049660887143,1,0,0.4634461722340922,High Yield,Low Yield
0.6020360361167285,-0.705277686902002,0.79025738480639,-0.7050159775789899,-0.7019371335704021,1,0,0.49969640057524767,High Yield,Low Yield
0.7558581135069429,-0.7119440221878964,1.0873862096725626,-0.7122126230136595,-0.7083927581053693,0,1,0.5182142890348193,Low Yield,High Yield
-1.0900068151756297,1.98105573372698,-1.7247551808333428,1.987934291187635,1.9937021534461856,1,1,0.5470702555993863,High Yield,High Yield
1.3711464230678003,-0.7008334633780724,0.2530957212990195,-0.6985154822802754,-0.6937034468376129,0,1,0.5014761991861405,Low Yield,High Yield
1.0635022682873716,-0.7121473526759193,2.151865401131274,-0.7124247063847159,-0.7085605923551177,1,1,0.5777402587505773,High Yield,High Yield
-0.9361847377854152,-0.2848192848831739,-0.5409978802207343,-0.3940319877564202,-0.3242283341770974,1,0,0.40930846015057704,High Yield,Low Yield
0.6020360361167285,-0.4864069401516138,0.79025738480639,-0.4666175546195197,-0.4802161014920039,1,1,0.5193811146542893,High Yield,High Yield
0.9096801908971572,-0.7097945284573683,1.0065002291871823,-0.7095846541702249,-0.7057313864307867,1,1,0.5198963397240409,High Yield,High Yield
-0.474718505614772,0.0899188045430714,2.151865401131274,0.0595300541603718,-0.047059879212648,0,1,0.5775339030665558,Low Yield,High Yield
0.1405698039460854,-0.6995263388122108,-0.0248370392328944,-0.696512261116507,-0.6976573602018167,0,0,0.4467290769465743,Low Yield,Low Yield
0.1405698039460854,-0.7053503049334388,-0.1378805292013058,-0.7038050305902277,-0.7029016355900605,1,0,0.4409808174491001,High Yield,Low Yield
-1.0900068151756297,-0.641286677599931,-1.7247551808333428,-0.6623482533955815,-0.6425140006643358,0,0,0.33462049894396506,Low Yield,Low Yield
-1.705295124736487,-0.2481036081887491,-0.0568304797899919,-0.3672678198008999,-0.2039042551009459,0,0,0.4150765070461329,Low Yield,Low Yield
0.7558581135069429,-0.7131494815097466,-0.0609322029383378,-0.7135844278015437,-0.7098852841120609,1,0,0.46447870120417334,High Yield,Low Yield
-0.9361847377854152,1.98105573372698,-0.4783235505140102,1.987934291187635,1.9937021534461856,1,1,0.6088998218950363,High Yield,High Yield
-0.3208964282245576,1.98105573372698,-0.1803743810181684,1.987934291187635,1.9937021534461856,1,1,0.6414671265303434,High Yield,High Yield
0.6020360361167285,1.98105573372698,0.0699947999568612,1.987934291187635,1.9937021534461856,0,1,0.6799548326582656,Low Yield,High Yield
-0.7823626603952007,-0.7016467853301641,0.5649907494992368,-0.7042274160207749,-0.7008745465995921,1,0,0.4424135140129303,High Yield,Low Yield
0.2943918813362998,-0.6834922774709746,-0.1057230197182742,-0.6761179472665426,-0.6731655478992393,1,0,0.4504755978558847,High Yield,Low Yield
-0.3208964282245576,-0.0096259929504362,-0.4921053402924519,-0.0061228517299401,-0.2876273897384485,0,0,0.44242355094268654,Low Yield,Low Yield
1.3711464230678003,-0.6269373545880276,-0.2369781604653409,-0.6081608781886793,-0.596664735164873,1,0,0.48783030452779375,High Yield,Low Yield
-1.3976509699560582,0.3019344091258297,-0.5075278193302325,0.0375745493672439,0.2803019147544934,0,0,0.43298727338486803,Low Yield,Low Yield
-1.2438288925658438,-0.6290287538934063,-0.5436229830356758,-0.6488631139199363,-0.6278557496311108,1,0,0.381737168584547,High Yield,Low Yield
-0.6285405830049864,0.7055744750639048,-0.4784876194399439,0.5689179626093975,0.4078842802158701,1,0,0.47925105467479684,High Yield,Low Yield
-1.5514730473462726,-0.707964554065162,0.1106633849727103,-0.7094755025796552,-0.7046589909648616,1,0,0.3961825295931508,High Yield,Low Yield
1.3711464230678003,-0.698829205710418,1.3157701545724585,-0.6960648267447722,-0.6910715006483759,1,1,0.5512121675739404,High Yield,High Yield
-0.6285405830049864,-0.6962730510038441,0.4642524289758629,-0.6983552846722253,-0.6966405462082108,1,0,0.44328556652131834,High Yield,Low Yield
0.7558581135069429,-0.683506801077262,0.1909135983700965,-0.6798512522344164,-0.6731835301402839,1,0,0.4795396497864744,High Yield,Low Yield
-0.9361847377854152,-0.6781330667509419,-1.271268669552227,-0.6875025076499185,-0.6783934757956245,0,0,0.35661204214854825,Low Yield,Low Yield
0.2943918813362998,1.98105573372698,-0.316723115401868,1.987934291187635,1.9937021534461856,0,1,0.6546620796602654,Low Yield,High Yield
-1.2438288925658438,-0.7114356959678391,0.2857454375598521,-0.712307762787746,-0.7082439959294559,1,0,0.4138710746567803,High Yield,Low Yield
-1.8591172021267013,-0.6313380072930952,-0.1040823304589359,-0.6549395026929709,-0.6147390670801532,0,0,0.3822510567245892,Low Yield,Low Yield
0.4482139587265142,-0.713251146753758,-0.4410799043270299,-0.7137001396987525,-0.7100122496321628,1,0,0.4365658256150429,High Yield,Low Yield
1.3711464230678003,-0.6677777354680603,2.151865401131274,-0.6580974243179182,-0.6502954067890366,1,1,0.5932530527008574,High Yield,High Yield
0.1405698039460854,1.98105573372698,-0.0248370392328944,1.987934291187635,1.9937021534461856,1,1,0.6622473214114122,High Yield,High Yield
-0.6285405830049864,-0.0016089622798181,-1.3132703145912883,-0.0703774203772457,-0.1493101712899145,1,0,0.4010596742599348,High Yield,Low Yield
1.3711464230678003,-0.7080371720965988,-0.0276262109737696,-0.7073236355093303,-0.7031631954597983,0,0,0.4874567244100237,Low Yield,Low Yield
-0.474718505614772,-0.2461864921588187,0.9398882452580462,-0.2640473069932389,-0.3244898940468353,0,0,0.4997548597702758,Low Yield,Low Yield
-0.1670743508343432,-0.227610799717296,-0.6932538434873318,-0.190040111170938,-0.5460360079623463,0,0,0.41982221792828106,Low Yield,Low Yield
-0.9361847377854152,1.98105573372698,-0.4783235505140102,1.8213068638660488,1.9937021534461856,1,1,0.5971321656824393,High Yield,High Yield
0.6020360361167285,-0.4307815280710572,-1.0834097493579875,-0.406029236110245,-0.4238662970553572,1,0,0.43716242058403953,High Yield,Low Yield
-0.0132522734441289,-0.597541575462428,-0.0604399961605363,-0.5777836629557458,-0.6362169468003972,1,0,0.44605749506963543,High Yield,Low Yield
-1.0900068151756297,-0.5995458331300826,-0.4336968026600074,-0.6325595585415162,-0.6033617576629523,0,0,0.392535330821622,Low Yield,Low Yield
1.0635022682873716,-0.7013272659918424,1.818149205781857,-0.6999247329305879,-0.6943518973480046,1,1,0.5637322380949414,High Yield,High Yield
-0.1670743508343432,-0.7131930523286086,0.1106633849727103,-0.7136383466902891,-0.7100046208026287,0,0,0.4414422238102409,Low Yield,Low Yield
-0.9361847377854152,1.98105573372698,-0.5409978802207343,1.987934291187635,1.9937021534461856,1,1,0.6061060913291547,High Yield,High Yield
1.217324345677586,-0.5249235440256701,-0.3898903994356738,-0.4901842825475326,-0.4415030611052218,0,0,0.48954858270475327,Low Yield,Low Yield
0.1405698039460854,-0.7131494815097466,0.1106633849727103,-0.7135711582894498,-0.7099245180925216,1,0,0.45174978089521056,High Yield,Low Yield
-0.474718505614772,1.98105573372698,-0.8563383558655622,1.968387600815412,1.5895638190486618,1,1,0.5724450450376829,High Yield,High Yield
1.217324345677586,1.98105573372698,-0.3980938457323655,1.987934291187635,1.9937021534461856,1,1,0.6790491810040999,High Yield,High Yield
0.4482139587265142,-0.69519830413858,0.3262704622655091,-0.6931778976796369,-0.6890149861725621,0,0,0.47402571274441346,Low Yield,Low Yield
0.6020360361167285,-0.7089085884738399,-0.0266417974181664,-0.7089708286566188,-0.7056153192385906,0,0,0.46126883936737373,Low Yield,Low Yield
-0.1670743508343432,1.98105573372698,-0.6932538434873318,1.987934291187635,1.7313200048678532,1,1,0.6029550064248704,High Yield,High Yield
-1.705295124736487,-0.653718884581904,-1.2773392198117788,-0.669366699793336,-0.6452385826407717,0,0,0.33486273394762683,Low Yield,Low Yield
-0.9361847377854152,-0.5521988766333163,0.4611351193831202,-0.5935368905014925,-0.5649941942707825,0,0,0.44066609701547393,Low Yield,Low Yield
-0.6285405830049864,-0.007345786763322,0.4642524289758629,-0.0755635223299223,-0.1538302527888217,0,0,0.4824900710278451,Low Yield,Low Yield
-0.474718505614772,0.2903736185210979,0.6690104485412873,0.2525131471792179,0.1184007147179305,0,1,0.5218296533231102,Low Yield,High Yield
1.217324345677586,-0.6841458397539054,-0.330497448247626,-0.6791560086294856,-0.6685119618834869,0,0,0.47131446051573167,Low Yield,Low Yield
-0.7823626603952007,-0.7110871294169426,-1.1734835896956624,-0.7119374185880862,-0.7083126553952621,1,0,0.36394351478209913,High Yield,Low Yield
-0.474718505614772,-0.6621135290159931,-0.5157312656269242,-0.6644711454133022,-0.6678068400679853,0,0,0.40592334325288676,Low Yield,Low Yield
-1.5514730473462726,-0.7082985970097712,-0.3646237848418633,-0.7097427529618818,-0.7049973840463349,0,0,0.37511365774095684,Low Yield,Low Yield
0.6020360361167285,-0.6566090822330869,-0.610234966964812,-0.6520051537344521,-0.6526347328740044,0,0,0.4389287518761501,Low Yield,Low Yield
-1.0900068151756297,-0.7119585457941837,1.8770499501921023,-0.7127838098186441,-0.7088030801510206,1,0,0.4925420197365967,High Yield,Low Yield
-1.5514730473462726,1.98105573372698,-1.4901366167479608,1.987934291187635,1.9937021534461856,0,1,0.5424450763798766,Low Yield,High Yield
-1.2438288925658438,-0.6871957970742493,0.3108479832277286,-0.6936455987129533,-0.6845978938723642,1,0,0.4164995888485529,High Yield,Low Yield
-0.1670743508343432,-0.6842184577853422,-1.108840432877732,-0.6823953461560693,-0.7002206469252475,0,0,0.38708437557991077,Low Yield,Low Yield
-0.3208964282245576,1.98105573372698,-1.1390291152495573,1.987934291187635,1.9937021534461856,1,1,0.5992936549699907,High Yield,High Yield
0.4482139587265142,-0.5145972599553632,-1.0186025236141236,-0.4878729262333759,-0.4789578895352858,1,0,0.430776151115779,High Yield,Low Yield
-1.0900068151756297,0.4401700937688421,-0.8307436034198843,0.1094422115394952,0.3718751149825031,1,0,0.430868747193371,High Yield,Low Yield
-1.2438288925658438,-0.6842329813916296,-1.4492834541904362,-0.6913645433077658,-0.6817076573117611,0,0,0.33951505819437694,Low Yield,Low Yield
0.1405698039460854,-0.7057306781821046,2.151865401131274,-0.7042813339132121,-0.7032441482394821,0,1,0.5475387426276235,Low Yield,High Yield
-1.705295124736487,-0.6980739781834756,0.1106633849727103,-0.702402004129375,-0.6934996481057756,1,0,0.3918889088638833,High Yield,Low Yield
-0.3208964282245576,-0.7110871294169426,0.914129423886434,-0.7115258666412163,-0.7087213426917275,0,0,0.4736423879192795,Low Yield,Low Yield
-0.3208964282245576,1.98105573372698,-0.5954687636307671,1.987934291187635,1.9937021534461856,1,1,0.6234313284576445,High Yield,High Yield
-1.0900068151756297,0.080565602094017,-1.662408988978486,-0.1471924734245467,0.0345718662997423,0,0,0.37420331857609773,Low Yield,Low Yield
-0.474718505614772,-0.7130913870845972,-0.2627369818369529,-0.7135488628815061,-0.7098852841120609,0,0,0.4141698173311376,Low Yield,Low Yield
-0.474718505614772,-0.6867310416730541,-0.3088403500243599,-0.6881710688060674,-0.6881267724482439,0,0,0.41373552043804507,Low Yield,Low Yield
-0.474718505614772,-0.6626509024486251,-0.0819330254578684,-0.6649884888737934,-0.668250402013749,0,0,0.42558504071981407,Low Yield,Low Yield
-1.0900068151756297,-0.6550695799666276,0.3989529964541972,-0.6721845343338236,-0.655442142142524,0,0,0.4271645194338141,Low Yield,Low Yield
-1.2438288925658438,1.98105573372698,-0.7198330094886128,1.987934291187635,1.9937021534461856,0,1,0.5880396819532282,Low Yield,High Yield
0.1405698039460854,1.98105573372698,0.0850891411427739,1.987934291187635,1.9937021534461856,1,1,0.6668284317992852,High Yield,High Yield
0.2943918813362998,1.1947876292470552,-0.8289388452346121,1.695828307958586,1.6524057574187605,0,1,0.6414278379586652,Low Yield,High Yield
1.217324345677586,-0.7083566914349205,-0.904738689016043,-0.7078904670239594,-0.7030302358593482,0,0,0.44151486981307353,Low Yield,Low Yield
0.6020360361167285,-0.7117697389124482,2.151865401131274,-0.7120872513057904,-0.708513729545123,0,1,0.562420978699481,Low Yield,High Yield
-0.3208964282245576,-0.2666793006302718,2.151865401131274,-0.2646206769176223,-0.4419389942214516,0,1,0.5529773181135793,Low Yield,High Yield
-0.9361847377854152,1.7630092016333982,-0.7623268613054757,1.133952329845709,1.5197687474746997,1,1,0.5108724800835881,High Yield,High Yield
-1.5514730473462726,1.7939590066317446,0.0583459062155591,1.292183381970445,1.8298463382997276,0,1,0.5636244114444124,Low Yield,High Yield
1.217324345677586,1.98105573372698,-0.4186024614740947,1.987934291187635,1.9937021534461856,1,1,0.6782130290377,High Yield,High Yield
-0.474718505614772,-0.7002525191265784,-0.0819330254578684,-0.701188548852477,-0.6992877500565159,1,0,0.4232055873650466,High Yield,Low Yield
-0.1670743508343432,-0.5928214034190388,-0.3331225510625676,-0.5838428637691795,-0.6693582170453678,0,0,0.4248533095251031,Low Yield,Low Yield
-1.5514730473462726,-0.7118278333375976,-1.678651812645935,-0.7125663113480154,-0.7085725805158141,0,0,0.3193067554522132,Low Yield,Low Yield
-1.8591172021267013,-0.6128494564892966,2.151865401131274,-0.6416753104472857,-0.5932350313729355,0,0,0.48682754171417075,Low Yield,Low Yield
1.217324345677586,-0.6861065266026979,-0.9304975103876548,-0.681483034354293,-0.6713073829913101,0,0,0.44322811556807196,Low Yield,Low Yield
1.524968500458015,1.98105573372698,-0.9067075161272492,1.987934291187635,1.9937021534461856,1,1,0.6672997216230064,High Yield,High Yield
-0.0132522734441289,-0.7131930523286086,0.1106633849727103,-0.7136313506356458,-0.7099828241468172,1,0,0.4465884346004801,High Yield,Low Yield
-0.474718505614772,-0.6341991577317034,-0.0819330254578684,-0.6375972499791461,-0.6447655952096624,0,0,0.4273877844146942,Low Yield,Low Yield
0.2943918813362998,-0.6180198603275937,0.6173287368721297,-0.5934374830245891,-0.5921016052707382,1,0,0.4920840749202933,High Yield,Low Yield
1.3711464230678003,-0.4282979913959201,0.0852532100687076,-0.3652796045721774,-0.3358159813228791,1,1,0.5277395718073937,High Yield,High Yield
-1.705295124736487,1.105089836816372,-0.9705303283155104,0.6405793889736364,1.268453305968255,0,0,0.4675758856426224,Low Yield,Low Yield
0.9096801908971572,-0.7049291203511056,-0.6996525315987513,-0.703792944604749,-0.699707335680887,1,0,0.4410109858673166,High Yield,Low Yield
1.524968500458015,0.1598354452103819,0.3720456926010487,0.4167674071132551,0.5020240366656822,0,1,0.6273699222623098,Low Yield,High Yield
-0.0132522734441289,-0.3785691634680283,-1.0765188544687667,-0.3205721111348426,-0.4965499704407369,1,0,0.41336600419608194,High Yield,Low Yield
-0.6285405830049864,0.0445325348950977,2.151865401131274,-0.0286654054312882,-0.1129549841455401,1,1,0.5639727623877523,High Yield,High Yield
0.6020360361167285,-0.6992649138990384,1.1096995835995638,-0.6984667441944363,-0.6958460581038821,1,1,0.5151622395976445,High Yield,High Yield
1.524968500458015,-0.6936007074469713,-0.7677411358612921,-0.6882546196539564,-0.6827299204693198,1,0,0.46019548199567184,High Yield,Low Yield
-1.5514730473462726,-0.4220818879049336,-0.2679871874668356,-0.4807556537210053,-0.4150533641943777,0,0,0.39803099065972447,Low Yield,Low Yield
1.0635022682873716,-0.3769995973365542,-0.5229502983680125,-0.3252431460271556,-0.2684520814923103,1,0,0.4936769247568405,High Yield,Low Yield
-1.2438288925658438,-0.5154541527263169,-1.4492834541904362,-0.561422656721087,-0.5170633481413226,0,0,0.3491553190044808,Low Yield,Low Yield
-0.474718505614772,-0.7003541843705898,0.6880424439496118,-0.7012864246422995,-0.6993716671813901,1,0,0.4586665717416138,High Yield,Low Yield
0.6020360361167285,1.98105573372698,-0.0302513137887108,1.987934291187635,1.9937021534461856,1,1,0.6758629357607179,High Yield,High Yield
1.3711464230678003,-0.5687122169820351,2.151865401131274,-0.5369675590449666,-0.5202047911601531,1,1,0.6051721757028624,High Yield,High Yield
-1.5514730473462726,-0.6967087591924646,2.151537263279406,-0.7004703266568014,-0.6932566153934775,1,0,0.4908068203228704,High Yield,Low Yield
1.524968500458015,-0.4775184931037546,1.3311926336102389,-0.4084731671124742,-0.3827610736932645,1,1,0.5869027722429176,High Yield,High Yield
0.9096801908971572,0.2222143342145569,-0.2711044970595783,0.3998648569811977,0.4482249858753749,0,1,0.5683566767588051,Low Yield,High Yield
-0.1670743508343432,-0.6314396725371066,1.2186413504196292,-0.625484537162909,-0.6823986113009852,0,0,0.4955684446881535,Low Yield,Low Yield
0.1405698039460854,-0.0235250841674316,-1.0246730738736751,0.149976405103779,-0.0889421533544202,0,0,0.4623779319305941,Low Yield,Low Yield
-1.3976509699560582,1.98105573372698,-0.7080200468213768,1.987934291187635,1.9937021534461856,0,1,0.583519644628519,Low Yield,High Yield
0.2943918813362998,-0.695401634626603,0.6173287368721297,-0.691157428339835,-0.6879109855557103,0,0,0.4826609544007229,Low Yield,Low Yield
1.0635022682873716,1.98105573372698,-0.6965352220060085,1.987934291187635,1.9937021534461856,0,1,0.6621246747561577,Low Yield,High Yield
1.0635022682873716,-0.1949181619644676,-0.1162234309780397,-0.1148924183016818,-0.0293468268674431,1,1,0.5345306569164305,High Yield,High Yield
1.217324345677586,-0.6890257714664556,2.151865401131274,-0.6849477171001174,-0.6754694544185136,1,1,0.5857965061525173,High Yield,High Yield
-1.8591172021267013,-0.665788001406693,0.7969842107696774,-0.6796548711193378,-0.6548078594584098,0,0,0.42020593785553684,Low Yield,Low Yield
1.3711464230678003,-0.5940123391346016,1.650142625625611,-0.5679026455873332,-0.5534283437808122,1,1,0.5794688636289395,High Yield,High Yield
0.2943918813362998,-0.4621815648643113,0.5239735180157784,-0.3966403709313856,-0.3991521588635027,0,1,0.5067097551155596,Low Yield,High Yield
-0.9361847377854152,0.2075309682580445,-0.5409978802207343,-0.0266655454393125,0.1191156450285473,0,0,0.43580003918374427,Low Yield,Low Yield
1.0635022682873716,-0.6384545743738974,2.151865401131274,-0.6272906589937824,-0.6117888897160685,1,1,0.5863649132609252,High Yield,High Yield
1.0635022682873716,-0.713251146753758,0.039642048659102,-0.7136998714619156,-0.7100100699665816,1,0,0.479537761636913,High Yield,Low Yield
-0.7823626603952007,-0.7059312491849329,2.151865401131274,-0.707726571032093,-0.7042503036683962,1,1,0.5160977297491284,High Yield,High Yield
-0.6285405830049864,-0.6346058187077492,-0.0835737147172067,-0.642607971023961,-0.6480525309060347,1,0,0.4216194921414164,High Yield,Low Yield
-0.6285405830049864,-0.7123216359513675,2.151865401131274,-0.7128632407676875,-0.7092853311608497,1,1,0.5209815630822092,High Yield,High Yield
0.7558581135069429,-0.6986839696475444,2.151865401131274,-0.6971227703469338,-0.6919749720317621,0,1,0.5690220495328477,Low Yield,High Yield
1.3711464230678003,1.98105573372698,0.2530957212990195,1.987934291187635,1.9937021534461856,1,1,0.7092983086468022,High Yield,High Yield
-1.3976509699560582,-0.7123942539828043,0.9886167162603948,-0.7130717648001451,-0.7091790724637687,0,0,0.44085942549504403,Low Yield,Low Yield
0.7558581135069429,0.148521555912535,-1.0184384546881895,0.2669915512391654,0.3569830948156998,1,1,0.516728199029096,High Yield,High Yield
-0.1670743508343432,-0.7132075759348959,0.1106633849727103,-0.713654007342186,-0.7100095250501863,1,0,0.44144176586746475,High Yield,Low Yield
-1.8591172021267013,1.0019722321761757,-0.7213096298220173,0.5168419550898281,1.2849642727454564,1,0,0.47411786068728823,High Yield,Low Yield
-0.7823626603952007,-0.6957647247837867,-0.7734835482689763,-0.6994234913442193,-0.6962400326576748,0,0,0.3821584383224968,Low Yield,Low Yield
-1.5514730473462726,1.5038790182544717,0.0583459062155591,1.060105473961208,1.535988728896818,1,1,0.5439425586177452,High Yield,High Yield
-0.9361847377854152,-0.7110290349917933,0.103628929773297,-0.7120477876454421,-0.7080151310434353,1,0,0.4157301414253577,High Yield,Low Yield
-0.474718505614772,1.98105573372698,-0.4837378250698266,1.987934291187635,1.9937021534461856,1,1,0.6234431801265923,High Yield,High Yield
-1.5514730473462726,1.98105573372698,-1.1759446235846698,1.987934291187635,1.9937021534461856,0,1,0.5569829091254211,Low Yield,High Yield
1.524968500458015,1.425988917735405,1.4530958455790774,1.987934291187635,1.9937021534461856,1,1,0.7868860628809408,High Yield,High Yield
-1.2438288925658438,-0.4716364325573772,1.9088793218232665,-0.5276876363414288,-0.474319016262206,1,1,0.5040299615762398,High Yield,High Yield
-1.2438288925658438,-0.7093733438750351,-0.7198330094886128,-0.7107199693194293,-0.7062321645980556,1,0,0.3692465916508876,High Yield,Low Yield
1.0635022682873716,-0.0389201068320243,0.7033008540614583,0.0653253197799139,0.1755063181948406,1,1,0.5906372445354908,High Yield,High Yield
0.6020360361167285,-0.6876605524754446,1.1096995835995638,-0.6858270401503345,-0.6840905767083519,0,1,0.5162053955771108,Low Yield,High Yield
-0.6285405830049864,-0.6947480723436721,0.6542442452072422,-0.6969767006088556,-0.6954390055566025,0,0,0.4521540525084831,Low Yield,Low Yield
-0.0132522734441289,-0.2339866628774433,-0.5984220042975762,-0.1507411767064357,-0.404331044284312,0,0,0.44438410882858154,Low Yield,Low Yield
1.0635022682873716,-0.6790771011596197,-0.6592915758190284,-0.6742200895323005,-0.6651334802327065,0,0,0.4511278860301916,Low Yield,Low Yield
0.2943918813362998,-0.623190264165891,-0.7229503190813557,-0.5999668187100672,-0.598503283082572,0,0,0.42929120471296445,Low Yield,Low Yield
0.7558581135069429,1.98105573372698,-1.1149109831372837,1.987934291187635,1.9937021534461856,1,1,0.6348058780855168,High Yield,High Yield
-0.9361847377854152,0.848022005530249,-0.7623268613054757,0.4512359326192258,0.6958551578004925,0,0,0.46050106523730966,Low Yield,Low Yield
1.217324345677586,-0.5101530364314336,0.7594124267308293,-0.4726540220873169,-0.4204442220929537,1,1,0.545089839615018,High Yield,High Yield
1.3711464230678003,-0.7130187690531604,-0.5756164235927733,-0.7134147576011969,-0.7097049167852207,0,0,0.4612968400028377,Low Yield,Low Yield
-0.9361847377854152,-0.6842184577853422,0.5622015777583614,-0.6920431135298851,-0.6838731550666323,0,0,0.43814706752090427,Low Yield,Low Yield
0.9096801908971572,-0.7128735329902869,2.027501155273428,-0.7132498554474813,-0.7095436215322158,0,1,0.5668627104200917,Low Yield,High Yield
-0.474718505614772,0.4153928214426203,0.6690104485412873,0.3728724041496734,0.2215948019918344,1,1,0.5299042336835509,High Yield,High Yield
1.3711464230678003,0.185370268840552,2.151865401131274,0.3850677897487254,0.4700394059613481,1,1,0.6910154096077266,High Yield,High Yield
0.4482139587265142,-0.6516274852765253,-0.7268879733037676,-0.6436471446166064,-0.638337761410855,1,0,0.42987455702388977,High Yield,Low Yield
1.217324345677586,1.98105573372698,-0.8186025029007805,1.987934291187635,1.9937021534461856,1,1,0.6616809489186966,High Yield,High Yield
1.524968500458015,-0.7125830608645398,1.3311926336102389,-0.7128328128567872,-0.7090815324290123,0,1,0.5553795106916454,Low Yield,High Yield
0.1405698039460854,0.5249879544869752,-1.0246730738736751,0.8368243470339873,0.4049744266650365,0,1,0.5130239714746652,Low Yield,High Yield
0.9096801908971572,-0.6366972180131278,1.2931286427935895,-0.6225707012059241,-0.6152267672539352,0,1,0.5417222198312831,Low Yield,High Yield
0.2943918813362998,-0.6527893737795134,2.151865401131274,-0.6373454314263718,-0.6351510903312154,1,1,0.5592844545710273,High Yield,High Yield
1.217324345677586,1.98105573372698,-0.330497448247626,1.987934291187635,1.9937021534461856,1,1,0.6817969956209106,High Yield,High Yield
0.2943918813362998,1.98105573372698,0.0124066069540858,1.987934291187635,1.9937021534461856,1,1,0.6684370615302265,High Yield,High Yield
-0.1670743508343432,-0.7094023910876098,-0.3331225510625676,-0.7095509165452109,-0.7087246121900992,0,0,0.4212146126309742,Low Yield,Low Yield
0.7558581135069429,-0.3072873038097067,0.8726199856251744,-0.2517159362663312,-0.2073715581241582,1,1,0.5535625760406987,High Yield,High Yield
1.3711464230678003,-0.7117504806105112,2.151865401131274,-0.71186398988168,-0.7080394288655011,1,1,0.5879261454530241,High Yield,High Yield
0.2943918813362998,-0.712917103809149,0.3241375662283693,-0.713276470015921,-0.7095975682553493,0,0,0.4668656898252495,Low Yield,Low Yield
1.0635022682873716,-0.690202183575731,2.0667136285716143,-0.6870724112314442,-0.6797426887903556,1,1,0.5764319759735969,High Yield,High Yield
0.1405698039460854,1.98105573372698,1.9874683373455728,1.987934291187635,1.9937021534461856,1,1,0.7406814711822709,High Yield,High Yield
-1.2438288925658438,0.8671641186169784,0.7507167736563363,0.503047502411401,0.8316853778209358,0,1,0.5345278864887969,Low Yield,High Yield
1.217324345677586,-0.7128299621714248,0.7594124267308293,-0.7131995331220384,-0.7094079373497894,0,1,0.5184222295688964,Low Yield,High Yield
0.6020360361167285,-0.7004994204334634,0.9397241763321124,-0.6998113935608302,-0.6970966412310662,0,1,0.5071113576611647,Low Yield,High Yield
0.9096801908971572,-0.6381786258544377,-0.3792259192499747,-0.624334147103472,-0.6170609558404719,1,0,0.46355247608005407,High Yield,Low Yield
0.6020360361167285,-0.7039269915172783,1.1096995835995638,-0.7035447729781119,-0.700568848501836,1,1,0.5147431116831728,High Yield,High Yield
-0.6285405830049864,-0.3260663267392523,0.3305362543397886,-0.36368759157419,-0.4049522489749393,1,0,0.4580847628204592,High Yield,Low Yield
0.9096801908971572,-0.6900279003002828,-1.5428027419727215,-0.6860547535176492,-0.6812575563692539,1,0,0.4042621506187286,High Yield,Low Yield
0.9096801908971572,-0.603409112402518,-0.2576508451330042,-0.5829450345669062,-0.5740114707799945,0,0,0.4732463026556804,Low Yield,Low Yield
-0.0132522734441289,-0.4965444173401852,-1.2819331497379265,-0.4591493768668315,-0.5717980203823381,0,0,0.39677846271666933,Low Yield,Low Yield
-0.7823626603952007,-0.6912333596221331,0.1106633849727103,-0.6957226901119098,-0.6926697404357531,1,0,0.4220923822464836,High Yield,Low Yield
0.9096801908971572,-0.6258045132976142,-1.2843941836269337,-0.6096041872533658,-0.6017400864705778,1,0,0.4232372906977081,High Yield,Low Yield
-0.1670743508343432,-0.7132220995411833,-1.2346812990689822,-0.7136696679940829,-0.7100144292977439,1,0,0.3806432868720225,High Yield,Low Yield
1.0635022682873716,0.1127644372330755,-0.3608501995453852,0.2405598469677164,0.3746950573281142,0,1,0.5598715595264963,Low Yield,High Yield
-1.2438288925658438,-0.626124032635936,0.2704870274480057,-0.6466267850913213,-0.6250221843756175,1,0,0.41842227718894065,High Yield,Low Yield
-1.3976509699560582,1.98105573372698,-0.2524006395031214,1.987934291187635,1.9937021534461856,0,1,0.6040607835377444,Low Yield,High Yield
-1.0900068151756297,-0.5073645040242621,-0.4336968026600074,-0.5667735995162022,-0.51689714864076,1,0,0.3974631930494735,High Yield,Low Yield
-1.3976509699560582,1.98105573372698,-0.649775578114866,1.987934291187635,1.9937021534461856,1,1,0.5861633745509077,High Yield,High Yield
1.0635022682873716,-0.693629754659546,2.151865401131274,-0.6910321343659063,-0.6842436982154275,1,1,0.5799121526722609,High Yield,High Yield
-1.5514730473462726,-0.7127137733211261,-0.7936640261588379,-0.7132751058400076,-0.709470057818852,0,0,0.35623120744947895,Low Yield,Low Yield
-1.5514730473462726,1.98105573372698,-1.1759446235846698,1.987934291187635,1.9937021534461856,0,1,0.5569829091254211,Low Yield,High Yield
1.3711464230678003,-0.6898100462059726,-0.0276262109737696,-0.6850368768350078,-0.6792277427968092,1,0,0.4897385541937495,High Yield,Low Yield
0.2943918813362998,-0.7032008112029108,-0.7867731312696169,-0.7010064543597837,-0.6975674489965943,0,0,0.4168607261796054,Low Yield,Low Yield
1.217324345677586,-0.6194722209563289,-0.3034260754685435,-0.6023986341660234,-0.576304478971363,1,0,0.4811032273637477,High Yield,Low Yield
1.3711464230678003,-0.6874136511685596,0.2530957212990195,-0.6821067452164713,-0.6760808506140257,1,1,0.5031570471383643,High Yield,High Yield
0.7558581135069429,1.98105573372698,-0.5997345557050467,1.987934291187635,1.9937021534461856,1,1,0.6568300084618267,High Yield,High Yield
1.217324345677586,-0.7130768634783098,-0.3980938457323655,-0.7134925659910883,-0.7097599533411448,0,0,0.4643612819238601,Low Yield,Low Yield
-1.2438288925658438,-0.6867600888856288,2.151865401131274,-0.693310149388661,-0.6841728590840402,0,1,0.5017794051308767,Low Yield,High Yield
-0.6285405830049864,-0.67293361570007,1.3412008380922025,-0.6772563838166529,-0.6782512526164546,1,0,0.48536590360431364,High Yield,Low Yield
0.2943918813362998,-0.712960674628011,0.1106633849727103,-0.7133314925076526,-0.7096515149784827,1,0,0.45694173831206913,High Yield,Low Yield
-1.5514730473462726,-0.6981901670337745,2.151865401131274,-0.7016555240040673,-0.6947573151460983,0,0,0.4907204819739888,Low Yield,Low Yield
-0.3208964282245576,-0.7126847261085513,0.1124886517737242,-0.7131324410674915,-0.7096803955474329,0,0,0.4364204484827088,Low Yield,Low Yield
1.217324345677586,-0.4323936483689533,-0.4190946682518961,-0.380365905564214,-0.3095798916389876,1,1,0.5004092376330804,High Yield,High Yield
-0.6285405830049864,-0.6555198117615355,2.151865401131274,-0.6615142667501741,-0.6645308026995187,1,1,0.5242269234356148,High Yield,High Yield
-0.9361847377854152,-0.7105497559843106,0.1106633849727103,-0.7116901742945139,-0.7075835572583679,0,0,0.41607528461711984,Low Yield,Low Yield
-1.705295124736487,1.98105573372698,-0.5231143672939467,1.375057831808297,1.9937021534461856,1,1,0.5372595390751147,High Yield,High Yield
-0.1670743508343432,-0.6407783513798737,-0.3811947463611807,-0.635554336332585,-0.685552042480512,1,0,0.4211630945977349,High Yield,Low Yield
-1.2438288925658438,-0.7042755580681748,0.3108479832277286,-0.7067952122252098,-0.7012592575746649,0,0,0.4154497829536546,Low Yield,Low Yield
-1.3976509699560582,0.4173099374725507,-0.7723350657874396,0.1229573431780363,0.3928511267026874,1,0,0.42775830891262534,High Yield,Low Yield
1.3711464230678003,-0.6882850675458007,-0.516715679182527,-0.6831722476232118,-0.6772251750441288,0,0,0.46711757083533606,Low Yield,Low Yield
-0.9361847377854152,-0.4683686211427231,-0.8878395896448583,-0.5309870643936947,-0.4895080158644408,1,0,0.38410723808045544,High Yield,Low Yield
0.2943918813362998,-0.6999765706071187,2.151865401131274,-0.6969347899716485,-0.6935753914847204,1,1,0.5536077701865887,High Yield,High Yield
1.3711464230678003,-0.1848823500199077,-0.3966172253989608,-0.0676492656226586,-0.0161680238474228,1,1,0.5356754570030946,High Yield,High Yield
1.0635022682873716,-0.7129025802028616,-1.0172899722066528,-0.7132971877533262,-0.7095523401945404,1,0,0.43062195211053467,High Yield,Low Yield
-0.0132522734441289,0.8478041514359388,2.151865401131274,1.1199627058550794,0.2856666166660957,1,1,0.6387320456061825,High Yield,High Yield
-0.3208964282245576,-0.7035493777538072,-0.4458379031791109,-0.7039457563936088,-0.7041963569452627,0,0,0.4113728726031327,Low Yield,Low Yield
1.0635022682873716,-0.0220291527198344,-0.6592915758190284,0.0848387011586399,0.1976871400650051,0,1,0.5299636343422104,Low Yield,High Yield
0.7558581135069429,-0.7119004513690343,-0.0609322029383378,-0.7121630397080733,-0.7083388113822359,1,0,0.4646186948666896,High Yield,Low Yield
0.2943918813362998,1.98105573372698,-0.7867731312696169,1.987934291187635,1.9937021534461856,1,1,0.6345351927214012,High Yield,High Yield
0.2943918813362998,1.98105573372698,-0.316723115401868,1.987934291187635,1.9937021534461856,0,1,0.6546620796602654,Low Yield,High Yield
-0.7823626603952007,-0.6203145901209953,0.5649907494992368,-0.6378027785177847,-0.6367923785138204,0,0,0.4464952506715956,Low Yield,Low Yield
-1.0900068151756297,-0.6587004815384655,-0.9291849589801844,-0.6747757569202941,-0.6588478696130688,1,0,0.3675994833213867,High Yield,Low Yield
1.3711464230678003,0.7813731762775926,1.059002285486009,1.113815319718122,1.2526970483985262,1,1,0.7107796532840822,High Yield,High Yield
-1.3976509699560582,-0.4677295824660796,2.151865401131274,-0.5320095109561611,-0.4705078709935676,1,1,0.5098822115494569,High Yield,High Yield
-0.9361847377854152,-0.4037821439828706,1.3889448955389478,-0.482795956164073,-0.4313501788282313,1,0,0.49193223487992993,High Yield,Low Yield
-0.0132522734441289,-0.7084728802852194,-0.719668940562679,-0.7080868952173401,-0.7069721610628557,1,0,0.4089102118684039,High Yield,Low Yield
0.4482139587265142,-0.634431535432301,-0.0005548381946871,-0.6240990074077305,-0.6183371500382344,1,0,0.4652375899947499,High Yield,Low Yield
-1.2438288925658438,1.98105573372698,-1.4533851773387825,1.987934291187635,1.9937021534461856,1,1,0.5544665746001909,High Yield,High Yield
1.217324345677586,1.98105573372698,1.2000418997648792,1.987934291187635,1.9937021534461856,1,1,0.7404228517676057,High Yield,High Yield
0.4482139587265142,0.3121299807395505,-0.5211455401827406,0.4519400926355834,0.4826086655016002,1,1,0.5412845329347838,High Yield,High Yield
1.3711464230678003,-0.6942397461236148,-0.0276262109737696,-0.6904531807359388,-0.6850447253164997,0,0,0.4891839629576806,Low Yield,Low Yield
-0.3208964282245576,-0.6941816516984655,-1.5149110245639696,-0.6945253881668132,-0.6985728197458991,0,0,0.36439960788324105,Low Yield,Low Yield
-0.3208964282245576,0.1927459370575206,1.0506347702633836,0.1973863124129585,-0.1661415489075447,1,1,0.5241368901375396,High Yield,High Yield
1.0635022682873716,-0.5791692135089282,-0.3544515114339659,-0.5588008715578757,-0.5339366843213899,0,0,0.47725076096196944,Low Yield,Low Yield
-0.1670743508343432,-0.7017339269678883,2.151865401131274,-0.701282092343673,-0.7061351694796946,0,1,0.5368691705645798,Low Yield,High Yield
-1.2438288925658438,-0.508642581377549,-0.7198330094886128,-0.5561784656179847,-0.5104186376171909,1,0,0.38115129082408905,High Yield,Low Yield
-0.474718505614772,-0.648766334837917,-0.720653354118282,-0.6516214524351599,-0.6567897203880692,0,0,0.3975472503023111,Low Yield,Low Yield
-0.9361847377854152,-0.5866198235343396,-1.676026709830994,-0.6192200311590602,-0.5959890388347169,0,0,0.34398602699884084,Low Yield,Low Yield
-0.9361847377854152,-0.7131059106908845,0.1106633849727103,-0.713597445499464,-0.7098852841120609,1,0,0.41593830695822254,High Yield,Low Yield
0.4482139587265142,-0.5544645592141433,-1.0186025236141236,-0.5331935652860488,-0.525327550192248,1,0,0.4266282443573025,High Yield,Low Yield
-1.5514730473462726,-0.7006156092837622,2.151865401131274,-0.7035959941706693,-0.6972143431724482,0,0,0.4905540255321942,Low Yield,Low Yield
-0.1670743508343432,-0.7090683481430008,0.281971852263374,-0.7091907215515832,-0.7086118144962748,0,0,0.44948335415082624,Low Yield,Low Yield
0.7558581135069429,0.1926297482072218,-1.2317280584021733,0.3171863842609024,0.4115951608677756,1,1,0.5117326977767699,High Yield,High Yield
-0.6285405830049864,0.6330726324774457,-0.6968633598578762,0.5033761374251922,0.350759604665125,0,0,0.4649398811987187,Low Yield,Low Yield
-0.3208964282245576,-0.626124032635936,-0.5954687636307671,-0.626085317607489,-0.657717168092848,0,0,0.4082668950634264,Low Yield,Low Yield
1.0635022682873716,-0.6929616687703278,-0.1119576389037598,-0.6902603239244434,-0.6833663828190153,1,0,0.4749026468670281,High Yield,Low Yield
0.9096801908971572,-0.6483596738618712,2.151865401131274,-0.6364535154777965,-0.6296665068126501,1,1,0.579903733347529,High Yield,High Yield
-0.3208964282245576,-0.5431070990974343,-1.1390291152495573,-0.5426018683294059,-0.6078812942454642,1,0,0.3878102099349308,High Yield,Low Yield
0.1405698039460854,0.4457181113706103,-0.4259855631411172,0.7375626617782063,0.3335947382135791,1,1,0.5336263669540544,High Yield,High Yield
-1.705295124736487,-0.7064395754049901,0.8004296582142877,-0.7086326312733038,-0.7026019315726525,0,0,0.4224301795202441,Low Yield,Low Yield
0.4482139587265142,-0.1526544676682745,-0.5967813150382378,-0.0764209605387826,-0.0579821834397841,0,0,0.48848437411383044,Low Yield,Low Yield
-0.6285405830049864,-0.6938330851475689,-0.1953046532781475,-0.6961495501708338,-0.6947180811656377,0,0,0.41324185624539156,Low Yield,Low Yield
0.6020360361167285,-0.5990084596974505,-0.0302513137887108,-0.5892653962389472,-0.5942839954338633,0,0,0.47094420491136446,Low Yield,Low Yield
1.524968500458015,-0.4678312477100911,-0.7677411358612921,-0.3959302024098818,-0.3693130819739723,1,0,0.4910256939076109,High Yield,Low Yield
-0.3208964282245576,-0.711929498581609,2.151865401131274,-0.7123729695205251,-0.709227025106554,1,1,0.5313822881596559,High Yield,High Yield
-0.1670743508343432,-0.6828677624006185,0.7558029103602849,-0.6809389055296622,-0.6997645519023922,0,0,0.4723213141674388,Low Yield,Low Yield
-1.2438288925658438,-0.713251146753758,0.2857454375598521,-0.7137054683056304,-0.7100149742141392,0,0,0.4137596569159383,Low Yield,Low Yield
0.2943918813362998,-0.6129425528055985,2.151865401131274,-0.5870257120412138,-0.5858151936239996,1,1,0.5640661005809655,High Yield,High Yield
0.2943918813362998,-0.7075433694828288,-0.8441972553464585,-0.7064903627023623,-0.7029441390688929,1,0,0.41373999762861113,High Yield,Low Yield
1.0635022682873716,1.230181657769331,-0.7828354770472049,1.531463145778052,1.8420622740492756,1,1,0.668044711250115,High Yield,High Yield
-1.5514730473462726,-0.7128299621714248,1.1904214951590095,-0.7133680624946952,-0.709587759760234,1,0,0.4450037230547617,High Yield,Low Yield
-0.3208964282245576,1.6976529733403165,0.659330381911191,1.710750211520098,0.7372688038423176,1,1,0.5787314334153377,High Yield,High Yield
0.1405698039460854,-0.5823498832858582,-1.2107272358826424,-0.5497839216801492,-0.5921441087495706,1,0,0.4031757946808001,High Yield,Low Yield
-0.3208964282245576,-0.5099351823371233,-0.5954687636307671,-0.5092435411511096,-0.5879678694960897,1,0,0.4137636034507531,High Yield,Low Yield
-0.3208964282245576,0.226266420368728,0.4375091940486481,0.231095164920624,-0.14601887626238,1,0,0.49713835504189496,High Yield,Low Yield
1.217324345677586,0.103658136090906,2.151865401131274,0.2558429275981321,0.4546882392398761,0,1,0.6825687156467324,Low Yield,High Yield
-1.2438288925658438,1.98105573372698,-0.1971094114634195,1.987934291187635,1.9937021534461856,1,1,0.6114918370154079,High Yield,High Yield
-1.8591172021267013,-0.6074466749504018,0.2124066276674285,-0.6377992071358993,-0.5869510555024838,0,0,0.3980383387586834,Low Yield,Low Yield
0.1405698039460854,-0.5406090388160099,1.9874683373455728,-0.4975160427088935,-0.5545579554682424,0,1,0.555044078378563,Low Yield,High Yield
-1.8591172021267013,1.98105573372698,0.7969842107696774,1.987934291187635,1.9937021534461856,0,1,0.635544919413706,Low Yield,High Yield
0.2943918813362998,0.9505296187063764,-0.3086986535371664,1.3873722193114757,1.3499804275327505,0,1,0.636398290551675,Low Yield,High Yield
1.217324345677586,-0.6188041350671107,-0.3034260754685435,-0.6016057216968298,-0.575351965112401,0,0,0.48119138393296707,Low Yield,Low Yield
0.4482139587265142,1.98105573372698,-1.4873474450070856,1.987934291187635,1.9937021534461856,0,1,0.6086382031519058,Low Yield,High Yield
-0.1670743508343432,1.98105573372698,-1.0189306614659912,1.987934291187635,1.9937021534461856,1,1,0.6096429179177288,High Yield,High Yield
1.3711464230678003,0.6464053030492345,0.0852532100687076,0.9487867552874611,1.0754602662493964,1,1,0.6569013933011392,High Yield,High Yield
-1.2438288925658438,1.98105573372698,0.3108479832277286,1.987934291187635,1.9937021534461856,1,1,0.633798416934817,High Yield,High Yield
-0.6285405830049864,-0.6842765522104917,-0.0227041431957546,-0.687510423373717,-0.6871884264155594,1,0,0.4216205169708678,High Yield,Low Yield
0.6020360361167285,-0.7125685372582525,0.6042032227974231,-0.7129573185428688,-0.7093229303921246,1,0,0.4903461293581592,High Yield,Low Yield
1.217324345677586,-0.6942833169424769,-0.3980938457323655,-0.6911875934881194,-0.6829653243520839,1,0,0.4668329329929115,High Yield,Low Yield
-0.1670743508343432,1.98105573372698,-0.5157312656269242,1.987934291187635,1.9877974393868536,1,1,0.6313193260841182,High Yield,High Yield
-1.0900068151756297,1.975591226861364,-0.4287747348819924,1.2052080540158103,1.812075524816622,0,1,0.5350208614774679,Low Yield,High Yield
1.3711464230678003,1.98105573372698,-0.942310473054891,1.987934291187635,1.9937021534461856,1,1,0.6611682296817062,High Yield,High Yield
-0.1670743508343432,-0.5536948080809136,-0.0056409748986358,-0.5416530675590601,-0.656146174125235,0,0,0.4411103335523443,Low Yield,Low Yield
-1.0900068151756297,-0.236905907741201,0.4297979545297578,-0.3737586114951847,-0.2632113208148161,0,0,0.45162195850510983,Low Yield,Low Yield
0.1405698039460854,-0.7075143222702541,1.6097816698458882,-0.7065148127637549,-0.7048502566196073,0,1,0.5221684756106454,Low Yield,High Yield
0.2943918813362998,-0.6879219773886169,0.3241375662283693,-0.6817119005925842,-0.6786501314178047,0,0,0.4698993011991025,Low Yield,Low Yield
-1.8591172021267013,-0.5055781004509179,-1.110809259988938,-0.5647159043776625,-0.4684677040096124,0,0,0.34743316706836563,Low Yield,Low Yield
1.524968500458015,-0.7066138586804384,1.4530958455790774,-0.7051039395542903,-0.7007949888058803,0,1,0.5618045618743781,Low Yield,High Yield
1.217324345677586,1.98105573372698,-1.1731554518437946,1.987934291187635,1.9937021534461856,1,1,0.646688030543013,High Yield,High Yield
-1.705295124736487,1.98105573372698,-0.0858706796802805,1.4540223772087837,1.9937021534461856,1,1,0.5632473696973982,High Yield,High Yield
-0.0132522734441289,-0.5925745021121538,1.1799210838992449,-0.5719491898694057,-0.6330488028781975,1,1,0.5041365272540961,High Yield,High Yield
-0.1670743508343432,-0.7132220995411833,0.1106633849727103,-0.7136696679940829,-0.7100144292977439,1,0,0.4414413079247884,High Yield,Low Yield
-0.474718505614772,-0.5028767096814705,0.6690104485412873,-0.5111696940396877,-0.5363686461935566,0,0,0.4705057627664084,Low Yield,Low Yield
1.3711464230678003,-0.7120602110381952,-0.2405876768358854,-0.7122427049537824,-0.7084461599121075,1,0,0.47701343984403183,High Yield,Low Yield
0.9096801908971572,1.98105573372698,-1.2843941836269337,1.987934291187635,1.9937021534461856,0,1,0.6322876074165737,Low Yield,High Yield
0.7558581135069429,1.98105573372698,-1.7487092440196823,1.987934291187635,1.9937021534461856,1,1,0.6069251535519397,High Yield,High Yield
-1.8591172021267013,-0.5770342433846876,1.1226610287483367,-0.6159804965605147,-0.5515783526188122,1,0,0.44168606547089073,High Yield,Low Yield
-0.1670743508343432,1.98105573372698,0.3165903956354127,1.987934291187635,1.182917234483632,1,1,0.603666115932399,High Yield,High Yield
-1.5514730473462726,1.98105573372698,-0.2679871874668356,1.987934291187635,1.9937021534461856,1,1,0.5983664780475689,High Yield,High Yield
-1.8591172021267013,-0.4843010172399478,1.1226610287483367,-0.5494511426809393,-0.4437203259176454,0,0,0.44858211771750817,Low Yield,Low Yield
1.3711464230678003,-0.2446760371049341,1.650142625625611,-0.140760489098504,-0.0946877518263282,1,1,0.621428648689186,High Yield,High Yield
1.524968500458015,-0.7013708368107044,1.7492402568896468,-0.6983153184783745,-0.6935165405140294,0,1,0.5760851934419728,Low Yield,High Yield
0.7558581135069429,-0.2790098423682333,0.8726199856251744,-0.2195363709409042,-0.172360134810562,1,1,0.5567092359198628,High Yield,High Yield
-1.0900068151756297,-0.6406040681044255,1.9896012333827129,-0.661861103549325,-0.6418737238998734,0,1,0.5017921701609767,Low Yield,High Yield
-0.9361847377854152,-0.6933683297463737,0.103628929773297,-0.69887027750215,-0.6921122909633745,0,0,0.4166766607114739,Low Yield,Low Yield
0.7558581135069429,-0.7108837989289197,0.1909135983700965,-0.7110060959110626,-0.7070800545091225,0,0,0.4764616603804895,Low Yield,Low Yield
-1.8591172021267013,-0.6370893553828864,-0.1040823304589359,-0.6590656771857369,-0.6214284607486986,1,0,0.3818422337538669,High Yield,Low Yield
-1.2438288925658438,-0.6477351587915151,-0.8486271163466721,-0.6632650715762175,-0.6461039098764877,1,0,0.36727318278273235,High Yield,Low Yield
0.7558581135069429,-0.6277216293275446,-1.2494475024030272,-0.6163680933155848,-0.6041137422884486,1,0,0.41920992947883956,High Yield,Low Yield
-0.0132522734441289,-0.58316320523795,-0.0756984062723828,-0.5608943987584456,-0.627046003867714,0,0,0.44626930308662854,Low Yield,Low Yield
0.9096801908971572,-0.7041593692178759,-0.1961249979078167,-0.7028766442854347,-0.6987542769055297,0,0,0.4644177860112134,Low Yield,Low Yield
-1.0900068151756297,-0.712757344139988,-0.7815229256397342,-0.7133538787876675,-0.7095523401945404,0,0,0.37121289817756786,Low Yield,Low Yield
-0.1670743508343432,-0.7102447602522762,-0.016469524010269,-0.7104592343552282,-0.7090090585484391,0,0,0.43568315056827117,Low Yield,Low Yield
1.3711464230678003,-0.3534288009846227,0.0852532100687076,-0.273735189459721,-0.2374994407031908,0,1,0.5370775647399583,Low Yield,High Yield
-1.2438288925658438,-0.7124959192268158,-1.2391111600691955,-0.7131240228101905,-0.7092782472477109,1,0,0.3467589704218714,High Yield,Low Yield
-1.705295124736487,-0.6128204092767219,2.151865401131274,-0.638905855978573,-0.60073853013604,0,0,0.4916009793890834,Low Yield,Low Yield
0.6020360361167285,-0.7132220995411833,-0.4658543121430386,-0.713669191736842,-0.7099850038123985,0,0,0.44055835417032574,Low Yield,Low Yield
0.1405698039460854,-0.7056262534528984,-0.444853489623508,-0.7041505732834963,-0.7031501174663114,0,0,0.42686066150421587,Low Yield,Low Yield
-0.1670743508343432,-0.7006010856774748,-0.3331225510625676,-0.7000605614957185,-0.705752638170203,1,0,0.4214890235342469,High Yield,Low Yield
1.524968500458015,-0.6916545442044663,-0.5503498089989628,-0.6857347436867189,-0.6800282249814861,1,0,0.4705716034959725,High Yield,Low Yield
-0.1670743508343432,1.0609961681279725,-0.3331225510625676,1.1994512283772594,-0.1109066434156556,0,0,0.47716719675092656,Low Yield,Low Yield
-0.3208964282245576,-0.5520536405704429,-0.1803743810181684,-0.5515986851165471,-0.6132519902374146,0,0,0.4306842583212769,Low Yield,Low Yield
1.217324345677586,-0.7083276442223458,0.5823820556482229,-0.7078559925687771,-0.7029888222133064,0,1,0.5107501701426739,Low Yield,High Yield
0.2943918813362998,-0.7102302366459889,1.7591515114025866,-0.7098834163591417,-0.7062708536621211,1,1,0.5341579791546491,High Yield,High Yield
-1.3976509699560582,-0.654299828833398,0.9886167162603948,-0.6700794214915891,-0.6525077673539026,0,0,0.44435931424478625,Low Yield,Low Yield
-0.3208964282245576,-0.662273288685154,-1.5149110245639696,-0.66243771530748,-0.6794179186187643,0,0,0.3658450939766339,Low Yield,Low Yield
1.217324345677586,-0.5674196160224608,-0.0373062776038656,-0.5406204104792844,-0.5020912252644122,0,1,0.500409920551823,Low Yield,High Yield
0.2943918813362998,-0.065425688306441,0.5239735180157784,0.1043944387761756,0.0920867019895129,0,1,0.5548356933684749,Low Yield,High Yield
1.0635022682873716,-0.6319334751508765,-1.3329585857033484,-0.6197571179455899,-0.6032255285641306,0,0,0.42571118624787696,Low Yield,Low Yield
-1.8591172021267013,-0.5159334317337995,1.1226610287483367,-0.5721451023911531,-0.4805119910946449,0,0,0.4462274326977837,Low Yield,Low Yield
0.7558581135069429,-0.1769669845933011,-1.1149109831372837,-0.1034122692580842,-0.0460169092320684,1,0,0.47557945426188075,High Yield,Low Yield
0.9096801908971572,-0.6021600822618058,2.011586469457846,-0.5814582076336795,-0.5724649980501696,1,1,0.5787600234766415,High Yield,High Yield
-0.3208964282245576,-0.7130623398720225,0.914129423886434,-0.7135121768409748,-0.7099070807678723,0,0,0.4735461554151809,Low Yield,Low Yield
-0.474718505614772,-0.7129897218405857,0.6880424439496118,-0.7134509870916834,-0.7098013669871867,0,0,0.457853978493071,Low Yield,Low Yield
1.524968500458015,-0.68516249219402,0.3720456926010487,-0.6773288887810837,-0.6710158527198314,0,1,0.5145314554698827,Low Yield,High Yield
0.2943918813362998,1.98105573372698,0.6173287368721297,1.987934291187635,1.9937021534461856,0,1,0.6930061446624111,Low Yield,High Yield
-0.0132522734441289,-0.7085600219229434,1.0452204957075673,-0.7081892543942935,-0.707027742535175,0,0,0.4903613482741745,Low Yield,Low Yield
-0.0132522734441289,-0.7115228376055632,-0.651744405226072,-0.7116694664107067,-0.7089175125940309,0,0,0.4117922707913781,Low Yield,Low Yield
-1.3976509699560582,-0.5614068430194973,0.886893982181418,-0.6013346645412079,-0.5618903504832267,0,0,0.4452650914392033,Low Yield,Low Yield
0.4482139587265142,-0.6133142118904918,-0.6742218480790071,-0.6000931024231818,-0.5937755884370604,0,0,0.43628787248060397,Low Yield,Low Yield
-0.9361847377854152,-0.6729771865189321,1.6716356549229432,-0.6836554549353883,-0.6737507881077778,1,0,0.4903002253581583,High Yield,Low Yield
-0.0132522734441289,-0.2280174606933419,-1.0765188544687667,-0.1437295730851324,-0.4005237134304405,1,0,0.4228157161819004,High Yield,Low Yield
1.524968500458015,-0.3514826377421176,0.3720456926010487,-0.2452829906670527,-0.2077960479960869,0,1,0.5599353499119721,Low Yield,High Yield
0.4482139587265142,-0.7130768634783098,-0.4410799043270299,-0.7135020166865003,-0.7098095407331159,1,0,0.43658403718277283,High Yield,Low Yield
0.9096801908971572,-0.705524588208887,-0.0624088232717424,-0.704501780700822,-0.7004446075637106,1,0,0.4704821922649614,High Yield,Low Yield
1.217324345677586,-0.7130478162657351,0.1782802910731912,-0.713458091535906,-0.7097185396951029,0,0,0.49124289400476046,Low Yield,Low Yield
-0.474718505614772,-0.5749573676855964,-0.3088403500243599,-0.5805636290239314,-0.595865887729382,0,0,0.42077577413024286,Low Yield,Low Yield
-0.1670743508343432,-0.7062362449169672,0.8941130149225064,-0.706136894431697,-0.7076554862225458,0,0,0.47802413882495753,Low Yield,Low Yield
-0.7823626603952007,-0.6523391419846055,2.151865401131274,-0.6639574795345871,-0.6620247321975931,1,1,0.5188175996736077,High Yield,High Yield
-0.3208964282245576,-0.7123361595576548,1.0506347702633836,-0.7127819157381224,-0.7094711476516427,0,0,0.4799473831607488,Low Yield,Low Yield
-1.5514730473462726,1.98105573372698,-0.7936640261588379,1.987934291187635,1.9937021534461856,0,1,0.5745381601062184,Low Yield,High Yield
1.217324345677586,-0.7131785287223212,0.1782802910731912,-0.7136132265842265,-0.7099049011022912,0,0,0.4912256267327152,Low Yield,Low Yield
1.524968500458015,-0.4484858041353388,2.151865401131274,-0.3708818830937605,-0.3424574223486392,1,1,0.6272640448639762,High Yield,High Yield
-0.3208964282245576,1.127572379349192,-0.0719248209759047,1.1374660353368726,0.3950438702773231,0,1,0.5173569984086229,Low Yield,High Yield
1.524968500458015,-0.5549002674027638,0.0905034156985903,-0.5086664443769598,-0.4901837121945969,1,1,0.5192041954442269,High Yield,High Yield
-0.1670743508343432,1.4710847152576316,-1.0189306614659912,1.641645395336774,0.0275696906203021,0,0,0.45830671938744205,Low Yield,Low Yield
-1.2438288925658438,-0.1042037170936697,-0.597601659667907,-0.2448032211657652,-0.1158871792685804,0,0,0.4110832597961858,Low Yield,Low Yield
-1.2438288925658438,1.98105573372698,-0.5436229830356758,1.987934291187635,1.9937021534461856,0,1,0.5959959101817687,Low Yield,High Yield
0.2943918813362998,-0.661532584764499,-0.9675770876487012,-0.6483866114338377,-0.6459763994399904,1,0,0.4135851565019968,High Yield,Low Yield
0.4482139587265142,-0.3342576406853186,-0.0940741259769722,-0.2828651393054932,-0.2692048562465797,1,0,0.4926905803449574,High Yield,Low Yield
0.6020360361167285,-0.5781816082813884,-0.2158132690198767,-0.5665803704576678,-0.5731859224411345,0,0,0.4641745488373877,Low Yield,Low Yield
1.524968500458015,-0.7130913870845972,0.0192975018433068,-0.713490989415394,-0.7097871991609092,0,0,0.4942255837569571,Low Yield,Low Yield
-1.3976509699560582,1.98105573372698,-0.2524006395031214,1.987934291187635,1.9937021534461856,0,1,0.6040607835377444,Low Yield,High Yield
1.0635022682873716,-0.7132075759348959,0.039642048659102,-0.7136495359983419,-0.7099528537450764,1,0,0.47954299346118523,High Yield,Low Yield
-0.3208964282245576,-0.711392125148977,-0.5331225717759104,-0.7118325763044144,-0.708904434600544,0,0,0.40705751794103084,Low Yield,Low Yield
-0.7823626603952007,-0.4802344074794893,-0.5496935332952277,-0.5233982019612952,-0.5264222872303799,0,0,0.402573572092054,Low Yield,Low Yield
-0.0132522734441289,0.2346901120153919,0.5905855019449145,0.3997805966742463,-0.1053953589937212,1,1,0.5299164865146739,High Yield,High Yield
-1.3976509699560582,-0.5793144495718018,0.0759012812904794,-0.6145870543660703,-0.5793592802833429,0,0,0.40713938431973756,Low Yield,Low Yield
1.0635022682873716,-0.7096347687882075,1.818149205781857,-0.709522027985301,-0.7052611235816539,0,1,0.5627490157159423,Low Yield,High Yield
0.2943918813362998,1.98105573372698,-0.9675770876487012,1.987934291187635,1.9937021534461856,0,1,0.6266618618588984,Low Yield,High Yield
1.524968500458015,-0.713251146753758,2.151865401131274,-0.7136978449052419,-0.710008980133791,0,1,0.5927835608095035,Low Yield,High Yield
-1.0900068151756297,1.98105573372698,-0.6558461283744178,1.987934291187635,1.9937021534461856,1,1,0.5959615982221798,High Yield,High Yield
1.3711464230678003,-0.6879800718137663,-0.5756164235927733,-0.6827993217808527,-0.6768246614935927,1,0,0.464415719955141,High Yield,Low Yield
1.3711464230678003,1.98105573372698,-0.0276262109737696,1.987934291187635,1.9937021534461856,1,1,0.6983597495280923,High Yield,High Yield
1.217324345677586,1.98105573372698,-0.4190946682518961,1.987934291187635,1.9937021534461856,1,1,0.678192947325173,High Yield,High Yield
-0.474718505614772,-0.0346792137961177,-0.4837378250698266,-0.0604237173951041,-0.1499063098263587,0,0,0.44711633912992005,Low Yield,Low Yield
-0.474718505614772,-0.7104045199214372,0.5738504714996638,-0.7109621455790509,-0.7076674743832421,0,0,0.45272590644254856,Low Yield,Low Yield
-0.9361847377854152,-0.7129316274154363,0.6023984646121506,-0.7134674042809447,-0.7097283481902181,1,0,0.43843786620082403,High Yield,Low Yield
-1.2438288925658438,0.1659208362447822,-0.8486271163466721,-0.0368358217487066,0.1476202216660194,0,0,0.4162774210466587,Low Yield,Low Yield
1.524968500458015,0.7481576886984196,-0.4911209267368491,1.1785221510002262,1.3187425502565175,1,1,0.664143062690337,High Yield,High Yield
0.4482139587265142,-0.7001653774888542,1.3131450517575172,-0.6988244035288224,-0.6947921897953967,0,1,0.5195873247696505,Low Yield,High Yield
-0.1670743508343432,0.0010779048833418,-0.4089223948439983,0.0565525135968943,-0.4688137259206197,0,0,0.4400140558466874,Low Yield,Low Yield
-0.6285405830049864,-0.6751702510683222,0.5818898488704215,-0.679278307109595,-0.6800135122388132,0,0,0.4499150525378544,Low Yield,Low Yield
-0.0132522734441289,-0.7119585457941837,-0.2317279548354582,-0.7121812622954735,-0.7091954199556273,0,0,0.43090640211898906,Low Yield,Low Yield
0.7558581135069429,-0.3330812285760431,0.1909135983700965,-0.2810692531733463,-0.2393080182191489,1,1,0.5189938822710445,High Yield,High Yield
-1.5514730473462726,-0.7123506831639422,0.1106633849727103,-0.7129846162941091,-0.7091022392520332,1,0,0.39589442510616485,High Yield,Low Yield
0.9096801908971572,-0.4666112647819536,-0.2576508451330042,-0.4201029080080448,-0.4046367423820681,0,0,0.4891610811681347,Low Yield,Low Yield
0.6020360361167285,-0.4277025235381387,-0.591695178334289,-0.4026755223964157,-0.4207471956087334,0,0,0.4601708155673586,Low Yield,Low Yield
-1.2438288925658438,-0.7130913870845972,-0.6781595023014192,-0.7135824702200566,-0.709859128125087,0,0,0.37084338804598366,Low Yield,Low Yield
-1.0900068151756297,-0.6865567583976059,2.151865401131274,-0.6946556166036962,-0.6849766107670888,0,1,0.506805419567124,Low Yield,High Yield
-0.474718505614772,1.98105573372698,-0.4837378250698266,1.987934291187635,1.6544077802550452,0,1,0.5960966009302509,Low Yield,High Yield
-0.9361847377854152,0.277244278437332,-0.7623268613054757,0.0253509419684195,0.1818900137656298,1,0,0.4294184168061495,High Yield,Low Yield
-0.0132522734441289,1.98105573372698,-0.7839839595287418,1.987934291187635,1.9937021534461856,1,1,0.6249401564144428,High Yield,High Yield
-1.8591172021267013,-0.6577128763109256,-0.1647878330544543,-0.6738615554173731,-0.64541568046924,0,0,0.37770654606907367,Low Yield,Low Yield
1.217324345677586,-0.6972025618062345,-0.1444432862386591,-0.6946522762339439,-0.6871273957792873,0,0,0.47826671550161726,Low Yield,Low Yield
0.6020360361167285,-0.6393840851762879,-0.2464941581695032,-0.6332433402221807,-0.6351854200641186,0,0,0.457276463751963,Low Yield,Low Yield
1.217324345677586,1.98105573372698,-0.9062153093494476,1.987934291187635,1.9937021534461856,1,1,0.6580047755667289,High Yield,High Yield
-0.3208964282245576,0.1398073921401241,1.0506347702633836,0.1441502780150207,-0.1979210730806928,0,1,0.5215559096717904,Low Yield,High Yield
0.6020360361167285,-0.6790044831281831,0.6042032227974231,-0.6763986751812672,-0.6753217820753907,1,0,0.4933654799301979,High Yield,Low Yield
-0.7823626603952007,-0.7112759362986782,-0.4008830174732407,-0.7120916186394325,-0.7084614175711754,0,0,0.39797876783556474,Low Yield,Low Yield
0.6020360361167285,-0.6702757957494847,1.1087151700439608,-0.6668912131906473,-0.6664794237290657,1,1,0.51772195454119,High Yield,High Yield
-0.474718505614772,-0.4115377497403163,0.6880424439496118,-0.4232352880119001,-0.4609751035744138,0,0,0.4772918382314334,Low Yield,Low Yield
0.2943918813362998,1.98105573372698,-0.7229503190813557,1.987934291187635,1.9937021534461856,0,1,0.6372975952206944,Low Yield,High Yield
0.1405698039460854,1.98105573372698,-0.8381267050869068,1.987934291187635,1.9937021534461856,1,1,0.6274483289626935,High Yield,High Yield
-1.5514730473462726,-0.6200531652078229,-1.1485451129537196,-0.6391421737267083,-0.6156027595666834,0,0,0.34690838727994083,Low Yield,Low Yield
1.524968500458015,-0.4524362250454984,-0.7498576229345043,-0.3759968552063619,-0.3479414609508094,0,0,0.493968801633103,Low Yield,Low Yield
0.4482139587265142,-0.6838263204155838,-0.4410799043270299,-0.6802503711301859,-0.6757882305097564,1,0,0.43964293071795735,High Yield,Low Yield
-1.0900068151756297,1.98105573372698,-1.179718208881148,1.987934291187635,1.9937021534461856,0,1,0.5721752266594922,Low Yield,High Yield
1.524968500458015,1.152146321187391,-0.3762726785831657,1.7016032696918424,1.8795661449549157,0,1,0.7159679466915833,Low Yield,High Yield
-1.5514730473462726,-0.7044062705247609,0.0583459062155591,-0.7066287050298499,-0.7010543690100369,0,0,0.3940785274802077,Low Yield,Low Yield
-1.8591172021267013,1.98105573372698,-0.1647878330544543,1.2303679729942043,1.9937021534461856,1,1,0.5381201662046171,High Yield,High Yield
-1.5514730473462726,1.98105573372698,1.56023285421387,1.987934291187635,1.9937021534461856,1,1,0.6770916434969296,High Yield,High Yield
-1.5514730473462726,0.2627206721499805,-1.4901366167479608,0.0671192494254179,0.2786671655686319,1,0,0.388387944084258,High Yield,Low Yield
0.6020360361167285,-0.705568159027749,-0.0266417974181664,-0.7053323656652002,-0.7022313884238572,0,0,0.4615676282048995,Low Yield,Low Yield
1.524968500458015,-0.4111746595831326,1.177295981084303,-0.3225717236920218,-0.2906614842274075,1,1,0.5887360817855066,High Yield,High Yield
-0.1670743508343432,1.98105573372698,-0.2711044970595783,1.987934291187635,0.5595628486768456,1,1,0.5249018078788177,High Yield,High Yield
0.7558581135069429,-0.4750785272474795,-0.5997345557050467,-0.4426612460786879,-0.415120388910998,0,0,0.4661076147214155,Low Yield,Low Yield
0.4482139587265142,-0.7071657557193577,-0.1157312242002383,-0.7067823445209492,-0.7029343305737776,1,0,0.4522201819075755,High Yield,Low Yield
0.9096801908971572,-0.6746474012419775,-1.5428027419727215,-0.6677460358166369,-0.6622143631031531,1,0,0.4059896480836723,High Yield,Low Yield
1.217324345677586,-0.7119251414997227,2.151865401131274,-0.7121256538431088,-0.7081179022755865,0,1,0.5828566218051046,Low Yield,High Yield
-0.474718505614772,-0.6702757957494847,-0.0076098020098419,-0.6723291731104905,-0.6745441863793159,1,0,0.4285013601307609,High Yield,Low Yield
-1.0900068151756297,-0.6557812366747079,2.151865401131274,-0.6726924139607718,-0.6561096647267508,1,1,0.5085261413924548,High Yield,High Yield
-1.705295124736487,1.98105573372698,-0.9705303283155104,1.987934291187635,1.9937021534461856,0,1,0.5613124387456279,Low Yield,High Yield
-0.6285405830049864,-0.7020243990936352,1.1065822740068207,-0.703554515996934,-0.7011720709514189,1,0,0.47275808979277967,High Yield,Low Yield
-0.9361847377854152,-0.2065225233880615,0.2617913743735126,-0.3356109703366111,-0.2537248712892617,1,0,0.45029519491492326,High Yield,Low Yield
-0.9361847377854152,1.98105573372698,0.2617913743735126,1.987934291187635,1.9937021534461856,1,1,0.6413089846625142,High Yield,High Yield
1.3711464230678003,-0.5976287171001521,-0.0276262109737696,-0.5723244805753064,-0.5581772901657399,1,1,0.501283193700839,High Yield,High Yield
0.6020360361167285,-0.3428846628200055,-0.610234966964812,-0.3102902012230045,-0.3348247783998518,0,0,0.4669003337453985,Low Yield,Low Yield
0.4482139587265142,-0.7131059106908845,-1.7378806949080494,-0.7135350371885424,-0.7098433255496237,0,0,0.3781333598087389,Low Yield,Low Yield
-0.6285405830049864,1.8315315760971231,-0.7536312082309826,1.5867856587693927,1.2950332378975726,1,1,0.5308042632811659,High Yield,High Yield
1.3711464230678003,-0.713251146753758,0.5361146185348822,-0.7136988915763277,-0.7100100699665816,1,1,0.5131449775667188,High Yield,High Yield
-1.5514730473462726,-0.7125394900456778,1.1904214951590095,-0.7131356708579765,-0.709293504906779,0,0,0.4450234237728038,Low Yield,Low Yield
1.524968500458015,-0.7116099792432873,1.177295981084303,-0.7115728748731686,-0.7077306846850954,0,1,0.5483963821580311,Low Yield,High Yield
1.0635022682873716,-0.665207057155199,-0.3608501995453852,-0.6581966336280157,-0.6469196497202326,1,0,0.46663720479022996,High Yield,Low Yield
-0.1670743508343432,-0.6929326215577531,0.285089161856117,-0.6917917372941806,-0.7031631954597983,0,0,0.4501382289434601,Low Yield,Low Yield
0.7558581135069429,1.98105573372698,-1.2317280584021733,1.987934291187635,1.9937021534461856,1,1,0.6297284287066749,High Yield,High Yield
-1.0900068151756297,-0.2038792270437635,-0.8307436034198843,-0.3501888508486487,-0.2322328237427402,0,0,0.3959469017050399,Low Yield,Low Yield
0.6020360361167285,1.98105573372698,-0.610234966964812,1.987934291187635,1.9937021534461856,0,1,0.6516725871156368,Low Yield,High Yield
0.4482139587265142,0.6728092192796397,1.3131450517575172,0.8619556664913489,0.9021147320790124,1,1,0.6596298950807759,High Yield,High Yield
-0.6285405830049864,-0.672599572755461,0.4642524289758629,-0.6769544082599147,-0.6779880579975308,0,0,0.4446238907209683,Low Yield,Low Yield
-0.1670743508343432,-0.1907644105662851,0.3165903956354127,-0.1503090373086243,-0.5335939319087543,1,0,0.4675439189978547,High Yield,Low Yield
-1.3976509699560582,-0.3994250620966652,0.886893982181418,-0.4814612633111264,-0.4038765840106425,1,0,0.4550553976113451,High Yield,Low Yield
-0.6285405830049864,1.98105573372698,-0.6968633598578762,1.987934291187635,1.9937021534461856,1,1,0.6090948856104926,High Yield,High Yield
1.3711464230678003,-0.6793675732853668,-0.625001170298857,-0.6722686063275672,-0.6655149217094074,1,0,0.46319286781420804,High Yield,Low Yield
1.3711464230678003,-0.3484036332091991,0.0332433605476827,-0.2675907922475174,-0.2309005031562631,0,1,0.5352856898193474,Low Yield,High Yield
1.0635022682873716,-0.2296295809912379,-1.1997346178450756,-0.1549930042820387,-0.0749290833332153,1,0,0.479782761005551,High Yield,Low Yield
-0.9361847377854152,0.8700833634807361,-0.8195869164563835,0.4676969835301309,0.7157206299070817,0,0,0.45905094766042914,Low Yield,Low Yield
-0.3208964282245576,-0.5796484925164109,-0.1803743810181684,-0.5793486070249372,-0.6298174486541447,0,0,0.42936248110267733,Low Yield,Low Yield
1.524968500458015,-0.6895486212928003,-0.2451816067620326,-0.6830080122296336,-0.6771047485207703,0,0,0.48509266454842354,Low Yield,Low Yield
0.7558581135069429,1.98105573372698,-0.2110552701677953,1.987934291187635,1.9937021534461856,0,1,0.6730165947955763,Low Yield,High Yield
1.524968500458015,-0.7119149749753216,-0.0706122695684341,-0.7119677808083326,-0.7081540847242335,0,0,0.49018564659136943,Low Yield,Low Yield
-0.1670743508343432,-0.6880817370577778,-0.2779953919487993,-0.686561079560632,-0.701525176775565,0,0,0.42439497231429507,Low Yield,Low Yield
-1.2438288925658438,1.98105573372698,-0.8486271163466721,1.987934291187635,1.9937021534461856,0,1,0.5821948771490887,Low Yield,High Yield
-1.3976509699560582,-0.556686670976108,-0.2524006395031214,-0.5978415366473876,-0.5572858069430501,1,0,0.3937318846506973,High Yield,Low Yield
1.217324345677586,0.0509083980552451,-0.9062153093494476,0.1932373169870172,0.3794810580279215,1,1,0.5414124917288496,High Yield,High Yield
0.7558581135069429,0.0899768989682208,-0.1516623189797476,0.2003681162998761,0.2844966811654141,0,1,0.5504766020889029,Low Yield,High Yield
0.6020360361167285,1.98105573372698,-1.5011292347855276,1.987934291187635,1.9937021534461856,1,1,0.6129790854504906,High Yield,High Yield
1.217324345677586,-0.7131059106908845,-0.8186025029007805,-0.7135270404462707,-0.7098013669871867,0,0,0.4448690814104502,Low Yield,Low Yield
-1.2438288925658438,1.4633000622876111,-0.1971094114634195,0.962009267908072,1.4132179752058267,1,1,0.5279624451074313,High Yield,High Yield
-0.3208964282245576,-0.7054810173900249,1.0506347702633836,-0.705888250927196,-0.7053559390344338,0,0,0.48028177090167606,Low Yield,Low Yield
-1.3976509699560582,-0.5190850542981548,-0.494074167403658,-0.5700147424409249,-0.5206053047106893,0,0,0.38517276785815213,Low Yield,Low Yield
0.9096801908971572,0.2114523419556294,2.151865401131274,0.3870539411960701,0.4349001452614175,1,1,0.6732878719971923,High Yield,High Yield
-0.3208964282245576,0.7117034369171671,0.3823820349348802,0.7192601069553769,0.145393693274876,0,1,0.5182704632336599,Low Yield,High Yield
-0.9361847377854152,1.98105573372698,-0.8878395896448583,1.987934291187635,1.9937021534461856,1,1,0.5905243588268764,High Yield,High Yield
1.217324345677586,-0.4549488089332102,1.2000418997648792,-0.4071353200132948,-0.3417375877904648,1,1,0.5725842864273881,High Yield,High Yield
1.524968500458015,1.98105573372698,-0.9067075161272492,1.987934291187635,1.9937021534461856,1,1,0.6672997216230064,High Yield,High Yield
-1.3976509699560582,-0.5650377445913352,0.9817258213711736,-0.6040216859979926,-0.5654323070525933,0,0,0.44942877097104117,Low Yield,Low Yield
-1.0900068151756297,0.3566012631914211,0.995015404371814,0.0498026324892893,0.2934888915204431,0,1,0.5110763469010008,Low Yield,High Yield
1.524968500458015,-0.6634497007944294,0.3705690722676441,-0.6492153472063077,-0.6408738023145214,1,1,0.5174325096683046,High Yield,High Yield
-1.3976509699560582,-0.4696321748897227,-0.494074167403658,-0.5334175101995164,-0.4723638562359157,1,0,0.38803654370682117,High Yield,Low Yield
-0.9361847377854152,-0.310642256862085,-1.676026709830994,-0.4132997616337009,-0.3474810065967917,0,0,0.3578501036320622,Low Yield,Low Yield
0.1405698039460854,-0.6073014388875283,-0.4461660410309786,-0.5810282557346439,-0.6146121015600514,0,0,0.4357204874707572,Low Yield,Low Yield
-1.0900068151756297,1.720614794880619,-0.9291849589801844,1.0232420391035033,1.5729117189250814,0,0,0.49743153904438214,Low Yield,Low Yield
-1.705295124736487,1.98105573372698,-0.016469524010269,1.987934291187635,1.9937021534461856,0,1,0.6046423046042884,Low Yield,High Yield
-1.5514730473462726,0.848022005530249,-1.4901366167479608,0.535388397413814,0.8715906952806061,0,0,0.4271810404929233,Low Yield,Low Yield
-0.1670743508343432,-0.2738539621362234,-0.2711044970595783,-0.2399036268105148,-0.5616511321856956,1,0,0.4377008191316991,High Yield,Low Yield
0.2943918813362998,1.98105573372698,-0.8289388452346121,1.987934291187635,1.9937021534461856,1,1,0.6327052784523505,High Yield,High Yield
1.3711464230678003,-0.6793530496790795,2.151865401131274,-0.6722508479541215,-0.6654958496355724,1,1,0.59185287710208,High Yield,High Yield
0.6020360361167285,1.4058011049959862,-0.4876754792922384,1.5944135359760054,1.436633577627712,0,1,0.6270823407402526,Low Yield,High Yield
0.9096801908971572,0.796463203210151,-0.5615064959624635,1.0834421838747976,1.159224814532941,1,1,0.6197504866699796,High Yield,High Yield
1.3711464230678003,-0.2765117820868087,-0.2369781604653409,-0.1796868436914243,-0.1364937376727601,0,1,0.5316776313502242,Low Yield,High Yield
0.4482139587265142,-0.2339866628774433,2.151865401131274,-0.1688783662564393,-0.1525796696616376,1,1,0.6066426418720915,High Yield,High Yield
-0.0132522734441289,-0.5679279422425182,-0.651744405226072,-0.5429986026544377,-0.6173285097905579,0,0,0.42079432108741543,Low Yield,Low Yield
-0.1670743508343432,1.98105573372698,-0.4089223948439983,1.987934291187635,1.9937021534461856,1,1,0.6364175673378293,High Yield,High Yield
-1.0900068151756297,-0.6842184577853422,0.2780341980409619,-0.6929868692580091,-0.682783322276058,1,0,0.42005320228486304,High Yield,Low Yield
0.9096801908971572,-0.5267389948115891,-0.3792259192499747,-0.4916780650261663,-0.4790832203062018,0,0,0.47648917110071615,Low Yield,Low Yield
0.1405698039460854,0.0042004802351224,-0.4259855631411172,0.1846943525484997,-0.0639762637879431,1,0,0.49285117385390986,High Yield,Low Yield
-1.0900068151756297,1.98105573372698,-1.7247551808333428,1.987934291187635,1.9937021534461856,1,1,0.5470702555993863,High Yield,High Yield
-0.474718505614772,-0.7132075759348959,0.6880424439496118,-0.7136607209270177,-0.7099811893976314,1,0,0.457839970218196,High Yield,Low Yield
1.3711464230678003,1.98105573372698,-0.2405876768358854,1.987934291187635,1.9937021534461856,0,1,0.6899076145232548,Low Yield,High Yield
1.3711464230678003,-0.6646842073288544,0.0096174352132105,-0.6543148907739894,-0.6462330550621708,1,0,0.4946250516271087,High Yield,Low Yield
-0.1670743508343432,-0.708167884553185,0.0376732215478959,-0.7082197611339783,-0.7083077511477045,0,0,0.4382386778093336,Low Yield,Low Yield
0.9096801908971572,-0.707383609813668,0.3370990113771419,-0.7067147324153921,-0.7027463344174036,1,0,0.4889044458465401,High Yield,Low Yield
-1.5514730473462726,0.6220056444864838,-1.1759446235846698,0.3545644648829102,0.6426309938072129,1,0,0.4263661861713687,High Yield,Low Yield
-1.3976509699560582,-0.0588464946582707,1.7152779892213428,-0.2294186506647164,-0.0716410578040524,1,1,0.514437206927937,High Yield,High Yield
-0.474718505614772,1.98105573372698,-0.8563383558655622,1.987934291187635,1.9937021534461856,0,1,0.6069556474136328,Low Yield,High Yield
-1.705295124736487,-0.6902748016071678,-0.1744678996845506,-0.696593242364983,-0.6850136650819684,1,0,0.37978289154418887,High Yield,Low Yield
1.3711464230678003,0.802868113582873,-0.0276262109737696,1.1400977124177214,1.280923717674402,1,1,0.6696946424348079,High Yield,High Yield
-0.7823626603952007,-0.682228723723975,0.1106633849727103,-0.688368533816936,-0.6855749289691141,1,0,0.42253889311208315,High Yield,Low Yield
-0.9361847377854152,-0.694123557273316,0.4537520177160977,-0.6994337894490671,-0.6927923466246928,0,0,0.4326261917650855,Low Yield,Low Yield
-0.6285405830049864,-0.5772666210852853,0.4642524289758629,-0.5907732102412602,-0.6028746024055656,0,0,0.45002125614149574,Low Yield,Low Yield
-0.9361847377854152,-0.7130768634783098,-0.3349273092478396,-0.7135757719630441,-0.709859128125087,0,0,0.3958555981791985,Low Yield,Low Yield
0.9096801908971572,-0.7126121080771145,-0.2361578158356718,-0.7129386591126199,-0.7092199411934152,0,0,0.46157761129498237,Low Yield,Low Yield
0.4482139587265142,0.1145798880189944,-0.6537132323372778,0.2273676582478036,0.2528381284320199,0,1,0.5141988317845764,Low Yield,High Yield
0.2943918813362998,-0.7091990605995869,0.2907569967335177,-0.7085812173881615,-0.7049941145479632,0,0,0.46576370572941644,Low Yield,Low Yield
-0.7823626603952007,-0.6943849821864884,0.5649907494992368,-0.6982966448151507,-0.6951529244490768,0,0,0.4427776470344318,Low Yield,Low Yield
1.0635022682873716,-0.691189788803271,-0.5229502983680125,-0.6882133484057807,-0.681039589811139,0,0,0.456000610186817,Low Yield,Low Yield
0.2943918813362998,0.720417600689578,-0.0343530369370567,1.096780099646544,1.0650698004240604,1,1,0.6221986553461759,High Yield,High Yield
1.0635022682873716,0.4424648235622436,-0.7828354770472049,0.6214482998296758,0.807650205457609,1,1,0.579415799655793,High Yield,High Yield
-0.474718505614772,-0.4394521210246061,-1.274221910219036,-0.4501091834460562,-0.4840163484327366,1,0,0.385809892846461,High Yield,Low Yield
-1.5514730473462726,-0.6522665239531688,0.6809874801344571,-0.664914406238824,-0.6482356228148511,0,0,0.4256839144133511,Low Yield,Low Yield
-0.9361847377854152,-0.6860629557838359,-0.8878395896448583,-0.693419383092548,-0.6855340602394676,1,0,0.37281276367446264,High Yield,Low Yield
0.7558581135069429,-0.4816577208956498,-0.1516623189797476,-0.4501483252222003,-0.423266344104146,0,0,0.4862589886331392,Low Yield,Low Yield
0.2943918813362998,1.98105573372698,-1.4693968129593185,1.987934291187635,1.9937021534461856,1,1,0.6044664093238691,High Yield,High Yield
1.3711464230678003,1.98105573372698,0.0852532100687076,1.987934291187635,1.9937021534461856,1,1,0.7027862915071396,High Yield,High Yield
0.7558581135069429,1.98105573372698,-0.5997345557050467,1.987934291187635,1.9937021534461856,0,1,0.6568300084618267,Low Yield,High Yield
-0.7823626603952007,-0.7058295839409213,-0.24206429716929,-0.7076435402352144,-0.704170200958289,1,0,0.40538018841725537,High Yield,Low Yield
-0.7823626603952007,-0.3603420375774021,-1.0620807889865895,-0.4254811693564408,-0.4319583055253717,0,0,0.38552257703416853,Low Yield,Low Yield
-1.8591172021267013,0.8988546275359796,-0.9323022685729272,0.4428625639316472,1.1650281741427493,1,0,0.45658151623099946,High Yield,Low Yield
1.217324345677586,1.98105573372698,-1.1731554518437946,1.987934291187635,1.9937021534461856,1,1,0.646688030543013,High Yield,High Yield
0.7558581135069429,0.2104502131218022,2.151865401131274,0.3374659562456478,0.4336593706293488,1,1,0.6654131321756782,High Yield,High Yield
0.9096801908971572,-0.6603126018363615,-0.5615064959624635,-0.6506821034550704,-0.6444658911922544,1,0,0.4525331377301063,High Yield,Low Yield
-1.0900068151756297,-0.7086181163480929,0.6178209436499311,-0.7103998850390911,-0.7056698108781193,1,0,0.4342597630129477,High Yield,Low Yield
-1.705295124736487,-0.711639026455862,0.1106633849727103,-0.7125051391162318,-0.7082592535885239,1,0,0.39097205317082817,High Yield,Low Yield
0.1405698039460854,-0.6910300291341102,-0.6195868957430406,-0.6858731834553432,-0.6900067340119848,1,0,0.4202035621949261,High Yield,Low Yield
-1.0900068151756297,0.1175382013836651,-0.5347632610352486,-0.1208066757527833,0.0692515717577075,1,0,0.4267438063755686,High Yield,Low Yield
-0.7823626603952007,-0.685365822682043,2.151865401131274,-0.6909306269777656,-0.6880466697381368,1,1,0.5171415737690271,High Yield,High Yield
-0.6285405830049864,1.2248369706555855,-0.0835737147172067,1.0383324008727972,0.8170145937106191,0,1,0.5273971753389375,Low Yield,High Yield
1.217324345677586,-0.562801109223083,0.7594124267308293,-0.5351389721052937,-0.4955064555437619,1,1,0.5381811820308027,High Yield,High Yield
-0.7823626603952007,-0.2383437447636488,-0.4092505326958661,-0.3258442131019555,-0.3358350533967142,0,0,0.42083826839003835,Low Yield,Low Yield
-0.7823626603952007,-0.6864115223347323,-0.24206429716929,-0.6917846580313755,-0.6888705833278109,1,0,0.406331904818767,High Yield,Low Yield
-0.6285405830049864,-0.2576310939132517,-0.0227041431957546,-0.3018219905589706,-0.3510316818284829,1,0,0.4456112291195303,High Yield,Low Yield
1.217324345677586,-0.5324758192950929,-0.1444432862386591,-0.4991476408949389,-0.4522706090760964,0,1,0.5000203029453165,Low Yield,High Yield
-1.2438288925658438,-0.6849882089185718,2.151865401131274,-0.6919459888032057,-0.6824443842781894,0,1,0.5018914771714983,Low Yield,High Yield
1.524968500458015,1.98105573372698,-0.9067075161272492,1.987934291187635,1.9937021534461856,1,1,0.6672997216230064,High Yield,High Yield
-0.1670743508343432,1.3509454440486597,-0.6932538434873318,1.5121004828460138,-0.0129982451760373,1,0,0.4696271660339285,High Yield,Low Yield
-0.1670743508343432,-0.7028667682583016,0.7558029103602849,-0.7025036231916274,-0.7065177007891861,0,0,0.4716839621783463,Low Yield,Low Yield
0.2943918813362998,-0.7084728802852194,0.2907569967335177,-0.7076641758593022,-0.7040950024957394,0,0,0.4658517811649557,Low Yield,Low Yield
1.3711464230678003,-0.692220964849673,-0.625001170298857,-0.68798476682699,-0.6823937070534276,1,0,0.4615920379982888,High Yield,Low Yield
1.0635022682873716,-0.4316674680545856,0.1531777454053148,-0.3883985488731455,-0.340240702452611,1,1,0.5186920596604732,High Yield,High Yield
0.1405698039460854,-0.5961618328651296,-0.1378805292013058,-0.5670792428011181,-0.604581280555605,0,0,0.45095907432999144,Low Yield,Low Yield
-1.3976509699560582,1.98105573372698,-0.7080200468213768,1.987934291187635,1.9937021534461856,1,1,0.583519644628519,High Yield,High Yield
1.217324345677586,-0.659339520215109,-0.0373062776038656,-0.6497148239037741,-0.6331447081637681,1,0,0.48826561305479416,High Yield,Low Yield
1.217324345677586,1.98105573372698,-0.6501037159667337,1.987934291187635,1.9937021534461856,1,1,0.6686961701637312,High Yield,High Yield
1.524968500458015,-0.7084002622537826,1.4530958455790774,-0.7074169600316799,-0.7032749033208321,0,1,0.5615636800065166,Low Yield,High Yield
-1.0900068151756297,0.0781256362377419,-0.6000626935569144,-0.148933775002655,0.0322832174395361,0,0,0.4216087382516764,Low Yield,Low Yield
-0.0132522734441289,0.7985691261218169,-0.719668940562679,1.062129770876446,0.2542630848056959,1,1,0.5050864194418835,High Yield,High Yield
0.9096801908971572,0.6942460621597706,-1.2640496368111382,0.9617644169439914,1.0326658020619135,0,1,0.5767668283359099,Low Yield,High Yield
1.0635022682873716,1.98105573372698,-1.0773391990984358,1.987934291187635,1.9937021534461856,0,1,0.646019507721181,Low Yield,High Yield
-1.3976509699560582,-0.6515403436388012,-0.494074167403658,-0.6680372851844326,-0.649815880361184,0,0,0.37754194050287404,Low Yield,Low Yield
1.0635022682873716,-0.6565945586267995,-0.7460840376380262,-0.6482469903282869,-0.6356099099360473,0,0,0.44978897924787675,Low Yield,Low Yield
0.2943918813362998,1.98105573372698,-0.9675770876487012,1.987934291187635,1.9937021534461856,1,1,0.6266618618588984,High Yield,High Yield
0.9096801908971572,1.98105573372698,-0.5615064959624635,1.987934291187635,1.9937021534461856,0,1,0.6631096301333784,Low Yield,High Yield
-0.3208964282245576,-0.57948873284725,-0.1984219628708901,-0.5791879495823098,-0.6297215433685741,0,0,0.42854368760934225,Low Yield,Low Yield
1.524968500458015,1.98105573372698,-1.1713506936585223,1.987934291187635,1.9937021534461856,1,1,0.6562266905249096,High Yield,High Yield
1.524968500458015,-0.7122635415262181,-0.5503498089989628,-0.7124191018770915,-0.7086379704832485,1,0,0.4677604396916054,High Yield,Low Yield
0.6020360361167285,-0.590642862475936,0.9397241763321124,-0.5801534193560902,-0.5858094556543572,1,1,0.516990406971193,High Yield,High Yield
0.6020360361167285,-0.7041884164304506,-1.5011292347855276,-0.7038295222557012,-0.7008336778699457,1,0,0.3943213833006505,High Yield,Low Yield
-0.3208964282245576,0.747678409690937,-0.1984219628708901,0.7554372419906834,0.1669898198528973,1,0,0.49289223711210944,High Yield,Low Yield
1.3711464230678003,-0.1845337834690112,-0.3966172253989608,-0.0672230646599624,-0.0157102940753816,1,1,0.5357188938313037,High Yield,High Yield
-0.7823626603952007,1.98105573372698,-0.4092505326958661,1.987934291187635,1.9937021534461856,0,1,0.6169068209397556,Low Yield,High Yield
-0.0132522734441289,-0.3864845288946349,-1.2291029555872317,-0.3298697363747704,-0.5015986208430726,0,0,0.4059738602887803,Low Yield,Low Yield
-0.3208964282245576,-0.7112033182672415,-0.4458379031791109,-0.7116427084176727,-0.7087910919903242,0,0,0.411010725746319,Low Yield,Low Yield
-0.6285405830049864,1.98105573372698,1.3412008380922025,1.987934291187635,1.9937021534461856,1,1,0.6951934856757293,High Yield,High Yield
-0.0132522734441289,-0.7131059106908845,-1.0097428016136965,-0.7135289914586924,-0.7099272426744979,0,0,0.3955850359046035,Low Yield,Low Yield
0.4482139587265142,-0.7113630779364023,-0.6537132323372778,-0.7115538070660211,-0.7078162365591554,1,0,0.42701025571405515,High Yield,Low Yield
0.9096801908971572,-0.6578290651612244,1.0065002291871823,-0.6477257382738871,-0.6413909279736489,1,1,0.5259381708528365,High Yield,High Yield
1.3711464230678003,1.98105573372698,-0.2405876768358854,1.987934291187635,1.9937021534461856,1,1,0.6899076145232548,High Yield,High Yield
1.0635022682873716,0.911838731556872,-0.7828354770472049,1.1636954704209626,1.4240214876587904,0,1,0.6332527151472936,Low Yield,High Yield
1.0635022682873716,1.98105573372698,0.3507167322296504,1.987934291187635,1.9937021534461856,1,1,0.7044447960415051,High Yield,High Yield
1.217324345677586,-0.0837980502599407,-0.6501037159667337,0.0333620310789525,0.187425274508957,0,1,0.5356164300023866,Low Yield,High Yield
-1.5514730473462726,-0.1596257986862033,0.1922261497775671,-0.2707781903637273,-0.1491793913550456,1,0,0.43645350484183343,High Yield,Low Yield
-0.7823626603952007,-0.6072433444623789,0.5649907494992368,-0.6271273903476612,-0.6264934586428929,0,0,0.44715193218280586,Low Yield,Low Yield
0.4482139587265142,-0.7078483652148633,-0.0005548381946871,-0.7075583263189367,-0.7037282737617111,0,0,0.4574872243309369,Low Yield,Low Yield
0.7558581135069429,-0.7019517810621985,2.151865401131274,-0.7008415182658969,-0.6960209762667693,1,1,0.5686609146597135,High Yield,High Yield
-0.474718505614772,-0.2229632457053435,-1.274221910219036,-0.2416896801466127,-0.3053208250934231,0,0,0.3991808968110963,Low Yield,Low Yield
-1.8591172021267013,1.5611310742392115,-0.3462480651372743,0.9179978085532038,1.9353219905206984,0,1,0.5336616027943896,Low Yield,High Yield
0.4482139587265142,-0.7007027509214863,-0.4410799043270299,-0.6994352828165997,-0.6954172089007912,0,0,0.43787749276688326,Low Yield,Low Yield
0.7558581135069429,-0.6254414231404304,0.8726199856251744,-0.613773233656575,-0.6012905304444658,0,1,0.5179217209640802,Low Yield,High Yield
-1.0900068151756297,-0.3556944835654496,-0.9291849589801844,-0.4585330496341548,-0.374633100741161,1,0,0.38349349429289964,High Yield,Low Yield
-1.3976509699560582,-0.5722414533098615,-0.494074167403658,-0.6093527365682536,-0.5724595488862166,0,0,0.38210337349472945,Low Yield,Low Yield
1.3711464230678003,1.7986501314625591,-0.3966172253989608,1.987934291187635,1.9937021534461856,1,1,0.6955277280222739,High Yield,High Yield
-0.474718505614772,-0.6913640720787192,-0.4837378250698266,-0.6926314083708415,-0.6919509957103693,0,0,0.4055384656007766,Low Yield,Low Yield
-1.2438288925658438,-0.6781185431446546,0.2704870274480057,-0.6866570711235311,-0.6757430024489477,0,0,0.41522458382366645,Low Yield,Low Yield
-1.8591172021267013,1.0298575562478909,1.4893550782104543,0.5368476496002095,1.3173976965929488,1,1,0.5788477761412821,High Yield,High Yield
-1.5514730473462726,1.98105573372698,-0.3291848968401554,1.987934291187635,1.9937021534461856,1,1,0.5956139731578093,High Yield,High Yield
-0.1670743508343432,1.98105573372698,0.3165903956354127,1.987934291187635,0.7955012944246815,1,1,0.5718731696491405,High Yield,High Yield
-1.705295124736487,-0.4931604170752322,0.0237273628435201,-0.549784090286161,-0.4705411108936801,0,0,0.4019155630307426,Low Yield,Low Yield
1.524968500458015,-0.6924823897628453,0.0872220371799137,-0.6868066312250215,-0.6811774536591467,0,1,0.5002217503632846,Low Yield,High Yield
1.3711464230678003,-0.5390695365495506,-0.3966172253989608,-0.5007227188423433,-0.4812786884628139,0,0,0.4913736653251653,Low Yield,Low Yield
-0.6285405830049864,-0.6579597776178105,-0.1953046532781475,-0.6637200012515656,-0.6664532677420919,0,0,0.4152352484405788,Low Yield,Low Yield
0.2943918813362998,0.2633887580391987,-0.7229503190813557,0.5196308430436617,0.4992046392364664,1,1,0.5367822875036591,High Yield,High Yield
1.0635022682873716,1.98105573372698,0.0110940555466152,1.987934291187635,1.9937021534461856,1,1,0.6910566602969599,High Yield,High Yield
-0.6285405830049864,1.98105573372698,-0.6968633598578762,1.987934291187635,1.9937021534461856,1,1,0.6090948856104926,High Yield,High Yield
-0.474718505614772,-0.5055490532383431,-0.8563383558655622,-0.5137424290864538,-0.538574467761679,0,0,0.4003610190729527,Low Yield,Low Yield
0.6020360361167285,-0.6834922774709746,-0.0266417974181664,-0.6812868711132165,-0.6798680195612716,0,0,0.463542916984192,Low Yield,Low Yield
-1.5514730473462726,1.98105573372698,-1.1759446235846698,1.9868600820321385,1.9937021534461856,1,1,0.5569047057801793,High Yield,High Yield
-0.9361847377854152,-0.6336908315116461,0.4537520177160977,-0.6543419969274893,-0.6383748157257344,0,0,0.43590104948640884,Low Yield,Low Yield
0.9096801908971572,-0.6981756434274871,1.0065002291871823,-0.6957537059541627,-0.6913455935952053,0,1,0.5212477923282764,Low Yield,High Yield
0.6020360361167285,-0.5756835479999639,-0.0302513137887108,-0.5638594329162591,-0.5706553307014208,0,0,0.4730364377821689,Low Yield,Low Yield
0.9096801908971572,1.98105573372698,-1.5428027419727215,1.987934291187635,1.9937021534461856,1,1,0.6209859907528381,High Yield,High Yield
-0.7823626603952007,-0.3649750679830672,-0.4092505326958661,-0.429265001385629,-0.4356087004574005,0,0,0.4145780934934865,Low Yield,Low Yield
-1.8591172021267013,1.98105573372698,-0.1040823304589359,1.987934291187635,1.9937021534461856,1,1,0.5957121632555761,High Yield,High Yield
-1.2438288925658438,-0.1543973004227567,0.5010038683850417,-0.2834469833242337,-0.1648511868835048,1,0,0.4583937851253344,High Yield,Low Yield
-1.8591172021267013,-0.6929180979514659,2.151865401131274,-0.6991187447367296,-0.6863628780766995,1,0,0.48080699951135936,High Yield,Low Yield
-0.474718505614772,1.9462244949483387,-0.4837378250698266,1.8466441005317509,1.4851829038658229,1,1,0.5746420257400034,High Yield,High Yield
0.1405698039460854,-0.7026924849828534,0.0850891411427739,-0.7004769088603252,-0.7005083627819592,0,0,0.4515236229605549,Low Yield,Low Yield
-1.2438288925658438,1.98105573372698,-0.7198330094886128,1.987934291187635,1.9937021534461856,0,1,0.5880396819532282,Low Yield,High Yield
-0.3208964282245576,-0.6722655298108519,1.2911598156823834,-0.6724861080827286,-0.6854163582980856,1,0,0.493135935698634,High Yield,Low Yield
-0.3208964282245576,1.98105573372698,-1.5149110245639696,1.987934291187635,1.9937021534461856,1,1,0.5823077116509854,High Yield,High Yield
0.7558581135069429,-0.5235438014283718,-0.1455917687201957,-0.4978144096590424,-0.475127127276417,0,0,0.48182885573533885,Low Yield,Low Yield
0.2943918813362998,-0.6842184577853422,2.151865401131274,-0.6770349887954019,-0.6740646599514631,1,1,0.5555051231315654,High Yield,High Yield
0.1405698039460854,-0.6982337378526365,2.151865401131274,-0.6948936663954068,-0.6964934187814833,1,1,0.548225616554879,High Yield,High Yield
-1.705295124736487,-0.7121037818570572,2.0895192092764168,-0.7128512850686722,-0.7087649360033504,1,0,0.4816520454494749,High Yield,Low Yield
1.524968500458015,-0.6281573375161651,0.3705690722676441,-0.6035190889944646,-0.5918803692142517,0,1,0.5222572935851362,Low Yield,High Yield
-1.2438288925658438,0.350196352818699,0.7507167736563363,0.1050368791386335,0.3273816014745147,0,1,0.5018840829670728,Low Yield,High Yield
-0.0132522734441289,-0.6552583868483632,-0.0604399961605363,-0.645579557824504,-0.6730304086332082,1,0,0.442381093606908,High Yield,Low Yield
1.3711464230678003,-0.5896552572483961,0.4409546414932588,-0.5625751335536305,-0.5477067216302968,0,1,0.5241626594693151,Low Yield,High Yield
-0.6285405830049864,0.4765807747312324,-0.0049846991949007,0.3619071537793966,0.2274586473215197,1,0,0.48826056952988356,High Yield,Low Yield
0.4482139587265142,-0.074226993716576,-0.6537132323372778,0.012734394974672,0.0332368211312887,1,0,0.49415106535043374,High Yield,Low Yield
-0.0132522734441289,1.98105573372698,-0.5984220042975762,1.987934291187635,1.9937021534461856,1,1,0.6330351741745394,High Yield,High Yield
1.524968500458015,1.98105573372698,0.0905034156985903,1.987934291187635,1.9937021534461856,0,1,0.7073234221294843,Low Yield,High Yield
-0.6285405830049864,-0.6992794375053258,0.6542442452072422,-0.7010730646828685,-0.6990092977785242,0,0,0.4518970111319939,Low Yield,Low Yield
0.4482139587265142,-0.5792563551466524,-0.0005548381946871,-0.561376563778913,-0.5541628910816592,1,0,0.4710735216543636,High Yield,Low Yield
0.4482139587265142,1.98105573372698,0.3262704622655091,1.987934291187635,1.9937021534461856,1,1,0.6858172752304403,High Yield,High Yield
-1.0900068151756297,0.9185195904490536,-0.8307436034198843,0.4508202399714698,0.8205592748619622,0,0,0.4572793276530075,Low Yield,Low Yield
1.0635022682873716,-0.5118668219733411,-1.0773391990984358,-0.4810493588244138,-0.4455566941697632,1,0,0.4516962696684741,High Yield,Low Yield
1.0635022682873716,-0.6852351102254568,0.039642048659102,-0.6813341683840459,-0.6732200395387681,1,0,0.48290270032953153,High Yield,Low Yield
1.217324345677586,-0.6265597408245565,-0.9304975103876548,-0.6108104012305124,-0.5864094086055683,1,0,0.45100855229679343,High Yield,Low Yield
0.1405698039460854,-0.7125249664393905,-0.6195868957430406,-0.7127891406152105,-0.7093621643725851,1,0,0.41826781792690365,High Yield,Low Yield
-0.6285405830049864,-0.7131204342971719,-0.0049846991949007,-0.7135853562294525,-0.7099147095974063,0,0,0.42081772022048447,Low Yield,Low Yield
0.6020360361167285,-0.6136192076225262,1.1087151700439608,-0.6051797169753259,-0.6090850145626536,1,1,0.5228116079105765,High Yield,High Yield
0.6020360361167285,-0.4036659551325718,0.6042032227974231,-0.3764944082625123,-0.396397606485326,1,1,0.5181326491433316,High Yield,High Yield
-0.1670743508343432,-0.5022521946111144,-0.2779953919487993,-0.48618303854041,-0.6387753292762705,0,0,0.4302101753610535,Low Yield,Low Yield
-0.7823626603952007,-0.6852351102254568,0.4038750642322122,-0.6908238730960643,-0.6879436805394276,0,0,0.4358169351516337,Low Yield,Low Yield
-0.9361847377854152,1.98105573372698,-0.8195869164563835,1.987934291187635,1.9937021534461856,0,1,0.5936060547339677,Low Yield,High Yield
-1.0900068151756297,0.4017261079262224,-1.7247551808333428,0.0820063467939452,0.3358152725243743,1,0,0.388401222442731,High Yield,Low Yield
-0.9361847377854152,-0.5310670294852199,0.6023984646121506,-0.5777693927560237,-0.5459657137473543,0,0,0.4483376083748066,Low Yield,Low Yield
0.6020360361167285,0.3489763698905615,-0.2464941581695032,0.4432987619170271,0.3660461443021161,1,1,0.5459764447159331,High Yield,High Yield
0.2943918813362998,-0.7120166402193332,-0.7867731312696169,-0.7121393385201356,-0.7084826693105917,0,0,0.41581654304468935,Low Yield,Low Yield
0.9096801908971572,0.0591868536390355,0.5740145404255975,0.2057993648245761,0.2463743301511235,0,1,0.5883529043362359,Low Yield,High Yield
0.1405698039460854,-0.2848192848831739,0.0358684633626239,-0.1772161525064726,-0.3242283341770974,1,0,0.4877131150426708,High Yield,Low Yield
0.7558581135069429,-0.7122925887387929,2.151865401131274,-0.7126092894583489,-0.7088243318904367,1,1,0.5675176439816462,High Yield,High Yield
0.7558581135069429,-0.7062071977043926,1.064088422189958,-0.7056841544448132,-0.701289772892801,0,1,0.5177722599853231,Low Yield,High Yield
-1.705295124736487,-0.7128299621714248,0.8004296582142877,-0.7133921381193605,-0.7095550647765168,0,0,0.4219878556939324,Low Yield,Low Yield
0.4482139587265142,-0.7041012747927266,-0.0940741259769722,-0.7032986815555161,-0.6993700324322042,0,0,0.4535459259035557,Low Yield,Low Yield
0.4482139587265142,-0.6874717455937089,0.1034648608473633,-0.6843944441364594,-0.6800282249814861,1,0,0.46446983830898075,High Yield,Low Yield
0.2943918813362998,-0.6655846709186701,-0.8441972553464585,-0.6535037031648725,-0.6509934446913995,1,0,0.41870932371115954,High Yield,Low Yield
0.9096801908971572,-0.2050846863656137,-0.5615064959624635,-0.1087855523497566,-0.0808305278941753,0,1,0.5054292845753466,Low Yield,High Yield
1.3711464230678003,1.98105573372698,0.0332433605476827,1.987934291187635,1.9937021534461856,0,1,0.700751392447425,Low Yield,High Yield
1.217324345677586,-0.713251146753758,-0.8186025029007805,-0.7136994127221823,-0.7100084352173958,0,0,0.4448501230613208,Low Yield,Low Yield
-0.0132522734441289,-0.6901731363631564,2.151865401131274,-0.6865914680571399,-0.6953000518758043,0,1,0.5431585922263746,Low Yield,High Yield
-0.1670743508343432,1.98105573372698,-0.3331225510625676,1.987934291187635,1.9937021534461856,1,1,0.6396900612102976,High Yield,High Yield
-1.705295124736487,1.98105573372698,-0.1744678996845506,1.987934291187635,1.9937021534461856,0,1,0.5975601479994678,Low Yield,High Yield
-1.2438288925658438,0.2106244963972504,-1.4533851773387825,-0.0024187210763206,0.1912287909480614,0,0,0.39178396866371357,Low Yield,Low Yield
-0.6285405830049864,-0.5391276309747,-0.0835737147172067,-0.5562954792849856,-0.5728246428710592,1,0,0.42696042106814364,High Yield,Low Yield
0.4482139587265142,-0.6750976330368854,1.3461229058702175,-0.6703277102665588,-0.6656358931491612,1,1,0.5237829148397977,High Yield,High Yield
-1.5514730473462726,1.98105573372698,-0.2679871874668356,1.987934291187635,1.9937021534461856,0,1,0.5983664780475689,Low Yield,High Yield
-1.0900068151756297,-0.7098961937013798,2.0670417664234817,-0.7113119953895287,-0.7068686269477511,1,1,0.5015362551152586,High Yield,High Yield
-0.6285405830049864,-0.7096347687882075,0.3580998338966729,-0.7104343069417504,-0.707168330965159,0,0,0.4376406872249045,Low Yield,Low Yield
-0.9361847377854152,1.98105573372698,-0.8195869164563835,1.9649590632570684,1.9937021534461856,0,1,0.5919698198260723,Low Yield,High Yield
0.9096801908971572,1.963042831029092,-0.8090865051966183,1.987934291187635,1.9937021534461856,1,1,0.6539362899532245,High Yield,High Yield
1.217324345677586,-0.6489260945070779,0.5823820556482229,-0.637355731720908,-0.6182979160577738,1,1,0.5185926786753711,High Yield,High Yield
0.9096801908971572,-0.4307089100396205,-0.3792259192499747,-0.3773652780204129,-0.3601846425201216,0,0,0.4876630281357431,Low Yield,Low Yield
-0.474718505614772,1.98105573372698,-1.274221910219036,1.987934291187635,1.9937021534461856,1,1,0.5881717126191343,High Yield,High Yield
-0.9361847377854152,-0.7085454983166561,-1.1147469142113495,-0.7101947002815416,-0.7057787941571767,0,0,0.3618030760003105,Low Yield,Low Yield
-0.0132522734441289,-0.3129660338680612,-0.0756984062723828,-0.2435127107518076,-0.4547063853630301,1,0,0.46355359067931495,High Yield,Low Yield
1.217324345677586,-0.7104335671340118,2.151865401131274,-0.7103553905694961,-0.7059913115513387,1,1,0.5830482960920772,High Yield,High Yield
0.9096801908971572,1.98105573372698,-0.806297333455743,1.987934291187635,1.9937021534461856,0,1,0.652811508180142,Low Yield,High Yield
-0.7823626603952007,-0.5817398918217895,-0.4092505326958661,-0.6062985218735093,-0.6063991216502831,1,0,0.4039268364877585,High Yield,Low Yield
1.524968500458015,-0.5053166755377455,0.0192975018433068,-0.444466022346,-0.4213509629747116,0,1,0.5226595078672647,Low Yield,High Yield
1.217324345677586,-0.691480260929018,-1.5587174277883031,-0.6878608085630245,-0.6789689075090477,0,0,0.4137817877144528,Low Yield,Low Yield
0.1405698039460854,-0.7130478162657351,0.1106633849727103,-0.7134438530866667,-0.7098329721381132,0,0,0.4517590942105617,Low Yield,Low Yield
0.1405698039460854,1.98105573372698,-0.8381267050869068,1.987934291187635,1.9209623536720912,1,1,0.6216692677945757,High Yield,High Yield
-0.0132522734441289,1.98105573372698,-1.2291029555872317,1.987934291187635,1.382613290780918,0,1,0.5548546497398492,Low Yield,High Yield
1.3711464230678003,-0.7114066487552644,-0.516715679182527,-0.711443578148727,-0.7075879165895301,0,0,0.46423515526789866,Low Yield,Low Yield
1.3711464230678003,-0.6605449795369591,2.151865401131274,-0.649253754341972,-0.6407975140191812,1,1,0.5941271758054213,High Yield,High Yield
0.2943918813362998,-0.5041257398221827,0.2730496282056126,-0.4496086896382982,-0.4510848709999515,1,0,0.4898732271112343,High Yield,Low Yield
-0.0132522734441289,-0.7116099792432873,-1.0097428016136965,-0.7117718255876601,-0.7089730940663501,0,0,0.39567731982782356,Low Yield,Low Yield
1.524968500458015,-0.4932185115003816,0.6009218442787464,-0.4288014202511583,-0.4045560947555656,1,1,0.5513328773235041,High Yield,High Yield
0.7558581135069429,-0.5326646261768285,2.151865401131274,-0.5081938482950814,-0.4864199746523483,1,1,0.5872647449905899,High Yield,High Yield
0.2943918813362998,0.5054391804242,-0.8441972553464585,0.8252991254430401,0.7988966684837159,1,1,0.5603813749197958,High Yield,High Yield
-0.474718505614772,1.98105573372698,-0.4837378250698266,1.987934291187635,1.9937021534461856,0,1,0.6234431801265923,Low Yield,High Yield
0.7558581135069429,-0.7128299621714248,-0.1455917687201957,-0.7132208168939117,-0.7094896748090824,0,0,0.4605800851911586,Low Yield,Low Yield
0.9096801908971572,-0.3583232563034602,-1.2843941836269337,-0.2911984706343458,-0.2705611531544495,1,0,0.45392153487839876,High Yield,Low Yield
-0.6285405830049864,0.3802311706209421,-0.5487091197396246,0.2748068997184956,0.1515441646284824,0,0,0.45743398514414824,Low Yield,Low Yield
-0.3208964282245576,-0.6896502865368117,-1.0282825902442196,-0.6899685588850143,-0.6958525971006255,0,0,0.3859280457326968,Low Yield,Low Yield
-0.1670743508343432,0.1044278872241357,-0.7746320307505132,0.1679937124948935,-0.4339151003008479,1,0,0.4264729736615911,High Yield,Low Yield
-1.3976509699560582,-0.6640015978333489,0.1106633849727103,-0.6772591428241179,-0.6619718753072502,0,0,0.4037207765850677,Low Yield,Low Yield
-1.3976509699560582,-0.6715829203153464,-0.7723350657874396,-0.6828696436258844,-0.6693674806240877,1,0,0.3642631593238741,High Yield,Low Yield
1.3711464230678003,0.1069840419307095,0.2530957212990195,0.2892230071416331,0.3671043719417639,1,1,0.6012399911003943,High Yield,High Yield
-0.1670743508343432,-0.6810958824335617,2.151865401131274,-0.6790283059982463,-0.6991662337003668,0,1,0.5375253052755375,Low Yield,High Yield
0.7558581135069429,-0.4373171509003654,-0.7808666499359989,-0.3996890479040036,-0.3683665621953585,0,0,0.46191782053787267,Low Yield,Low Yield
0.1405698039460854,1.98105573372698,-0.0811126808281992,1.987934291187635,1.9937021534461856,1,1,0.6598901626300718,High Yield,High Yield
0.6020360361167285,1.98105573372698,-0.2158132690198767,1.987934291187635,1.9937021534461856,0,1,0.6682175133724794,Low Yield,High Yield
1.0635022682873716,-0.7075433694828288,2.0667136285716143,-0.7071059257337649,-0.7025147449494066,1,1,0.5743936683237113,High Yield,High Yield
0.1405698039460854,-0.7110871294169426,2.151865401131274,-0.7109886813187059,-0.7080674430173829,0,1,0.5470478704466395,Low Yield,High Yield
0.9096801908971572,0.1089011579606399,2.001578264975882,0.2649785345040519,0.3079275412463674,0,1,0.6563801813107802,Low Yield,High Yield
0.7558581135069429,-0.2049394503027402,1.6998555101835622,-0.1352447514444081,-0.0806507054837306,1,1,0.6024872398555753,High Yield,High Yield
1.524968500458015,-0.5776151876361817,0.3720456926010487,-0.5380775340244177,-0.521716934157075,0,1,0.5292281858347819,Low Yield,High Yield
-1.2438288925658438,1.98105573372698,-0.6761906751902131,1.987934291187635,1.9937021534461856,0,1,0.5900146823961906,Low Yield,High Yield
-1.3976509699560582,1.98105573372698,-0.5075278193302325,1.987934291187635,1.9937021534461856,0,1,0.5925989145974626,Low Yield,High Yield
-0.474718505614772,-0.5954501761570494,0.6690104485412873,-0.6002925918010356,-0.6127811824718865,1,0,0.4645359385590918,High Yield,Low Yield
-0.1670743508343432,-0.6503494079232384,-0.4089223948439983,-0.6458747059326104,-0.6887839416209603,1,0,0.4196018521731643,High Yield,Low Yield
-1.0900068151756297,-0.713251146753758,-1.2691357735150872,-0.7137062850594276,-0.7100155191305345,0,0,0.3501718920898941,Low Yield,Low Yield
1.3711464230678003,-0.7080371720965988,1.059002285486009,-0.7073236355093303,-0.7031631954597983,1,1,0.5381643756984814,High Yield,High Yield
0.9096801908971572,-0.1032742062912792,-1.5428027419727215,0.0124081313934876,0.0452249818276065,0,0,0.47146089011774855,Low Yield,Low Yield
-1.3976509699560582,-0.3664419522180897,-0.494074167403658,-0.4570523603976937,-0.371701450534516,1,0,0.39403696929288523,High Yield,Low Yield
0.6020360361167285,-0.6909574111026734,-0.4658543121430386,-0.6894180449288215,-0.6874303692950671,1,0,0.4425343914549975,High Yield,Low Yield
0.2943918813362998,-0.6903183724260299,0.2907569967335177,-0.68473813763782,-0.6816172011901435,1,0,0.46805434487803127,High Yield,Low Yield
-1.705295124736487,1.98105573372698,-0.5231143672939467,1.987934291187635,1.9937021534461856,0,1,0.5817914800293871,Low Yield,High Yield
0.6020360361167285,1.98105573372698,0.1382474731453361,1.987934291187635,1.9937021534461856,0,1,0.6827250926291866,Low Yield,High Yield
0.9096801908971572,-0.1982585914105585,-0.2711044970595783,-0.1006598702728202,-0.0723788746032713,1,1,0.5197867097801236,High Yield,High Yield
-0.1670743508343432,-0.6821851529051131,0.285089161856117,-0.6802028548905101,-0.6995340522671857,1,0,0.45047842566545343,High Yield,Low Yield
0.4482139587265142,1.98105573372698,-1.0186025236141236,1.987934291187635,1.9937021534461856,0,1,0.6293013105321466,Low Yield,High Yield
0.1405698039460854,1.98105573372698,-0.8381267050869068,1.987934291187635,1.9937021534461856,0,1,0.6274483289626935,Low Yield,High Yield
-0.3208964282245576,-0.0655128299441651,-0.56692077051828,-0.0623237462054585,-0.3211768023634893,1,0,0.43628823571920056,High Yield,Low Yield
0.7558581135069429,-0.7108983225352071,2.151865401131274,-0.7110226236795912,-0.7070980367501669,0,1,0.5676718350654275,Low Yield,High Yield
-0.7823626603952007,-0.6882269731206513,2.151865401131274,-0.6932673508327815,-0.6903009888654398,0,1,0.5169963584575529,Low Yield,High Yield
0.9096801908971572,-0.7004703732208887,1.2931286427935895,-0.698485318226835,-0.6941867876802327,0,1,0.5343349721092527,Low Yield,High Yield
-0.0132522734441289,1.98105573372698,-0.0819330254578684,1.987934291187635,1.9937021534461856,1,1,0.6551635120993841,High Yield,High Yield
-1.8591172021267013,0.4950983727476057,-0.7213096298220173,0.1531967788334175,0.6954192246842626,0,0,0.43628948711487914,Low Yield,Low Yield
0.1405698039460854,1.98105573372698,-1.0246730738736751,1.987934291187635,1.9937021534461856,0,1,0.6192607954469806,Low Yield,High Yield
-0.1670743508343432,-0.6607337864186947,-0.7802103742322635,-0.6570720720388596,-0.6922904786246332,1,0,0.4024791181604777,High Yield,Low Yield
-1.3976509699560582,0.7307148375473104,-0.7080200468213768,0.3548902872418692,0.6985786499441377,0,0,0.44956038647817453,Low Yield,Low Yield
-0.0132522734441289,-0.7123942539828043,-0.0819330254578684,-0.7126930581802401,-0.7094733273172237,0,0,0.4377587252859287,Low Yield,Low Yield
1.3711464230678003,-0.7111597474483794,0.5361146185348822,-0.7111416858001506,-0.7072636913343343,0,1,0.5134067490834614,Low Yield,High Yield
-1.0900068151756297,-0.5846736602918345,0.3989529964541972,-0.6219459108273329,-0.5894118979436007,0,0,0.43102223105699805,Low Yield,Low Yield
1.217324345677586,-0.63207871121375,2.151865401131274,-0.6173605477151555,-0.5942780013535152,0,1,0.5930806626289854,Low Yield,High Yield
1.0635022682873716,-0.6858886725083877,-1.3329585857033484,-0.682089200337651,-0.6740782828613454,1,0,0.4193774077373396,High Yield,Low Yield
1.3711464230678003,-0.5803020547993417,0.2530957212990195,-0.5511387410546157,-0.5354243060805239,0,1,0.5165671817041404,Low Yield,High Yield
-0.6285405830049864,-0.6306989686164517,-1.3949766397063377,-0.6390761699473281,-0.6449742981890574,0,0,0.36345655439607577,Low Yield,Low Yield
-1.705295124736487,-0.695895437240373,-1.1149109831372837,-0.7007794449773103,-0.6911292617862763,0,0,0.3389728767793309,Low Yield,Low Yield
0.7558581135069429,1.98105573372698,-1.1149109831372837,1.987934291187635,1.9937021534461856,1,1,0.6348058780855168,High Yield,High Yield
-0.3208964282245576,-0.0532113354187783,2.151865401131274,-0.0499531231231394,-0.3137920953745574,1,1,0.5632652802336486,High Yield,High Yield
0.9096801908971572,-0.6099737824444009,2.151865401131274,-0.5907595203089813,-0.582139443732098,1,1,0.5842556128932167,High Yield,High Yield
1.0635022682873716,1.98105573372698,-0.5229502983680125,1.987934291187635,1.9937021534461856,1,1,0.6693457677308658,High Yield,High Yield
0.6020360361167285,-0.2185480693939886,0.4352122290855746,-0.1748602809206804,-0.2088689883784074,1,1,0.5268739991357746,High Yield,High Yield
-1.2438288925658438,-0.7039705623361404,1.059822630115678,-0.7065603976982052,-0.7009617332228382,1,0,0.4498226001318744,High Yield,Low Yield
-0.0132522734441289,-0.7057133950906226,-0.0819330254578684,-0.7048455212804845,-0.705212081106078,1,0,0.4381830107172538,High Yield,Low Yield
-1.2438288925658438,-0.5970768200612327,1.6494863499218757,-0.6242634968051706,-0.5966865318206844,0,0,0.4839782918845155,Low Yield,Low Yield
-1.705295124736487,-0.690608844551777,1.8142115515594448,-0.6968420347682996,-0.685377124317625,0,0,0.47033662583377334,Low Yield,Low Yield
-0.9361847377854152,-0.6923807245188338,1.3889448955389478,-0.6981333772638737,-0.6912229874062656,0,0,0.47603557172427424,Low Yield,Low Yield
-0.6285405830049864,-0.7086616871669549,0.6542442452072422,-0.7095546390156002,-0.7064016335969899,0,0,0.4513648853875652,Low Yield,Low Yield
0.4482139587265142,1.98105573372698,-0.7268879733037676,1.987934291187635,1.9937021534461856,1,1,0.6419309441294466,High Yield,High Yield
0.2943918813362998,-0.567797229785932,0.3241375662283693,-0.5300148908886806,-0.5299190157389375,0,0,0.4845057125568779,Low Yield,Low Yield
-0.3208964282245576,1.98105573372698,-1.3780775403351524,1.987934291187635,1.9937021534461856,1,1,0.5885160557655227,High Yield,High Yield
-1.5514730473462726,1.98105573372698,1.56023285421387,1.987934291187635,1.9937021534461856,1,1,0.6770916434969296,High Yield,High Yield
-1.3976509699560582,-0.2368913841349137,-1.6200792060875568,-0.3611794348196137,-0.2453244401395146,1,0,0.35223300553520276,High Yield,Low Yield
1.524968500458015,-0.6875588872314331,1.4530958455790774,-0.6804317211288013,-0.6743425673130596,0,1,0.5643721338525405,Low Yield,High Yield
-0.1670743508343432,-0.2945501010956994,0.281971852263374,-0.2622200557635289,-0.5686396849552536,0,0,0.46263212307600254,Low Yield,Low Yield
1.0635022682873716,-0.7117406916998734,-0.3608501995453852,-0.711954908724695,-0.7080265742877363,1,0,0.46106955551392587,High Yield,Low Yield
-1.705295124736487,0.0117818027171199,-0.1744678996845506,-0.1737073300205844,0.078867030239846,1,0,0.4276927652949011,High Yield,Low Yield
-1.5514730473462726,-0.7024746308885431,1.91757497489776,-0.7050833006456698,-0.6990975742345606,1,0,0.47948699839770487,High Yield,Low Yield
1.0635022682873716,-0.6592233313648102,-0.7828354770472049,-0.6512838966305651,-0.6390619553001915,0,0,0.4477765246336305,Low Yield,Low Yield
-0.9361847377854152,-0.6905943209454896,2.151865401131274,-0.6968004547740506,-0.689614394207378,1,1,0.5117693764890878,High Yield,High Yield
0.2943918813362998,-0.7083131206160584,0.6173287368721297,-0.7074624267229531,-0.7038971978442501,0,0,0.48108968421965687,Low Yield,Low Yield
-0.0132522734441289,-0.5537383788997756,-0.7839839595287418,-0.5263311166738698,-0.6082779933812332,0,0,0.4156700665211839,Low Yield,Low Yield
-1.5514730473462726,1.8442252079922683,-0.2679871874668356,1.3323987547046343,1.880767140690128,1,1,0.5519821308927841,High Yield,High Yield
0.9096801908971572,-0.7130478162657351,-0.1961249979078167,-0.7134573196707222,-0.7097594084247495,0,0,0.4633875690727187,Low Yield,Low Yield
0.9096801908971572,-0.4010226587882738,-0.2711044970595783,-0.3420272053283741,-0.3234289418252111,1,0,0.4961725789816516,High Yield,Low Yield
-0.0132522734441289,-0.6938040379349942,2.151865401131274,-0.6908564337635289,-0.6976159465557749,0,1,0.5429261334668832,Low Yield,High Yield
-0.474718505614772,-0.6763321395713103,-1.702769944758209,-0.6781597737327812,-0.6795432493896804,1,0,0.3528723894116321,High Yield,Low Yield
0.4482139587265142,-0.6078097651075856,-1.0186025236141236,-0.593835717286219,-0.5873733657088314,1,0,0.42109426051809173,High Yield,Low Yield
-0.9361847377854152,1.98105573372698,-0.5409978802207343,1.987934291187635,1.9937021534461856,0,1,0.6061060913291547,Low Yield,High Yield
0.6020360361167285,-0.6624330483543148,-0.0266417974181664,-0.6583487348629689,-0.6585345426857787,1,0,0.46542830625476167,High Yield,Low Yield
-1.0900068151756297,-0.7006010856774748,-0.7815229256397342,-0.7046784655681642,-0.6981499646231563,0,0,0.371847857968681,Low Yield,Low Yield
-0.1670743508343432,-0.3211283006015528,-1.108840432877732,-0.2908790487347683,-0.5776144579856334,1,0,0.39815622355827524,High Yield,Low Yield
-0.3208964282245576,0.0085575621213279,-0.56692077051828,0.0121628862854832,-0.2767116245080558,0,0,0.4398515139080314,Low Yield,Low Yield
-0.3208964282245576,1.98105573372698,-0.0719248209759047,1.987934291187635,1.9937021534461856,0,1,0.6461163880936884,Low Yield,High Yield
1.3711464230678003,-0.3379611602885933,2.151865401131274,-0.2548225217400768,-0.2171876820688613,1,1,0.6324340589477513,High Yield,High Yield
-0.1670743508343432,1.2031096556497076,-0.2779953919487993,1.352690707187957,-0.0629185810646907,1,0,0.4842762007918114,High Yield,Low Yield
1.0635022682873716,-0.608695705091114,0.972373892592945,-0.592911537372966,-0.5727102104280488,1,1,0.5356336522526892,High Yield,High Yield
-1.705295124736487,0.3326518364235784,-0.0568304797899919,0.0652739989565313,0.4279933299511526,0,0,0.4555583964436542,Low Yield,Low Yield
-1.3976509699560582,0.561906961669423,-1.6200792060875568,0.2299652856730323,0.5339060051211443,1,0,0.39791181634010053,High Yield,Low Yield
0.1405698039460854,0.5905620368743676,-0.1234424637191281,0.9189362028291228,0.4640215672583548,0,1,0.5609064062397593,Low Yield,High Yield
0.4482139587265142,-0.6940945100607413,-0.1157312242002383,-0.6919231186020401,-0.6877311631452655,1,0,0.45359607194766544,High Yield,Low Yield
1.0635022682873716,-0.2967286420388021,1.525286172989964,-0.2325096181854902,-0.1630420644511513,0,1,0.5977817888144094,Low Yield,High Yield
-0.9361847377854152,1.98105573372698,-0.5409978802207343,1.938040531023567,1.9937021534461856,0,1,0.6025863443863156,Low Yield,High Yield
-0.1670743508343432,-0.712960674628011,0.1106633849727103,-0.7133877762599395,-0.7099261528417075,0,0,0.4414495509082037,Low Yield,Low Yield
1.524968500458015,1.1735541168549473,-0.5503498089989628,1.7293219053314544,1.909284795321087,1,1,0.71171556911274,High Yield,High Yield
-0.7823626603952007,1.98105573372698,-0.9603580549076128,1.6664323118337123,1.5861837026486956,0,1,0.5350631058453051,Low Yield,High Yield
-0.0132522734441289,-0.7055972062403237,-0.8520725637912827,-0.70470904237788,-0.7051379724763189,0,0,0.40311984175926,Low Yield,Low Yield
1.217324345677586,-0.7104480907402991,2.151865401131274,-0.7103726277970872,-0.7060120183743597,1,1,0.5830464298616077,High Yield,High Yield
-0.7823626603952007,-0.654386970471122,-0.1259034976081356,-0.665629957014573,-0.6636382296440384,1,0,0.41315802921613676,High Yield,Low Yield
0.9096801908971572,-0.7132366231474707,-0.1961249979078167,-0.7136820725792332,-0.7099931775583277,0,0,0.46336568873779416,Low Yield,Low Yield
-1.2438288925658438,-0.7126847261085513,0.3000194341160957,-0.7132693841840504,-0.709462428989318,0,0,0.4144418459969103,Low Yield,Low Yield
-0.9361847377854152,1.006895734707588,-1.676026709830994,0.5697793400678052,0.838915328553606,1,0,0.4270021553148355,High Yield,Low Yield
1.217324345677586,0.9424254463980344,-1.4268060113375012,1.2513272954431514,1.6505486823436215,1,1,0.6317974691534434,High Yield,High Yield
0.7558581135069429,-0.6235097835042126,-0.5697099422591553,-0.6115750404422546,-0.5988988923855504,0,0,0.45089705451458284,Low Yield,Low Yield
1.3711464230678003,1.98105573372698,-0.625001170298857,1.987934291187635,1.9937021534461856,1,1,0.6743275044726428,High Yield,High Yield
-0.1670743508343432,-0.5593299673204061,-0.7802103742322635,-0.5477294004950386,-0.6580490221775779,0,0,0.405601521667189,Low Yield,Low Yield
-1.2438288925658438,1.98105573372698,-0.6781595023014192,1.987934291187635,1.9937021534461856,1,1,0.5899256466222121,High Yield,High Yield
0.1405698039460854,-0.7019517810621985,2.151865401131274,-0.6995493995257622,-0.6998413851141277,0,1,0.547884990124796,Low Yield,High Yield
1.524968500458015,-0.5986308459339794,-0.7677411358612921,-0.5652884334616757,-0.5508912130443551,1,0,0.47314077451112785,High Yield,Low Yield
0.6020360361167285,-0.7131494815097466,0.6042032227974231,-0.7135900947152893,-0.7099114400990346,0,0,0.4902938744199358,Low Yield,Low Yield
-0.9361847377854152,-0.6805585090009296,0.1106633849727103,-0.6893122479409791,-0.6805775007079355,1,0,0.4176834002927655,High Yield,Low Yield
-0.474718505614772,0.7754475449123532,-0.8563383558655622,0.7195065049343579,0.5187932938142498,1,0,0.4819767639529802,High Yield,Low Yield
-1.2438288925658438,0.323385775612248,0.3108479832277286,0.0843955640505163,0.3012277941663115,0,0,0.4796418477127329,Low Yield,Low Yield
-1.3976509699560582,-0.6900279003002828,2.151865401131274,-0.696519712626351,-0.6873606199964702,1,0,0.49631238608402034,High Yield,Low Yield
-1.2438288925658438,0.3943335923259605,0.5010038683850417,0.1390178956894395,0.3704376255317354,0,0,0.4930057017741143,Low Yield,Low Yield
-1.3976509699560582,-0.6873700803496975,-1.0563383765789054,-0.6945528129199845,-0.6847679077876938,0,0,0.3511800889884953,Low Yield,Low Yield
-0.6285405830049864,1.7014291109750277,0.3580998338966729,1.469172744105909,1.1925246554489402,1,1,0.5747872168460783,High Yield,High Yield
0.1405698039460854,-0.6301906423963943,-0.1378805292013058,-0.6096901128183945,-0.6352230192953935,1,0,0.44784471199269754,High Yield,Low Yield
-0.7823626603952007,-0.6728174268497712,0.4032187885284771,-0.6806822543344471,-0.6781597066620463,0,0,0.43640744685601396,Low Yield,Low Yield
-0.6285405830049864,-0.6439444975505163,-0.0049846991949007,-0.6510501572405964,-0.6554105369915973,1,0,0.4246836241341144,High Yield,Low Yield
1.524968500458015,-0.712757344139988,1.4530958455790774,-0.7130584733911667,-0.7093234753085197,0,1,0.5609760417657932,Low Yield,High Yield
0.7558581135069429,-0.6179762895087317,-0.1308255653861507,-0.6052779606328106,-0.5920476585476048,1,0,0.4719029440788894,High Yield,Low Yield
0.4482139587265142,-0.1904158440153886,-0.6537132323372778,-0.1193476131934089,-0.1019024448999304,1,0,0.48181921640783903,High Yield,Low Yield
1.3711464230678003,-0.6977544588451539,0.0852532100687076,-0.6947507071097923,-0.6896601671845821,0,0,0.4940178605281797,Low Yield,Low Yield
-0.0132522734441289,-0.4037821439828706,-1.376108713223947,-0.3501880330000073,-0.5126315430984519,1,0,0.39829383986183337,High Yield,Low Yield
0.6020360361167285,-0.1856085303342752,-0.0302513137887108,-0.138981871944431,-0.1755004879966019,0,1,0.5081092770655119,Low Yield,High Yield
0.4482139587265142,1.98105573372698,-1.0186025236141236,1.987934291187635,1.9937021534461856,1,1,0.6293013105321466,High Yield,High Yield
1.3711464230678003,-0.4379416659707215,0.4890268367918719,-0.3770711645401059,-0.3484798383493531,1,1,0.545306323631584,High Yield,High Yield
0.7558581135069429,-0.7045079357687724,-0.1308255653861507,-0.7037504055269524,-0.6991858506905972,0,0,0.4621979525492276,Low Yield,Low Yield
1.0635022682873716,-0.5910930942708439,0.039642048659102,-0.5725760100892033,-0.5495948569399669,1,0,0.49421947710027575,High Yield,Low Yield
1.3711464230678003,0.3528832199818591,-0.625001170298857,0.5898900279503624,0.6900136540430138,0,1,0.5913814019436457,Low Yield,High Yield
-1.2438288925658438,-0.7049145967448183,0.1106633849727103,-0.7072872045675052,-0.7018826419308735,1,0,0.40635220396583566,High Yield,Low Yield
-0.1670743508343432,-0.7011529827163941,-0.3811947463611807,-0.7006556662677988,-0.7059389995773911,1,0,0.41928209190909727,High Yield,Low Yield
-0.7823626603952007,1.847391354162911,0.4038750642322122,1.3775918925774062,1.307529260674298,1,1,0.5638024805656298,High Yield,High Yield
1.217324345677586,-0.5851674629056045,0.5823820556482229,-0.5616843025956892,-0.5273949629959674,1,1,0.5270001461230037,High Yield,High Yield
-1.2438288925658438,-0.6977980296640159,-1.4492834541904362,-0.7018081989373982,-0.6949404070549149,0,0,0.33874587007447365,Low Yield,Low Yield
-0.1670743508343432,-0.6408945402301724,-0.3811947463611807,-0.6356796215477597,-0.6855912764609728,0,0,0.4211594724572888,Low Yield,Low Yield
0.1405698039460854,1.9018548777404796,0.6639243118373382,1.987934291187635,1.644794365209389,1,1,0.6699581006366644,High Yield,High Yield
-1.8591172021267013,1.898078740105768,-0.9323022685729272,1.159733283886978,1.9937021534461856,1,1,0.503433844481423,High Yield,High Yield
0.2943918813362998,-0.7128009149588501,-0.7867731312696169,-0.7131297433713035,-0.7094537103269934,0,0,0.4157236867604917,Low Yield,Low Yield
0.1405698039460854,-0.6696948514979907,1.9029728404896484,-0.6591572773284209,-0.6707951615797402,1,1,0.5393014703514449,High Yield,High Yield
1.217324345677586,-0.3588896769486669,-1.4268060113375012,-0.2931282967253228,-0.2047826603301488,1,0,0.46309304617088154,High Yield,Low Yield
-1.3976509699560582,-0.7038253262732669,2.151865401131274,-0.7067303941621331,-0.7008200549600634,0,0,0.495470118556332,Low Yield,Low Yield
-0.6285405830049864,-0.6750685858243107,1.1065822740068207,-0.6791864015053705,-0.6799334095287061,1,0,0.47429703689154346,High Yield,Low Yield
1.3711464230678003,-0.6871231790428125,0.0852532100687076,-0.6817515777475578,-0.6756994091373247,0,0,0.49534931987829434,Low Yield,Low Yield
-0.0132522734441289,1.98105573372698,-1.0765188544687667,1.987934291187635,1.6835499090750037,1,1,0.5868103728474127,High Yield,High Yield
-1.5514730473462726,-0.711145223842092,1.56023285421387,-0.7120201910017261,-0.7078810816101946,0,0,0.4622514404303353,Low Yield,Low Yield
0.6020360361167285,0.8820943858803758,-0.50014471766321,1.0239816359431233,0.9061067895908862,1,1,0.5814898644006943,High Yield,High Yield
0.7558581135069429,-0.0894332094994331,-0.7478887958232985,-0.0037994083354603,0.0623620575429929,0,1,0.5025736533209594,Low Yield,High Yield
-0.1670743508343432,-0.7120602110381952,-1.0689716838758103,-0.7124168158423347,-0.7096220894931372,1,0,0.3880083672155772,High Yield,Low Yield
1.0635022682873716,1.98105573372698,-0.7460840376380262,1.987934291187635,1.9937021534461856,1,1,0.6600493285571142,High Yield,High Yield
-0.9361847377854152,1.98105573372698,-0.3349273092478396,1.987934291187635,1.9937021534461856,0,1,0.6152647157530803,Low Yield,High Yield
0.9096801908971572,-0.6412140595684942,-0.5615064959624635,-0.6279474823249183,-0.6208192442187676,0,0,0.45473921916106513,Low Yield,Low Yield
-0.1670743508343432,1.98105573372698,-0.7746320307505132,1.987934291187635,1.8877017467365524,0,1,0.6119617763343661,Low Yield,High Yield
1.217324345677586,0.4828549726473684,-0.0373062776038656,0.7058897027758855,0.9953226814928834,0,1,0.635707267186621,Low Yield,High Yield
-1.2438288925658438,-0.4615570497939552,-0.7198330094886128,-0.5199275753061344,-0.4644865448256443,0,0,0.38396518893768156,Low Yield,Low Yield
0.1405698039460854,0.151164852256833,-0.0248370392328944,0.3687231164003221,0.0683599523059188,0,1,0.5251670633895643,Low Yield,High Yield
1.3711464230678003,-0.7096928632133569,0.0852532100687076,-0.7093480900821373,-0.7053374118769941,0,0,0.492522799218203,Low Yield,Low Yield
0.1405698039460854,-0.3370171258799154,-1.0246730738736751,-0.242578280906853,-0.3712306427689879,1,0,0.43371105263353577,High Yield,Low Yield
-0.0132522734441289,-0.7096492923944948,-1.0097428016136965,-0.7094687441062101,-0.707722510939166,0,0,0.3957982857371483,Low Yield,Low Yield
-0.7823626603952007,-0.6903909904574667,-0.1259034976081356,-0.6950347206520574,-0.6920060322662934,1,0,0.41138486627677645,High Yield,Low Yield
-0.1670743508343432,-0.6277942473589814,-0.6932538434873318,-0.6215537135367991,-0.6811676451640315,0,0,0.4074111890971533,Low Yield,Low Yield
0.7558581135069429,-0.5712974189011837,2.151865401131274,-0.5521577125814893,-0.5342527358306565,0,1,0.5830390798506372,Low Yield,High Yield
1.524968500458015,1.98105573372698,0.6009218442787464,1.987934291187635,1.9937021534461856,1,1,0.7266793143966065,High Yield,High Yield
-1.5514730473462726,-0.6994972915996361,-0.2679871874668356,-0.702701286369302,-0.6960814619866462,1,0,0.37992698988645013,High Yield,Low Yield
-0.9361847377854152,1.98105573372698,-0.7623268613054757,1.5273270158666827,1.9937021534461856,0,1,0.5630880483736359,Low Yield,High Yield
0.6020360361167285,-0.7131785287223212,0.6042032227974231,-0.7136217335239103,-0.7099408655843801,1,0,0.490291261678583,High Yield,Low Yield
-1.2438288925658438,1.98105573372698,-0.7198330094886128,1.987934291187635,1.9937021534461856,0,1,0.5880396819532282,Low Yield,High Yield
0.9096801908971572,-0.7045660301939218,-0.2361578158356718,-0.7033607274729969,-0.6992577796547751,0,0,0.4625096771170954,Low Yield,Low Yield
-0.0132522734441289,0.486805393557528,0.5905855019449145,0.6959227554630674,0.0554111040047097,1,1,0.5460826265332746,High Yield,High Yield
-0.9361847377854152,-0.7040867511864392,-0.3349273092478396,-0.7068678124410886,-0.7017638501567008,0,0,0.3963299347480715,Low Yield,Low Yield
1.524968500458015,-0.6483596738618712,-0.5503498089989628,-0.6296769059379517,-0.6199255813304966,1,0,0.47648309930150184,High Yield,Low Yield
-0.3208964282245576,-0.667806782680635,-0.4921053402924519,-0.668002304911215,-0.682739728964435,0,0,0.4109699052510346,Low Yield,Low Yield
-1.2438288925658438,-0.449734834276051,-0.6761906751902131,-0.510825716973671,-0.4529539342357866,1,0,0.38660589412603186,High Yield,Low Yield
0.1405698039460854,-0.6942252225173274,2.151865401131274,-0.6898742041142424,-0.6928838925791011,1,1,0.5485928038056345,High Yield,High Yield
0.2943918813362998,-0.7063379101609787,0.3241375662283693,-0.7049680737644558,-0.7014516130622013,0,0,0.4676639658286821,Low Yield,Low Yield
0.1405698039460854,-0.4154591234379013,-0.1378805292013058,-0.3408033380828283,-0.4418648855916925,0,0,0.46755587776707824,Low Yield,Low Yield
-0.9361847377854152,0.1620677234967478,-0.1785696228328964,-0.0605878809669007,0.0781776020165287,1,0,0.45004238299577526,High Yield,Low Yield
0.4482139587265142,-0.625136427408396,-1.501621441563329,-0.613532446754284,-0.6075260087557369,1,0,0.39748843902635106,High Yield,Low Yield
-0.0132522734441289,-0.5812170419954449,-0.0756984062723828,-0.5586083771398211,-0.62580468431925,0,0,0.44639338497254405,Low Yield,Low Yield
0.6020360361167285,-0.5604337613982447,0.6042032227974231,-0.5472490583902178,-0.5552069508950295,0,1,0.5040342347982661,Low Yield,High Yield
-0.1670743508343432,0.2367524641081959,-0.2711044970595783,0.3106779119271125,-0.389232500803695,0,0,0.453831074978367,Low Yield,Low Yield
-0.3208964282245576,0.3367910642154735,-0.56692077051828,0.3422409047747549,-0.0796698559722137,1,0,0.45571150459328863,High Yield,Low Yield
1.0635022682873716,-0.7126847261085513,0.039642048659102,-0.7130455104354578,-0.7092662590870147,1,0,0.4796057757021178,High Yield,Low Yield
0.2943918813362998,0.5069205882655099,-0.3086986535371664,0.8271698901619129,0.8007308570702525,0,1,0.5850502452852373,Low Yield,High Yield
0.1405698039460854,-0.6955759179020512,-0.1378805292013058,-0.6915655446655042,-0.694100145973382,1,0,0.4418722374870562,High Yield,Low Yield
0.7558581135069429,-0.6130673105836069,0.1909135983700965,-0.5996915748701016,-0.5859696610745716,1,0,0.4874657261822648,High Yield,Low Yield
1.524968500458015,-0.6762304743272989,0.3705690722676441,-0.6657637863941357,-0.6586162801450718,0,1,0.5156844134725491,Low Yield,High Yield
0.7558581135069429,-0.643436171330459,-0.1516623189797476,-0.634251138863665,-0.6235705270985725,1,0,0.4680749678086393,High Yield,Low Yield
-1.3976509699560582,-0.631991569576026,0.0759012812904794,-0.6535703616611035,-0.630745986191714,0,0,0.40403814916341824,Low Yield,Low Yield
-0.7823626603952007,1.98105573372698,-0.5170438170343947,1.987934291187635,1.9937021534461856,0,1,0.612133322944468,Low Yield,High Yield
1.217324345677586,-0.7054229229648755,0.5823820556482229,-0.7044085470505439,-0.6988474576091238,1,1,0.5111338214310601,High Yield,High Yield
-1.0900068151756297,-0.0322537715461299,-0.4336968026600074,-0.2277069416313593,-0.0712508976650268,1,0,0.4231724144467395,High Yield,Low Yield
0.2943918813362998,-0.672062199322829,2.151865401131274,-0.6616837136022974,-0.6590135241972361,1,1,0.5569676933047095,High Yield,High Yield
-0.9361847377854152,-0.7102011894334141,1.857853885857844,-0.7114300918574752,-0.7072696854146825,0,0,0.4969494776100871,Low Yield,Low Yield
0.1405698039460854,-0.6180634311464558,-0.444853489623508,-0.594504420772118,-0.6243028947338384,1,0,0.43480233942989244,High Yield,Low Yield
-0.0132522734441289,-0.7042610344618874,-0.2317279548354582,-0.7031395349979289,-0.7042857232340899,0,0,0.4313934798062443,Low Yield,Low Yield
-1.705295124736487,1.98105573372698,1.619789874327852,1.7083639328254456,1.9937021534461856,1,1,0.656616738574126,High Yield,High Yield
-1.0900068151756297,1.98105573372698,-0.6558461283744178,1.987934291187635,1.9937021534461856,0,1,0.5959615982221798,Low Yield,High Yield
0.9096801908971572,0.3342930039340491,1.2931286427935895,0.533281641210387,0.586993940015602,1,1,0.6501748271034048,High Yield,High Yield
0.7558581135069429,-0.371743068512973,-0.3454277205076051,-0.3250661729968115,-0.287176743879546,1,0,0.4895829045547372,High Yield,Low Yield
-0.474718505614772,-0.6854384407134798,0.5738504714996638,-0.686926648049751,-0.6870598261462717,1,0,0.45432877740852357,High Yield,Low Yield
1.524968500458015,-0.7091845369932996,-0.0706122695684341,-0.7084324324363875,-0.7043636462786159,1,0,0.4905593752898474,High Yield,Low Yield
0.6020360361167285,-0.5915288024594645,-0.4658543121430386,-0.5811184030190317,-0.5867069329573952,1,0,0.4513802454274118,High Yield,Low Yield
-0.1670743508343432,0.8724942821244365,-0.3331225510625676,0.9961916274080173,-0.1745588724655458,0,0,0.47115706566019033,Low Yield,Low Yield
1.0635022682873716,-0.7097654812447937,-0.1119576389037598,-0.709673034376022,-0.7054327722461693,0,0,0.47288703468485255,Low Yield,Low Yield
1.217324345677586,-0.7129316274154363,2.151865401131274,-0.7133201937151766,-0.7095528851109357,0,1,0.5827272695000123,Low Yield,High Yield
-1.705295124736487,-0.7131930523286086,-0.9559281939073992,-0.7136625646447047,-0.7099501291631,1,0,0.34455472854955327,High Yield,Low Yield
-0.9361847377854152,-0.7039996095487151,1.6716356549229432,-0.706802791831829,-0.7016853821957795,1,0,0.4885903040672685,High Yield,Low Yield
-1.3976509699560582,-0.7126121080771145,0.0759012812904794,-0.7132329860875521,-0.7093915898579306,0,0,0.39930669950003983,Low Yield,Low Yield
0.7558581135069429,0.3380836651750478,-0.7478887958232985,0.4827119860760805,0.5916873049282103,1,1,0.5505592935258256,High Yield,High Yield
-0.3208964282245576,-0.6494344207271352,2.151865401131274,-0.64952669900905,-0.6717106211238225,1,1,0.5344223410065619,High Yield,High Yield
-0.9361847377854152,-0.5970768200612327,-1.5019495794151967,-0.62702250427022,-0.6054051941452793,0,0,0.350840914603453,Low Yield,Low Yield
0.9096801908971572,-0.6868762777359275,-0.2361578158356718,-0.6823031088140424,-0.6773554100626024,0,0,0.46455978850821444,Low Yield,Low Yield
1.3711464230678003,-0.3669212312255723,-0.3966172253989608,-0.2902327183907535,-0.2552173972959532,1,1,0.5129321941302432,High Yield,High Yield
-1.0900068151756297,1.98105573372698,-0.6558461283744178,1.987934291187635,1.9937021534461856,1,1,0.5959615982221798,High Yield,High Yield
-0.7823626603952007,-0.4828777038237873,-0.1259034976081356,-0.5255570026801424,-0.5285049576931674,0,0,0.4216349028689717,Low Yield,Low Yield
-0.474718505614772,-0.7083421678286332,1.617492909364778,-0.7089766652712204,-0.7059651555643649,1,1,0.5014934997434828,High Yield,High Yield
1.3711464230678003,-0.6034381596150927,0.2434156546689232,-0.5794278299535766,-0.5658061196997604,0,1,0.513219868898693,Low Yield,High Yield
-0.7823626603952007,-0.6098285463815275,1.919215664157098,-0.6292387448968634,-0.6285303561284763,1,1,0.5101121039285954,High Yield,High Yield
-1.705295124736487,1.98105573372698,1.2885347128674425,1.987934291187635,1.9937021534461856,0,1,0.6612363793646181,Low Yield,High Yield
-1.5514730473462726,0.2650299255496694,-0.2366500226134732,0.0689667629373324,0.2810064916535998,1,0,0.44543626141621867,High Yield,Low Yield
0.7558581135069429,-0.6828532387943311,0.8726199856251744,-0.6791075026506238,-0.6723743292932823,0,1,0.5114600569833975,Low Yield,High Yield
0.6020360361167285,-0.6952563985637294,0.083940658661237,-0.6941005886047341,-0.6917853411262022,1,0,0.4676330488397627,High Yield,Low Yield
-0.0132522734441289,1.98105573372698,-0.7597017584905343,1.987934291187635,1.0876238900249966,0,1,0.5518398016499684,Low Yield,High Yield
-0.9361847377854152,-0.6478803948543885,2.151865401131274,-0.6649295194686048,-0.6511520153624281,1,1,0.5141231887731547,High Yield,High Yield
-1.0900068151756297,-0.4306362920081837,0.4297979545297578,-0.5120158838189067,-0.4449273157332065,1,0,0.44091309957612573,High Yield,Low Yield
1.0635022682873716,-0.515250822238294,-0.2650339468000267,-0.4849587464953021,-0.4500004873733301,1,0,0.48910374636314163,High Yield,Low Yield
-1.3976509699560582,-0.6188622294922601,0.4342278155299714,-0.6438540920733699,-0.6179382712368843,0,0,0.42104763764964925,Low Yield,Low Yield
-1.0900068151756297,-0.3720771114575821,-1.7247551808333428,-0.4702246459443099,-0.3899997430882593,1,0,0.34815975251542186,High Yield,Low Yield
-0.3208964282245576,-0.6457744719427226,0.1106633849727103,-0.6458461830506741,-0.6695135182180246,1,0,0.43955515357296226,High Yield,Low Yield
-0.9361847377854152,1.98105573372698,-0.3349273092478396,1.987934291187635,1.9937021534461856,0,1,0.6152647157530803,Low Yield,High Yield
1.524968500458015,-0.6677051174366235,1.7492402568896468,-0.6547252252540732,-0.6467812409558297,1,1,0.5805817208684345,High Yield,High Yield
0.2943918813362998,1.98105573372698,-0.7229503190813557,1.987934291187635,1.9937021534461856,1,1,0.6372975952206944,High Yield,High Yield
-0.9361847377854152,1.98105573372698,-0.0217197296401514,1.987934291187635,1.9937021534461856,1,1,0.6290280389759911,High Yield,High Yield
-0.0132522734441289,-0.713251146753758,0.1106633849727103,-0.7136995900869478,-0.7100198784616968,0,0,0.44658473025391127,Low Yield,Low Yield
1.524968500458015,-0.711885927762747,2.151865401131274,-0.7119301707192692,-0.7081137609109823,0,1,0.5929640448539463,Low Yield,High Yield
0.7558581135069429,-0.7089085884738399,-0.0555179283825213,-0.7087583193911561,-0.7046344697270737,0,0,0.4652058583930109,Low Yield,Low Yield
0.4482139587265142,-0.6793094788602174,-0.5449355344431465,-0.6751156830626518,-0.6705346915427929,0,0,0.43533723254299145,Low Yield,Low Yield
-0.474718505614772,1.98105573372698,-0.8563383558655622,1.987934291187635,1.9937021534461856,1,1,0.6069556474136328,High Yield,High Yield
-0.6285405830049864,1.98105573372698,0.4642524289758629,1.987934291187635,1.9937021534461856,1,1,0.6593890470535426,High Yield,High Yield
-0.1670743508343432,-0.5569480958892804,0.281971852263374,-0.5451610535839548,-0.657244725578134,1,0,0.4543014917905331,High Yield,Low Yield
0.7558581135069429,0.2176974926591906,-0.5997345557050467,0.3457133127414814,0.4426325089105426,0,1,0.5439815654531717,Low Yield,High Yield
0.6020360361167285,-0.4453196579646961,1.7740146647056554,-0.4218644598250711,-0.4385937524707837,1,1,0.5686288971559962,High Yield,High Yield
0.9096801908971572,1.98105573372698,-0.6012111760384512,1.987934291187635,1.9937021534461856,1,1,0.6614494653350598,High Yield,High Yield
-0.474718505614772,-0.6463408925879294,-0.4837378250698266,-0.6492864157351058,-0.6547876975517841,1,0,0.4083532327242212,High Yield,Low Yield
1.3711464230678003,-0.6998894289693945,2.151865401131274,-0.6973611880063064,-0.6924637620383346,1,1,0.5893650918120066,High Yield,High Yield
-1.3976509699560582,-0.7120166402193332,2.151865401131274,-0.7127923145686395,-0.7088107089805545,1,0,0.4949700894804936,High Yield,Low Yield
1.3711464230678003,0.1824922710186504,-0.2405876768358854,0.3815487906856991,0.4662600838101944,0,1,0.5881139841588148,Low Yield,High Yield
-0.7823626603952007,-0.7071802793256451,0.4032187885284771,-0.7087466636794605,-0.7052344226782848,0,0,0.4346903684607976,Low Yield,Low Yield
1.524968500458015,-0.7108257045037704,-0.7498576229345043,-0.7105574024684609,-0.7066419417273117,0,0,0.45868276164207833,Low Yield,Low Yield
-0.1670743508343432,-0.6975220811445563,-0.3331225510625676,-0.6967405032935858,-0.704712937687995,0,0,0.42158503352763116,Low Yield,Low Yield
-1.8591172021267013,1.98105573372698,-1.465526277857886,1.8322163691474005,1.9937021534461856,0,1,0.5217800363042078,Low Yield,High Yield
0.6020360361167285,-0.6919304927239259,0.083940658661237,-0.690477945017626,-0.6884161230541416,0,0,0.4679310779516125,Low Yield,Low Yield
1.0635022682873716,-0.553506001199178,0.1531777454053148,-0.5291532835129842,-0.5002363298548547,0,1,0.5040462246639337,Low Yield,High Yield
-0.9361847377854152,0.8802789350944569,2.151865401131274,0.4753043948135118,0.72490138133488,1,1,0.5971442272194065,High Yield,High Yield
-1.8591172021267013,-0.5082794912203652,-0.1040823304589359,-0.5666539560333557,-0.4716096919448382,1,0,0.39103753698143573,High Yield,Low Yield
-1.705295124736487,1.98105573372698,-0.0568304797899919,1.987934291187635,1.9937021534461856,0,1,0.6028371991028282,Low Yield,High Yield
1.217324345677586,-0.6799485175368609,-0.4190946682518961,-0.6741744498556386,-0.6625276900304432,0,0,0.46774175791860984,Low Yield,Low Yield
1.3711464230678003,-0.4333522063839184,-0.625001170298857,-0.3714595185312725,-0.3424530630174769,1,0,0.49394087794111735,High Yield,Low Yield
-0.6285405830049864,-0.535700059890885,2.151865401131274,-0.5531969474854117,-0.5701240372160158,1,1,0.5310657635868741,High Yield,High Yield
0.7558581135069429,-0.6093928381929069,0.8726199856251744,-0.5955100494323342,-0.581420154090319,0,1,0.519727000651887,Low Yield,High Yield
1.217324345677586,-0.5039224093341598,-0.0373062776038656,-0.4652592514507065,-0.4115609950169823,1,1,0.5087996478828942,High Yield,High Yield
-1.8591172021267013,1.98105573372698,-1.465526277857886,1.987934291187635,1.9937021534461856,1,1,0.533230139779193,High Yield,High Yield
0.9096801908971572,0.0855326754442912,-1.5428027419727215,0.237161039904497,0.2789941154058042,0,0,0.4934285730549871,Low Yield,Low Yield
0.1405698039460854,-0.709780004851081,2.151865401131274,-0.7093519001400652,-0.7068904236035626,0,1,0.5471676655250567,Low Yield,High Yield
0.2943918813362998,0.5679778290975359,-0.3086986535371664,0.904274741908402,0.8763281984212327,0,1,0.5922563744049567,Low Yield,High Yield
0.1405698039460854,-0.5834827245762717,-0.0248370392328944,-0.5512024653683044,-0.5931641922415483,0,0,0.4573603404488926,Low Yield,Low Yield
-0.7823626603952007,1.98105573372698,-0.7734835482689763,1.987934291187635,1.9937021534461856,0,1,0.6006918337165194,Low Yield,High Yield
0.6020360361167285,-0.7059022019723581,-0.0302513137887108,-0.7056962119643421,-0.7025697815053306,0,0,0.46137005633613104,Low Yield,Low Yield
1.3711464230678003,1.98105573372698,1.059002285486009,1.987934291187635,1.9937021534461856,1,1,0.7393586750179109,High Yield,High Yield
-0.6285405830049864,1.98105573372698,0.032915222695815,1.987934291187635,1.9937021534461856,1,1,0.6410528884639615,High Yield,High Yield
-0.474718505614772,-0.713251146753758,0.1106633849727103,-0.7137026676940845,-0.7100171538797204,1,0,0.43119179305821603,High Yield,Low Yield
0.2943918813362998,-0.4219221282357727,-0.443048731438236,-0.3457995885714266,-0.3493053866882131,1,0,0.46647164909670435,High Yield,Low Yield
-0.1670743508343432,-0.7125249664393905,-1.0689716838758103,-0.712917956703034,-0.7097790254149798,1,0,0.387994254748249,High Yield,Low Yield
-1.0900068151756297,-0.66388540898305,1.8770499501921023,-0.6784760227737742,-0.6637112484410069,1,0,0.49523011243732357,High Yield,Low Yield
-1.5514730473462726,1.98105573372698,-0.3291848968401554,1.987934291187635,1.9937021534461856,0,1,0.5956139731578093,Low Yield,High Yield
-0.7823626603952007,1.98105573372698,-0.5465762237024847,1.9713095364300268,1.880309410918087,0,1,0.6004744440094419,Low Yield,High Yield
-0.0132522734441289,-0.5276539820076922,-0.2317279548354582,-0.4956916030391717,-0.5916406060003252,0,0,0.44260332558001514,Low Yield,Low Yield
-1.2438288925658438,0.2335136999061165,-0.597601659667907,0.0152035500931661,0.2135572851613486,1,0,0.43191434811497154,High Yield,Low Yield
1.524968500458015,-0.2742751467185566,-0.4911209267368491,-0.1453153739369465,-0.100615352374262,1,1,0.5304180586473057,High Yield,High Yield
-0.7823626603952007,1.98105573372698,-0.9603580549076128,1.7717035007335409,1.6877424958203426,1,1,0.5513067535269813,High Yield,High Yield
-0.0132522734441289,0.4365827630158662,-1.598258038938357,0.636929749812296,0.0233776487913578,1,0,0.44095343702675216,High Yield,Low Yield
-1.5514730473462726,-0.5955518414010609,-1.6427207178664258,-0.6195399391694769,-0.5907823626777479,1,0,0.3277649248811305,High Yield,Low Yield
0.2943918813362998,-0.7109564169603565,0.1106633849727103,-0.710800457888001,-0.7071699657143449,0,0,0.4571841675963677,Low Yield,Low Yield
0.7558581135069429,-0.677392362830287,2.151865401131274,-0.6728930616838233,-0.6656130066605591,1,1,0.5713732301934841,High Yield,High Yield
1.3711464230678003,1.5745654100550115,0.0852532100687076,1.987934291187635,1.9937021534461856,0,1,0.727989096442117,Low Yield,High Yield
-1.8591172021267013,-0.5686250753443111,0.7969842107696774,-0.6099475293097277,-0.5417976482398028,0,0,0.4273494872142671,Low Yield,Low Yield
-0.3208964282245576,0.1485796503376844,2.151865401131274,0.1529718321374774,-0.1926550010366375,1,1,0.5729408273209161,High Yield,High Yield
-0.6285405830049864,-0.7129316274154363,1.1620375709724566,-0.7134146743930353,-0.709765947421493,1,0,0.47471995792043864,High Yield,Low Yield
-0.7823626603952007,-0.7088214468361158,2.151865401131274,-0.7100870179719315,-0.7065275092843013,1,1,0.5159510198632293,High Yield,High Yield
0.9096801908971572,-0.7049291203511056,1.0065002291871823,-0.703792944604749,-0.699707335680887,0,1,0.5204622970803346,Low Yield,High Yield
-1.5514730473462726,-0.3477065001074062,0.1922261497775671,-0.4212517751391548,-0.3397094089672061,0,0,0.42379406036256667,Low Yield,Low Yield
1.3711464230678003,-0.6992503902927512,1.059002285486009,-0.6965798195746967,-0.6916245907895924,0,1,0.5392583579347728,Low Yield,High Yield
0.7558581135069429,-0.4549052381143482,-1.0184384546881895,-0.4197041755922893,-0.3901430561002199,1,0,0.4489381362445491,High Yield,Low Yield
0.1405698039460854,-0.6647423017540037,-0.6195868957430406,-0.6529556953071272,-0.6663355658007099,0,0,0.42257426016362043,Low Yield,Low Yield
0.1405698039460854,0.1388508674300391,2.151865401131274,0.3533035464662816,0.0572716447481224,1,1,0.6231922988016525,High Yield,High Yield
0.4482139587265142,0.179543978942318,-0.7268879733037676,0.301218011064782,0.3283978705517253,1,1,0.5176747682481437,High Yield,High Yield
1.3711464230678003,-0.6985695236300001,2.151865401131274,-0.6957473070275635,-0.6907304919682052,1,1,0.5895251246454437,High Yield,High Yield
-0.3208964282245576,-0.7129897218405857,-0.1984219628708901,-0.7134391507306896,-0.7098634874562493,0,0,0.4221667742900267,Low Yield,Low Yield
1.524968500458015,-0.7132366231474707,-0.0706122695684341,-0.7136790398607102,-0.7099888182271654,0,0,0.4900047499123802,Low Yield,Low Yield
-1.2438288925658438,-0.7116680736684367,-0.7367321088597977,-0.7124866690940352,-0.7084706811498953,0,0,0.36837601444431145,Low Yield,Low Yield
-0.0132522734441289,-0.5676810409356332,-0.7839839595287418,-0.5427085849864033,-0.6171710289523199,0,0,0.41479660819237446,Low Yield,Low Yield
-1.0900068151756297,1.98105573372698,0.995015404371814,1.987934291187635,1.9937021534461856,0,1,0.6675855262642586,Low Yield,High Yield
1.217324345677586,1.98105573372698,-1.1731554518437946,1.987934291187635,1.9937021534461856,1,1,0.646688030543013,High Yield,High Yield
0.2943918813362998,-0.406483534752318,-0.4246730117336466,-0.3263032856678781,-0.3301902644579344,1,0,0.4692003924023253,High Yield,Low Yield
-0.1670743508343432,-0.642361424465195,-0.3331225510625676,-0.6372613473893417,-0.6860866054642889,1,0,0.4233060595507478,High Yield,Low Yield
-0.6285405830049864,-0.6877041232943066,0.3580998338966729,-0.6906089551732908,-0.6898890320706027,1,0,0.4388771151870759,High Yield,Low Yield
0.1405698039460854,-0.63624698621822,-1.2107272358826424,-0.6172738656127624,-0.6406765425794275,0,0,0.39838829536342985,Low Yield,Low Yield
0.1405698039460854,0.1210719400294405,-0.444853489623508,0.3310407763765079,0.0412623498010782,0,1,0.5027757865477427,Low Yield,High Yield
1.217324345677586,-0.5643115642769676,-0.1444432862386591,-0.5369316437747749,-0.4976599651379368,0,0,0.49581356776112256,Low Yield,Low Yield
-0.1670743508343432,-0.6566236058393742,1.444400192504584,-0.6526401075520505,-0.6909025765658369,0,1,0.5053140759516241,Low Yield,High Yield
-0.6285405830049864,-0.7127137733211261,0.5818898488704215,-0.7132177338125539,-0.7095942987569775,1,0,0.44778810710971156,High Yield,Low Yield
0.1405698039460854,1.98105573372698,-0.4259855631411172,1.987934291187635,1.9937021534461856,1,1,0.6452748029510788,High Yield,High Yield
-0.3208964282245576,-0.6734564655264147,-1.5149110245639696,-0.6736837362914064,-0.6861312886087024,0,0,0.36533820638077036,Low Yield,Low Yield
-0.6285405830049864,1.98105573372698,-0.5487091197396246,1.987934291187635,1.9937021534461856,1,1,0.6156691005544912,High Yield,High Yield
1.217324345677586,-0.4110439471265464,-0.4190946682518961,-0.3550271810052,-0.2791408617982461,1,1,0.5032303809774,High Yield,High Yield
1.0635022682873716,-0.7103754727088624,-0.7460840376380262,-0.7103777308660534,-0.7062337993472415,0,0,0.44339423152801277,Low Yield,Low Yield
-0.3208964282245576,-0.7031572403840487,2.151865401131274,-0.7035514153980684,-0.7039609530624986,0,1,0.531809157609431,Low Yield,High Yield
-0.0132522734441289,-0.2516618917291502,-0.0604399961605363,-0.1715030297651371,-0.4156048195864084,0,0,0.46819907094939645,Low Yield,Low Yield
-0.1670743508343432,-0.5992989318231976,-0.7746320307505132,-0.5908275145151755,-0.6715455114560506,1,0,0.4046210770744735,High Yield,Low Yield
-1.2438288925658438,-0.7125830608645398,0.2857454375598521,-0.7131911126750489,-0.7093632542053758,0,0,0.41380065761871404,Low Yield,Low Yield
-0.3208964282245576,-0.6551712452106391,-1.3780775403351524,-0.6552957617215838,-0.6751544927420375,0,0,0.37212409931711155,Low Yield,Low Yield
1.217324345677586,-0.6948497375876835,2.151865401131274,-0.691859845364175,-0.6837728904498994,0,1,0.5850493798987171,Low Yield,High Yield
-1.705295124736487,-0.7123071123450802,0.1106633849727103,-0.713002723922865,-0.708986172059837,0,0,0.3909269173633422,Low Yield,Low Yield
0.7558581135069429,-0.5493667734072828,0.8726199856251744,-0.5272007821031148,-0.5070995518534965,0,1,0.5264742915696538,Low Yield,High Yield
0.2943918813362998,-0.3699276177270541,-0.9675770876487012,-0.2801394151051015,-0.2849289637489864,1,0,0.4484268113864198,High Yield,Low Yield
1.3711464230678003,-0.2087446351500263,-1.3682334047791225,-0.0968262731939033,-0.0475034411584118,1,0,0.4873405966061822,High Yield,Low Yield
1.0635022682873716,0.103120762658274,0.7033008540614583,0.2294189310300775,0.3620312003016402,1,1,0.6070521379956312,High Yield,High Yield
0.9096801908971572,0.143728765837709,-0.2711044970595783,0.3064368017816981,0.3510489552710226,1,1,0.559361556947733,High Yield,High Yield
-0.474718505614772,1.98105573372698,0.1185592020332761,1.987934291187635,1.9937021534461856,1,1,0.6494868743933672,High Yield,High Yield
-1.0900068151756297,0.2232309866546716,-1.7247551808333428,-0.0453781555569464,0.1683897100723901,0,0,0.37895946343232156,Low Yield,Low Yield
-0.3208964282245576,0.2714348359223915,-0.1803743810181684,0.2765174055180415,-0.1189038364328902,0,0,0.4705019827037906,Low Yield,Low Yield
-0.0132522734441289,-0.4560235557984742,2.151865401131274,-0.4115523595835311,-0.5459526357538674,1,1,0.5581052726632062,High Yield,High Yield
1.3711464230678003,-0.1917665394001123,1.059002285486009,-0.0760667346359087,-0.025208186845237,1,1,0.601475044632537,High Yield,High Yield
-1.705295124736487,-0.4937849321455884,1.2885347128674425,-0.5502492239097528,-0.4712206216386032,0,0,0.45978231862001423,Low Yield,Low Yield
0.2943918813362998,1.98105573372698,-0.8289388452346121,1.987934291187635,1.9937021534461856,1,1,0.6327052784523505,High Yield,High Yield
0.4482139587265142,-0.5293968147621745,-0.0005548381946871,-0.5046968720237853,-0.4961712535460123,0,0,0.47635406796485763,Low Yield,Low Yield
-0.1670743508343432,-0.6805875562135043,-0.3811947463611807,-0.6784801831818563,-0.6989945850358514,1,0,0.419922557824548,High Yield,Low Yield
-1.705295124736487,-0.7131494815097466,0.1106633849727103,-0.7136301134616633,-0.7099027214367101,1,0,0.39087000965771956,High Yield,Low Yield
1.524968500458015,-0.71110165302323,-0.3762726785831657,-0.7109146983145617,-0.7070250179531985,0,0,0.4760287994661384,Low Yield,Low Yield
0.4482139587265142,-0.6812992129215846,-0.6742218480790071,-0.6773775874525302,-0.6728489514735775,0,0,0.42919843522196666,Low Yield,Low Yield
1.3711464230678003,-0.6681117784126693,0.2530957212990195,-0.6585058669071688,-0.6507340644872428,1,1,0.5055744955393514,High Yield,High Yield
-1.705295124736487,-0.5596059158398657,0.0237273628435201,-0.5992721444241371,-0.542837893638406,1,0,0.3973921873490475,High Yield,Low Yield
-1.0900068151756297,-0.7047984078945194,1.8854174654147284,-0.7076739188781241,-0.7020869855791061,0,0,0.4933333581315669,Low Yield,Low Yield
-1.0900068151756297,-0.6776102169245972,-0.7815229256397342,-0.6882708441506328,-0.6765848982796664,1,0,0.3730499525771439,High Yield,Low Yield
1.0635022682873716,1.74473850492391,-0.7828354770472049,1.987934291187635,1.9937021534461856,1,1,0.6745069067220647,High Yield,High Yield
-0.0132522734441289,1.009916644815357,-0.719668940562679,1.310384894713932,0.3890666823374182,1,1,0.5187098354737212,High Yield,High Yield
-1.2438288925658438,-0.7090247773241387,1.7051057158134453,-0.7104516098599954,-0.7058921367673965,0,0,0.4795028809766948,Low Yield,Low Yield
-0.7823626603952007,-0.6041788635357477,-0.24206429716929,-0.6246246048988878,-0.6240789340953754,1,0,0.4103700081394006,High Yield,Low Yield
0.2943918813362998,-0.7054083993585881,-1.4693968129593185,-0.7037942606075159,-0.7003007496353547,0,0,0.38595148123506884,Low Yield,Low Yield
-0.6285405830049864,-0.6401683599158049,0.4642524289758629,-0.6476365205122524,-0.6524352934733294,0,0,0.4464586138327603,Low Yield,Low Yield
1.217324345677586,-0.5605499502485436,-0.0373062776038656,-0.5324672018286628,-0.4922968979755205,0,1,0.5013176876741129,Low Yield,High Yield
0.1405698039460854,-0.7124959192268158,-0.0248370392328944,-0.7127527677001295,-0.7093360083856114,0,0,0.44554371647245505,Low Yield,Low Yield
1.217324345677586,-0.6231176461344542,-0.6501037159667337,-0.606725178291406,-0.5815018915496121,0,0,0.4644701704505533,Low Yield,Low Yield
1.217324345677586,-0.7128735329902869,0.1782802910731912,-0.713251244804812,-0.709470057818852,0,0,0.49126591706664935,Low Yield,Low Yield
1.3711464230678003,-0.4092575435532022,-0.2405876768358854,-0.3419983769848971,-0.3108124925251272,1,1,0.5149200499378458,High Yield,High Yield
0.9096801908971572,-0.6258190369039015,-1.0159774207991823,-0.6096214759386359,-0.6017580687116222,1,0,0.43552944503274127,High Yield,Low Yield
-0.6285405830049864,-0.0042522586241161,0.4642524289758629,-0.0727669660870866,-0.1513928417527021,1,0,0.4826669666986278,High Yield,Low Yield
1.3711464230678003,-0.138711805632417,0.4409546414932588,-0.0111953964388567,0.0444620988742045,0,1,0.5799713851838108,Low Yield,High Yield
-0.0132522734441289,1.8183586651944952,-0.0756984062723828,1.987934291187635,0.9047145282009272,1,1,0.5801942073363182,High Yield,High Yield
-1.0900068151756297,-0.696563523129591,1.9896012333827129,-0.701797026052009,-0.6943627956759104,1,0,0.4986626357092406,High Yield,Low Yield
-0.0132522734441289,-0.6173372508320882,-0.0756984062723828,-0.6010362559869782,-0.6488432045955963,1,0,0.44409156673626443,High Yield,Low Yield
-0.9361847377854152,1.98105573372698,0.2617913743735126,1.987934291187635,1.9937021534461856,1,1,0.6413089846625142,High Yield,High Yield
1.217324345677586,-0.3174973990297149,-0.9062153093494476,-0.2440021980904997,-0.1457682147205479,0,0,0.4928262625154897,Low Yield,Low Yield
0.6020360361167285,0.1889697994228092,-0.50014471766321,0.2690163846280767,0.2039558582763886,0,1,0.5198439362887574,Low Yield,High Yield
1.3711464230678003,0.4790352641937949,-0.4346812162156103,0.7441392596994986,0.8556736873742677,0,1,0.6150197479797914,Low Yield,High Yield
-1.0900068151756297,-0.6825337194560095,1.8854174654147284,-0.6917845419778869,-0.6812030647297251,1,0,0.4945783333276394,High Yield,Low Yield
-1.0900068151756297,-0.5694238736901154,0.995015404371814,-0.6110627759641567,-0.5751078425673124,0,0,0.4593797124348458,Low Yield,Low Yield
1.524968500458015,-0.7041157983990138,0.3720456926010487,-0.7018694718948512,-0.6973271408662727,0,1,0.5119380835079044,Low Yield,High Yield
0.7558581135069429,1.98105573372698,-0.5997345557050467,1.987934291187635,1.9937021534461856,0,1,0.6568300084618267,Low Yield,High Yield
-1.0900068151756297,-0.6538641206447774,0.3989529964541972,-0.6713242484351155,-0.6543114406223032,1,0,0.42723050575689303,High Yield,Low Yield
-1.2438288925658438,-0.5417128328938485,0.7507167736563363,-0.5816390693317673,-0.5426787780509821,0,0,0.44568493097689155,Low Yield,Low Yield
-0.3208964282245576,-0.6802535132688953,-0.4458379031791109,-0.6805189802141046,-0.6902116225766127,1,0,0.4124757078426597,High Yield,Low Yield
1.0635022682873716,-0.7074271806325301,0.039642048659102,-0.7069716978309017,-0.7023621683587261,0,0,0.4802371214880091,Low Yield,Low Yield
0.7558581135069429,-0.5946949486301071,-1.0184384546881895,-0.5787839476812647,-0.5632221261533085,0,0,0.4334103829945892,Low Yield,Low Yield
-0.0132522734441289,-0.560854945980578,-1.2819331497379265,-0.5346904494583921,-0.6128171469539754,1,0,0.3928140789183626,High Yield,Low Yield
0.2943918813362998,1.98105573372698,-0.8289388452346121,1.987934291187635,1.9937021534461856,1,1,0.6327052784523505,High Yield,High Yield
0.7558581135069429,-0.7129751982342983,-0.5697099422591553,-0.713386094579199,-0.7096694972195271,0,0,0.4409371981957552,Low Yield,Low Yield
1.217324345677586,-0.1069922495008412,-0.3898903994356738,0.0058341786158604,0.1543564781445594,0,1,0.5446539685148096,Low Yield,High Yield
0.4482139587265142,-0.5969896784235087,-0.7268879733037676,-0.5815355802755664,-0.5747885215596741,0,0,0.43557213156421337,Low Yield,Low Yield
1.524968500458015,-0.7012256007478309,-0.5503498089989628,-0.6981272680330582,-0.6933149214477732,1,0,0.46926582343373885,High Yield,Low Yield
-0.474718505614772,-0.6797742342614126,0.6880424439496118,-0.6814735683310618,-0.6823844434747077,0,0,0.4599905401674342,Low Yield,Low Yield
-1.8591172021267013,-0.645004720809493,-1.110809259988938,-0.6647443769295691,-0.6306348232470754,0,0,0.3379773398443904,Low Yield,Low Yield
0.9096801908971572,0.6506316724788538,-0.8090865051966183,0.909846495077948,0.97866513220535,1,1,0.5924833409577672,High Yield,High Yield
-1.8591172021267013,-0.5168919897487647,-0.1647878330544543,-0.5728327981399474,-0.4816268900394023,1,0,0.3877227408543586,High Yield,Low Yield
-1.5514730473462726,0.2412838292698496,0.0583459062155591,0.04996874663557,0.2569511573836475,0,0,0.45747774356577636,Low Yield,Low Yield
-0.3208964282245576,-0.6958373428152235,-1.3780775403351524,-0.6961903834813166,-0.699566747250903,0,0,0.3702691499423903,Low Yield,Low Yield
1.217324345677586,0.1246883179949911,-0.4190946682518961,0.2808024331501406,0.4846717189741575,0,1,0.5734869536961104,Low Yield,High Yield
1.217324345677586,-0.7078338416085759,-0.0373062776038656,-0.7072699268306775,-0.7022847902305953,1,0,0.48186329129832434,High Yield,Low Yield
0.2943918813362998,-0.3766956182569599,-0.3086986535371664,-0.2886862421540701,-0.2933086880757126,0,0,0.4782251347373434,Low Yield,Low Yield
-0.3208964282245576,-0.2695677554487002,0.1272548551077692,-0.267525363480328,-0.443672961784567,0,0,0.45850924143111216,Low Yield,Low Yield
-0.1670743508343432,-0.6526150905040652,2.151865401131274,-0.6483177676285193,-0.6895490042399435,1,1,0.5384305665414236,High Yield,High Yield
-0.7823626603952007,1.98105573372698,0.4032187885284771,1.987934291187635,1.9937021534461856,1,1,0.6521097869884142,High Yield,High Yield
1.0635022682873716,1.98105573372698,-0.3608501995453852,1.987934291187635,1.9937021534461856,0,1,0.676017878752003,Low Yield,High Yield
1.0635022682873716,1.8907443189306556,-1.0773391990984358,1.987934291187635,1.9937021534461856,1,1,0.6522859130857976,High Yield,High Yield
-0.3208964282245576,-0.2601291541946762,-0.56692077051828,-0.258033721769894,-0.4380068775130594,1,0,0.4269581007942592,High Yield,Low Yield
0.1405698039460854,-0.6813137365278719,-1.5987502457161584,-0.6737064433607816,-0.6812575563692539,1,0,0.3772134400503682,High Yield,Low Yield
-1.0900068151756297,-0.6406040681044255,1.9896012333827129,-0.661861103549325,-0.6418737238998734,0,1,0.5017921701609767,Low Yield,High Yield
1.0635022682873716,-0.7054229229648755,2.151865401131274,-0.7046562665065129,-0.6997302221694891,0,1,0.5785293066683194,Low Yield,High Yield
1.524968500458015,-0.7119440221878964,1.3311926336102389,-0.7120053908973958,-0.7081944085374847,1,1,0.5554659364575817,High Yield,High Yield
0.2943918813362998,-0.7044062705247609,0.2730496282056126,-0.7025287432976901,-0.6990599750032859,0,0,0.4655213133122982,Low Yield,Low Yield
0.4482139587265142,-0.3482148263274635,0.3262704622655091,-0.2987314905366839,-0.2854384605785799,1,1,0.5108512818772726,High Yield,High Yield
1.217324345677586,-0.7059283444636754,2.151865401131274,-0.7050084025707164,-0.6995680550502515,1,1,0.5836270856773598,High Yield,High Yield
-0.9361847377854152,1.98105573372698,1.83882189044952,1.987934291187635,1.9937021534461856,1,1,0.705964901282444,High Yield,High Yield
0.7558581135069429,-0.4997250871171151,-1.7487092440196823,-0.4707088692719338,-0.4456362519634751,1,0,0.41055362410462726,High Yield,Low Yield
-1.705295124736487,-0.6302487368215438,0.1106633849727103,-0.6518863291950913,-0.6197016206920336,1,0,0.39648452007793006,High Yield,Low Yield
-1.705295124736487,-0.707964554065162,1.8142115515594448,-0.7097684226797492,-0.7042612019963019,0,0,0.46911002922531997,Low Yield,Low Yield
-1.2438288925658438,-0.5257659131903365,0.5010038683850417,-0.5693616240626705,-0.5271225047983238,0,0,0.4351747676308696,Low Yield,Low Yield
1.217324345677586,-0.7015596436924401,2.151865401131274,-0.6998234445112937,-0.693339442685561,0,1,0.5841881160922515,Low Yield,High Yield
-0.474718505614772,-0.3187609527767145,-0.3088403500243599,-0.3339166386709069,-0.3843947330463355,1,0,0.4370303805610557,High Yield,Low Yield
1.217324345677586,0.0588092398755643,0.1782802910731912,0.2026143687966116,0.3907455697512978,1,1,0.5921707288223387,High Yield,High Yield
0.7558581135069429,-0.7016467853301641,-1.6151571383095418,-0.7004944351267937,-0.6956433492048353,0,0,0.39467690249622744,Low Yield,Low Yield
1.217324345677586,0.7652229260860577,-0.8186025029007805,1.0410158816033352,1.3979047346654667,1,1,0.6364461234971193,High Yield,High Yield
0.1405698039460854,-0.6715538731027717,-0.8381267050869068,-0.6614851438935986,-0.6724691447460623,0,0,0.41202781714642184,Low Yield,Low Yield
0.6020360361167285,-0.1601050776936859,-0.591695178334289,-0.1112029979751656,-0.1496649118632465,1,0,0.48417049633102693,High Yield,Low Yield
-1.705295124736487,1.98105573372698,-0.0858706796802805,1.987934291187635,1.9937021534461856,0,1,0.6015366668612283,Low Yield,High Yield
-0.1670743508343432,1.98105573372698,-0.7746320307505132,1.987934291187635,0.2832526370349736,0,0,0.4779985298866539,Low Yield,Low Yield
-1.3976509699560582,-0.6583664385938565,1.8665495389323377,-0.673088885523188,-0.6564747587115932,0,0,0.4849152920410293,Low Yield,Low Yield
1.217324345677586,1.98105573372698,0.7594124267308293,1.987934291187635,1.9937021534461856,0,1,0.7242804531876154,Low Yield,High Yield
-0.3208964282245576,1.98105573372698,-1.1390291152495573,1.987934291187635,1.9937021534461856,0,1,0.5992936549699907,Low Yield,High Yield
1.524968500458015,-0.6898390934185473,-0.9067075161272492,-0.6833841131202661,-0.6775079866532828,0,0,0.45425964343837927,Low Yield,Low Yield
-0.3208964282245576,-0.6634206535818548,0.3823820349348802,-0.6635915278499868,-0.6801066929424073,0,0,0.4512503629046799,Low Yield,Low Yield
0.9096801908971572,-0.6817930155353545,-1.0159774207991823,-0.6762520689695152,-0.6710616256970355,0,0,0.42912733623810906,Low Yield,Low Yield
-1.5514730473462726,-0.6769566546416664,0.6809874801344571,-0.6846676953599226,-0.6732472853585324,0,0,0.42402714090715926,Low Yield,Low Yield
-0.6285405830049864,-0.6990470598047281,-1.0094146637618289,-0.7008629947303551,-0.6988262058697077,1,0,0.37660893815991425,High Yield,Low Yield
-0.3208964282245576,1.98105573372698,-0.1803743810181684,1.987934291187635,1.9937021534461856,1,1,0.6414671265303434,High Yield,High Yield
0.4482139587265142,-0.679541856560815,-0.0940741259769722,-0.675379847078988,-0.6708049700748553,1,0,0.45613292494698776,High Yield,Low Yield
1.0635022682873716,1.98105573372698,0.1531777454053148,1.987934291187635,1.9937021534461856,1,1,0.6966985473646515,High Yield,High Yield
-0.0132522734441289,0.7594280071774044,-0.5984220042975762,1.016153440561573,0.2292977401556139,1,1,0.5082278335514396,High Yield,High Yield
-0.6285405830049864,-0.6399214586089199,-0.1953046532781475,-0.6474133211877068,-0.6522407583202119,1,0,0.4162386473838945,High Yield,Low Yield
1.0635022682873716,-0.4221980767552324,1.525286172989964,-0.3774589747898013,-0.3278057103121577,1,1,0.5831860537393391,High Yield,High Yield
0.6020360361167285,-0.5094994741485027,-0.4876754792922384,-0.4917704074732395,-0.5036093623416823,1,0,0.45768888999475377,High Yield,Low Yield
0.9096801908971572,-0.7104626143465865,0.3370990113771419,-0.7103799336926485,-0.7065585695188327,1,0,0.4885458858245721,High Yield,Low Yield
-0.3208964282245576,-0.6984080211280848,2.151865401131274,-0.698775507785414,-0.7011099504823561,1,1,0.532040241387279,High Yield,High Yield
1.524968500458015,-0.3270394083605049,0.0905034156985903,-0.2136341007203317,-0.1738635591451593,0,1,0.5502435253927865,Low Yield,High Yield
0.7558581135069429,-0.7042755580681748,1.064088422189958,-0.7034859612304928,-0.6988981348338855,0,1,0.5179895774178083,Low Yield,High Yield
-0.474718505614772,-0.5732726293562636,1.7843510070394866,-0.5789416873640135,-0.5944752610886092,1,1,0.5180312620593845,High Yield,High Yield
0.6020360361167285,-0.6273730627766482,-0.2158132690198767,-0.6201606928573842,-0.6230179818737512,1,0,0.4597738334565751,High Yield,Low Yield
-0.474718505614772,-0.7060038672163695,0.2730496282056126,-0.7067255221052999,-0.7040350616922577,1,0,0.4391146900417246,High Yield,Low Yield
-1.0900068151756297,-0.553506001199178,-0.4336968026600074,-0.5997028561450698,-0.5601771333364438,0,0,0.39499387696251514,Low Yield,Low Yield
0.7558581135069429,-0.7128009149588501,-0.0609322029383378,-0.7131877613568542,-0.7094537103269934,1,0,0.46451776864089545,High Yield,Low Yield
-0.1670743508343432,-0.7129751982342983,-0.0056409748986358,-0.7134034369118364,-0.7099310570892651,0,0,0.4360950576929209,Low Yield,Low Yield
-0.9361847377854152,-0.0372498921089789,-0.3349273092478396,-0.2093084368497117,-0.1013008571995333,1,0,0.4320004812495226,High Yield,Low Yield
0.9096801908971572,0.2368977001710694,0.5740145404255975,0.4173437177892461,0.4664050315713408,0,1,0.6082548972022186,Low Yield,High Yield
1.3711464230678003,-0.7125540136519651,-0.5756164235927733,-0.7128464896509353,-0.7090946104224992,0,0,0.461354704219011,Low Yield,Low Yield
-0.6285405830049864,-0.534625313025621,-1.3132703145912883,-0.5522253739550369,-0.5692772371377396,0,0,0.3721237200645886,Low Yield,Low Yield
-0.1670743508343432,1.98105573372698,-0.7802103742322635,1.987934291187635,1.9937021534461856,1,1,0.6202097986277509,High Yield,High Yield
1.0635022682873716,-0.7016758325427388,-0.7618346545276743,-0.7003274166391773,-0.6948096271200459,0,0,0.44370052879798794,Low Yield,Low Yield
-0.3208964282245576,-0.4610922943927599,1.0506347702633836,-0.4601261793732591,-0.5586470080984774,1,0,0.4922121198429302,High Yield,Low Yield
-0.7823626603952007,0.8301143989779445,-0.24206429716929,0.5467738774663449,0.5060101000972079,1,0,0.4822797238398814,High Yield,Low Yield
-1.5514730473462726,1.6879221571277907,0.1922261497775671,1.207348814986244,1.7224286040459524,1,1,0.5626179485271728,High Yield,High Yield
-1.0900068151756297,-0.6356515183604385,-0.8307436034198843,-0.6583266759413793,-0.6372283116300502,1,0,0.3730931496994925,High Yield,Low Yield
-0.474718505614772,1.98105573372698,0.4335715398262363,1.987934291187635,1.9937021534461856,0,1,0.6627725248921215,Low Yield,High Yield
1.524968500458015,-0.2079022659853599,-0.9067075161272492,-0.0593763204274309,-0.0084754390951538,1,1,0.5201101206195353,High Yield,High Yield
1.0635022682873716,1.98105573372698,-0.5229502983680125,1.987934291187635,1.9937021534461856,1,1,0.6693457677308658,High Yield,High Yield
-1.705295124736487,1.98105573372698,-0.6635573678933079,1.987934291187635,1.9937021534461856,0,1,0.5753899998648145,Low Yield,High Yield
-0.0132522734441289,0.0637472660132639,-0.5984220042975762,0.1989860112174558,-0.2144276805267318,0,0,0.46342241326151656,Low Yield,Low Yield
0.6020360361167285,-0.5881157549819368,0.083940658661237,-0.5774008430060605,-0.583249438429298,0,0,0.47724418524420914,Low Yield,Low Yield
-0.0132522734441289,-0.7002960899454405,2.151865401131274,-0.6984821924465523,-0.7017567662435621,1,1,0.5425104506706797,High Yield,High Yield
-0.1670743508343432,-0.6711472121267258,-1.108840432877732,-0.6683007594489025,-0.6958068241234214,1,0,0.38748101877304736,High Yield,Low Yield
0.9096801908971572,-0.6755042940129313,-1.402031603521492,-0.6687660682475716,-0.6632753153247771,0,0,0.41225474939111156,Low Yield,Low Yield
-1.8591172021267013,-0.2587929824162399,-0.3462480651372743,-0.3876655079607877,-0.1814319029593028,1,0,0.3981673371486975,High Yield,Low Yield
0.9096801908971572,-0.7129025802028616,0.5740145404255975,-0.7132844328180216,-0.7095795860143047,0,0,0.49933207756924786,Low Yield,Low Yield
-1.3976509699560582,-0.5819141750972378,0.9817258213711736,-0.6165109617291282,-0.5818953211870094,0,0,0.44840922862623356,Low Yield,Low Yield
0.1405698039460854,-0.7124378248016663,-0.0248370392328944,-0.7126800218699678,-0.7092836964116638,0,0,0.4455490246672078,Low Yield,Low Yield
1.0635022682873716,1.581275316159768,-1.0773391990984358,1.937066311254683,1.9937021534461856,1,1,0.6700427814635392,High Yield,High Yield
-0.7823626603952007,1.4990136101482088,-0.4092505326958661,1.0930690747587946,1.033040159625476,1,1,0.50844691526721,High Yield,High Yield
-0.474718505614772,-0.4643891530199888,-1.274221910219036,-0.4741167164639782,-0.5046000203483143,0,0,0.3842802998543261,Low Yield,Low Yield
1.3711464230678003,-0.7126847261085513,-0.2405876768358854,-0.7130063150119464,-0.7092662590870147,0,0,0.4769353827005858,Low Yield,Low Yield
0.2943918813362998,-0.4227935446130139,0.2730496282056126,-0.3469000384060577,-0.3503843211508818,1,0,0.499782638161806,High Yield,Low Yield
-0.3208964282245576,-0.6635077952195789,0.3823820349348802,-0.663679159182329,-0.680159004916355,1,0,0.45124614595389456,High Yield,Low Yield
-0.474718505614772,-0.608695705091114,-1.3085123157392071,-0.6130444089893553,-0.6237143850269283,0,0,0.3739725089150195,Low Yield,Low Yield
-0.474718505614772,-0.537805982802551,-0.8563383558655622,-0.5447970189716052,-0.565200172668201,0,0,0.39835665134417,Low Yield,Low Yield
0.6020360361167285,-0.711682597274724,-0.0302513137887108,-0.7119923348799272,-0.7084254530890866,1,0,0.46085307119934404,High Yield,Low Yield
-0.0132522734441289,-0.6144180059683305,0.5905855019449145,-0.5976072235590415,-0.6469812252729,1,0,0.4752048815666169,High Yield,Low Yield
-1.705295124736487,1.98105573372698,-0.9705303283155104,1.987934291187635,1.9937021534461856,1,1,0.5613124387456279,High Yield,High Yield
-0.7823626603952007,-0.707136708506783,2.151865401131274,-0.7087110790522266,-0.7052000929453817,0,1,0.5160365395295534,Low Yield,High Yield
-1.2438288925658438,-0.6095380742557804,-0.1971094114634195,-0.6338573474799293,-0.6088425267667508,0,0,0.39831965689410476,Low Yield,Low Yield
-0.6285405830049864,-0.5632222938054162,0.2235633146309295,-0.5780771074862268,-0.591808985166469,0,0,0.4397038807643264,Low Yield,Low Yield
-0.1670743508343432,-0.710317378283713,-0.016469524010269,-0.7105375376147125,-0.7090335797862269,0,0,0.435680867426848,Low Yield,Low Yield
-1.5514730473462726,-0.4805829740303858,0.0583459062155591,-0.5275593293561732,-0.4743162916802296,0,0,0.40884665659597846,Low Yield,Low Yield
0.9096801908971572,-0.6860484321775485,-0.2361578158356718,-0.681317653753648,-0.6763304223230673,1,0,0.4646557595682634,High Yield,Low Yield
-0.6285405830049864,-0.7090102537178513,-0.4784876194399439,-0.7098697439443704,-0.7066762714602146,0,0,0.39963294837495666,Low Yield,Low Yield
0.1405698039460854,1.98105573372698,-0.1150749484965028,1.987934291187635,1.9937021534461856,1,1,0.6584637715451479,High Yield,High Yield
0.1405698039460854,-0.6696948514979907,1.9029728404896484,-0.6591572773284209,-0.6707951615797402,0,1,0.5393014703514449,Low Yield,High Yield
1.0635022682873716,-0.2575729994881023,-0.1119576389037598,-0.1872748149206189,-0.1116237533918535,1,1,0.5272221516497642,High Yield,High Yield
-1.2438288925658438,-0.6200531652078229,-0.597601659667907,-0.6419528578395158,-0.6191000329916365,1,0,0.3798932261598214,High Yield,Low Yield
-0.0132522734441289,0.758585638012738,-1.0765188544687667,1.0151639685176912,0.2287604525898608,0,0,0.4858337054549782,Low Yield,Low Yield
-1.3976509699560582,-0.6473284978154692,0.4342278155299714,-0.6649203402945624,-0.6457072107407187,1,0,0.41935405664179987,High Yield,Low Yield
0.2943918813362998,-0.7124087775890916,0.5239735180157784,-0.7126345409457195,-0.7089681898187926,0,0,0.47623644882339333,Low Yield,Low Yield
-0.474718505614772,-0.7047273874597743,0.160724915998271,-0.7054966216527984,-0.7029814222486583,1,0,0.4340309439543563,High Yield,Low Yield
0.2943918813362998,-0.6675163105548879,0.2907569967335177,-0.6559430336316382,-0.6533850827503149,1,0,0.4708225193286212,High Yield,Low Yield
-0.0132522734441289,-0.7126992497148387,0.1106633849727103,-0.7130513152995768,-0.7096678624703413,1,0,0.44661992178574195,High Yield,Low Yield
-0.0132522734441289,-0.7091700133870122,-0.0756984062723828,-0.7089057686329667,-0.7074168128414099,0,0,0.4382503940621693,Low Yield,Low Yield
0.6020360361167285,-0.701022270259808,-0.0302513137887108,-0.7003808921160087,-0.6976262999672853,0,0,0.4618065708405575,Low Yield,Low Yield
1.217324345677586,-0.6828096679754692,-0.8186025029007805,-0.6775701836910983,-0.6666069341655629,1,0,0.4488272196153065,High Yield,Low Yield
0.6020360361167285,-0.6994827679933487,1.1096995835995638,-0.6987040352590942,-0.6960667492439734,1,1,0.5151426546515108,High Yield,High Yield
1.3711464230678003,-0.6208955343724893,2.151865401131274,-0.6007733948352783,-0.5887307524494917,1,1,0.5989083290444455,High Yield,High Yield
1.217324345677586,-0.7131930523286086,0.1782802910731912,-0.7136304638118176,-0.7099256079253121,1,0,0.491223708148224,High Yield,Low Yield
1.524968500458015,-0.7089085884738399,1.3311926336102389,-0.7080751365902866,-0.7039805700527291,1,1,0.5558764129345636,High Yield,High Yield
0.1405698039460854,-0.7053503049334388,-0.0776672333835888,-0.7038050305902277,-0.7029016355900605,1,0,0.44375755152037494,High Yield,Low Yield
1.524968500458015,-0.713251146753758,-0.5503498089989628,-0.7136978449052419,-0.710008980133791,0,0,0.46762577565563596,Low Yield,Low Yield
1.3711464230678003,-0.7070205196564842,0.4890268367918719,-0.706080549368133,-0.7018281502913447,1,1,0.5117255740525912,High Yield,High Yield
-1.0900068151756297,-0.11665044768193,1.8770499501921023,-0.2879373194312805,-0.150413626990371,1,1,0.5258112433583684,High Yield,High Yield
-0.6285405830049864,-0.3504514616957156,-0.0835737147172067,-0.3857318072160731,-0.4241654561563698,1,0,0.43756381695310564,High Yield,Low Yield
-0.6285405830049864,-0.506493087647021,-0.7536312082309826,-0.5267937803288739,-0.5471116729266432,0,0,0.3984199281734513,Low Yield,Low Yield
-1.3976509699560582,1.98105573372698,-1.0563383765789054,1.987934291187635,1.9937021534461856,0,1,0.5676139782467153,Low Yield,High Yield
-1.3976509699560582,-0.7074852750576794,-0.6195868957430406,-0.7094389117905721,-0.704390347181985,0,0,0.3688577850181401,Low Yield,Low Yield
-0.474718505614772,0.2231293214106601,-0.0819330254578684,0.1877753033393935,0.0628955306939791,0,0,0.48239988662482347,Low Yield,Low Yield
0.2943918813362998,-0.5379076480465624,-1.4693968129593185,-0.4922694615608323,-0.4929115636694045,1,0,0.4054713815340743,High Yield,Low Yield
0.9096801908971572,-0.6987420640726938,-1.5428027419727215,-0.6964279646796958,-0.6920469009959399,0,0,0.4032844474866589,Low Yield,Low Yield
-0.474718505614772,-0.6190510363739957,-0.0819330254578684,-0.6230137572955744,-0.6322619436034029,0,0,0.4283483817762043,Low Yield,Low Yield
-0.6285405830049864,-0.7086035927418055,0.4642524289758629,-0.7095021215274717,-0.7063558606197858,0,0,0.44258881312952103,Low Yield,Low Yield
0.6020360361167285,-0.7123797303765169,0.6042032227974231,-0.7127516662868321,-0.7091316647373788,0,0,0.4903631122585605,Low Yield,Low Yield
-0.1670743508343432,1.98105573372698,-1.0189306614659912,1.987934291187635,1.882846541654544,1,1,0.6006683676393592,High Yield,High Yield
-1.5514730473462726,-0.696476381491867,1.56023285421387,-0.7002844133474264,-0.6930212115107134,0,0,0.4632529170163223,Low Yield,Low Yield
0.6020360361167285,-0.6952709221700167,0.79025738480639,-0.6941164080090446,-0.6918000538688748,1,1,0.5005968290554247,High Yield,High Yield
-0.3208964282245576,-0.2736796788607752,-1.1390291152495573,-0.2716603939491193,-0.4461413894619063,0,0,0.4003821008950873,Low Yield,Low Yield
0.1405698039460854,-0.7083857386474952,1.6097816698458882,-0.7076060002161819,-0.7056349362288209,1,1,0.5220880547876279,High Yield,High Yield
1.524968500458015,-0.7123071123450802,2.151865401131274,-0.7124755170106863,-0.7086984562031254,1,1,0.5929083662803394,High Yield,High Yield
0.7558581135069429,1.98105573372698,-0.2110552701677953,1.987934291187635,1.9937021534461856,1,1,0.6730165947955763,High Yield,High Yield
1.3711464230678003,-0.6998894289693945,-1.3682334047791225,-0.6973611880063064,-0.6924637620383346,1,0,0.426359524690589,High Yield,Low Yield
-0.1670743508343432,-0.7116680736684367,0.285089161856117,-0.7119939782411197,-0.7094896748090824,0,0,0.44954529496961443,Low Yield,Low Yield
-0.9361847377854152,-0.6987420640726938,0.5622015777583614,-0.7028798817398293,-0.6969511485535245,1,0,0.4373585978363099,High Yield,Low Yield
-1.705295124736487,0.4794854959887027,0.0237273628435201,0.174634485805698,0.5877573678853992,1,0,0.46965859307637586,High Yield,Low Yield
-0.7823626603952007,0.8340648198881041,-0.4092505326958661,0.5500002170022045,0.5091226625470883,0,0,0.47468109314508633,Low Yield,Low Yield
0.6020360361167285,-0.5512112714057765,1.9695848244187848,-0.5372037366530403,-0.545864359297831,1,1,0.568247994843101,High Yield,High Yield
-0.7823626603952007,0.230768738317807,-0.5170438170343947,0.0572836067813631,0.0337817375265759,1,0,0.43926742643737726,High Yield,Low Yield
-0.7823626603952007,-0.7083276442223458,2.151865401131274,-0.7096837255299491,-0.7061384389780663,0,1,0.5159760860693317,Low Yield,High Yield
-0.474718505614772,-0.3269377431164935,-0.5101529221451736,-0.341788648623784,-0.3911440675183624,1,0,0.42727562439876915,High Yield,Low Yield
-1.0900068151756297,-0.0752726933692653,-0.9291849589801844,-0.2584077468358623,-0.1116019567360421,0,0,0.39842891486603904,Low Yield,Low Yield
0.9096801908971572,-0.515003920931409,-0.8090865051966183,-0.4777088073279435,-0.4645535695422646,0,0,0.45784942049826144,Low Yield,Low Yield
1.217324345677586,-0.7131785287223212,-0.3980938457323655,-0.7136132265842265,-0.7099049011022912,0,0,0.4643479159721713,Low Yield,Low Yield
1.524968500458015,-0.0773640926746439,-0.2829174597268143,0.1096434198227936,0.1727397776559676,0,1,0.5667476639996448,Low Yield,High Yield
0.1405698039460854,-0.7123361595576548,-0.444853489623508,-0.7125527166671846,-0.7091921504572556,0,0,0.42625359259050366,Low Yield,Low Yield
-0.7823626603952007,-0.4364457345231243,-0.1259034976081356,-0.4876356515913818,-0.4919209056627723,0,0,0.4239379983898915,Low Yield,Low Yield
-0.6285405830049864,-0.5926471201435906,0.2235633146309295,-0.6046772152232461,-0.6149929981203571,1,0,0.4380444296804473,High Yield,Low Yield
0.7558581135069429,-0.6841022689350434,0.1909135983700965,-0.6805288907440943,-0.6739208020231074,0,0,0.4794726840973254,Low Yield,Low Yield
1.524968500458015,1.98105573372698,0.6009218442787464,1.987934291187635,1.9937021534461856,1,1,0.7266793143966065,High Yield,High Yield
-1.2438288925658438,-0.515744624852064,-1.1495295265093226,-0.5616462896039486,-0.5173467046668719,0,0,0.36197773691213075,Low Yield,Low Yield
0.9096801908971572,-0.7061491032792431,-0.0965351598659797,-0.7052451941674354,-0.7012178439286231,1,0,0.46882064587201694,High Yield,Low Yield
-0.9361847377854152,-0.6781330667509419,1.3889448955389478,-0.6875025076499185,-0.6783934757956245,0,0,0.47681949114790073,Low Yield,Low Yield
-1.5514730473462726,-0.6289706594682568,0.0583459062155591,-0.6462765969739757,-0.6246363835677542,1,0,0.39903572159573414,High Yield,Low Yield
0.4482139587265142,-0.7129751982342983,-0.0940741259769722,-0.7133864449293532,-0.7096912938753386,0,0,0.4526117886031358,Low Yield,Low Yield
-1.3976509699560582,-0.7130768634783098,0.1106633849727103,-0.7135769248340207,-0.7098449602988096,1,0,0.40083920877481427,High Yield,Low Yield
-0.9361847377854152,-0.709736434032219,-1.1147469142113495,-0.7110833152747571,-0.7068511896231019,1,0,0.36174242277477103,High Yield,Low Yield
0.1405698039460854,-0.4564156931682328,2.151865401131274,-0.3920891483468997,-0.4787448272247285,1,1,0.5702684017963436,High Yield,High Yield
1.0635022682873716,-0.6959971024843844,-0.1119576389037598,-0.6937670278867424,-0.6873524462505409,0,0,0.47453848507184165,Low Yield,Low Yield
-1.2438288925658438,-0.6409235874427471,-0.1971094114634195,-0.658020880473115,-0.639459199352356,1,0,0.39641812843027446,High Yield,Low Yield
-0.3208964282245576,-0.6081873788710568,-0.1984219628708901,-0.6080478683670354,-0.6469496201219734,0,0,0.42717076594237746,Low Yield,Low Yield
-1.0900068151756297,-0.7127282969274134,-1.179718208881148,-0.7133331490069759,-0.7095250943747761,0,0,0.35401186932956513,Low Yield,Low Yield
-0.9361847377854152,-0.6257754660850395,0.2617913743735126,-0.6484359582530697,-0.6312473092753782,0,0,0.4275254716279828,Low Yield,Low Yield
0.2943918813362998,-0.7130768634783098,-0.7867731312696169,-0.71347821915227,-0.7097953729068385,0,0,0.4156910165274945,Low Yield,Low Yield
-0.1670743508343432,-0.452131229313464,-0.3811947463611807,-0.4321381288443737,-0.6218507709550462,1,0,0.42705501904747156,High Yield,Low Yield
0.9096801908971572,-0.6898245698122599,-0.2361578158356718,-0.6858127119238682,-0.6810058049946311,0,0,0.46421801820429437,Low Yield,Low Yield
-0.7823626603952007,-0.1043634767628305,-0.7734835482689763,-0.2164214843581903,-0.2302711247197064,1,0,0.41091299986447866,High Yield,Low Yield
1.217324345677586,-0.6993520555367626,0.6773779637639127,-0.6972033859174365,-0.6901920055863824,1,1,0.5163717508768798,High Yield,High Yield
-0.9361847377854152,1.98105573372698,0.6023984646121506,1.987934291187635,1.9937021534461856,1,1,0.6558206534789536,High Yield,High Yield
1.3711464230678003,-0.5329696219088629,-0.625001170298857,-0.4932642019951597,-0.4732684174520924,1,0,0.4814715862552202,High Yield,Low Yield
-1.0900068151756297,-0.7131930523286086,-1.2691357735150872,-0.7136648254980441,-0.7099610274910058,1,0,0.350174849304477,High Yield,Low Yield
0.9096801908971572,-0.7006591801026242,1.5482558226207008,-0.6987100711353461,-0.6944205568138109,0,1,0.546158912505375,Low Yield,High Yield
0.2943918813362998,-0.4185236043645325,-0.3086986535371664,-0.3415078342163651,-0.3450975422838056,0,0,0.4731402542677659,Low Yield,Low Yield
-0.7823626603952007,1.98105573372698,1.919215664157098,1.987934291187635,1.9937021534461856,1,1,0.7133545447060503,High Yield,High Yield
-0.6285405830049864,1.98105573372698,-0.6968633598578762,1.987934291187635,1.9937021534461856,1,1,0.6090948856104926,High Yield,High Yield
-1.705295124736487,1.98105573372698,-0.5231143672939467,1.987934291187635,1.9937021534461856,0,1,0.5817914800293871,Low Yield,High Yield
0.4482139587265142,-0.7091700133870122,1.3461229058702175,-0.7090607591618486,-0.7052654829128162,1,1,0.5201713336825838,High Yield,High Yield
0.2943918813362998,-0.6907540806146505,1.3561311103521811,-0.6852883625551355,-0.6821566684214777,1,1,0.5177415399696179,High Yield,High Yield
-1.2438288925658438,1.98105573372698,-0.8486271163466721,1.987934291187635,1.9937021534461856,1,1,0.5821948771490887,High Yield,High Yield
1.524968500458015,-0.7118714041564597,0.0872220371799137,-0.7119113656747377,-0.7080935990043566,0,0,0.49756691381737783,Low Yield,Low Yield
0.7558581135069429,-0.5177198353071437,0.1909135983700965,-0.4911867744790237,-0.4679162486175817,1,0,0.49820382839011274,High Yield,Low Yield
-0.3208964282245576,-0.4183320379976024,0.1272548551077692,-0.4171256306451206,-0.5329776096690286,1,0,0.4513004064451702,High Yield,Low Yield
-0.9361847377854152,-0.7091119189618629,0.103628929773297,-0.7106173342417293,-0.7062888359031655,0,0,0.4158328586443382,Low Yield,Low Yield
-0.1670743508343432,0.4742424741189688,-0.4089223948439983,0.5667608917444371,-0.3090382447420721,1,0,0.4549728619296276,High Yield,Low Yield
-0.3208964282245576,-0.6093783145866195,2.151865401131274,-0.6092454965757133,-0.6476645504325902,0,1,0.5363695277599038,Low Yield,High Yield
0.7558581135069429,-0.6667029886027962,-1.1149109831372837,-0.660728624046682,-0.6523780772518243,0,0,0.42105805652018924,Low Yield,Low Yield
0.7558581135069429,-0.7017484505741756,1.064088422189958,-0.7006101295064947,-0.6957692248921465,1,1,0.5182738771540312,High Yield,High Yield
-0.3208964282245576,-0.7117987861250229,2.151865401131274,-0.7122415225220117,-0.7091485571456326,0,1,0.5313886491358092,Low Yield,High Yield
-0.9361847377854152,-0.61815057278418,-0.6642136435970434,-0.642746654942849,-0.6243813626947597,1,0,0.3861834546930467,High Yield,Low Yield
1.3711464230678003,0.1698567335486545,-0.2405876768358854,0.3660990057879616,0.4496673795736999,1,1,0.5865796326665648,High Yield,High Yield
1.0635022682873716,-0.61765677017041,0.3507167322296504,-0.603263864381284,-0.5844776799842752,1,1,0.5055623552156614,High Yield,High Yield
-0.3208964282245576,-0.543339476798032,-1.3780775403351524,-0.5428355518823187,-0.6080207928426576,0,0,0.3772445272305772,Low Yield,Low Yield
0.2943918813362998,-0.6299001702706474,0.2907569967335177,-0.6084402824367271,-0.6068110784451202,0,0,0.4753929704908993,Low Yield,Low Yield
1.217324345677586,-0.2445453246483479,-0.330497448247626,-0.1574196039000728,-0.0417578426865038,0,1,0.529338792981855,Low Yield,High Yield
-0.9361847377854152,-0.7085454983166561,2.151865401131274,-0.7101947002815416,-0.7057787941571767,1,1,0.5107799892380475,High Yield,High Yield
-1.0900068151756297,-0.6212586245296732,-0.7119577010437887,-0.64805506960861,-0.6237280079368105,0,0,0.3790590868006824,Low Yield,Low Yield
-1.0900068151756297,-0.6945883126745113,-1.179718208881148,-0.700387400964969,-0.692510079931934,1,0,0.3549404161071397,High Yield,Low Yield
-1.8591172021267013,-0.4155317414693381,1.4893550782104543,-0.5001141825212227,-0.3637347728354175,0,0,0.47074736466160294,Low Yield,Low Yield
0.2943918813362998,-0.1152997522972063,0.5239735180157784,0.0414120265741196,0.0303356862427798,1,1,0.5488236317083782,High Yield,High Yield
-0.7823626603952007,-0.6539076914636395,-0.4008830174732407,-0.6652385261150018,-0.6632606025821044,0,0,0.40077577400392506,Low Yield,Low Yield
-1.5514730473462726,1.98105573372698,-1.678651812645935,1.987934291187635,1.9937021534461856,1,1,0.5336859271189317,High Yield,High Yield
0.9096801908971572,1.98105573372698,-0.5615064959624635,1.987934291187635,1.9937021534461856,1,1,0.6631096301333784,High Yield,High Yield
1.524968500458015,-0.2635567252784911,0.0905034156985903,-0.131437251072609,-0.0857358652845505,0,1,0.5588322984303998,Low Yield,High Yield
0.4482139587265142,1.98105573372698,-0.5967813150382378,1.987934291187635,1.9937021534461856,1,1,0.6475021354983941,High Yield,High Yield
-0.474718505614772,-0.046632141770608,-0.5101529221451736,-0.0719311138271075,-0.1597725660794283,1,0,0.4451310383466334,High Yield,Low Yield
-0.7823626603952007,1.98105573372698,-0.24206429716929,1.987934291187635,1.9937021534461856,1,1,0.6242657866551741,High Yield,High Yield
0.7558581135069429,-0.4732630764615606,0.8726199856251744,-0.4405952750125974,-0.4128726087804384,1,1,0.5350146108536386,High Yield,High Yield
-0.9361847377854152,1.98105573372698,-0.8195869164563835,1.987934291187635,1.9937021534461856,1,1,0.5936060547339677,High Yield,High Yield
-0.3208964282245576,-0.6959390080592349,1.2911598156823834,-0.6962926200357159,-0.6996277778871751,0,0,0.4919795917706173,Low Yield,Low Yield
1.3711464230678003,-0.7094750091190466,1.059002285486009,-0.7090817144804522,-0.7050513307694684,0,1,0.5379853251427977,Low Yield,High Yield
1.3711464230678003,-0.6884012563960995,-0.5756164235927733,-0.6833143146107772,-0.6773777516348092,0,0,0.4643632324838581,Low Yield,Low Yield
-0.7823626603952007,-0.2456055479073246,-1.0620807889865895,-0.3317749843075796,-0.3415566755472295,1,0,0.3910616448521089,High Yield,Low Yield
1.217324345677586,-0.5660979678503119,-0.330497448247626,-0.5390518227684883,-0.5002069043695092,1,0,0.48688499463229856,High Yield,Low Yield
0.4482139587265142,-0.7101866658271269,-0.4108912219552044,-0.7102164767333193,-0.7064479514905894,0,0,0.4382749790986648,Low Yield,Low Yield
-1.5514730473462726,1.98105573372698,-0.3291848968401554,1.987934291187635,1.9937021534461856,1,1,0.5956139731578093,High Yield,High Yield
0.7558581135069429,-0.6808054103078146,2.151865401131274,-0.6767770872880737,-0.6698388333060112,1,1,0.5709965495262396,High Yield,High Yield
0.7558581135069429,1.98105573372698,-0.7808666499359989,1.987934291187635,1.9937021534461856,1,1,0.6491574553625599,High Yield,High Yield
-0.474718505614772,-0.6831001401012161,0.6516191423923007,-0.6846755048838306,-0.6851297322741645,0,0,0.45808574332148505,Low Yield,Low Yield
-1.5514730473462726,-0.695648535933488,-0.7290208693409076,-0.6996220971827778,-0.6921825851783664,0,0,0.3600865137128216,Low Yield,Low Yield
-0.9361847377854152,-0.7066864767118751,0.1106633849727103,-0.7088075939506687,-0.7041048109908545,1,0,0.4162823322658797,High Yield,Low Yield
0.7558581135069429,-0.6918869219050638,-0.5697099422591553,-0.6893877746754906,-0.6835592832229469,0,0,0.44328090450703644,Low Yield,Low Yield
1.524968500458015,0.2984777908294401,0.309535431820258,0.5962803622121251,0.6944895973139027,1,1,0.6422628397980699,High Yield,High Yield
-1.5514730473462726,-0.7023584420382444,-1.678651812645935,-0.7049903439909823,-0.6989798722931786,0,0,0.3198722226963065,Low Yield,Low Yield
0.9096801908971572,-0.7096347687882075,1.5869760891410851,-0.709394478632254,-0.7055335817792975,0,1,0.5469161569865796,Low Yield,High Yield
1.0635022682873716,-0.6614744903393497,2.151865401131274,-0.653884562248538,-0.6420181267446244,0,1,0.5836761940986398,Low Yield,High Yield
-0.1670743508343432,-0.6137499200791123,-0.2711044970595783,-0.6064098631525432,-0.6764252377758472,0,0,0.42703380090145204,Low Yield,Low Yield
0.6020360361167285,-0.5887693172648677,-0.0302513137887108,-0.5781127162000337,-0.5839115118495719,0,0,0.4718625294996643,Low Yield,Low Yield
-0.6285405830049864,1.98105573372698,0.032915222695815,1.987934291187635,1.9937021534461856,0,1,0.6410528884639615,Low Yield,High Yield
-0.1670743508343432,-0.7016467853301641,0.285089161856117,-0.7011881284322918,-0.706105743994349,0,0,0.44986242797546816,Low Yield,Low Yield
1.3711464230678003,-0.7128154385651375,-0.2405876768358854,-0.7131661403729574,-0.70943790775153,0,0,0.4769190453013879,Low Yield,Low Yield
-1.3976509699560582,-0.7132366231474707,0.0759012812904794,-0.7136951537781192,-0.7100008063878617,1,0,0.39927012006069984,High Yield,Low Yield
-1.705295124736487,-0.2218884988400795,-0.1744678996845506,-0.3477430246710536,-0.1753806063896388,1,0,0.4115475335375241,High Yield,Low Yield
-0.9361847377854152,1.060066657325582,-0.7623268613054757,0.6094527484844108,0.8867938627091182,0,0,0.4721403610009482,Low Yield,Low Yield
1.3711464230678003,0.4713087056489238,0.2434156546689232,0.7346918050263992,0.8455273440940205,0,1,0.6436765185895466,Low Yield,High Yield
-0.6285405830049864,-0.6698981819860136,-0.1953046532781475,-0.6745123450619456,-0.6758596145575392,0,0,0.4145715489620649,Low Yield,Low Yield
1.0635022682873716,-0.2442693761288883,-0.7828354770472049,-0.1719057200427917,-0.0941537337589467,0,0,0.4974951064443577,Low Yield,Low Yield
1.217324345677586,1.98105573372698,-0.3898903994356738,1.987934291187635,1.9937021534461856,1,1,0.6793833207878495,High Yield,High Yield
1.3711464230678003,-0.5281042138026001,-0.942310473054891,-0.4873151468908585,-0.4668792727173503,1,0,0.46728953134945933,High Yield,Low Yield
0.1405698039460854,-0.7116535500621494,0.1106633849727103,-0.7116979531627834,-0.7085774847633717,0,0,0.45188682308475364,Low Yield,Low Yield
0.6020360361167285,1.98105573372698,0.4352122290855746,1.987934291187635,1.9937021534461856,1,1,0.6946266613267315,High Yield,High Yield
0.2943918813362998,1.98105573372698,-1.086034852172929,1.987934291187635,1.9937021534461856,1,1,0.6214665373299616,High Yield,High Yield
-0.9361847377854152,-0.6114987611045729,-0.8195869164563835,-0.6377834151026945,-0.6183916416777632,1,0,0.3796668656446811,High Yield,Low Yield
0.7558581135069429,1.98105573372698,-0.7808666499359989,1.987934291187635,1.9937021534461856,1,1,0.6491574553625599,High Yield,High Yield
1.3711464230678003,-0.5590975896198084,0.4409546414932588,-0.5252115158239297,-0.5075790782813493,0,1,0.5279797055984444,Low Yield,High Yield
0.1405698039460854,-0.3412870661283968,-0.1150749484965028,-0.2479250994237456,-0.3750755728541342,1,0,0.47545440097033986,High Yield,Low Yield
0.4482139587265142,-0.4794937035588344,0.3262704622655091,-0.4479676495155945,-0.4381289387856037,1,0,0.4969108184732148,High Yield,Low Yield
1.678790577848229,-0.7132220995411833,-0.0872688324091677,-0.7136530581122368,-0.7099686563205397,0,0,0.4944369400432353,Low Yield,Low Yield
-0.474718505614772,-0.7127863913525628,1.7843510070394866,-0.7132552355120383,-0.7096335327374381,0,1,0.5090029951769532,Low Yield,High Yield
1.217324345677586,-0.6868762777359275,-0.0373062776038656,-0.6823966074166249,-0.6724048446114184,1,0,0.48462954540590575,High Yield,Low Yield
1.524968500458015,-0.6484032446807333,0.0872220371799137,-0.6297333210715466,-0.6199860670503734,0,1,0.5062569947048412,Low Yield,High Yield
0.4482139587265142,-0.7130332926594477,-0.4410799043270299,-0.7134524859334374,-0.7097588635083543,1,0,0.436588590101428,High Yield,Low Yield
-1.3976509699560582,1.98105573372698,-1.6200792060875568,1.2918761653943671,1.9336872413348367,1,0,0.4852648146378558,High Yield,Low Yield
1.3711464230678003,-0.7091554897807248,0.5361146185348822,-0.7086910302646474,-0.7046317451450973,1,1,0.5136576065542304,High Yield,High Yield
-1.8591172021267013,-0.6696948514979907,-0.7213096298220173,-0.6824577522773027,-0.6593519172787095,0,0,0.35275748770262694,Low Yield,Low Yield
-0.7823626603952007,1.98105573372698,-0.5170438170343947,1.987934291187635,1.9937021534461856,1,1,0.612133322944468,High Yield,High Yield
-0.7823626603952007,-0.6835939427149861,-0.7021135654877587,-0.6894835188035933,-0.686650593933411,1,0,0.3858996885407086,High Yield,Low Yield
-0.1670743508343432,-0.6055731297393334,-0.3331225510625676,-0.5975929161346155,-0.6736641464009271,0,0,0.42445490145928616,Low Yield,Low Yield
0.1405698039460854,-0.6934845185966725,2.151865401131274,-0.6889466947796793,-0.6922169149112696,0,1,0.5486606478442099,Low Yield,High Yield
0.9096801908971572,-0.7032443820217728,-0.0965351598659797,-0.7017874571134198,-0.6976213957197277,0,0,0.4691577802812525,Low Yield,Low Yield
0.7558581135069429,-0.6859612905398245,-0.1516623189797476,-0.682644445115771,-0.6762225288768005,1,0,0.46330718187493153,High Yield,Low Yield
-1.3976509699560582,-0.6782637792075281,0.886893982181418,-0.6878137631063684,-0.6758846807117224,0,0,0.4382280061238822,Low Yield,Low Yield
-1.0900068151756297,1.04779421001277,-1.7247551808333428,0.5430781289401668,0.9418167957232408,0,0,0.423233964485278,Low Yield,Low Yield
1.0635022682873716,-0.653225081968134,0.7033008540614583,-0.6443543811452564,-0.6311851888063155,0,1,0.5177554085110725,Low Yield,High Yield
1.217324345677586,-0.6630430398183836,1.2000418997648792,-0.6541103169395214,-0.6384249480341009,1,1,0.5454767331206641,High Yield,High Yield
-0.6285405830049864,0.8270934888701754,-0.0049846991949007,0.6787714184019146,0.5036299052825935,0,1,0.5083251981045388,Low Yield,High Yield
-0.7823626603952007,-0.3620848703318843,-0.24206429716929,-0.4269045544457906,-0.4333314948414954,1,0,0.42232664278391807,High Yield,Low Yield
0.7558581135069429,-0.681894680779366,-0.6228682742617173,-0.6780166699277281,-0.6711875013843469,1,0,0.4419400071109813,High Yield,Low Yield
-1.0900068151756297,1.98105573372698,-0.7815229256397342,1.987934291187635,1.9937021534461856,1,1,0.5902917986444757,High Yield,High Yield
-1.705295124736487,-0.3959974910128502,-0.016469524010269,-0.4774179521040714,-0.3648218810440155,0,0,0.40674549194285203,Low Yield,Low Yield
-0.474718505614772,-0.512317053768249,0.6880424439496118,-0.5202581602375033,-0.5441609506461632,0,0,0.4707829127182234,Low Yield,Low Yield
1.217324345677586,-0.7102157130397015,-0.1444432862386591,-0.7100968321556286,-0.7056807092060251,1,0,0.47655064629894267,High Yield,Low Yield
0.7558581135069429,1.98105573372698,-0.2110552701677953,1.987934291187635,1.9937021534461856,1,1,0.6730165947955763,High Yield,High Yield
-0.7823626603952007,1.98105573372698,0.4032187885284771,1.987934291187635,1.9937021534461856,1,1,0.6521097869884142,High Yield,High Yield
-0.3208964282245576,1.98105573372698,-1.0282825902442196,1.987934291187635,1.984517042687225,0,1,0.6035105550219014,Low Yield,High Yield
-0.6285405830049864,1.98105573372698,-0.1221299123116576,1.987934291187635,1.9937021534461856,1,1,0.6343564699010893,High Yield,High Yield
-0.474718505614772,-0.640052171065506,-0.720653354118282,-0.6432320990217918,-0.6495968239702785,1,0,0.3980880225864433,High Yield,Low Yield
1.3711464230678003,0.1941547268673937,0.4409546414932588,0.3958087645625766,0.4815749590997406,0,1,0.6199715405131856,Low Yield,High Yield
-0.1670743508343432,-0.7081824081594723,0.3165903956354127,-0.7082354217858753,-0.7083126553952621,0,0,0.451113340895947,Low Yield,Low Yield
0.7558581135069429,-0.4588556590245078,-0.1516623189797476,-0.4241997286321025,-0.3950342256643175,0,0,0.48882599963499973,Low Yield,Low Yield
-1.705295124736487,-0.7114066487552644,0.0237273628435201,-0.7123320661400114,-0.7080064123811106,0,0,0.38712477621235103,Low Yield,Low Yield
-0.3208964282245576,1.98105573372698,-0.5954687636307671,1.987934291187635,1.4434804521344953,1,1,0.5787657917481344,High Yield,High Yield
-0.3208964282245576,-0.6145051476060547,-0.4921053402924519,-0.614401139961851,-0.6507422382331721,0,0,0.4134937835802596,Low Yield,Low Yield
0.1405698039460854,-0.266897154724582,-0.0811126808281992,-0.1547740639015562,-0.3080900902142724,1,0,0.48390620676860807,High Yield,Low Yield
0.9096801908971572,0.6732449274682601,0.5740145404255975,0.9367649780434592,1.0066634815116002,0,1,0.6555085878470592,Low Yield,High Yield
-0.1670743508343432,1.98105573372698,0.3165903956354127,1.987934291187635,1.9937021534461856,1,1,0.667184667671925,High Yield,High Yield
-0.6285405830049864,-0.7048419787133815,-0.1953046532781475,-0.7061016141711599,-0.7033920603458189,1,0,0.4126306854578076,High Yield,Low Yield
-1.0900068151756297,-0.6144615767871926,0.3989529964541972,-0.6432043009267372,-0.6173524861119506,1,0,0.4293887967356497,High Yield,Low Yield
-1.0900068151756297,-0.7128299621714248,0.6178209436499311,-0.713405703239397,-0.7096204547439513,0,0,0.43402830087923056,Low Yield,Low Yield
1.0635022682873716,-0.6933102353212243,0.7033008540614583,-0.6906630076330327,-0.6838241125910565,0,1,0.5129386371253633,Low Yield,High Yield
-1.705295124736487,-0.7088359704424031,-0.9559281939073992,-0.710417446340575,-0.7052093565241015,0,0,0.3448339756937026,Low Yield,Low Yield
0.7558581135069429,-0.3153479052991869,-0.1516623189797476,-0.2608888477997734,-0.2173517019038428,0,1,0.5049898628127639,Low Yield,High Yield
1.3711464230678003,0.8048868948568149,-0.2405876768358854,1.1425661263266704,1.283574735937474,1,1,0.6610560504366535,High Yield,High Yield
-0.1670743508343432,-0.7060038672163695,1.444400192504584,-0.7058863240013474,-0.7075770182616243,0,1,0.5037355479766923,Low Yield,High Yield
0.4482139587265142,1.2615526473500105,-0.6742218480790071,1.531231712130036,1.5868822854674538,0,1,0.6318645942041616,Low Yield,High Yield
1.524968500458015,-0.7111161766295173,1.4530958455790774,-0.7109335033590932,-0.7070451798598241,1,1,0.5611974056686531,High Yield,High Yield
0.2943918813362998,-0.7037962790606922,-1.4693968129593185,-0.7017584284134484,-0.6983047208794179,0,0,0.3861377233019842,Low Yield,Low Yield
0.9096801908971572,-0.6624330483543148,-1.402031603521492,-0.6532062515045017,-0.6470912983847481,1,0,0.4137315949184143,High Yield,Low Yield
-0.474718505614772,-0.5676084229041964,0.6690104485412873,-0.5734886076453243,-0.5897998784170452,0,0,0.4663303917523455,Low Yield,Low Yield
-1.0900068151756297,-0.641330248418793,2.151865401131274,-0.6623793480666191,-0.6425548693939823,1,1,0.509334058241417,High Yield,High Yield
0.2943918813362998,-0.6936588018721207,-0.3086986535371664,-0.6889565286705727,-0.6857531166303731,0,0,0.4398798384185709,Low Yield,Low Yield
-1.5514730473462726,1.98105573372698,-0.7290208693409076,1.987934291187635,1.9937021534461856,1,1,0.5774894861989692,High Yield,High Yield
0.1405698039460854,-0.3879223659170827,1.9874683373455728,-0.3063218145861334,-0.417069009940545,0,1,0.5689447837365864,Low Yield,High Yield
-0.7823626603952007,-0.0538939449142838,0.5649907494992368,-0.1752026244791026,-0.1905058507736249,1,0,0.47509199391253715,High Yield,Low Yield
1.3711464230678003,-0.7030991459588993,-1.2824253565157278,-0.7012857885378008,-0.6966786903558809,0,0,0.4298932434549411,Low Yield,Low Yield
1.0635022682873716,-0.7131349579034593,0.3507167322296504,-0.7135656435590525,-0.7098574933759012,1,0,0.49407896211253244,High Yield,Low Yield
1.524968500458015,-0.6974204159005448,-0.2829174597268143,-0.6932003463657731,-0.6880325019118593,0,0,0.48225422781331195,Low Yield,Low Yield
0.1405698039460854,-0.6717717271970819,-0.1234424637191281,-0.6617579407567052,-0.6726653146483657,1,0,0.44471115285693513,High Yield,Low Yield
-0.474718505614772,-0.7027070085891408,-0.2627369818369529,-0.703551550063909,-0.7013137492141935,0,0,0.4148226583219717,Low Yield,Low Yield
0.4482139587265142,-0.6221009936943396,1.3131450517575172,-0.610081804290893,-0.6039954954306713,1,1,0.5278591398099126,High Yield,High Yield
1.0635022682873716,0.3469575886166196,-0.5229502983680125,0.5111129636761915,0.682232247918313,0,1,0.5800576485618422,Low Yield,High Yield
-1.2438288925658438,-0.5764097283143315,0.3000194341160957,-0.6083520171895743,-0.5765257150278497,0,0,0.42283293857675125,Low Yield,Low Yield
-1.0900068151756297,-0.4853321932863497,0.2780341980409619,-0.551050060861499,-0.4962311943494939,1,0,0.43092848665182587,High Yield,Low Yield
-1.0900068151756297,-0.6104966322707456,-0.4336968026600074,-0.6403746858623114,-0.6136334317141156,1,0,0.39195134968911693,High Yield,Low Yield
1.3711464230678003,-0.6776247405308846,-0.2405876768358854,-0.6701376015140862,-0.6632262728492013,0,0,0.4813191061635245,Low Yield,Low Yield
1.3711464230678003,-0.4965153701276105,0.4409546414932588,-0.4486906846465146,-0.4253975121261142,1,1,0.5357863463113719,High Yield,High Yield
1.3711464230678003,-0.6699708000174504,0.2530957212990195,-0.6607789387082152,-0.6531752899381293,0,1,0.5053416733347409,Low Yield,High Yield
1.0635022682873716,-0.1503016434497236,-0.7828354770472049,-0.0633489036022439,0.0292425839538338,1,1,0.5087964030896126,High Yield,High Yield
0.7558581135069429,-0.711145223842092,-0.1516623189797476,-0.7113035957445797,-0.7074037348479231,0,0,0.4604867399700036,Low Yield,Low Yield
-1.705295124736487,-0.5259837672846468,1.2885347128674425,-0.5742306481772705,-0.5062549314408015,0,0,0.45751395007480783,Low Yield,Low Yield
0.7558581135069429,-0.7105788031968854,1.0873862096725626,-0.7106590127719594,-0.7067024274471885,0,1,0.51836787268115,Low Yield,High Yield
-1.705295124736487,-0.7127428205337007,-1.0233605224662048,-0.7133272357532779,-0.7094602493237369,0,0,0.3417421571764571,Low Yield,Low Yield
-0.7823626603952007,-0.2848047612768865,-0.24206429716929,-0.3637892872755386,-0.3724419919157113,1,0,0.4261633434897934,High Yield,Low Yield
-0.6285405830049864,-0.7130768634783098,1.1620375709724566,-0.7135459681133562,-0.7098803798645033,1,0,0.4747116641274734,High Yield,Low Yield
-0.474718505614772,-0.3759258671237303,-1.274221910219036,-0.3889507970626022,-0.4315801335470424,1,0,0.3897166207476188,High Yield,Low Yield
1.524968500458015,-0.2617267508862849,-0.5503498089989628,-0.1290678154616245,-0.0831954650497217,1,1,0.5293718905967367,High Yield,High Yield
-0.1670743508343432,0.8485012845377317,-0.3331225510625676,0.9703202304744174,-0.1826606894306755,1,0,0.47039264402163916,High Yield,Low Yield
-0.474718505614772,-0.5139146504598576,-0.3623268198787899,-0.5217962083632873,-0.5454796483227582,1,0,0.4221934052898213,High Yield,Low Yield
1.3711464230678003,1.98105573372698,0.0852532100687076,1.987934291187635,1.9937021534461856,0,1,0.7027862915071396,Low Yield,High Yield
0.2943918813362998,1.80418362545804,-0.8289388452346121,1.987934291187635,1.9937021534461856,1,1,0.6451359931194692,High Yield,High Yield
0.4482139587265142,1.98105573372698,-1.7378806949080494,1.987934291187635,1.9937021534461856,1,1,0.5974270555567723,High Yield,High Yield
0.2943918813362998,0.1064757157106522,-0.7229503190813557,0.3214765094877465,0.3049245069919397,0,1,0.5177206734842477,Low Yield,High Yield
1.0635022682873716,-0.5701791012170576,2.151865401131274,-0.5484149875738419,-0.5221310706174934,0,1,0.5943086714490813,Low Yield,High Yield
1.0635022682873716,1.945498314633971,-0.3608501995453852,1.987934291187635,1.9937021534461856,1,1,0.6783859644133466,High Yield,High Yield
-0.0132522734441289,-0.6839570328721699,1.0452204957075673,-0.6792898467678021,-0.6913352401836949,0,0,0.4919477507286321,Low Yield,Low Yield
0.7558581135069429,-0.6738050320773111,-0.1516623189797476,-0.6688107028572283,-0.6611713931225733,0,0,0.4646694581244738,Low Yield,Low Yield
0.9096801908971572,-0.7038253262732669,1.5869760891410851,-0.702479004524223,-0.6983406853615068,1,1,0.5475869843920477,High Yield,High Yield
1.524968500458015,-0.7064686226175648,1.3311926336102389,-0.7049158891089741,-0.7005933697396239,1,1,0.5562063100597396,High Yield,High Yield
0.7558581135069429,-0.66169234443366,-0.5697099422591553,-0.655026543904272,-0.6461742040914797,1,0,0.4466410408283683,High Yield,Low Yield
-0.3208964282245576,-0.6088278699083289,0.1272548551077692,-0.6086919586597512,-0.647334113130488,0,0,0.44209950263738007,Low Yield,Low Yield
1.217324345677586,-0.557427374896763,0.5823820556482229,-0.5287611978965622,-0.4878449310260243,1,1,0.5306535707222789,High Yield,High Yield
-1.3976509699560582,-0.6188622294922601,0.4342278155299714,-0.6438540920733699,-0.6179382712368843,0,0,0.42104763764964925,Low Yield,Low Yield
-0.9361847377854152,0.7568282816519685,-0.8195869164563835,0.3831918650289863,0.6137384366962965,1,0,0.4528542152595365,High Yield,Low Yield
1.3711464230678003,-0.7127137733211261,0.4409546414932588,-0.7130418317588378,-0.7093044032346848,0,1,0.5087670209706707,Low Yield,High Yield
0.4482139587265142,1.0094518894141618,-1.0834097493579875,1.2446467749073424,1.2936638629962165,0,1,0.5882253025800688,Low Yield,High Yield
-1.3976509699560582,1.98105573372698,-0.5075278193302325,1.987934291187635,1.9937021534461856,1,1,0.5925989145974626,High Yield,High Yield
-0.6285405830049864,1.98105573372698,-0.1221299123116576,1.987934291187635,1.9937021534461856,0,1,0.6343564699010893,Low Yield,High Yield
1.3711464230678003,-0.7132220995411833,0.5361146185348822,-0.7136633748294364,-0.7099719258189116,1,1,0.5131486133319433,High Yield,High Yield
-1.5514730473462726,1.98105573372698,-0.7936640261588379,1.987934291187635,1.9937021534461856,1,1,0.5745381601062184,High Yield,High Yield
-1.5514730473462726,-0.7131785287223212,-1.1485451129537196,-0.7136469324587578,-0.7099408655843801,0,0,0.34113729120988256,Low Yield,Low Yield
1.3711464230678003,1.98105573372698,-0.942310473054891,1.987934291187635,1.9937021534461856,1,1,0.6611682296817062,High Yield,High Yield
0.9096801908971572,1.98105573372698,-0.2576508451330042,1.987934291187635,1.9937021534461856,1,1,0.6756795261075725,High Yield,High Yield
-1.2438288925658438,-0.5580809371796938,0.2857454375598521,-0.5942407822810133,-0.5586459182656869,0,0,0.4233134963317324,Low Yield,Low Yield
-1.705295124736487,-0.7062071977043926,2.0895192092764168,-0.7084595582970835,-0.7023490903652392,1,0,0.4820697637353695,High Yield,Low Yield
0.7558581135069429,-0.713251146753758,-0.0609322029383378,-0.7137001221812448,-0.7100111597993722,1,0,0.4644673066172207,High Yield,Low Yield
0.4482139587265142,-0.6617068680399473,-0.1157312242002383,-0.6551052588251876,-0.6500610927390632,1,0,0.45700823360522824,High Yield,Low Yield
-0.6285405830049864,-0.5999815413187031,-1.3132703145912883,-0.6113075480994528,-0.6207718364923775,0,0,0.3686334374092623,Low Yield,Low Yield
1.217324345677586,0.0151512793757855,-0.904738689016043,0.1507992626575665,0.3285008597504346,1,1,0.5367849973770505,High Yield,High Yield
0.4482139587265142,-0.5524167307276266,-0.0940741259769722,-0.5308656198920864,-0.5229457206284477,0,0,0.46955861233144963,Low Yield,Low Yield
1.524968500458015,0.3776314450955061,0.0872220371799137,0.6987678549094687,0.8043719884235613,1,1,0.6426745940491546,High Yield,High Yield
-1.705295124736487,1.98105573372698,-1.0233605224662048,1.987934291187635,1.9937021534461856,1,1,0.5588790405963002,High Yield,High Yield
0.4482139587265142,1.98105573372698,-0.7268879733037676,1.987934291187635,1.9937021534461856,1,1,0.6419309441294466,High Yield,High Yield
0.2943918813362998,-0.4779832485049498,-0.7820151324175357,-0.4165951945993638,-0.4187168371198934,0,0,0.44398409270505745,Low Yield,Low Yield
1.0635022682873716,-0.6580759664681094,-1.3329585857033484,-0.6499583960897917,-0.6375552614672225,1,0,0.42263915042500555,High Yield,Low Yield
0.9096801908971572,1.1993916124401456,-0.6996525315987513,1.5630821793225615,1.6581061278298594,1,1,0.6571115217047162,High Yield,High Yield
1.524968500458015,-0.6942687933361895,-0.0822611633097361,-0.689119651702411,-0.6836573681740986,1,0,0.49205684862133325,High Yield,Low Yield
0.7558581135069429,1.98105573372698,-0.7808666499359989,1.987934291187635,1.9937021534461856,1,1,0.6491574553625599,High Yield,High Yield
0.1405698039460854,-0.6865712820038932,-0.0776672333835888,-0.6802899409904248,-0.6859917900115088,0,0,0.44547271322195137,Low Yield,Low Yield
-0.6285405830049864,-0.6157396541404796,-0.0835737147172067,-0.625552916754273,-0.6331877565589958,1,0,0.42267343014463843,High Yield,Low Yield
-0.6285405830049864,1.98105573372698,-0.5487091197396246,1.987934291187635,1.9937021534461856,0,1,0.6156691005544912,Low Yield,High Yield
1.3711464230678003,-0.2722563654446148,-0.2369781604653409,-0.1744836402718415,-0.1309056200390902,0,1,0.5322084639644731,Low Yield,High Yield
0.4482139587265142,-0.6433054588738728,2.151865401131274,-0.6341867707815677,-0.6286584114813688,1,1,0.5644735242256729,High Yield,High Yield
0.2943918813362998,-0.4714476256756416,-0.1057230197182742,-0.4083418208396301,-0.4106248286498788,0,0,0.4761696117781194,Low Yield,Low Yield
1.524968500458015,-0.7132366231474707,-0.0822611633097361,-0.7136790398607102,-0.7099888182271654,1,0,0.48946055693816365,High Yield,Low Yield
0.7558581135069429,0.7632477156309778,-1.2494475024030272,0.966545881985968,1.1180994292642228,1,1,0.5746241891398147,High Yield,High Yield
0.6020360361167285,-0.1119738464574027,-1.0274622456145506,-0.0587774920901169,-0.1009068826457407,0,0,0.4681732333331584,Low Yield,Low Yield
-1.3976509699560582,-0.3408949287586383,-0.4901365131812459,-0.4381464774277562,-0.3467802441124524,0,0,0.395703542475721,Low Yield,Low Yield
1.524968500458015,-0.5326791497831159,0.6009218442787464,-0.4798947262435771,-0.45933599505739,1,1,0.545980920487343,High Yield,High Yield
-0.3208964282245576,-0.6891710075293291,1.0506347702633836,-0.6894865865571318,-0.6955648812439139,0,0,0.4810774291520497,Low Yield,Low Yield
-1.2438288925658438,-0.6490713305699514,1.059822630115678,-0.6642937828373804,-0.6474073498940146,1,0,0.45326241376678705,High Yield,Low Yield
-1.2438288925658438,-0.7065267170427143,0.1106633849727103,-0.7085283670673864,-0.7034552706476722,1,0,0.4062538161864984,High Yield,Low Yield
0.6020360361167285,-0.7122199707073561,-0.284394080060219,-0.7125776528394163,-0.7089698245679784,1,0,0.4490245408339203,High Yield,Low Yield
1.217324345677586,-0.7127718677462754,0.1782802910731912,-0.7131305842116739,-0.7093251100577056,0,0,0.49127934720319993,Low Yield,Low Yield
-1.2438288925658438,-0.6116004263485844,0.2704870274480057,-0.635445140948246,-0.610854358098151,0,0,0.4193167261645333,Low Yield,Low Yield
-0.9361847377854152,-0.0043684474744149,-0.3349273092478396,-0.1847739936223981,-0.0716922799452095,0,0,0.43378101337233754,Low Yield,Low Yield
-1.2438288925658438,-0.7023584420382444,-0.7367321088597977,-0.7053192351983238,-0.6993891045060393,0,0,0.36892422291858884,Low Yield,Low Yield
-1.2438288925658438,-0.378060837247971,0.5010038683850417,-0.4556443031275942,-0.3830357115564892,0,0,0.4443814836693063,Low Yield,Low Yield
-0.6285405830049864,-0.7012982187792677,-0.7536312082309826,-0.7028980473953294,-0.7005999087363673,1,0,0.3877772666916973,High Yield,Low Yield
1.3711464230678003,1.98105573372698,0.2530957212990195,1.987934291187635,1.9937021534461856,1,1,0.7092983086468022,High Yield,High Yield
-1.3976509699560582,1.98105573372698,-1.0563383765789054,1.987934291187635,1.9937021534461856,0,1,0.5676139782467153,Low Yield,High Yield
1.524968500458015,-0.7041303220053012,-0.0822611633097361,-0.7018882769393828,-0.6973473027728982,0,0,0.49070695317082347,Low Yield,Low Yield
-1.5514730473462726,-0.6896067157179496,0.0583459062155591,-0.6947883511390267,-0.686062084226501,0,0,0.39504938642770343,Low Yield,Low Yield
-0.0132522734441289,-0.6377429176658171,1.3280753240174958,-0.6250053632568838,-0.6618585326970304,0,1,0.5081466590568816,Low Yield,High Yield
-0.6285405830049864,-0.6433490296927349,2.151865401131274,-0.6505118529872806,-0.654941363975255,1,1,0.5249220417981609,High Yield,High Yield
1.3711464230678003,-0.6666448941776468,0.0091252284354091,-0.6567122711891555,-0.6488077850299027,0,0,0.4943564965322921,Low Yield,Low Yield
-0.6285405830049864,-0.1647235844930637,-0.0049846991949007,-0.2178333976696755,-0.2778292480347898,0,0,0.4516935960995274,Low Yield,Low Yield
0.7558581135069429,-0.0536760908199735,0.1909135983700965,0.0368919577822599,0.1066343349944947,1,1,0.5503067202289721,High Yield,High Yield
0.7558581135069429,-0.7074126570262427,2.151865401131274,-0.7070559592326974,-0.7027822988994925,0,1,0.5680572553549523,Low Yield,High Yield
1.217324345677586,-0.712239432339781,2.129059820426471,-0.7124986674481817,-0.708565997925759,1,1,0.5817792651996565,High Yield,High Yield
0.9096801908971572,-0.7106223740157473,1.5869760891410851,-0.7105701092306194,-0.7067563741703219,1,1,0.5468020993109894,High Yield,High Yield
0.6020360361167285,0.212715895702629,-0.2158132690198767,0.2948811106757698,0.2280111925463409,0,1,0.5352211673196993,Low Yield,High Yield
-0.7823626603952007,-0.5781961318876757,-0.5170438170343947,-0.6034043055251647,-0.6036069700408315,0,0,0.39925729431183793,Low Yield,Low Yield
-0.474718505614772,-0.6346639131328986,0.6880424439496118,-0.6380446821611924,-0.6451492163519447,0,0,0.46289456972804127,Low Yield,Low Yield
-0.474718505614772,-0.2485102691647949,-0.5101529221451736,-0.2662844679034704,-0.3264079997582461,1,0,0.4322544382309277,High Yield,Low Yield
-0.3208964282245576,-0.6764773756341839,-1.1390291152495573,-0.6767216224792724,-0.687944770372218,0,0,0.38164066470170194,Low Yield,Low Yield
1.524968500458015,-0.706642905893013,0.309535431820258,-0.7051415496433535,-0.7008353126191315,1,1,0.5086719779500866,High Yield,High Yield
1.524968500458015,-0.6890693422853177,0.0872220371799137,-0.68238744576009,-0.6764394056021247,1,1,0.5006890841025355,High Yield,High Yield
0.4482139587265142,-0.0297411876584181,1.3131450517575172,0.0633052938520261,0.0849782676129918,1,1,0.5898132893050663,High Yield,High Yield
1.217324345677586,0.1458056415368003,-0.330497448247626,0.3058653620676959,0.5147794396465645,1,1,0.580254170723989,High Yield,High Yield
-1.3976509699560582,-0.6925840550068567,-0.2524006395031214,-0.6984113757319275,-0.6898541574213044,0,0,0.3858387553570111,Low Yield,Low Yield
0.1405698039460854,0.3975287857091778,-0.8381267050869068,0.6772199956589903,0.2902019558240709,1,1,0.5099580605547864,High Yield,High Yield
0.1405698039460854,-0.0045717779624378,1.9874683373455728,0.1737097321940673,-0.0718753718540259,0,1,0.6033250089750526,Low Yield,High Yield
0.4482139587265142,-0.1177978125786307,-0.6537132323372778,-0.0367963580883583,-0.0174404036304184,0,0,0.4895249810208468,Low Yield,Low Yield
-0.6285405830049864,-0.7090538245367134,0.6542442452072422,-0.7099091320604667,-0.7067106011931178,0,0,0.45134264725055173,Low Yield,Low Yield
-1.3976509699560582,-0.544414223663296,0.9817258213711736,-0.5887594041234553,-0.5453139937385908,0,0,0.4506752595615809,Low Yield,Low Yield
-1.705295124736487,1.98105573372698,-0.9705303283155104,1.987934291187635,1.9937021534461856,1,1,0.5613124387456279,High Yield,High Yield
-0.7823626603952007,1.98105573372698,-1.4479709027829657,1.987934291187635,1.9937021534461856,1,1,0.5700995296045558,High Yield,High Yield
-1.3976509699560582,-0.6926276258257188,2.151865401131274,-0.6984436199894088,-0.6898966609001368,1,0,0.49615368340477983,High Yield,Low Yield
-1.5514730473462726,-0.6414900080879539,-1.1759446235846698,-0.6562926765165562,-0.6373187677516678,0,0,0.3444183727452991,Low Yield,Low Yield
-1.5514730473462726,-0.4441868166742827,1.56023285421387,-0.4984406572753066,-0.4374461585423089,0,0,0.48051694339000645,Low Yield,Low Yield
-1.5514730473462726,-0.6914947845353053,1.593866984030306,-0.6962988967776989,-0.6879747407739589,1,0,0.4651570334298805,High Yield,Low Yield
-1.5514730473462726,-0.7106659448346094,-0.3646237848418633,-0.7116367448011401,-0.7073955611019938,0,0,0.37496128310515997,Low Yield,Low Yield
0.2943918813362998,0.9375600382917716,-0.3086986535371664,1.3709938576060483,1.3339222862800324,0,1,0.6349342265082021,Low Yield,High Yield
-1.0900068151756297,1.98105573372698,-0.8307436034198843,1.987934291187635,1.9937021534461856,0,1,0.5880646030908406,Low Yield,High Yield
0.9096801908971572,-0.4806991628806846,-0.2711044970595783,-0.4368729327200201,-0.4220795161952105,1,0,0.48689220119766796,High Yield,Low Yield
0.6020360361167285,-0.6940654628481666,0.79025738480639,-0.6928033974512718,-0.6905788962270363,0,1,0.5007052985234487,Low Yield,High Yield
1.217324345677586,0.0869559888604517,0.7594124267308293,0.2360201158682912,0.4308753927658266,1,1,0.6216277515581534,High Yield,High Yield
1.3711464230678003,-0.6825627666685842,2.151865401131274,-0.6761754484856158,-0.6697107779531187,1,1,0.5914643574252363,High Yield,High Yield
-1.2438288925658438,-0.5779782777933654,0.3000194341160957,-0.6095596347570265,-0.578055840265816,1,0,0.4227360920401273,High Yield,Low Yield
-0.9361847377854152,1.98105573372698,0.4611351193831202,1.987934291187635,1.9937021534461856,0,1,0.6498354863531419,Low Yield,High Yield
-0.1670743508343432,1.98105573372698,-0.6932538434873318,1.987934291187635,1.9937021534461856,1,1,0.6240313407334322,High Yield,High Yield
1.0635022682873716,-0.3251077687242871,-0.1119576389037598,-0.2652947834598071,-0.2003088967248411,1,1,0.5191168449226888,High Yield,High Yield
-1.5514730473462726,-0.6543579232585474,-0.3646237848418633,-0.6665876260231993,-0.6503542577597277,0,0,0.3785922093296045,Low Yield,Low Yield
-1.705295124736487,-0.3485198220594979,-0.4758625166250027,-0.4420569796500728,-0.3131632618543961,0,0,0.3893975149282393,Low Yield,Low Yield
-0.7823626603952007,1.98105573372698,-0.5170438170343947,1.7036656934626209,1.622104046509631,0,1,0.5613182030299682,Low Yield,High Yield
1.217324345677586,1.98105573372698,-1.1731554518437946,1.987934291187635,1.9937021534461856,0,1,0.646688030543013,Low Yield,High Yield
-0.474718505614772,1.98105573372698,-0.8563383558655622,1.987934291187635,1.9937021534461856,0,1,0.6069556474136328,Low Yield,High Yield
-0.7823626603952007,-0.7068462363810359,2.151865401131274,-0.7084738482040017,-0.7049712280593612,0,1,0.5160512842048199,Low Yield,High Yield
-0.474718505614772,-0.6715829203153464,0.2730496282056126,-0.6735875761224956,-0.6756231208419845,1,0,0.4413119654680315,High Yield,Low Yield
0.2943918813362998,1.98105573372698,-0.4246730117336466,1.987934291187635,1.9937021534461856,1,1,0.6500855321306712,High Yield,High Yield
1.0635022682873716,-0.5091799548101811,-0.3544515114339659,-0.4779453385707041,-0.4420283605102787,0,0,0.4856571286148445,Low Yield,Low Yield
0.9096801908971572,-0.7117842625187355,-0.1961249979078167,-0.7119532040522255,-0.7081949534538801,0,0,0.4635340026312055,Low Yield,Low Yield
-1.8591172021267013,-0.7062943393421166,-0.1040823304589359,-0.7087152263221782,-0.7019207860785436,0,0,0.37693619876018186,Low Yield,Low Yield
-1.3976509699560582,-0.6953290165951662,-0.7723350657874396,-0.7004427639532568,-0.6925318765877455,0,0,0.3629213730513606,Low Yield,Low Yield
-1.3976509699560582,-0.7101721422208395,1.7152779892213428,-0.7114273076685929,-0.7070113950433163,1,0,0.4746998059031523,High Yield,Low Yield
-1.0900068151756297,-0.6113099542228373,0.4297979545297578,-0.6409551197216807,-0.6143963146675177,1,0,0.4309750754243204,High Yield,Low Yield
1.524968500458015,-0.3028140330732025,1.7492402568896468,-0.182267286441585,-0.1402334988936161,1,1,0.6283194204585031,High Yield,High Yield
1.217324345677586,1.98105573372698,1.2000418997648792,1.987934291187635,1.9937021534461856,0,1,0.7404228517676057,Low Yield,High Yield
0.2943918813362998,-0.0859620675967561,-0.3086986535371664,0.0784605043400348,0.0666598131526228,1,1,0.5136355276949172,High Yield,High Yield
0.9096801908971572,-0.680819933914102,2.151865401131274,-0.6750937270564199,-0.6698568155470557,1,1,0.5762139050677301,High Yield,High Yield
0.7558581135069429,-0.7126266316834019,-0.5697099422591553,-0.7129894281345095,-0.7092379234344597,0,0,0.4409759160522373,Low Yield,Low Yield
-1.2438288925658438,-0.3704940383722608,0.3000194341160957,-0.4498186665290519,-0.3756542740659291,0,0,0.4355955482250035,Low Yield,Low Yield
0.1405698039460854,-0.7043917469184736,1.980249304604484,-0.7026047243925579,-0.7020384880199256,1,1,0.5397021726033664,High Yield,High Yield
1.524968500458015,-0.6189348475236969,-0.0706122695684341,-0.5915778857168842,-0.5790775585069795,0,1,0.5029157285426006,Low Yield,High Yield
0.7558581135069429,-0.7114502195741265,-0.0609322029383378,-0.7116506788836828,-0.7077813619098571,0,0,0.46466915906676337,Low Yield,Low Yield
-0.7823626603952007,1.98105573372698,-0.4008830174732407,1.987934291187635,1.9937021534461856,1,1,0.6172764383767939,High Yield,High Yield
0.2943918813362998,-0.6706679331192432,-0.1057230197182742,-0.6599229938668876,-0.6572872290569665,1,0,0.4520234608299025,High Yield,Low Yield
-0.1670743508343432,-0.4455956064841558,-1.2346812990689822,-0.4250908354907902,-0.619643859554133,1,0,0.38874390250394336,High Yield,Low Yield
-1.8591172021267013,-0.6493618026956984,2.151865401131274,-0.6678702666968163,-0.6357025457232461,0,0,0.4840815163469482,Low Yield,Low Yield
-1.705295124736487,1.98105573372698,-1.0233605224662048,1.987934291187635,1.9937021534461856,0,1,0.5588790405963002,Low Yield,High Yield
0.1405698039460854,1.98105573372698,-0.1150749484965028,1.987934291187635,1.9937021534461856,1,1,0.6584637715451479,High Yield,High Yield
0.1405698039460854,-0.0133730833725729,-0.8381267050869068,0.1626887389245542,-0.0798006359070826,1,0,0.47199320501761066,High Yield,Low Yield
-0.474718505614772,-0.7035639013600945,-0.4837378250698266,-0.7043765031495568,-0.7020210506952764,0,0,0.40477681415941347,Low Yield,Low Yield
0.1405698039460854,-0.6696948514979907,0.0850891411427739,-0.6591572773284209,-0.6707951615797402,1,0,0.454547938358426,High Yield,Low Yield
0.9096801908971572,-0.6769566546416664,0.5740145404255975,-0.6704949367745794,-0.6650735394292248,1,1,0.5035201679354088,High Yield,High Yield
-0.0132522734441289,0.4086683917315765,2.151865401131274,0.6041406934615778,0.0055730504917447,1,1,0.6121995817272,High Yield,High Yield
-1.705295124736487,1.5233696978920972,-1.2773392198117788,0.9521107461700756,1.7235674793121027,1,0,0.4828683096663901,High Yield,Low Yield
1.524968500458015,1.98105573372698,0.0192975018433068,1.987934291187635,1.9937021534461856,1,1,0.7045601267550425,High Yield,High Yield
-1.2438288925658438,-0.6430004631418385,-1.4492834541904362,-0.6596198555855748,-0.6414851985100337,0,0,0.3418582854016196,Low Yield,Low Yield
0.7558581135069429,-0.6402845487661037,-0.2110552701677953,-0.6306646130929318,-0.619668380791921,0,0,0.4656648368795151,Low Yield,Low Yield
-0.6285405830049864,0.8638527363834623,2.151865401131274,0.7120018590151406,0.5325927566085022,0,1,0.6094336321637501,Low Yield,High Yield
-1.8591172021267013,-0.4450582330515238,1.4893550782104543,-0.5212972955106006,-0.3980770388156011,0,0,0.4685330437102047,Low Yield,Low Yield
-0.6285405830049864,-0.709983335339104,0.2235633146309295,-0.7107494118705205,-0.7074429688283838,0,0,0.4314412302514618,Low Yield,Low Yield
0.4482139587265142,-0.7106514212283221,1.1206922016371303,-0.7107448047659917,-0.7069885085547143,1,1,0.5094880910684798,High Yield,High Yield
-0.1670743508343432,-0.5471882324641801,-0.2779953919487993,-0.5346370955092704,-0.6539490712194371,0,0,0.4288021527259773,Low Yield,Low Yield
-0.9361847377854152,-0.4586523285364849,-0.0217197296401514,-0.5237372664612421,-0.4807588382217099,1,0,0.4235805188697447,High Yield,Low Yield
0.6020360361167285,-0.6656282417375322,1.9695848244187848,-0.6618290038112823,-0.6617713460737845,0,1,0.5581173009804383,Low Yield,High Yield
0.9096801908971572,-0.677973307081781,-0.0965351598659797,-0.6717051447434847,-0.6663322963023383,1,0,0.47209200448257227,High Yield,Low Yield
-1.705295124736487,-0.7060038672163695,1.8142115515594448,-0.7083081194428908,-0.7021278543087527,0,0,0.4692485802954241,Low Yield,Low Yield
-0.1670743508343432,-0.0902465314515248,1.4393140558006352,-0.0419216655305113,-0.4996516345627115,1,1,0.5231667205240986,High Yield,High Yield
0.9096801908971572,-0.4949322970422891,-0.8090865051966183,-0.4538158442846962,-0.4397021124187977,0,0,0.4601722944678218,Low Yield,Low Yield
-1.0900068151756297,1.3505387830726134,-1.49095696137763,0.7591342682000803,1.2257863522172694,1,0,0.4506412396902683,High Yield,Low Yield
0.4482139587265142,-0.6621135290159931,-0.6537132323372778,-0.6555675458537759,-0.6505340801701724,0,0,0.4321368849901876,Low Yield,Low Yield
1.0635022682873716,-0.0953733644709599,2.151865401131274,0.0001073374762957,0.1013731671979969,1,1,0.6479956514471481,High Yield,High Yield
0.9096801908971572,-0.7095621507567708,-0.2576508451330042,-0.7093080352059037,-0.7054436705740751,1,0,0.4609323693400009,High Yield,Low Yield
1.0635022682873716,-0.7089666828989893,-0.6965352220060085,-0.708750217543838,-0.7043838081852415,1,0,0.4458488996867855,High Yield,Low Yield
1.217324345677586,-0.6661801387764515,-0.904738689016043,-0.6578335580992133,-0.6428976218066179,1,0,0.4470188501968279,High Yield,Low Yield
-0.474718505614772,1.5233696978920972,-1.3085123157392071,1.4395507261480598,1.1361476051925292,1,1,0.5092716291535468,High Yield,High Yield
-0.3208964282245576,-0.7129461510217237,-0.5331225717759104,-0.7133953350645185,-0.7098373314692755,0,0,0.406984219338349,Low Yield,Low Yield
1.217324345677586,1.98105573372698,-0.4190946682518961,1.987934291187635,1.9937021534461856,1,1,0.678192947325173,High Yield,High Yield
-1.705295124736487,-0.5990520305163126,-0.016469524010269,-0.6286512821375235,-0.5857576885968049,0,0,0.3929211370387363,Low Yield,Low Yield
1.217324345677586,-0.599110124941462,2.151865401131274,-0.5782320410832087,-0.5472735130960434,1,1,0.5972792947436955,High Yield,High Yield
1.217324345677586,-0.2920229936017002,-0.330497448247626,-0.2137681008955945,-0.1094484471418671,0,1,0.523082330754056,Low Yield,High Yield
-0.0132522734441289,-0.6415626261193906,-0.651744405226072,-0.629492107180005,-0.6642948539003595,0,0,0.41617114052248555,Low Yield,Low Yield
-0.1670743508343432,-0.4090977838840413,1.2186413504196292,-0.3857356172740011,-0.607319485441923,0,1,0.5026764454549326,Low Yield,High Yield
0.1405698039460854,-0.7087343051983916,0.1106633849727103,-0.7080424751971528,-0.7059488080725064,1,0,0.4521542759248792,High Yield,Low Yield
1.524968500458015,-0.6817203975039178,-0.7498576229345043,-0.6728720932270891,-0.6662374808495583,1,0,0.46264333978149,High Yield,Low Yield
-0.0132522734441289,-0.6092766493426081,2.151865401131274,-0.5915680321187947,-0.6437019184060618,0,1,0.5483327157995804,Low Yield,High Yield
1.0635022682873716,-0.5549147910090512,-0.6965352220060085,-0.5307807968351995,-0.5020863210168546,0,0,0.46422592143622393,Low Yield,Low Yield
0.1405698039460854,-0.6624330483543148,0.6639243118373382,-0.6500640485581954,-0.664256164836294,1,0,0.48215362394857914,High Yield,Low Yield
1.3711464230678003,1.98105573372698,-0.516715679182527,1.987934291187635,1.9937021534461856,1,1,0.6787573541122958,High Yield,High Yield
-0.9361847377854152,-0.6807327922763778,1.83882189044952,-0.6894422891594985,-0.6807344366297782,0,0,0.49768496795026707,Low Yield,Low Yield
1.0635022682873716,-0.1213851433316066,0.1531777454053148,-0.029942934277185,0.0672150829594204,0,1,0.5557875826164842,Low Yield,High Yield
0.4482139587265142,-0.0125161906016191,0.1034648608473633,0.0828864515629441,0.10501266380212,0,1,0.5360295814969505,Low Yield,High Yield
0.9096801908971572,-0.4605113501412659,0.5740145404255975,-0.4128416601946122,-0.3970842011433879,1,1,0.5287071991340951,High Yield,High Yield
1.0635022682873716,0.9821620332002282,-1.0773391990984358,1.2449369086288655,1.5163684691681076,1,1,0.628310157624915,High Yield,High Yield
-1.705295124736487,1.98105573372698,-0.5231143672939467,1.516761331088622,1.9937021534461856,0,1,0.5476355244604845,Low Yield,High Yield
0.7558581135069429,1.98105573372698,0.8726199856251744,1.987934291187635,1.9937021534461856,0,1,0.7159473689564634,Low Yield,High Yield
0.7558581135069429,-0.6552874340609379,-0.7478887958232985,-0.6477377979831043,-0.6382440357908655,0,0,0.4391345628129011,Low Yield,Low Yield
0.7558581135069429,-0.7075869403016909,-1.1149109831372837,-0.707254292455042,-0.7029980857920263,1,0,0.4165740038000629,High Yield,Low Yield
-0.474718505614772,-0.6721638645668404,-0.8563383558655622,-0.6741468663500535,-0.6761026472698372,0,0,0.3900452612339695,Low Yield,Low Yield
-1.3976509699560582,-0.7093152494498858,-0.4901365131812459,-0.7107931706047916,-0.7061754932929458,0,0,0.3744045633881524,Low Yield,Low Yield
-0.0132522734441289,1.98105573372698,-0.7597017584905343,1.987934291187635,1.9937021534461856,1,1,0.6260035438213589,High Yield,High Yield
1.0635022682873716,-0.6756495300758047,1.818149205781857,-0.6702603663978385,-0.6606324708076343,0,1,0.566768090150803,Low Yield,High Yield
-1.2438288925658438,-0.7122344943136434,0.1106633849727103,-0.712922753215615,-0.7090232263747166,1,0,0.4059055307906671,High Yield,Low Yield
-0.3208964282245576,1.98105573372698,1.2911598156823834,1.987934291187635,1.9937021534461856,1,1,0.701998348429278,High Yield,High Yield
1.524968500458015,-0.6419111926702871,0.0872220371799137,-0.6213274661659113,-0.6109736947887189,0,1,0.5071457640226215,Low Yield,High Yield
-0.474718505614772,-0.690449084882616,-0.0819330254578684,-0.6917505262624377,-0.6911957415865013,0,0,0.4238256161383828,Low Yield,Low Yield
-0.3208964282245576,0.0183755199715776,-0.1984219628708901,0.0220360163960473,-0.2708178087766298,0,0,0.4573644417467696,Low Yield,Low Yield
-1.3976509699560582,1.98105573372698,-0.7080200468213768,1.987934291187635,1.9937021534461856,0,1,0.583519644628519,Low Yield,High Yield
0.2943918813362998,-0.5538255205374998,0.3241375662283693,-0.5123710118734279,-0.512620099854151,0,0,0.4862067837291323,Low Yield,Low Yield
-0.1670743508343432,-0.6867891360982035,-1.0689716838758103,-0.6851672815418122,-0.70108869874294,0,0,0.38877601488782104,Low Yield,Low Yield
1.217324345677586,-0.562467066278474,-0.4190946682518961,-0.5347425158706968,-0.495030198614281,0,0,0.48322739617889016,Low Yield,Low Yield
-0.3208964282245576,-0.7109854641729312,-1.0282825902442196,-0.7114236300868171,-0.7086603120554552,0,0,0.3849404115921327,Low Yield,Low Yield
1.0635022682873716,-0.705568159027749,0.972373892592945,-0.7048240513850917,-0.6999209429078396,1,1,0.5240240532008218,High Yield,High Yield
-0.7823626603952007,-0.5628532489696546,-0.3575688210267085,-0.5908736535502918,-0.5915182123287798,1,0,0.4071814896780939,High Yield,Low Yield
-0.474718505614772,-0.7121183054633446,0.4335715398262363,-0.7126120517503467,-0.7090820773454076,0,0,0.44612715374594675,Low Yield,Low Yield
-1.3976509699560582,-0.6946028362807986,0.886893982181418,-0.6999053596618998,-0.6918234852738722,0,0,0.4372459845987359,Low Yield,Low Yield
1.3711464230678003,-0.4660738913493215,0.0852532100687076,-0.411469133904379,-0.3854224453678471,0,1,0.523020214620134,Low Yield,High Yield
0.9096801908971572,1.5688285855715076,-1.2843941836269337,1.987934291187635,1.9937021534461856,1,1,0.6609730752852864,High Yield,High Yield
-0.9361847377854152,-0.7115083139992758,0.1106633849727103,-0.7124054009963702,-0.7084467048285027,1,0,0.41602391647476983,High Yield,Low Yield
-0.0132522734441289,1.98105573372698,-0.719668940562679,1.987934291187635,1.9937021534461856,1,1,0.6277540373913373,High Yield,High Yield
-1.5514730473462726,1.98105573372698,-0.7936640261588379,1.987934291187635,1.9937021534461856,0,1,0.5745381601062184,Low Yield,High Yield
0.9096801908971572,0.956949052685386,-1.402031603521492,1.2744821561091555,1.357928578074409,1,1,0.6001649928461171,High Yield,High Yield
-0.0132522734441289,0.3587071861030871,-0.7597017584905343,0.5454547653416664,-0.0262936603046491,0,0,0.4748655930296378,Low Yield,Low Yield
-1.705295124736487,-0.5936056781585557,1.2885347128674425,-0.6245948842573615,-0.579831722798057,1,0,0.45275590973386204,High Yield,Low Yield
-0.3208964282245576,-0.5941720988037624,-1.3780775403351524,-0.5939538290819846,-0.6385361109787394,0,0,0.3749135848835026,Low Yield,Low Yield
-0.3208964282245576,-0.7132220995411833,-0.5331225717759104,-0.7136728342836023,-0.7100029860534429,0,0,0.40697120413148213,Low Yield,Low Yield
-1.5514730473462726,-0.5828146386870535,-0.2366500226134732,-0.6093495658993572,-0.5778792873537429,1,0,0.38889552634826813,High Yield,Low Yield
-1.5514730473462726,0.053261222273796,-0.2679871874668356,-0.1004583598125137,0.066479990742178,1,0,0.42968402556149904,High Yield,Low Yield
-1.2438288925658438,1.2009892091317544,-0.6761906751902131,0.7600575930399881,1.157332864808504,0,0,0.48901160466859234,Low Yield,Low Yield
-0.474718505614772,1.98105573372698,2.151865401131274,1.987934291187635,1.9937021534461856,1,1,0.7304484082881687,High Yield,High Yield
-1.705295124736487,1.98105573372698,0.0237273628435201,1.987934291187635,1.9937021534461856,1,1,0.6064372414984938,High Yield,High Yield
0.7558581135069429,-0.4025331138421584,-0.3454277205076051,-0.3601050422777079,-0.3252990948938367,0,0,0.4861165235845055,Low Yield,Low Yield
-1.8591172021267013,-0.5970768200612327,-1.110809259988938,-0.6303595894898513,-0.5748898760091975,0,0,0.34121365997982245,Low Yield,Low Yield
-1.0900068151756297,-0.5813768016646057,0.4297979545297578,-0.6195930807188176,-0.586319497400346,1,0,0.4326179439710164,High Yield,Low Yield
-0.0132522734441289,-0.4249285147372545,-1.598258038938357,-0.3750271932740164,-0.5261193137146001,0,0,0.3870891507054043,Low Yield,Low Yield
0.7558581135069429,-0.7116535500621494,2.151865401131274,-0.711882067643085,-0.7080331132844798,0,1,0.5675883165206036,Low Yield,High Yield
1.217324345677586,-0.7053938757523008,-0.6501037159667337,-0.7043740725953614,-0.6988060439630821,1,0,0.4536713265740514,High Yield,Low Yield
1.524968500458015,-0.6504801203798245,-0.0822611633097361,-0.6324224424395687,-0.6228692196978379,1,0,0.49805198801252787,High Yield,Low Yield
0.7558581135069429,0.8049595128882516,-1.1149109831372837,1.0140136332004657,1.16974442554396,1,1,0.5853290926440909,High Yield,High Yield
0.6020360361167285,-0.2587639352036651,0.7064181636542012,-0.2186642114564982,-0.2496085728392624,1,1,0.5358944423840246,High Yield,High Yield
-0.0132522734441289,-0.7102011894334141,-0.0604399961605363,-0.7101170188935813,-0.7080745269305215,1,0,0.4388872390985406,High Yield,Low Yield
0.6020360361167285,-0.7130187690531604,0.083940658661237,-0.7134477200764947,-0.7097790254149798,0,0,0.46604178735747953,Low Yield,Low Yield
0.2943918813362998,0.8021564568747928,-0.7229503190813557,1.2000022941349455,1.166273853022376,1,1,0.6010886468441415,High Yield,High Yield
-1.5514730473462726,0.1334896234051261,-0.7290208693409076,-0.0362717897507792,0.1477531812664695,0,0,0.4140382649138248,Low Yield,Low Yield
1.217324345677586,-0.6823013417554118,-0.0373062776038656,-0.6769668807254076,-0.665882195359831,1,0,0.4852335365969319,High Yield,Low Yield
-0.1670743508343432,-0.6702757957494847,-0.2779953919487993,-0.6673611203350913,-0.6955125692699664,1,0,0.4249512980471346,High Yield,Low Yield
-0.6285405830049864,-0.626124032635936,1.1065822740068207,-0.6349404177572191,-0.6413696762342327,0,0,0.4770925819108709,Low Yield,Low Yield
-0.1670743508343432,-0.2768748722439926,-0.4089223948439983,-0.2431610424050601,-0.5626712156776732,1,0,0.43127551540960735,High Yield,Low Yield
1.217324345677586,-0.6048033786061038,-0.8186025029007805,-0.5849890342989457,-0.5553905877202413,1,0,0.45904725659336043,High Yield,Low Yield
-0.7823626603952007,-0.5681603199431158,2.151865401131274,-0.5952079797189921,-0.5956996882288194,1,1,0.5230874732480508,High Yield,High Yield
0.2943918813362998,1.98105573372698,0.3241375662283693,1.987934291187635,1.9937021534461856,1,1,0.6812236298222848,High Yield,High Yield
-0.0132522734441289,-0.68296942764463,0.5492401326095889,-0.6781297760956643,-0.6907053168307429,1,0,0.46887093471790225,High Yield,Low Yield
-0.6285405830049864,-0.713251146753758,-0.0049846991949007,-0.7137035205777413,-0.7100176987961156,0,0,0.420810424369923,Low Yield,Low Yield
0.2943918813362998,1.236252525197444,-0.7229503190813557,1.7481913792564514,1.7037450556007414,1,1,0.6505804510373321,High Yield,High Yield
0.9096801908971572,-0.3045568658276847,-0.806297333455743,-0.2271957577645185,-0.2039908968077965,0,0,0.48240647163990563,Low Yield,Low Yield
0.1405698039460854,-0.7130332926594477,0.0850891411427739,-0.7134256666291263,-0.7098198941446264,0,0,0.4505765878765852,Low Yield,Low Yield
-0.7823626603952007,1.98105573372698,-0.3598657859897823,1.987934291187635,1.9937021534461856,1,1,0.6190863201085847,High Yield,High Yield
0.6020360361167285,-0.7055972062403237,-0.2464941581695032,-0.7053640044738212,-0.7022608139092027,1,0,0.45136826981016376,High Yield,Low Yield
-0.9361847377854152,-0.6748071609111385,-0.8878395896448583,-0.6850208877298413,-0.6753986152871262,1,0,0.37339346855940697,High Yield,Low Yield
0.4482139587265142,-0.6478803948543885,-0.5211455401827406,-0.6393874998531859,-0.6339795200813481,0,0,0.4397174474345793,Low Yield,Low Yield
-1.8591172021267013,0.0693969488590436,-0.1647878330544543,-0.15221307105918,0.2002858463541295,1,0,0.43036304355881566,High Yield,Low Yield
-0.3208964282245576,-0.6795273329545277,0.1106633849727103,-0.6797887191112523,-0.6897756894603829,1,0,0.43793086377049795,High Yield,Low Yield
0.7558581135069429,-0.6450337680220677,-1.1149109831372837,-0.6360691934018247,-0.6255485736134649,1,0,0.4234400246477424,High Yield,Low Yield
-0.7823626603952007,-0.6511336826627553,2.151865401131274,-0.6629729715144533,-0.6610749429206075,1,1,0.5188787661020449,High Yield,High Yield
-0.0132522734441289,1.98105573372698,-0.7597017584905343,1.987934291187635,1.9937021534461856,0,1,0.6260035438213589,Low Yield,High Yield
1.0635022682873716,1.98105573372698,-0.3544515114339659,1.987934291187635,1.9937021534461856,0,1,0.6762798117025898,Low Yield,High Yield
-1.5514730473462726,1.206261278214063,-0.7290208693409076,0.8219970029791187,1.234495206046749,0,0,0.48682843504029377,Low Yield,Low Yield
1.3711464230678003,-0.0611557480579596,-1.3682334047791225,0.0836343177610496,0.1463069731533773,1,1,0.5058237306454411,High Yield,High Yield
0.1405698039460854,1.98105573372698,-1.2107272358826424,1.987934291187635,1.9937021534461856,1,1,0.6110267491785385,High Yield,High Yield
-0.9361847377854152,-0.7038979443047036,0.6023984646121506,-0.7067269344543595,-0.7015938362413713,0,0,0.43892852347927946,Low Yield,Low Yield
1.0635022682873716,-0.6809070755518261,1.818149205781857,-0.6763341790023947,-0.6675365615359229,0,1,0.5661468962391536,Low Yield,High Yield
1.217324345677586,-0.5787189817140204,-1.1731554518437946,-0.5540309735452116,-0.5182011335746822,0,0,0.4460426950626926,Low Yield,Low Yield
-0.7823626603952007,1.98105573372698,-1.4479709027829657,1.987934291187635,1.9937021534461856,1,1,0.5700995296045558,High Yield,High Yield
-1.2438288925658438,-0.4816722445019371,0.3000194341160957,-0.5354141524442938,-0.4841089842199354,0,0,0.42869302763410294,Low Yield,Low Yield
0.6020360361167285,-0.6932521408960749,-0.0302513137887108,-0.691917510809883,-0.6897549826373621,0,0,0.4625017368629662,Low Yield,Low Yield
-1.0900068151756297,0.7632767628435526,0.995015404371814,0.3400299270643356,0.6749439911313471,0,1,0.5337700892030237,Low Yield,High Yield
1.0635022682873716,0.0003952953878363,-0.6592915758190284,0.110744686411222,0.2271344220663238,0,1,0.5326502151891366,Low Yield,High Yield
0.7558581135069429,-0.606749541848609,-0.2110552701677953,-0.5925019955601064,-0.5781473862202242,1,0,0.46942656105205743,High Yield,Low Yield
1.217324345677586,1.98105573372698,-0.9304975103876548,1.987934291187635,1.9937021534461856,1,1,0.6569825200793449,High Yield,High Yield
-0.0132522734441289,-0.7110145113855059,-0.8520725637912827,-0.7110723712118123,-0.708593287338835,0,0,0.4027835876962912,Low Yield,Low Yield
-1.3976509699560582,-0.7087197815921044,0.886893982181418,-0.7103524990858789,-0.7055946124155696,0,0,0.43639791362547775,Low Yield,Low Yield
-1.705295124736487,0.3323613642978313,-1.0233605224662048,0.065057657736256,0.4276772784418861,0,0,0.41120016940888304,Low Yield,Low Yield
1.0635022682873716,-0.6271552086823379,-0.3608501995453852,-0.614236995440344,-0.5969508162723988,1,0,0.4711962746145765,High Yield,Low Yield
0.2943918813362998,-0.1379420544991874,-0.8289388452346121,0.0128186717042869,0.0023013724544406,1,0,0.4829974660091638,High Yield,Low Yield
0.9096801908971572,-0.6951692569260053,-1.0159774207991823,-0.6921749481032566,-0.6876232696989987,0,0,0.427600829522538,Low Yield,Low Yield
-1.2438288925658438,-0.6813573073467339,0.3108479832277286,-0.6891505777674368,-0.6789024277088227,1,0,0.41685862533309825,High Yield,Low Yield
0.1405698039460854,-0.713164005116034,2.151865401131274,-0.7135893447469903,-0.7099375960860084,0,1,0.5468575181740989,Low Yield,High Yield
-1.0900068151756297,-0.4620072815888631,-1.7478888993900132,-0.5344040469660122,-0.4743528010787139,0,0,0.3426335200767512,Low Yield,Low Yield
-0.0132522734441289,-0.6290287538934063,-0.5984220042975762,-0.6147694455615504,-0.6563003854651013,0,0,0.4193823872175798,Low Yield,Low Yield
-0.9361847377854152,-0.6222898005760751,-1.271268669552227,-0.6458351338826831,-0.628108590838524,0,0,0.3594431496308708,Low Yield,Low Yield
-1.705295124736487,1.98105573372698,-0.0858706796802805,1.987934291187635,1.9937021534461856,0,1,0.6015366668612283,Low Yield,High Yield
1.217324345677586,-0.6805875562135043,0.6773779637639127,-0.6749328878696499,-0.6634387902433633,1,1,0.5188482449343937,High Yield,High Yield
-0.0132522734441289,-0.0796007280428961,0.5492401326095889,0.0306051651292211,-0.3058592024919668,1,1,0.5077474698187843,High Yield,High Yield
-0.0132522734441289,-0.7104335671340118,-0.651744405226072,-0.71038997669879,-0.7082227441900397,0,0,0.41186034415481126,Low Yield,Low Yield
-0.474718505614772,-0.7111742710546668,-0.2627369818369529,-0.7117032051305651,-0.7083028469001469,0,0,0.4142903192009618,Low Yield,Low Yield
-1.2438288925658438,1.98105573372698,-0.8486271163466721,1.987934291187635,1.9937021534461856,1,1,0.5821948771490887,High Yield,High Yield
1.524968500458015,-0.6122975594503772,0.3720456926010487,-0.5829839803659326,-0.5698635671790686,0,1,0.5244930164028269,Low Yield,High Yield
0.1405698039460854,-0.63525938099068,-0.0776672333835888,-0.6160371865000118,-0.6397872390223188,0,0,0.4501657396973486,Low Yield,Low Yield
0.4482139587265142,-0.4954115760497717,-0.6537132323372778,-0.4660628846346216,-0.4566430182318807,1,0,0.4495915778474707,High Yield,Low Yield
-0.7823626603952007,-0.7109418933540691,-0.7734835482689763,-0.7118188031639737,-0.7081982229522518,0,0,0.3814303379155586,Low Yield,Low Yield
-0.6285405830049864,1.98105573372698,-0.4784876194399439,1.987934291187635,1.9937021534461856,0,1,0.618770580911364,Low Yield,High Yield
1.3711464230678003,1.98105573372698,2.151865401131274,1.987934291187635,1.9937021534461856,1,1,0.7767700736566907,High Yield,High Yield
-0.9361847377854152,-0.626124032635936,-1.5019495794151967,-0.6486960406901083,-0.6315611811190636,0,0,0.3493830946268227,Low Yield,Low Yield
-0.474718505614772,-0.6603271254426489,-0.8563383558655622,-0.6627513279635617,-0.6663322963023383,1,0,0.3907750001253209,High Yield,Low Yield
1.0635022682873716,-0.6796580454111139,2.151865401131274,-0.6748912290466161,-0.6658963631861085,1,1,0.5815488267765601,High Yield,High Yield
0.9096801908971572,-0.6273875863829355,-1.2843941836269337,-0.6114886539478044,-0.6037001507444257,0,0,0.4230572005783283,Low Yield,Low Yield
-0.6285405830049864,1.98105573372698,-0.6968633598578762,1.987934291187635,1.9937021534461856,1,1,0.6090948856104926,High Yield,High Yield
0.9096801908971572,-0.4668726896951259,2.151865401131274,-0.4204141043429062,-0.4049604227208687,1,1,0.6003587721279733,High Yield,High Yield
1.217324345677586,-0.701850115818187,0.1782802910731912,-0.700168189063117,-0.6937535791459793,0,0,0.49272219689412405,Low Yield,Low Yield
-0.6285405830049864,-0.7027941502268649,2.151865401131274,-0.7042503727146348,-0.7017785628993736,0,1,0.5215260450912568,Low Yield,High Yield
-1.705295124736487,-0.7112033182672415,-0.9559281939073992,-0.7121806272858189,-0.7077851763246241,1,0,0.34468223810869175,High Yield,Low Yield
-0.0132522734441289,-0.7110435585980805,-1.0097428016136965,-0.7111064909374635,-0.7086118144962748,0,0,0.39571226422421,Low Yield,Low Yield
1.0635022682873716,-0.2187949707008736,0.1531777454053148,-0.1424762523400528,-0.0607013162522671,0,1,0.5441890040984709,Low Yield,High Yield
0.6020360361167285,-0.6856708184140774,-1.2806205983304555,-0.6836597817597938,-0.6820749309621846,1,0,0.40581448159787575,High Yield,Low Yield
-0.0132522734441289,-0.6924388189439832,1.1799210838992449,-0.6892528066579267,-0.6967451701561059,1,0,0.4976953584947223,High Yield,Low Yield
0.6020360361167285,-0.3892585376955191,-0.50014471766321,-0.3608015591864808,-0.3818025657539544,1,0,0.46786855841647657,High Yield,Low Yield
0.9096801908971572,-0.5587780702814866,-1.0159774207991823,-0.5298169047319575,-0.5187520440503175,1,0,0.4432255648557529,High Yield,Low Yield
0.4482139587265142,1.98105573372698,1.3461229058702175,1.987934291187635,1.9937021534461856,1,1,0.7253768954236637,High Yield,High Yield
1.217324345677586,-0.5752768870239181,2.151865401131274,-0.5499457506061052,-0.513293616518726,1,1,0.6003057000405739,High Yield,High Yield
1.524968500458015,-0.6857579600518015,-0.9067075161272492,-0.6780998956068801,-0.6718424908914821,1,0,0.454813835661563,High Yield,Low Yield
0.4482139587265142,-0.318659287532703,-0.1157312242002383,-0.2651331297089284,-0.2510624097818885,0,0,0.4933348799072649,Low Yield,Low Yield
-0.9361847377854152,-0.6872393678931114,0.2617913743735126,-0.6942971613175535,-0.6865933777119059,1,0,0.4242106549081103,High Yield,Low Yield
-0.9361847377854152,-0.6955904415083385,1.83882189044952,-0.7005283030382714,-0.6941132239668689,0,0,0.49686568955103905,Low Yield,Low Yield
-0.474718505614772,-0.3432041821583272,-0.0076098020098419,-0.3574487749954047,-0.4045708074982383,1,0,0.44936377430643665,High Yield,Low Yield
-1.705295124736487,-0.7112323654798162,0.8004296582142877,-0.7122022614078464,-0.7078167814755507,1,0,0.4220984249472048,High Yield,Low Yield
1.217324345677586,-0.67880115264016,2.151865401131274,-0.6728127088759365,-0.660891851011791,1,1,0.5871072128742366,High Yield,High Yield
0.2943918813362998,-0.7041448456115886,1.523332261384814,-0.7021986083473009,-0.6987362946644853,1,1,0.5239133031477026,High Yield,High Yield
0.1405698039460854,-0.6820399168422395,-1.194320343289259,-0.6746157662378041,-0.6819114560435985,1,0,0.3950686234534117,High Yield,Low Yield
0.4482139587265142,-0.7088214468361158,1.1206922016371303,-0.7086645131373444,-0.7048600651147225,1,1,0.5096823683597236,High Yield,High Yield
-1.5514730473462726,-0.5169791313864889,-1.1759446235846698,-0.5566780014370396,-0.5111864248181504,0,0,0.35217934800751804,Low Yield,Low Yield
1.524968500458015,-0.703418665297221,-0.0706122695684341,-0.7009668297573333,-0.6963593693482426,0,0,0.4913486131406982,Low Yield,Low Yield
0.1405698039460854,1.98105573372698,-1.194320343289259,1.987934291187635,1.9937021534461856,1,1,0.6117554840229907,High Yield,High Yield
0.4482139587265142,1.98105573372698,1.3131450517575172,1.987934291187635,1.9937021534461856,1,1,0.7241470880104669,High Yield,High Yield
0.6020360361167285,0.4264598094335822,-0.591695178334289,0.527695283913628,0.4445386264612571,0,1,0.5368783991359646,Low Yield,High Yield
0.7558581135069429,-0.4769665960648352,-0.7478887958232985,-0.4448098559874222,-0.41745808024678,1,0,0.45901093223129735,High Yield,Low Yield
-1.8591172021267013,-0.6797161398362632,2.151865401131274,-0.689647298741971,-0.6710076789739021,1,0,0.4817993477575214,High Yield,Low Yield
-1.0900068151756297,-0.2234134775002514,1.8854174654147284,-0.3641296283638602,-0.2505556375342715,1,1,0.5202434534767052,High Yield,High Yield
1.524968500458015,-0.7130913870845972,-0.0822611633097361,-0.713490989415394,-0.7097871991609092,0,0,0.48948043467887475,Low Yield,Low Yield
-1.3976509699560582,-0.6988437293167052,-0.4901365131812459,-0.7030438007234244,-0.6959604905468924,0,0,0.3750036989652173,Low Yield,Low Yield
-1.0900068151756297,-0.4852450516486256,-1.7478888993900132,-0.5509878715194236,-0.4961494568902008,0,0,0.3414636341666391,Low Yield,Low Yield
0.9096801908971572,-0.7132220995411833,1.0065002291871823,-0.7136647838939632,-0.7099751953172833,1,1,0.5194976046905538,High Yield,High Yield
0.9096801908971572,-0.7095911979693454,0.3370990113771419,-0.7093426125764437,-0.7054796350561641,1,0,0.48864736389620106,High Yield,Low Yield
-0.9361847377854152,-0.7046241246190712,-1.676026709830994,-0.7072687728648567,-0.7022477359157159,1,0,0.33813648761406373,High Yield,Low Yield
0.9096801908971572,-0.626124032635936,-0.0624088232717424,-0.6099845383293075,-0.6021356957735562,1,0,0.4797101323712446,High Yield,Low Yield
-1.3976509699560582,-0.7067010003181625,-1.6135164490502034,-0.7088585151559066,-0.7036252845630018,0,0,0.32679041488192967,Low Yield,Low Yield
-0.7823626603952007,-0.7049291203511056,-0.5465762237024847,-0.706908124605717,-0.7034607198116251,1,0,0.3917789731413467,High Yield,Low Yield
0.7558581135069429,1.9737176816502957,-1.2494475024030272,1.987934291187635,1.9937021534461856,1,1,0.6294772896898125,High Yield,High Yield
1.524968500458015,0.8837210297845592,-0.4911209267368491,1.354048436658392,1.5069337867001056,0,1,0.680497870793831,Low Yield,High Yield
0.2943918813362998,1.98105573372698,-1.086034852172929,1.987934291187635,1.9937021534461856,1,1,0.6214665373299616,High Yield,High Yield
-0.1670743508343432,-0.1439403038958636,1.444400192504584,-0.0998190955931733,-0.5177826377831016,1,1,0.5216908439564713,High Yield,High Yield
1.0635022682873716,-0.7130623398720225,0.3507167322296504,-0.713481751119763,-0.709762133006726,0,0,0.494087695221232,Low Yield,Low Yield
-0.474718505614772,0.7440184609065243,-0.720653354118282,0.6892489036234765,0.4928509140674181,1,0,0.48627837735510127,High Yield,Low Yield
-0.9361847377854152,1.98105573372698,-0.4783235505140102,1.987934291187635,1.9937021534461856,1,1,0.6088998218950363,High Yield,High Yield
-1.0900068151756297,-0.5528669625225345,-1.179718208881148,-0.5992468009698511,-0.5595777253016279,1,0,0.3622320297406916,High Yield,Low Yield
-1.3976509699560582,0.390470313053525,-0.494074167403658,0.1030948805694834,0.3666689837419293,0,0,0.4389220331071869,Low Yield,Low Yield
-1.3976509699560582,-0.7092716786310237,-0.2627369818369529,-0.7107609263473103,-0.7061329898141134,0,0,0.38441617971421294,Low Yield,Low Yield
1.3711464230678003,-0.7131930523286086,0.0096174352132105,-0.713627858082545,-0.7099337816712414,0,0,0.4885509176802494,Low Yield,Low Yield
1.0635022682873716,-0.6907976514335125,-0.7460840376380262,-0.6877603292336177,-0.6805246438175926,0,0,0.4457200494282814,Low Yield,Low Yield
-0.7823626603952007,-0.4982001084569432,-0.7021135654877587,-0.5380709299240093,-0.5405775804307548,1,0,0.39486709475193166,High Yield,Low Yield
1.3711464230678003,-0.7029539098960258,0.0091252284354091,-0.701108204803344,-0.6964879696175303,0,0,0.4898098173733983,Low Yield,Low Yield
1.3711464230678003,-0.7003687079768772,2.151865401131274,-0.6979472143300138,-0.6930931404748913,1,1,0.589306976615043,High Yield,High Yield
-0.9361847377854152,-0.5737809555763208,1.3889448955389478,-0.6096403280614696,-0.5844280925923041,0,0,0.48256427618044395,Low Yield,Low Yield
-1.2438288925658438,0.4494361545801724,0.7507167736563363,0.1814410535682674,0.4241903584284436,1,1,0.5081604047194279,High Yield,High Yield
-0.7823626603952007,1.98105573372698,-0.7021135654877587,1.987934291187635,1.9937021534461856,1,1,0.6038877652529182,High Yield,High Yield
1.0635022682873716,1.98105573372698,-0.5229502983680125,1.987934291187635,1.9937021534461856,0,1,0.6693457677308658,Low Yield,High Yield
-1.3976509699560582,-0.2272041387412502,0.0759012812904794,-0.3540104615729119,-0.2358745000124444,1,0,0.4280481227326544,High Yield,Low Yield
1.3711464230678003,-0.7062071977043926,2.151865401131274,-0.7050860804551752,-0.7007601141565818,1,1,0.5885988281758143,High Yield,High Yield
1.524968500458015,1.98105573372698,-1.6658544364230965,1.987934291187635,1.9937021534461856,1,1,0.6350815119055985,High Yield,High Yield
1.3711464230678003,-0.6800066119620103,-0.2793079433562699,-0.6730499747591769,-0.6663540929581496,1,0,0.47921442362719696,High Yield,Low Yield
-0.9361847377854152,1.98105573372698,-0.0217197296401514,1.987934291187635,1.9937021534461856,1,1,0.6290280389759911,High Yield,High Yield
-1.3976509699560582,-0.6573933569726038,1.7152779892213428,-0.6723687637727697,-0.655525514351003,1,0,0.4779146730946845,High Yield,Low Yield
-0.7823626603952007,-0.381778880457533,-0.3598657859897823,-0.4429888059554432,-0.448848534113693,0,0,0.4159905335671394,Low Yield,Low Yield
-0.474718505614772,-0.5184750628340861,-1.702769944758209,-0.5261866366496166,-0.549243930781402,0,0,0.3622654743737819,Low Yield,Low Yield
1.524968500458015,-0.7102883310711383,-0.0706122695684341,-0.7098616158207909,-0.7058959511821634,0,0,0.49040829218129883,Low Yield,Low Yield
-0.6285405830049864,-0.4477886710335459,-1.1715147625844562,-0.4737248585751564,-0.5008580794618773,1,0,0.3830245545751694,High Yield,Low Yield
1.217324345677586,-0.713251146753758,-0.1444432862386591,-0.7136994127221823,-0.7100084352173958,0,0,0.4761504359635447,Low Yield,Low Yield
-1.3976509699560582,-0.6989889653795788,2.151865401131274,-0.7031512815816958,-0.6961021688096671,0,0,0.49576535280812134,Low Yield,Low Yield
0.4482139587265142,-0.5375300342830913,-0.5967813150382378,-0.513942612595551,-0.5056310021681977,1,0,0.4477983258274598,High Yield,Low Yield
-0.474718505614772,-0.4777363471980648,-0.0819330254578684,-0.4869664094421204,-0.5156171400282304,0,0,0.43733475757752277,Low Yield,Low Yield
-0.3208964282245576,1.98105573372698,-1.0282825902442196,1.987934291187635,1.041802960178089,0,1,0.525153317555576,Low Yield,High Yield
1.217324345677586,1.98105573372698,-0.4190946682518961,1.987934291187635,1.9937021534461856,0,1,0.678192947325173,Low Yield,High Yield
-1.3976509699560582,-0.7054519701774502,1.7152779892213428,-0.7079341797747727,-0.7024068515031398,1,0,0.4749872401207782,High Yield,Low Yield
1.0635022682873716,-0.7051905452642779,2.151865401131274,-0.7043878107007867,-0.6994250689881283,1,1,0.5785565668399218,High Yield,High Yield
0.4482139587265142,-0.6976382699948551,1.1206922016371303,-0.6959516198511666,-0.6918529107592177,1,1,0.5108695527546836,High Yield,High Yield
-0.7823626603952007,-0.7122344943136434,-1.1734835896956624,-0.7128744804385748,-0.7092166716950435,1,0,0.3638895319605996,High Yield,Low Yield
-1.3976509699560582,1.98105573372698,-0.7723350657874396,1.987934291187635,1.9937021534461856,0,1,0.5805947855391936,Low Yield,High Yield
-0.9361847377854152,1.98105573372698,0.4537520177160977,1.5045806393940098,1.967049202719899,0,1,0.6142710482012997,Low Yield,High Yield
-1.2438288925658438,0.5045096696218095,-1.4533851773387825,0.2238418481588092,0.4779147556725965,0,0,0.4096372479044244,Low Yield,Low Yield
0.7558581135069429,-0.5792127843277903,-0.0555179283825213,-0.5611653464296442,-0.5440530571998964,1,0,0.4797705779957272,High Yield,Low Yield
-0.7823626603952007,-0.5047938257114009,-0.5496935332952277,-0.543456070178716,-0.5457728133434226,0,0,0.401373592561546,Low Yield,Low Yield
0.7558581135069429,-0.7106368976220347,1.0873862096725626,-0.7107251238460743,-0.7067743564113664,1,1,0.5183613372773354,High Yield,High Yield
1.217324345677586,1.98105573372698,-0.330497448247626,1.987934291187635,1.9937021534461856,1,1,0.6817969956209106,High Yield,High Yield
0.6020360361167285,-0.7126847261085513,2.151865401131274,-0.7130838737773528,-0.7094406323335065,0,1,0.5623399278399044,Low Yield,High Yield
-0.474718505614772,-0.5946949486301071,-0.4837378250698266,-0.5995655145052103,-0.6121577981156779,0,0,0.4115894505255165,Low Yield,Low Yield
0.9096801908971572,-0.7131930523286086,-0.1961249979078167,-0.7136302065234231,-0.7099392308351943,0,0,0.46337073803333606,Low Yield,Low Yield
-0.1670743508343432,-0.3850902626910492,-0.0056409748986358,-0.3598485596885046,-0.5992127642292359,0,0,0.4464323025572396,Low Yield,Low Yield
1.3711464230678003,-0.1857973372160108,0.0852532100687076,-0.0687680431497362,-0.0173695644990311,1,1,0.5578816112954271,High Yield,High Yield
0.2943918813362998,0.8051535482682506,2.151865401131274,1.2037871082394098,1.169984668284314,0,1,0.7208925983926998,Low Yield,High Yield
-0.3208964282245576,-0.6986258752223949,2.151865401131274,-0.6989945861162696,-0.7012407304172251,0,1,0.5320296415139837,Low Yield,High Yield
-1.3976509699560582,0.5202096880184366,-0.649775578114866,0.1991075312633162,0.4932301758785379,0,0,0.43955617936110064,Low Yield,Low Yield
-1.2438288925658438,-0.5833665357259729,1.9088793218232665,-0.6137080247341075,-0.5833121038147561,0,0,0.49696302201033943,Low Yield,Low Yield
-0.0132522734441289,-0.6943849821864884,-0.0756984062723828,-0.6915388282765511,-0.6979864897045701,1,0,0.43918970832499193,High Yield,Low Yield
0.6020360361167285,1.98105573372698,-0.2158132690198767,1.987934291187635,1.9937021534461856,0,1,0.6682175133724794,Low Yield,High Yield
1.3711464230678003,-0.4486455638044996,2.151865401131274,-0.3901590857695686,-0.3625359567657857,1,1,0.619450976258438,High Yield,High Yield
0.4482139587265142,0.7365533272748257,-0.6537132323372778,0.9344191582225622,0.97625551190539,1,1,0.5795758136901098,High Yield,High Yield
0.6020360361167285,1.98105573372698,-0.610234966964812,1.987934291187635,1.9937021534461856,0,1,0.6516725871156368,Low Yield,High Yield
0.6020360361167285,1.98105573372698,-0.4876754792922384,1.987934291187635,1.9937021534461856,1,1,0.6568552142860489,High Yield,High Yield
-1.705295124736487,1.98105573372698,-0.0858706796802805,1.987934291187635,1.9937021534461856,1,1,0.6015366668612283,High Yield,High Yield
1.0635022682873716,-0.6217669507497304,-1.3329585857033484,-0.6080121764450669,-0.5898750768795948,1,0,0.4269074311465961,High Yield,Low Yield
-0.9361847377854152,-0.6029588806076102,1.3889448955389478,-0.6314113953952475,-0.6107017815074707,0,0,0.48095744540909113,Low Yield,Low Yield
1.217324345677586,-0.6780023542943557,2.151865401131274,-0.6718646613584224,-0.6597529757456408,1,1,0.5872095601148781,High Yield,High Yield
1.0635022682873716,-0.5060719030646877,0.1531777454053148,-0.4743547421691157,-0.4379469367095778,0,1,0.5097503422683916,Low Yield,High Yield
-0.7823626603952007,-0.709780004851081,-0.1259034976081356,-0.710869879771074,-0.7072827634081693,0,0,0.4104309255286316,Low Yield,Low Yield
1.0635022682873716,1.98105573372698,-1.0773391990984358,1.987934291187635,1.9937021534461856,1,1,0.646019507721181,High Yield,High Yield
-0.6285405830049864,-0.6335310718424852,0.3580998338966729,-0.6416363974935861,-0.6472057308277583,0,0,0.44193456112758006,Low Yield,Low Yield
0.1405698039460854,0.8096942085379282,-0.1378805292013058,1.1933334741994457,0.6613423329885839,1,1,0.5801023924049148,High Yield,High Yield
0.9096801908971572,-0.6532541291807087,0.5740145404255975,-0.6422798024138127,-0.6357265220446388,0,1,0.506281535612209,Low Yield,High Yield
-0.1670743508343432,-0.643479742149321,-0.3811947463611807,-0.6384672175853994,-0.6864642325262228,0,0,0.42107888202800026,Low Yield,Low Yield
-0.7823626603952007,-0.6769566546416664,0.5649907494992368,-0.6840627939216528,-0.68142103128784,1,0,0.4436518165378529,High Yield,Low Yield
0.7558581135069429,-0.6183974740910649,-0.3454277205076051,-0.6057572659201436,-0.5925691435378946,0,0,0.46187039581860084,Low Yield,Low Yield
-0.7823626603952007,-0.5905121500193499,-0.9603580549076128,-0.6134628934899032,-0.6133108412081055,0,0,0.3789661101731976,Low Yield,Low Yield
-1.2438288925658438,-0.4072968567044097,0.7507167736563363,-0.4781529527876049,-0.4115555458530294,1,0,0.4541013115821521,High Yield,Low Yield
0.7558581135069429,-0.0533710950879391,2.151865401131274,0.037239040921363,0.1070119620564286,0,1,0.638448282927442,Low Yield,High Yield
-0.9361847377854152,1.98105573372698,-1.271268669552227,1.987934291187635,1.9937021534461856,1,1,0.573086125082659,High Yield,High Yield
0.4482139587265142,-0.7130913870845972,-0.0940741259769722,-0.7135185269375214,-0.7098264331413698,0,0,0.4525995598719263,Low Yield,Low Yield
-0.3208964282245576,-0.6973913686879701,1.0506347702633836,-0.6977531422414206,-0.7004996441196346,0,0,0.48067639947638263,Low Yield,Low Yield
0.9096801908971572,-0.6200531652078229,1.5869760891410851,-0.6027578678864152,-0.5946191190169648,0,1,0.5572399149512288,Low Yield,High Yield
-1.2438288925658438,1.98105573372698,2.151865401131274,1.987934291187635,1.9937021534461856,1,1,0.7094499478699796,High Yield,High Yield
-0.7823626603952007,-0.7130623398720225,0.1106633849727103,-0.713550588356016,-0.7098689366202022,1,0,0.42101048327249607,High Yield,Low Yield
-0.474718505614772,-0.4027509679364687,-1.702769944758209,-0.4147760233200873,-0.4537222663531414,0,0,0.36921942515790973,Low Yield,Low Yield
-1.3976509699560582,1.98105573372698,-0.2524006395031214,1.987934291187635,1.9937021534461856,1,1,0.6040607835377444,High Yield,High Yield
-0.0132522734441289,0.0564709392633007,-0.6730733655974703,0.1904390199418524,-0.2190687334653927,0,0,0.4594877266256382,Low Yield,Low Yield
1.524968500458015,1.98105573372698,-0.7677411358612921,1.987934291187635,1.9937021534461856,0,1,0.6730420432653965,Low Yield,High Yield
0.9096801908971572,1.98105573372698,0.3370990113771419,1.987934291187635,1.9937021534461856,1,1,0.6995533044465346,High Yield,High Yield
-0.1670743508343432,-0.4679329129541025,-0.4089223948439983,-0.4491769181081487,-0.6271865922976981,0,0,0.42529323595192775,Low Yield,Low Yield
-1.0900068151756297,-0.7099542881265292,-0.7119577010437887,-0.7113534549509124,-0.7069231185872797,0,0,0.37440030654602824,Low Yield,Low Yield
0.4482139587265142,-0.3691288193812498,1.3131450517575172,-0.3225062520069385,-0.3097635284641994,0,1,0.5545365898294876,Low Yield,High Yield
0.2943918813362998,-0.5026879027997349,-0.0343530369370567,-0.4477929474111567,-0.4493046291365483,1,0,0.4756994428648974,High Yield,Low Yield
-1.2438288925658438,1.98105573372698,-0.6761906751902131,1.987934291187635,1.9937021534461856,0,1,0.5900146823961906,Low Yield,High Yield
-0.9361847377854152,-0.6981756434274871,-1.676026709830994,-0.7024572477796415,-0.6964411068075357,1,0,0.33845488700525095,High Yield,Low Yield
0.4482139587265142,-0.7122199707073561,-0.4108912219552044,-0.7125279118762607,-0.7088128886461357,1,0,0.43806233838178865,High Yield,Low Yield
1.217324345677586,1.98105573372698,-0.4190946682518961,1.987934291187635,1.9937021534461856,1,1,0.678192947325173,High Yield,High Yield
-0.1670743508343432,0.997934669628292,-0.3331225510625676,1.1314526778411278,-0.1322008863106878,1,0,0.47515574230056157,High Yield,Low Yield
-1.0900068151756297,1.98105573372698,-1.49095696137763,1.987934291187635,1.9937021534461856,1,1,0.5578762577091764,High Yield,High Yield
1.3711464230678003,1.98105573372698,-0.2405876768358854,1.987934291187635,1.9937021534461856,1,1,0.6899076145232548,High Yield,High Yield
0.9096801908971572,-0.7107095156534715,1.5482558226207008,-0.7106738413422398,-0.7068642676165887,0,1,0.544997653891895,Low Yield,High Yield
0.6020360361167285,-0.7063960045861281,-0.50014471766321,-0.7062340717108996,-0.7030700147562042,0,0,0.43958418289109974,Low Yield,Low Yield
1.3711464230678003,-0.6531088931178352,-1.3682334047791225,-0.6401614671377861,-0.631032612215635,1,0,0.43210152187793477,High Yield,Low Yield
-0.0132522734441289,-0.5825532137738813,-1.2291029555872317,-0.5601778845197722,-0.626656933561479,0,0,0.39383492155736716,Low Yield,Low Yield
-0.9361847377854152,1.98105573372698,-0.4783235505140102,1.987934291187635,1.9937021534461856,1,1,0.6088998218950363,High Yield,High Yield
0.4482139587265142,-0.5325629609328171,0.3262704622655091,-0.5082961067463654,-0.499853798545363,1,0,0.4912755519286323,High Yield,Low Yield
0.6020360361167285,-0.6974639867194069,-0.610234966964812,-0.6965051380599324,-0.6940216780124606,1,0,0.4353107043678741,High Yield,Low Yield
-0.0132522734441289,-0.4140793808406029,-0.5984220042975762,-0.3622834757433263,-0.5191994204108483,1,0,0.43294341472287595,High Yield,Low Yield
0.9096801908971572,-0.6467185063514005,-1.2640496368111382,-0.6344998940422777,-0.6276345135746243,1,0,0.4217870611906596,High Yield,Low Yield
-0.3208964282245576,0.1896669325246021,2.151865401131274,0.1942900053368645,-0.1679899053203588,1,1,0.574904323184034,High Yield,High Yield
0.4482139587265142,-0.4692690847325389,-1.0186025236141236,-0.4363444327968033,-0.4262366833748564,1,0,0.4355040206699205,High Yield,Low Yield
-0.6285405830049864,-0.5923856952304182,-0.0835737147172067,-0.6044408865266684,-0.6147870197229385,1,0,0.4239790486933748,High Yield,Low Yield
-0.7823626603952007,-0.6032057819144951,-0.1259034976081356,-0.6238298815573341,-0.6233122367272064,0,0,0.4156825239040889,Low Yield,Low Yield
0.7558581135069429,1.98105573372698,-0.5997345557050467,1.987934291187635,1.9937021534461856,1,1,0.6568300084618267,High Yield,High Yield
-1.0900068151756297,-0.7126992497148387,-0.6000626935569144,-0.7133124192262841,-0.7094978485550116,0,0,0.3791680106902775,Low Yield,Low Yield
-0.9361847377854152,-0.7131059106908845,1.857853885857844,-0.713597445499464,-0.7098852841120609,0,0,0.49678930736843585,Low Yield,Low Yield
0.1405698039460854,1.98105573372698,-0.0811126808281992,1.987934291187635,1.7357256539237504,0,1,0.6400072692593093,Low Yield,High Yield
-0.1670743508343432,-0.7125685372582525,-1.2346812990689822,-0.7129649386587246,-0.7097937381576527,1,0,0.3806629904526902,High Yield,Low Yield
0.7558581135069429,-0.7037236610292554,-0.5697099422591553,-0.7028579060264013,-0.6982148096741955,0,0,0.44196507669501717,Low Yield,Low Yield
-0.0132522734441289,-0.7132220995411833,0.1106633849727103,-0.7136654703612968,-0.710001351304257,0,0,0.4465865824264542,Low Yield,Low Yield
0.2943918813362998,-0.5533171943174425,0.3241375662283693,-0.5117290828032265,-0.5119907214175944,0,0,0.48626867927683654,Low Yield,Low Yield
-1.0900068151756297,-0.6860629557838359,-1.179718208881148,-0.6943032103319362,-0.6845134318310947,0,0,0.3553771889683558,Low Yield,Low Yield
0.1405698039460854,-0.5803020547993417,-0.1378805292013058,-0.5472196311669457,-0.5903001116679188,0,0,0.45241191140150966,Low Yield,Low Yield
-1.705295124736487,-0.4631836936981386,2.151865401131274,-0.5274576763537495,-0.437924595137371,1,1,0.5022145181645332,High Yield,High Yield
-0.1670743508343432,-0.6070254903680686,0.281971852263374,-0.5991589813243008,-0.6741545711566855,1,0,0.452714389514285,High Yield,Low Yield
0.7558581135069429,0.2159691835109957,2.151865401131274,0.3437465082865631,0.4404926222262498,1,1,0.6659665634818928,High Yield,High Yield
1.217324345677586,-0.3315707735221586,-0.8186025029007805,-0.2607050716263395,-0.1658331262278122,0,0,0.49506092103374644,Low Yield,Low Yield
-1.8591172021267013,-0.5825532137738813,-0.2921053195791092,-0.6199399569323609,-0.5579974677552951,0,0,0.3774312179298797,Low Yield,Low Yield
-1.705295124736487,-0.6270244962257517,1.2885347128674425,-0.6494849416500353,-0.6161934489391747,1,0,0.45040761021165737,High Yield,Low Yield
1.217324345677586,-0.6948933084065456,-0.3980938457323655,-0.6919115570469485,-0.6838350109189621,0,0,0.46675268315578733,Low Yield,Low Yield
-0.7823626603952007,1.98105573372698,-1.0620807889865895,1.987934291187635,1.9937021534461856,0,1,0.5876834490883983,Low Yield,High Yield
0.9096801908971572,-0.4510274352356253,2.151865401131274,-0.4015521487132515,-0.3853417977413446,1,1,0.6021292442150568,High Yield,High Yield
-0.6285405830049864,-0.303206170442961,-1.3949766397063377,-0.3430219599956766,-0.3869405824451171,1,0,0.38097912201971307,High Yield,Low Yield
0.7558581135069429,-0.6803551785129067,0.2785264048187637,-0.6762647264636832,-0.6692813838336323,1,0,0.48398339567562626,High Yield,Low Yield
-0.1670743508343432,-0.5294839563998985,-0.0056409748986358,-0.5155467608470077,-0.6479707934467416,1,0,0.4418737421388613,High Yield,Low Yield
-1.3976509699560582,0.3062914910120352,-0.5075278193302325,0.0407989751153856,0.2845522626377334,1,0,0.43324851116975055,High Yield,Low Yield
-1.2438288925658438,1.98105573372698,-0.597601659667907,1.987934291187635,1.9937021534461856,1,1,0.5935638185262447,High Yield,High Yield
0.6020360361167285,-0.6621425762285679,0.7064181636542012,-0.6580323467767586,-0.6582402878323237,1,0,0.4996594754251591,High Yield,Low Yield
1.217324345677586,-0.5106177918326288,0.1782802910731912,-0.4732056133702342,-0.4211068404296229,1,1,0.5179837076705598,High Yield,High Yield
1.0635022682873716,1.98105573372698,0.7033008540614583,1.987934291187635,1.9937021534461856,1,1,0.7179808271705667,High Yield,High Yield
1.0635022682873716,-0.5136096547278233,0.7033008540614583,-0.4830627773673606,-0.4478453430299693,1,1,0.5345005924135502,High Yield,High Yield
0.7558581135069429,-0.3657448191162968,-0.2110552701677953,-0.3182402045944482,-0.2797500783281771,1,0,0.4965371739487783,High Yield,Low Yield
-0.3208964282245576,-0.4456827481218799,-1.1390291152495573,-0.4446300387707318,-0.5493965073720823,1,0,0.39233991272929764,High Yield,Low Yield
-1.0900068151756297,0.7997891090499545,1.8770499501921023,0.3660872613938832,0.709191986575146,1,1,0.5764812917083764,High Yield,High Yield
-0.7823626603952007,-0.5028767096814705,-0.1259034976081356,-0.5418903465804312,-0.5442623050956866,1,0,0.4206439653914251,High Yield,Low Yield
1.3711464230678003,0.4309185565637991,0.2434156546689232,0.685305768473976,0.7924879067587434,0,1,0.6390218480447073,Low Yield,High Yield
0.7558581135069429,-0.6398488405774831,-0.6228682742617173,-0.63016878003707,-0.6191289135605867,0,0,0.44661753569521023,Low Yield,Low Yield
-0.6285405830049864,-0.704943643957393,0.4642524289758629,-0.7061935197753845,-0.7034721630559261,0,0,0.4427955998718577,Low Yield,Low Yield
-1.0900068151756297,-0.5956244594324976,-0.6558461283744178,-0.629761038148128,-0.599683571994764,0,0,0.3828852316871585,Low Yield,Low Yield
-0.474718505614772,-0.0851196984320897,0.6690104485412873,-0.108984091402817,-0.1915411919246705,1,0,0.4975260600321488,High Yield,Low Yield
-0.1670743508343432,-0.6182231908156167,-1.0689716838758103,-0.6112333439367738,-0.6779357460235832,1,0,0.390861581627352,High Yield,Low Yield
-0.1670743508343432,-0.6546483953842944,-0.016469524010269,-0.6505102588940785,-0.6902355988980053,0,0,0.4374319169658374,Low Yield,Low Yield
0.1405698039460854,-0.7009206050157966,-0.1150749484965028,-0.6982581610403902,-0.6989128475765584,1,0,0.44243621219410995,High Yield,Low Yield
-0.7823626603952007,-0.6520196226462838,2.151865401131274,-0.6636965256015396,-0.6617729808229704,1,1,0.5188338125168804,High Yield,High Yield
-1.8591172021267013,-0.6687072462704508,-0.1040823304589359,-0.6817492172633933,-0.6582032335174441,1,0,0.3795977407275002,High Yield,Low Yield
1.524968500458015,0.6943767746163567,2.151865401131274,1.1088870710996277,1.2440830100218263,0,1,0.7588612876522891,Low Yield,High Yield
-1.705295124736487,-0.5519664989327188,-1.1149109831372837,-0.5935823703308966,-0.5345257389446953,0,0,0.34818271309600957,Low Yield,Low Yield
0.7558581135069429,-0.6837246551715723,-0.2110552701677953,-0.6800991687623474,-0.673453263755951,0,0,0.4607978891783459,Low Yield,Low Yield
-1.2438288925658438,-0.6299146938769347,0.2857454375598521,-0.649545194212664,-0.6287199870340363,1,0,0.41888310072869606,High Yield,Low Yield
-1.2438288925658438,1.98105573372698,-1.4566665558574587,1.987934291187635,1.9937021534461856,1,1,0.554315030881471,High Yield,High Yield
0.7558581135069429,0.1823906057746389,0.1909135983700965,0.3055343074481516,0.3989176809314196,0,1,0.5764653723513316,Low Yield,High Yield
1.524968500458015,-0.7066138586804384,0.0905034156985903,-0.7051039395542903,-0.7007949888058803,1,0,0.4984401516241405,High Yield,Low Yield
-0.9361847377854152,1.625935405493374,-0.0217197296401514,1.031674911480256,1.3963386449454112,1,1,0.5378558893692199,High Yield,High Yield
1.524968500458015,-0.6893017199859153,-0.2829174597268143,-0.682688326472596,-0.6767619961081347,1,0,0.48336457200565525,High Yield,Low Yield
0.9096801908971572,-0.4438963445485357,-0.2711044970595783,-0.3930634042456434,-0.3765125173885065,0,0,0.491178100375909,Low Yield,Low Yield
-0.9361847377854152,-0.6715393494964843,1.3889448955389478,-0.6825826148826039,-0.6724560667525754,1,0,0.4771823225192136,High Yield,Low Yield
-0.3208964282245576,-0.6864696167598817,-0.4458379031791109,-0.686770015254521,-0.6939432100515392,1,0,0.4121813486660876,High Yield,Low Yield
0.1405698039460854,-0.6129656453395954,1.9874683373455728,-0.5881209741754198,-0.6197125190199393,1,1,0.5484250965087005,High Yield,High Yield
-0.1670743508343432,1.1094469187025773,-0.5157312656269242,1.251695163105158,-0.0945460735635535,0,0,0.4702012046559596,Low Yield,Low Yield
-1.2438288925658438,1.627707285460431,-1.4492834541904362,1.0885854796076853,1.5735977686667475,1,0,0.47987988279071137,High Yield,Low Yield
0.2943918813362998,1.98105573372698,-0.316723115401868,1.987934291187635,1.9937021534461856,1,1,0.6546620796602654,High Yield,High Yield
0.6020360361167285,-0.6967087591924646,0.7064181636542012,-0.6956825290357858,-0.6932566153934775,0,0,0.49654919555393917,Low Yield,Low Yield
-0.6285405830049864,-0.696563523129591,0.3580998338966729,-0.6986178721128672,-0.6968694110942314,0,0,0.4383775387874823,Low Yield,Low Yield
-0.1670743508343432,-0.7039705623361404,-0.016469524010269,-0.7036938327357882,-0.7068904236035626,0,0,0.4358804242744489,Low Yield,Low Yield
-0.9361847377854152,1.53190957838906,-0.0217197296401514,0.9615176740890774,1.3116717151112716,1,1,0.5326968311364944,High Yield,High Yield
-1.705295124736487,-0.6736307488018629,1.2885347128674425,-0.6841968904432081,-0.6669039136009944,0,0,0.4471363542365375,Low Yield,Low Yield
-0.474718505614772,1.6550697597058013,-0.8563383558655622,1.5663418207354312,1.2448562463867392,0,1,0.5388560757718183,Low Yield,High Yield
1.0635022682873716,-0.7125975844708272,2.0667136285716143,-0.7129448395083106,-0.7091518266440043,0,1,0.5737991092726064,Low Yield,High Yield
-0.9361847377854152,0.9830915440026188,-0.5409978802207343,0.5520178769717067,0.8174804972285896,0,0,0.4782246099058514,Low Yield,Low Yield
-0.474718505614772,-0.6933102353212243,0.6690104485412873,-0.6945050306331603,-0.6935574092436759,0,0,0.45823626111244575,Low Yield,Low Yield
1.217324345677586,-0.6217959979623051,-0.904738689016043,-0.6051565905806099,-0.5796175706547091,0,0,0.45282494902292064,Low Yield,Low Yield
1.3711464230678003,1.98105573372698,0.0852532100687076,1.987934291187635,1.9937021534461856,1,1,0.7027862915071396,High Yield,High Yield
-0.7823626603952007,-0.6992213430801764,2.151865401131274,-0.7022465384380964,-0.6989635248013201,0,1,0.5164383218584473,Low Yield,High Yield
0.4482139587265142,1.98105573372698,0.3262704622655091,1.987934291187635,1.9937021534461856,0,1,0.6858172752304403,Low Yield,High Yield
-0.9361847377854152,-0.6947771195562468,0.2617913743735126,-0.6999214440185145,-0.693380856331603,1,0,0.42380459829438943,High Yield,Low Yield
0.4482139587265142,-0.7071948029319324,0.3262704622655091,-0.7068153650229911,-0.7029681153902855,1,0,0.4727552581053765,High Yield,Low Yield
-1.3976509699560582,-0.1570405967670547,-0.2524006395031214,-0.3020864589420033,-0.1674297312660037,1,0,0.41725320718992714,High Yield,Low Yield
0.4482139587265142,1.98105573372698,1.3131450517575172,1.987934291187635,1.9937021534461856,1,1,0.7241470880104669,High Yield,High Yield
0.7558581135069429,-0.6984080211280848,-0.0609322029383378,-0.696808742744888,-0.6916333094519169,0,0,0.4661313028504714,Low Yield,Low Yield
1.0635022682873716,-0.5927197381750273,-0.2650339468000267,-0.574455200729287,-0.5517309292094926,0,0,0.47979524426296805,Low Yield,Low Yield
0.2943918813362998,-0.704943643957393,0.5239735180157784,-0.703207354029046,-0.6997253179219315,0,0,0.47714414101958325,Low Yield,Low Yield
0.9096801908971572,-0.5349884031828048,-0.1961249979078167,-0.5014980382595704,-0.4892971332194646,0,0,0.4840734540972199,Low Yield,Low Yield
0.7558581135069429,-0.451303383755085,2.151865401131274,-0.4156052889971656,-0.3856834603211896,1,1,0.5961214390976496,High Yield,High Yield
0.9096801908971572,-0.7056407770591858,0.5740145404255975,-0.7046400901829827,-0.7005884654920664,0,1,0.5001781678564869,Low Yield,High Yield
0.1405698039460854,-0.6548952966911794,-0.0811126808281992,-0.6406252770947014,-0.657468686216597,1,0,0.448209425302952,High Yield,Low Yield
-1.3976509699560582,1.98105573372698,-0.5075278193302325,1.987934291187635,1.9937021534461856,0,1,0.5925989145974626,Low Yield,High Yield
1.3711464230678003,-0.6712779245833119,-0.0276262109737696,-0.662377192318326,-0.6548917765832839,1,0,0.4920590039312534,High Yield,Low Yield
0.9096801908971572,-0.2431365348384748,-0.0965351598659797,-0.15408190775736,-0.1279439994307044,1,1,0.5227112404203876,High Yield,High Yield
0.7558581135069429,0.9075687913083904,-0.5997345557050467,1.1307823178559058,1.296788958523188,1,1,0.6194544178722091,High Yield,High Yield
0.9096801908971572,1.98105573372698,1.2931286427935895,1.987934291187635,1.9937021534461856,0,1,0.7357307226686332,Low Yield,High Yield
-0.474718505614772,1.98105573372698,-1.274221910219036,1.987934291187635,1.9937021534461856,1,1,0.5881717126191343,High Yield,High Yield
0.2943918813362998,1.98105573372698,-0.8441972553464585,1.987934291187635,1.9937021534461856,0,1,0.6320421448854846,Low Yield,High Yield
-0.7823626603952007,-0.690115041938007,-1.088003679284135,-0.6948093513462438,-0.6917886106245739,1,0,0.3686422280956086,High Yield,Low Yield
-0.1670743508343432,-0.7040431803675772,0.7558029103602849,-0.7037721359952723,-0.7069149448413505,1,0,0.4716464737391761,High Yield,Low Yield
0.2943918813362998,1.98105573372698,-0.8441972553464585,1.987934291187635,1.9937021534461856,1,1,0.6320421448854846,High Yield,High Yield
-0.6285405830049864,1.98105573372698,0.2235633146309295,1.987934291187635,1.9937021534461856,1,1,0.6492120340956226,High Yield,High Yield
0.4482139587265142,1.98105573372698,-0.5967813150382378,1.987934291187635,1.9937021534461856,0,1,0.6475021354983941,Low Yield,High Yield
-0.6285405830049864,-0.588783840871155,-0.0227041431957546,-0.6011848022627094,-0.6119490951362829,0,0,0.4269622630589984,Low Yield,Low Yield
-0.474718505614772,-0.678467109695551,0.6880424439496118,-0.6802151653190565,-0.6813055090120391,0,0,0.4600746505907545,Low Yield,Low Yield
-1.705295124736487,1.299706161066883,-0.0858706796802805,0.7855280065580909,1.480207817176851,0,1,0.5226651524774673,Low Yield,High Yield
1.3711464230678003,1.98105573372698,0.0852532100687076,1.987934291187635,1.9937021534461856,0,1,0.7027862915071396,Low Yield,High Yield
-0.7823626603952007,1.54880053250125,-0.4092505326958661,1.1337304421445535,1.072267601089409,1,1,0.5109757976421827,High Yield,High Yield
1.217324345677586,-0.2017587805258102,-1.1731554518437946,-0.1066387314164977,0.0192444579331046,1,0,0.49564407897062335,High Yield,Low Yield
-1.3976509699560582,-0.4009209935442624,-0.7080200468213768,-0.4825683161513217,-0.4053358701172215,1,0,0.38253792907740947,High Yield,Low Yield
-1.705295124736487,0.2213864886561779,1.2885347128674425,-0.0175955054699242,0.3069297993265965,0,1,0.510423765549755,Low Yield,High Yield
-1.0900068151756297,0.2731050506454369,0.995015404371814,-0.0097851221091871,0.215170782607794,1,1,0.5064082636187688,High Yield,High Yield
1.217324345677586,1.530791260704934,1.2000418997648792,1.9496246223888776,1.9937021534461856,1,1,0.7638751823783319,High Yield,High Yield
0.9096801908971572,-0.685075350556296,1.0065002291871823,-0.6801593118405528,-0.6751256121730873,1,1,0.5227711811888625,High Yield,High Yield
-0.7823626603952007,1.98105573372698,0.4032187885284771,1.987934291187635,1.9937021534461856,1,1,0.6521097869884142,High Yield,High Yield
1.0635022682873716,1.98105573372698,-0.5229502983680125,1.987934291187635,1.9937021534461856,1,1,0.6693457677308658,High Yield,High Yield
-1.5514730473462726,-0.4216607033226004,-1.678651812645935,-0.4804186858477631,-0.4146266946568678,0,0,0.33686961537375115,Low Yield,Low Yield
0.6020360361167285,-0.1027223092523598,0.4352122290855746,-0.0487005315443185,-0.0915348655631966,0,1,0.5372529943163655,Low Yield,High Yield
0.9096801908971572,-0.6846541659739628,-0.3792259192499747,-0.6796579399677205,-0.6746041271827975,1,0,0.45817072819417787,High Yield,Low Yield
1.3711464230678003,1.98105573372698,-0.4346812162156103,1.987934291187635,1.9937021534461856,0,1,0.6820920643247422,Low Yield,High Yield
1.0635022682873716,1.98105573372698,0.7033008540614583,1.987934291187635,1.9937021534461856,1,1,0.7179808271705667,High Yield,High Yield
-1.0900068151756297,0.9132329977604576,-1.179718208881148,0.4470474198855688,0.8156005356648489,1,0,0.4408478880318402,High Yield,Low Yield
0.6020360361167285,-0.64162072054454,1.1087151700439608,-0.635679528486,-0.6374511824357226,1,1,0.5202966631465517,High Yield,High Yield
-0.3208964282245576,1.98105573372698,1.2911598156823834,1.987934291187635,1.9937021534461856,1,1,0.701998348429278,High Yield,High Yield
0.4482139587265142,-0.0205477448785246,-1.7378806949080494,0.0737562827483254,0.095671162037712,1,0,0.44935631383024355,High Yield,Low Yield
-1.0900068151756297,-0.7057860131220594,-0.6000626935569144,-0.7083787314216442,-0.7030133434510943,0,0,0.3795321235622144,Low Yield,Low Yield
-0.7823626603952007,-0.5815365613337666,0.4649087046795983,-0.6061324602797518,-0.6062389162300685,1,0,0.4438208334516382,High Yield,Low Yield
-0.3208964282245576,-0.2756403657095677,0.4375091940486481,-0.2736320989268206,-0.4473184088757265,0,0,0.4726443141407791,Low Yield,Low Yield
-1.8591172021267013,-0.4968639366785069,-0.9323022685729272,-0.5584641248431683,-0.458332259057271,0,0,0.35563814157446383,Low Yield,Low Yield
1.0635022682873716,1.98105573372698,-0.5229502983680125,1.987934291187635,1.9937021534461856,1,1,0.6693457677308658,High Yield,High Yield
0.1405698039460854,-0.6503203607106637,1.980249304604484,-0.6348965429694593,-0.653349118268226,1,1,0.5446664458049876,High Yield,High Yield
0.2943918813362998,-0.7122490179199308,0.5239735180157784,-0.7124327918093704,-0.7087703851673033,0,0,0.4762558725204662,Low Yield,Low Yield
0.4482139587265142,-0.7026779613765661,-0.6742218480790071,-0.7016806769554571,-0.6977145764233218,1,0,0.4269749201897832,High Yield,Low Yield
0.7558581135069429,-0.7001363302762795,1.064088422189958,-0.6987755471998063,-0.6937731961362097,1,1,0.5184552346092012,High Yield,High Yield
1.217324345677586,-0.7131785287223212,0.7594124267308293,-0.7136132265842265,-0.7099049011022912,0,1,0.5183762317247729,Low Yield,High Yield
0.6020360361167285,-0.7127863913525628,0.083940658661237,-0.7131946096075265,-0.7095436215322158,1,0,0.4660626007796315,High Yield,Low Yield
-0.1670743508343432,1.98105573372698,-0.6932538434873318,1.987934291187635,0.5980023410331933,1,1,0.5084481278790646,High Yield,High Yield
0.7558581135069429,-0.4594801740948639,-1.2494475024030272,-0.4249104226788376,-0.39580746202923,0,0,0.4377720179490556,Low Yield,Low Yield
0.1405698039460854,-0.1940322219809392,-0.4461660410309786,-0.0635326064211142,-0.2424777968905344,0,0,0.4736018017050123,Low Yield,Low Yield
-0.1670743508343432,-0.3452810578574185,-0.3331225510625676,-0.3169227128392332,-0.5857702216738965,0,0,0.4326060707190494,Low Yield,Low Yield
-0.1670743508343432,-0.6528619918109502,-0.2779953919487993,-0.6485839987107658,-0.6896323764484225,0,0,0.42549555584925786,Low Yield,Low Yield
0.4482139587265142,1.98105573372698,-1.7378806949080494,1.987934291187635,1.9937021534461856,1,1,0.5974270555567723,High Yield,High Yield
0.1405698039460854,-0.6999620470008313,0.1106633849727103,-0.6970578548427204,-0.6980497000064234,0,0,0.4529581307410329,Low Yield,Low Yield
0.1405698039460854,1.98105573372698,0.0358684633626239,1.987934291187635,1.9937021534461856,1,1,0.6647810200139547,High Yield,High Yield
-0.0132522734441289,-0.5116344442727434,0.5905855019449145,-0.4768745743425839,-0.5814228786722954,0,0,0.4818221130504241,Low Yield,Low Yield
-1.705295124736487,1.98105573372698,-0.0858706796802805,1.987934291187635,1.9937021534461856,0,1,0.6015366668612283,Low Yield,High Yield
0.4482139587265142,-0.707964554065162,0.8450564060682905,-0.7076904083271047,-0.7038634130277424,1,0,0.49689251132771434,High Yield,Low Yield
1.3711464230678003,-0.7062943393421166,0.0091252284354091,-0.7051926306958493,-0.7008745465995921,0,0,0.48939159612635397,Low Yield,Low Yield
-0.9361847377854152,-0.6989744417732914,2.151865401131274,-0.7030532700311883,-0.6971603964493148,0,1,0.5113075133479003,Low Yield,High Yield
-0.1670743508343432,0.1378516433174693,-0.1180281891633117,0.2040341971749887,-0.4226287592266763,1,0,0.4577922418838282,High Yield,Low Yield
0.6020360361167285,-0.6852786810443189,-0.2464941581695032,-0.6832326578434099,-0.6816776869100204,0,0,0.45317991171936683,Low Yield,Low Yield
1.217324345677586,-0.7111161766295173,1.2000418997648792,-0.7111655402662809,-0.7069645322333216,0,1,0.5391698641407245,Low Yield,High Yield
-0.1670743508343432,-0.5389823949118264,-1.0189306614659912,-0.5257888271875489,-0.6511781713494019,0,0,0.3955111978476877,Low Yield,Low Yield
0.4482139587265142,-0.7125685372582525,-0.5211455401827406,-0.7129241579007649,-0.7092183064442295,0,0,0.43295885896694464,Low Yield,Low Yield
0.6020360361167285,1.98105573372698,-0.50014471766321,1.987934291187635,1.9937021534461856,1,1,0.6563296122247397,High Yield,High Yield
-1.8591172021267013,1.98105573372698,-1.465526277857886,1.987934291187635,1.9937021534461856,0,1,0.533230139779193,Low Yield,High Yield
-0.6285405830049864,0.3724372225428978,-0.6594556447449621,0.2677611534892966,0.1454032620067773,1,0,0.45185823536615677,High Yield,Low Yield
-0.9361847377854152,-0.6869779429799391,0.103628929773297,-0.6941020994897745,-0.6863579738291419,0,0,0.41701930302935625,Low Yield,Low Yield
0.9096801908971572,-0.690942887496386,-0.3792259192499747,-0.6871439406896641,-0.682390437555056,1,0,0.4574432314508333,High Yield,Low Yield
0.9096801908971572,1.5229775605223388,-0.2711044970595783,1.948274087139892,1.9937021534461856,1,1,0.702520678421092,High Yield,High Yield
0.7558581135069429,-0.705568159027749,-0.0555179283825213,-0.7049569326295494,-0.700498554286844,0,0,0.46558034907551493,Low Yield,Low Yield
1.3711464230678003,-0.7109564169603565,-0.5756164235927733,-0.7108930685719111,-0.7069966823006436,0,0,0.4615536203952537,Low Yield,Low Yield
-1.2438288925658438,-0.7124959192268158,1.7051057158134453,-0.7131240228101905,-0.7092782472477109,0,0,0.47928369997833925,Low Yield,Low Yield
1.0635022682873716,0.4888532220440445,-0.2650339468000267,0.6750387900477762,0.8685664092867622,1,1,0.6081383333486178,High Yield,High Yield
0.6020360361167285,-0.6398052697586211,0.6042032227974231,-0.6337021029471855,-0.6356120896016285,1,0,0.4968923545283876,High Yield,Low Yield
0.4482139587265142,-0.244879367592957,-0.0005548381946871,-0.1812610545221969,-0.1652489758520644,0,1,0.506552639210789,Low Yield,High Yield
1.217324345677586,-0.711058082204368,2.151865401131274,-0.7110965913559162,-0.7068817049412379,1,1,0.5829680460337999,High Yield,High Yield
-1.5514730473462726,1.98105573372698,-1.4901366167479608,1.987934291187635,1.9937021534461856,1,1,0.5424450763798766,High Yield,High Yield
0.7558581135069429,-0.6820544404485268,-0.6228682742617173,-0.678198475381544,-0.6713853060358361,1,0,0.44192225321060336,High Yield,Low Yield
0.4482139587265142,-0.7013272659918424,-1.0186025236141236,-0.7001452236105031,-0.696143582455709,1,0,0.41144129992336037,High Yield,Low Yield
-0.474718505614772,1.211417158446073,-0.3623268198787899,1.1392258562051678,0.8786539015963183,1,1,0.5332419957404064,High Yield,High Yield
0.2943918813362998,1.1167087218462532,-1.086034852172929,1.5972280027756351,1.5557332295636532,1,1,0.6213887067728292,High Yield,High Yield
1.217324345677586,-0.6641904047150844,0.7594124267308293,-0.6554720579192236,-0.6400607870527529,0,1,0.5248374319021115,Low Yield,High Yield
1.0635022682873716,-0.6971299437747978,-0.7618346545276743,-0.6950757499396577,-0.6888400680096749,0,0,0.4442404320045184,Low Yield,Low Yield
-0.3208964282245576,1.98105573372698,-0.56692077051828,1.987934291187635,1.9937021534461856,1,1,0.6246834105963638,High Yield,High Yield
-0.9361847377854152,1.98105573372698,-0.8195869164563835,1.987934291187635,1.9937021534461856,0,1,0.5936060547339677,Low Yield,High Yield
0.2943918813362998,-0.350422414483141,-0.8289388452346121,-0.255507679639941,-0.2607788140262542,0,0,0.4572039231939053,Low Yield,Low Yield
-1.5514730473462726,-0.6753300107374831,2.151865401131274,-0.6833663021942973,-0.671599458179184,0,0,0.4922894548577108,Low Yield,Low Yield
-0.6285405830049864,-0.670987452457565,-0.0835737147172067,-0.6754970479643525,-0.6767178578801165,1,0,0.41958909406480055,High Yield,Low Yield
0.2943918813362998,-0.5605209030359689,-0.3086986535371664,-0.5208261347695106,-0.5209099129756547,1,0,0.45592587307691823,High Yield,Low Yield
1.3711464230678003,-0.6862662862718588,0.0852532100687076,-0.680703833714263,-0.6745741567810567,1,0,0.49545664008182727,High Yield,Low Yield
1.217324345677586,-0.6865422347913185,-0.904738689016043,-0.6820001511820281,-0.6719285876819374,1,0,0.44435991881510406,High Yield,Low Yield
0.2943918813362998,-0.6814589725907454,0.2907569967335177,-0.6735502309857366,-0.6706480341530126,1,0,0.46912965349567187,High Yield,Low Yield
-0.474718505614772,-0.705277686902002,0.2730496282056126,-0.7060264093208526,-0.7034356536574419,1,0,0.4391610217347938,High Yield,Low Yield
-1.5514730473462726,-0.5053311991440329,-0.7936640261588379,-0.5473590968046155,-0.4993868051946019,1,0,0.36939582588539843,High Yield,Low Yield
-0.0132522734441289,1.98105573372698,-0.0819330254578684,1.987934291187635,1.2729510458949551,1,1,0.5981122028212568,High Yield,High Yield
-0.0132522734441289,-0.7104480907402991,1.1799210838992449,-0.7104070365616156,-0.7082320077687596,1,0,0.4965337940765148,High Yield,Low Yield
0.9096801908971572,-0.6788447234590221,-0.0965351598659797,-0.6727424658596894,-0.6674112307650067,0,0,0.47199079105991293,Low Yield,Low Yield
-0.0132522734441289,-0.2790098423682333,-1.2291029555872317,-0.2036267514656584,-0.4330481383159461,0,0,0.41267791409392957,Low Yield,Low Yield
-1.0900068151756297,-0.6686055810264393,0.4297979545297578,-0.6818446121361859,-0.6681386941527152,0,0,0.4278346919100256,Low Yield,Low Yield
-1.0900068151756297,-0.6853803462883303,0.3989529964541972,-0.6938160604856797,-0.6838731550666323,1,0,0.425506179092566,High Yield,Low Yield
-0.9361847377854152,0.9842098616867448,0.6023984646121506,0.5528523081238724,0.8184875027270804,1,1,0.5316678106020526,High Yield,High Yield
-0.6285405830049864,-0.0437274205131377,-0.6968633598578762,-0.1084525992703137,-0.1824955797629034,0,0,0.4266668056639143,Low Yield,Low Yield
-0.3208964282245576,-0.7035929485726692,2.151865401131274,-0.7039895720597799,-0.7042225129322366,0,1,0.5317879565780164,Low Yield,High Yield
-0.6285405830049864,-0.6061685975971148,1.3412008380922025,-0.616900660585124,-0.6256466585646167,0,0,0.4891858407025975,Low Yield,Low Yield
-1.2438288925658438,-0.1557479958074804,-0.6761906751902131,-0.2844868762295396,-0.1661687947273091,1,0,0.40438628940586535,High Yield,Low Yield
1.0635022682873716,-0.5610437528623136,2.151865401131274,-0.5378613187112291,-0.5101347361752462,1,1,0.5953679189117661,High Yield,High Yield
-0.0132522734441289,-0.701850115818187,-1.2819331497379265,-0.7003075977688867,-0.7027479691665894,1,0,0.3841724222771499,High Yield,Low Yield
-0.7823626603952007,-0.7064686226175648,-0.4008830174732407,-0.7081654481013092,-0.7046737037075342,1,0,0.3982128970272276,High Yield,Low Yield
0.7558581135069429,-0.7001508538825669,-0.1308255653861507,-0.6987920749683351,-0.6937911783772542,1,0,0.46268600052704056,High Yield,Low Yield
-0.7823626603952007,1.4401058630467107,0.4032187885284771,1.0449586587387718,0.9866263607404956,0,1,0.5433171132927341,Low Yield,High Yield
0.7558581135069429,-0.5854143642124895,-0.1516623189797476,-0.5682227035914097,-0.5517314741258879,0,0,0.47458943962782363,Low Yield,Low Yield
-0.9361847377854152,-0.626124032635936,0.5622015777583614,-0.6486960406901083,-0.6315611811190636,1,0,0.44130403287473124,High Yield,Low Yield
-0.474718505614772,1.98105573372698,0.1185592020332761,1.987934291187635,1.9937021534461856,0,1,0.6494868743933672,Low Yield,High Yield
0.4482139587265142,-0.6855982003826406,-0.0005548381946871,-0.6822646217547492,-0.6778491043167326,1,0,0.4598341003546998,High Yield,Low Yield
0.7558581135069429,-0.6759254785952645,0.1909135983700965,-0.6712237570624222,-0.6637968003150669,0,0,0.4803923007929817,Low Yield,Low Yield
0.4482139587265142,-0.6802970840877574,-0.1157312242002383,-0.6762383801320805,-0.6716833753040582,1,0,0.45504916934512235,High Yield,Low Yield
-1.3976509699560582,-0.6842184577853422,0.4342278155299714,-0.6922204782954954,-0.6816934894854836,0,0,0.41716214268179885,Low Yield,Low Yield
1.0635022682873716,1.98105573372698,-0.6592915758190284,1.987934291187635,1.9937021534461856,0,1,0.66368052642148,Low Yield,High Yield
0.2943918813362998,1.98105573372698,-0.8289388452346121,1.987934291187635,1.9937021534461856,1,1,0.6327052784523505,High Yield,High Yield
1.0635022682873716,-0.7129897218405857,0.3507167322296504,-0.7133978586804736,-0.7096667726375507,0,0,0.4940964283335396,Low Yield,Low Yield
-1.5514730473462726,-0.5203486080451544,1.56023285421387,-0.5593737444229778,-0.5145997811182292,1,0,0.4752984341392878,High Yield,Low Yield
0.6020360361167285,-0.7115228376055632,-0.0266417974181664,-0.7118183214325116,-0.7082636129196862,0,0,0.46103502402414315,Low Yield,Low Yield
1.0635022682873716,-0.6518017685519735,0.3507167322296504,-0.6427100893351833,-0.6293161255704804,0,1,0.501455697794647,Low Yield,High Yield
-0.1670743508343432,-0.5119684872173526,0.3165903956354127,-0.4966600146594042,-0.6420562708922946,1,0,0.4573335246764946,High Yield,Low Yield
0.7558581135069429,-0.428748223190828,-0.6228682742617173,-0.3899376644720561,-0.3577570399791173,1,0,0.4702286678525124,High Yield,Low Yield
-1.8591172021267013,-0.4419356576997432,0.2124066276674285,-0.5190570745107401,-0.3944451710410121,1,0,0.4100370948059975,High Yield,Low Yield
-1.2438288925658438,1.98105573372698,-0.6761906751902131,1.987934291187635,1.9937021534461856,0,1,0.5900146823961906,Low Yield,High Yield
0.6020360361167285,-0.4579406718284047,-0.0302513137887108,-0.4356115221709091,-0.4513791258534066,1,0,0.4836108681727132,High Yield,Low Yield
-0.1670743508343432,1.98105573372698,-1.0189306614659912,1.987934291187635,0.3752808424530479,1,0,0.4743846019978065,High Yield,Low Yield
-0.6285405830049864,-0.710854751716345,1.1620375709724566,-0.7115371741924461,-0.7081295634864455,0,0,0.47483856068338637,Low Yield,Low Yield
-0.6285405830049864,0.1067371406238245,1.1620375709724566,0.0275676949821635,-0.0639435688042258,1,1,0.5216125889519854,High Yield,High Yield
0.2943918813362998,-0.6985242099783835,-0.7867731312696169,-0.6951007069139299,-0.6917771673802727,1,0,0.4174149456424121,High Yield,Low Yield
-0.9361847377854152,1.98105573372698,1.6716356549229432,1.6317934614105445,1.9937021534461856,0,1,0.6768951851658342,Low Yield,High Yield
-0.7823626603952007,0.8167817284061558,2.151865401131274,0.535884981532819,0.4955052018288619,1,1,0.5924034319833114,High Yield,High Yield
1.217324345677586,-0.7131204342971719,0.3531777661186579,-0.7135442776738617,-0.7098220738102076,1,0,0.49940640970779065,High Yield,Low Yield
0.7558581135069429,-0.686440569547307,-1.2317280584021733,-0.6831898614772188,-0.6768159428312681,0,0,0.4135853247601024,Low Yield,Low Yield
0.6020360361167285,0.2099999813268943,-0.0266417974181664,0.2919228820697035,0.225259909666536,1,1,0.5437640536136726,High Yield,High Yield
-0.6285405830049864,1.98105573372698,0.2235633146309295,1.987934291187635,1.9937021534461856,0,1,0.6492120340956226,Low Yield,High Yield
-0.7823626603952007,1.2189839573217829,-1.4479709027829657,0.8643666755275169,0.8124029662573038,1,0,0.44588562416293653,High Yield,Low Yield
0.7558581135069429,0.6318090787304461,-0.1516623189797476,0.8169695768010096,0.9553601478117082,0,1,0.6098643884030447,Low Yield,High Yield
1.0635022682873716,-0.5638032380569103,0.3507167322296504,-0.5410492314042282,-0.5137584302039059,0,1,0.5120376385662949,Low Yield,High Yield
-1.5514730473462726,-0.6986839696475444,2.151865401131274,-0.7020505897864894,-0.695257548396972,1,0,0.49068659247051727,High Yield,Low Yield
-1.5514730473462726,1.98105573372698,-0.2679871874668356,1.788234950128574,1.9937021534461856,0,1,0.5841288360771263,Low Yield,High Yield
0.9096801908971572,-0.7093733438750351,1.5482558226207008,-0.7090832822973927,-0.7052099014404969,1,1,0.5451520693652786,High Yield,High Yield
0.4482139587265142,-0.6696367570728412,-0.5211455401827406,-0.664119855882659,-0.6592843476456939,0,0,0.4374417278558275,Low Yield,Low Yield
1.0635022682873716,1.98105573372698,-0.3544515114339659,1.987934291187635,1.9937021534461856,0,1,0.6762798117025898,Low Yield,High Yield
0.7558581135069429,-0.3036999730567309,-1.6151571383095418,-0.2476335774397362,-0.2029299445861725,0,0,0.43822155348902914,Low Yield,Low Yield
-0.3208964282245576,-0.6160591734788012,0.914129423886434,-0.6159638987219551,-0.6516751351019038,1,0,0.47827434330575247,High Yield,Low Yield
1.3711464230678003,-0.4800891714166158,0.2434156546689232,-0.4286059642794557,-0.4038269966186714,0,1,0.528641519676096,Low Yield,High Yield
-0.7823626603952007,1.98105573372698,-0.4008830174732407,1.86957308716875,1.782160704548147,0,1,0.5917992031319756,Low Yield,High Yield
0.6020360361167285,0.5417627197488664,-0.591695178334289,0.6532855347348113,0.5613430905402487,0,1,0.5471799002845339,Low Yield,High Yield
-0.6285405830049864,-0.6966651883736025,0.6542442452072422,-0.6987097777170919,-0.6969495138043386,1,0,0.45204530111081687,High Yield,Low Yield
0.2943918813362998,-0.7120311638256205,-0.1057230197182742,-0.7121576793507126,-0.7085006515516362,1,0,0.4470345142326856,High Yield,Low Yield
-1.8591172021267013,-0.7092281078121616,0.7969842107696774,-0.7108199920987912,-0.7053330525458318,0,0,0.41702275774783365,Low Yield,Low Yield
0.6020360361167285,0.3306475787559238,0.1382474731453361,0.4233346736771566,0.347478663049101,1,1,0.5621161560110141,High Yield,High Yield
0.7558581135069429,-0.7129316274154363,1.0873862096725626,-0.7133365112736128,-0.7096155504963937,1,1,0.5181031838244103,High Yield,High Yield
1.524968500458015,0.0288906109236201,1.7492402568896468,0.2472211256161451,0.3202442865290433,1,1,0.6696692476947183,High Yield,High Yield
0.9096801908971572,-0.7082550261909091,0.3370990113771419,-0.7077520535315966,-0.7038252688800721,0,0,0.48880296542057805,Low Yield,Low Yield
0.6020360361167285,-0.7126847261085513,0.6042032227974231,-0.7130838737773528,-0.7094406323335065,0,0,0.490335678353601,Low Yield,Low Yield
-1.5514730473462726,-0.6127623148515725,1.1904214951590095,-0.6333091436450663,-0.6082169627449611,0,0,0.45180043477566034,Low Yield,Low Yield
1.217324345677586,-0.7129316274154363,-0.1444432862386591,-0.7133201937151766,-0.7095528851109357,0,0,0.4761925619338826,Low Yield,Low Yield
-0.0132522734441289,-0.2626853089012501,-0.719668940562679,-0.1844514656497338,-0.4226358758347988,1,0,0.4369724077675097,High Yield,Low Yield
-0.0132522734441289,1.98105573372698,-0.5984220042975762,1.987934291187635,1.9937021534461856,0,1,0.6330351741745394,Low Yield,High Yield
-0.3208964282245576,-0.6726286199680357,-1.5149110245639696,-0.6728512386341547,-0.6856343248562005,0,0,0.3653757190178831,Low Yield,Low Yield
0.9096801908971572,-0.546360386905801,-0.2711044970595783,-0.5150350788260412,-0.5033772279572899,0,0,0.4792507683381235,Low Yield,Low Yield
-1.2438288925658438,-0.5238778443729808,0.5010038683850417,-0.5679080103240708,-0.5252806873822532,1,0,0.43529218649721313,High Yield,Low Yield
-1.5514730473462726,-0.3615620205055396,1.56023285421387,-0.4323368562106419,-0.3537453654770131,1,0,0.48618306455936117,High Yield,Low Yield
-0.9361847377854152,-0.2630338754521465,-0.7623268613054757,-0.3777768354415039,-0.3046113439467591,1,0,0.40049675563373033,High Yield,Low Yield
0.2943918813362998,1.98105573372698,-0.8441972553464585,1.987934291187635,1.9937021534461856,0,1,0.6320421448854846,Low Yield,High Yield
-0.7823626603952007,1.466640491733702,-0.9603580549076128,1.0666296967241222,1.0075331680784785,0,0,0.4810552484403103,Low Yield,Low Yield
-0.6285405830049864,0.111050651691168,1.3412008380922025,0.031467118475695,-0.0605449252468198,1,1,0.5302095541522935,High Yield,High Yield
-0.7823626603952007,-0.6948206903751089,0.5649907494992368,-0.6986524910874882,-0.6954962217781077,0,0,0.4427557973146457,Low Yield,Low Yield
1.524968500458015,1.98105573372698,-0.9067075161272492,1.987934291187635,1.9937021534461856,0,1,0.6672997216230064,Low Yield,High Yield
0.9096801908971572,0.655061372396496,-0.2711044970595783,0.9151195440853218,0.9841497157239152,1,1,0.6170103644422608,High Yield,High Yield
1.0635022682873716,-0.7089666828989893,0.039642048659102,-0.708750217543838,-0.7043838081852415,1,0,0.480052245654532,High Yield,Low Yield
-0.1670743508343432,1.98105573372698,-0.7746320307505132,1.987934291187635,1.6583595139536675,1,1,0.5933565952289401,High Yield,High Yield
-1.5514730473462726,1.98105573372698,-0.7290208693409076,1.987934291187635,1.9937021534461856,1,1,0.5774894861989692,High Yield,High Yield
-1.705295124736487,-0.7093442966624605,0.8004296582142877,-0.7107960434760568,-0.7057624466653182,1,0,0.4222291077683437,High Yield,Low Yield
1.0635022682873716,0.1863700738973732,-0.6965352220060085,0.3255932234315026,0.471352327524153,0,1,0.5531234892775911,Low Yield,High Yield
1.217324345677586,0.2677748871379788,0.7594124267308293,0.450623599378308,0.6886753393761887,0,1,0.6438325967864297,Low Yield,High Yield
0.4482139587265142,1.98105573372698,-0.5967813150382378,1.987934291187635,1.9937021534461856,1,1,0.6475021354983941,High Yield,High Yield
0.9096801908971572,-0.7075433694828288,-1.0159774207991823,-0.7069049079533629,-0.7029441390688929,1,0,0.4261899122804649,High Yield,Low Yield
0.6020360361167285,-0.6871957970742493,-0.610234966964812,-0.685320819212398,-0.6836197689428238,1,0,0.43621940705376744,High Yield,Low Yield
-0.3208964282245576,1.98105573372698,-0.1803743810181684,1.987934291187635,1.9937021534461856,0,1,0.6414671265303434,Low Yield,High Yield
1.3711464230678003,-0.7114647431804138,-0.0276262109737696,-0.7115146116425097,-0.7076642048848704,1,0,0.4870276868351898,High Yield,Low Yield
0.1405698039460854,-0.5736066723008726,-0.0776672333835888,-0.5388356742407979,-0.5842711566704615,0,0,0.4558162233573084,Low Yield,Low Yield
-1.3976509699560582,-0.7112033182672415,-1.0563383765789054,-0.7121904217623197,-0.7080173107090164,0,0,0.34985513349853814,Low Yield,Low Yield
1.217324345677586,1.98105573372698,-0.9304975103876548,1.987934291187635,1.9937021534461856,0,1,0.6569825200793449,Low Yield,High Yield
-1.2438288925658438,-0.6050648035192762,1.059822630115678,-0.630413401083862,-0.604478836273291,0,0,0.45602296699331873,Low Yield,Low Yield
0.1405698039460854,1.98105573372698,-0.0811126808281992,1.987934291187635,1.9937021534461856,0,1,0.6598901626300718,Low Yield,High Yield
-1.705295124736487,-0.6786413929709992,0.0237273628435201,-0.687928776492957,-0.6723558021358426,0,0,0.38933280328740527,Low Yield,Low Yield
-1.705295124736487,1.723795464657549,-0.0858706796802805,1.1013861881600362,1.9416430207060296,0,1,0.5525680983486084,Low Yield,High Yield
1.524968500458015,-0.0162632810237559,-0.7498576229345043,0.1887562421673302,0.2575609188299737,0,1,0.5534863957693286,Low Yield,High Yield
-0.474718505614772,0.2714348359223915,0.1185592020332761,0.2342802857608311,0.1027681531699321,0,0,0.49489132898982674,Low Yield,Low Yield
0.2943918813362998,-0.675440244909204,2.151865401131274,-0.6659496073862451,-0.663196013641771,1,1,0.5565613645241099,High Yield,High Yield
1.524968500458015,1.98105573372698,0.0192975018433068,1.987934291187635,1.9937021534461856,1,1,0.7045601267550425,High Yield,High Yield
0.2943918813362998,-0.6839860800847446,-0.443048731438236,-0.6767415355061669,-0.6737769440947515,1,0,0.4348596016235021,High Yield,Low Yield
-1.2438288925658438,1.98105573372698,-0.8486271163466721,1.987934291187635,1.9937021534461856,1,1,0.5821948771490887,High Yield,High Yield
0.9096801908971572,-0.6899552822688461,-0.5615064959624635,-0.6859683100912989,-0.6811676451640315,0,0,0.44911281935581837,Low Yield,Low Yield
-0.474718505614772,0.8123375048822262,-0.8563383558655622,0.755021434384283,0.549243221982897,1,0,0.484363100657452,High Yield,Low Yield
-0.0132522734441289,-0.6602545074112122,-0.719668940562679,-0.6514481506364952,-0.6762170797128475,0,0,0.4119204619220498,Low Yield,Low Yield
0.2943918813362998,-0.6919014455113512,0.5239735180157784,-0.6867372881707332,-0.6835772654639913,0,0,0.4787303122126554,Low Yield,Low Yield
0.1405698039460854,1.98105573372698,-0.8381267050869068,1.987934291187635,1.9937021534461856,0,1,0.6274483289626935,Low Yield,High Yield
1.524968500458015,-0.5638613324820597,2.151865401131274,-0.520269156852971,-0.5026236085826078,1,1,0.6123748353951609,High Yield,High Yield
0.6020360361167285,-0.3566094707615527,-0.0302513137887108,-0.3252395382964417,-0.348728320225604,1,0,0.492723493689756,High Yield,Low Yield
0.6020360361167285,1.5574130310296497,-0.610234966964812,1.759552297573478,1.5902198983885878,1,1,0.6344552015135326,High Yield,High Yield
0.6020360361167285,0.8100137278762499,-0.4876754792922384,0.9454699323500346,0.8330874477060096,1,1,0.5757326567268506,High Yield,High Yield
-0.7823626603952007,-0.6203145901209953,-1.0620807889865895,-0.6378027785177847,-0.6367923785138204,0,0,0.37308310902652514,Low Yield,Low Yield
0.1405698039460854,-0.5010612588955515,2.151865401131274,-0.4479943188262457,-0.5189465792034351,1,1,0.5662170166982583,High Yield,High Yield
0.2943918813362998,0.8091713587115835,-0.1057230197182742,1.2088609153037262,1.174959275446858,1,1,0.6292053681198805,High Yield,High Yield
0.2943918813362998,-0.556352628031499,-0.7229503190813557,-0.5155623163938582,-0.5157490097958899,0,0,0.43729059261990394,Low Yield,Low Yield
1.524968500458015,0.1307010909979546,0.1305362336264459,0.37904448778282,0.4615792519746777,0,1,0.6129772779786676,Low Yield,High Yield
-1.2438288925658438,-0.6414900080879539,2.151865401131274,-0.658456964594695,-0.6400117445771771,1,1,0.5046426665826959,High Yield,High Yield
-0.474718505614772,0.2071533544945734,-0.3623268198787899,0.1723948220815518,0.0497085539280294,1,0,0.46829609482930407,High Yield,Low Yield
0.7558581135069429,-0.4163450634214297,-0.7478887958232985,-0.3758229501485252,-0.342400206127134,1,0,0.4658011258488419,High Yield,Low Yield
0.6020360361167285,-0.6216217146868569,0.1011678958842895,-0.61389620875042,-0.6171917357753408,1,0,0.47503941867289046,High Yield,Low Yield
0.4482139587265142,-0.6980739781834756,-0.0005548381946871,-0.6964469273817969,-0.6923596830068347,0,0,0.4585179691908164,Low Yield,Low Yield
1.3711464230678003,-0.7125975844708272,0.4890268367918719,-0.7128997647712724,-0.7091518266440043,0,1,0.5110273859360577,Low Yield,High Yield
-1.0900068151756297,-0.1350373332417171,-0.8307436034198843,-0.3010592706091673,-0.1676602309012101,1,0,0.39963600245522884,High Yield,Low Yield
0.9096801908971572,-0.6810232644021249,-1.0159774207991823,-0.6753357686502011,-0.6701085669216783,1,0,0.4292152221451942,High Yield,Low Yield
-0.1670743508343432,0.8573025899478667,-0.3331225510625676,0.97981058552391,-0.1796887154107792,0,0,0.4706730394103623,Low Yield,Low Yield
-1.705295124736487,-0.6715103022839096,1.2885347128674425,-0.6826175995351984,-0.6645967375833486,0,0,0.44728508955080204,Low Yield,Low Yield
-1.5514730473462726,-0.7089085884738399,-1.6451817517554337,-0.7102307753989914,-0.7056153192385906,0,0,0.32084291433282436,Low Yield,Low Yield
-0.474718505614772,0.021904756299404,1.617492909364778,-0.0059488492309667,-0.1032004357535044,0,1,0.5486311432200033,Low Yield,High Yield
-0.474718505614772,-0.6513951075759277,0.2730496282056126,-0.6541522407148594,-0.6589595774741027,1,0,0.44260173868991926,High Yield,Low Yield
0.9096801908971572,-0.7016467853301641,2.011586469457846,-0.6998857017337113,-0.6956433492048353,1,1,0.5674168036479109,High Yield,High Yield
-0.474718505614772,-0.7131059106908845,-0.3088403500243599,-0.713562845137195,-0.7098972722727571,1,0,0.41207927072420697,High Yield,Low Yield
-0.3208964282245576,0.0944211224921504,2.151865401131274,0.0985089590867475,-0.2251668928450514,0,1,0.5703491711159311,Low Yield,High Yield
-0.474718505614772,1.261944784719769,0.1185592020332761,1.1878701237470144,0.9203607126588084,0,1,0.5587651851982557,Low Yield,High Yield
1.524968500458015,1.98105573372698,0.0872220371799137,1.987934291187635,1.9937021534461856,0,1,0.7071964147334887,Low Yield,High Yield
1.0635022682873716,-0.7094169146938972,2.151865401131274,-0.7092703506674326,-0.7049750424741281,1,1,0.5780606977868429,High Yield,High Yield
1.217324345677586,-0.6964182870667176,-0.3980938457323655,-0.6937214659440208,-0.6860092273361581,1,0,0.4665520660990883,High Yield,Low Yield
1.217324345677586,-0.6922790592748224,0.3531777661186579,-0.6888088560805385,-0.6801077827751979,1,1,0.5021604130374769,High Yield,High Yield
-0.0132522734441289,-0.5509207992800295,0.1106633849727103,-0.523021503285712,-0.6064808591095762,1,0,0.4569572807585674,High Yield,Low Yield
0.2943918813362998,-0.7019372574559112,0.3241375662283693,-0.6994108020995686,-0.6960029940257249,1,0,0.468198004692014,High Yield,Low Yield
-0.6285405830049864,-0.6669208426971065,-0.7536312082309826,-0.6718208237953667,-0.6735137494758279,0,0,0.389647935226206,Low Yield,Low Yield
1.0635022682873716,1.98105573372698,-0.2650339468000267,1.987934291187635,1.9937021534461856,1,1,0.6799285486591307,High Yield,High Yield
-0.7823626603952007,-0.6903183724260299,2.151865401131274,-0.6949754129400012,-0.6919488160447883,0,1,0.5168902094073282,Low Yield,High Yield
0.6020360361167285,-0.6987420640726938,-1.5011292347855276,-0.6978972456392578,-0.695316399367663,1,0,0.3947896613753901,High Yield,Low Yield
-1.5514730473462726,1.98105573372698,-1.6451817517554337,1.987934291187635,1.9937021534461856,1,1,0.5352427502692497,High Yield,High Yield
-1.5514730473462726,0.3880884416223993,-0.7290208693409076,0.167419479833255,0.4056675603198418,0,0,0.4310962684721892,Low Yield,Low Yield
1.0635022682873716,-0.4111746595831326,-1.3329585857033484,-0.3647241025056629,-0.3133300062713539,1,0,0.4518591394742029,High Yield,Low Yield
-0.1670743508343432,0.4097867094157025,-0.7746320307505132,0.4972589186262076,-0.3308032954026325,1,0,0.4360502950847465,High Yield,Low Yield
1.0635022682873716,-0.7083276442223458,0.972373892592945,-0.7080119640780909,-0.7035446369364993,0,1,0.5236929043227964,Low Yield,High Yield
-0.6285405830049864,-0.6540819747390877,-0.0835737147172067,-0.6602144589189969,-0.6633979215137168,1,0,0.4205322262793962,High Yield,Low Yield
-1.2438288925658438,-0.6861065266026979,1.059822630115678,-0.6928069754022226,-0.6835353069015543,0,0,0.45094139428416424,Low Yield,Low Yield
0.2943918813362998,-0.6843636938482157,0.2907569967335177,-0.6772183971011738,-0.6742444823619079,0,0,0.4687770612163665,Low Yield,Low Yield
-1.8591172021267013,0.9795042132496428,0.2124066276674285,0.5007227835233906,1.2588317171766694,0,1,0.516036145855982,Low Yield,High Yield
1.524968500458015,-0.7130623398720225,-0.0822611633097361,-0.7134533793263308,-0.7097468753476579,1,0,0.4894844102310111,High Yield,Low Yield
1.217324345677586,-0.6239164444802585,-0.3898903994356738,-0.6076732258089201,-0.5826407668157623,0,0,0.47648332267422916,Low Yield,Low Yield
0.7558581135069429,-0.4687898057250563,-1.2317280584021733,-0.4355047223057501,-0.4073340785387396,1,0,0.43755486904157975,High Yield,Low Yield
-1.8591172021267013,-0.7132220995411833,1.1257783383410798,-0.713685391052101,-0.709978464815655,0,0,0.4317428668322314,Low Yield,Low Yield
1.3711464230678003,-0.7117842625187355,-0.2405876768358854,-0.7119052958583145,-0.7080837905092414,0,0,0.477047930567644,Low Yield,Low Yield
-1.705295124736487,1.98105573372698,-0.0858706796802805,1.987934291187635,1.9937021534461856,0,1,0.6015366668612283,Low Yield,High Yield
0.9096801908971572,-0.2920810880268497,-0.0624088232717424,-0.2123447771175217,-0.188544151750591,0,1,0.5186105544077593,Low Yield,High Yield
-0.6285405830049864,1.790139298178171,-0.0835737147172067,1.549366948477929,1.2624199916396353,0,1,0.5595059797085625,Low Yield,High Yield
-0.9361847377854152,-0.5647182252530135,0.4537520177160977,-0.6028781846984643,-0.5762674246564835,1,0,0.4396455126848332,High Yield,Low Yield
-1.5514730473462726,0.0653739099174473,-0.2366500226134732,-0.0907676285613395,0.0787504181312546,1,0,0.43193620300233926,High Yield,Low Yield
0.7558581135069429,-0.6969411368930623,0.1909135983700965,-0.6951394381234869,-0.6898171031064249,0,0,0.4780290219155198,Low Yield,Low Yield
0.6020360361167285,-0.1362427925635672,2.151865401131274,-0.0852117166929885,-0.1254918756519121,0,1,0.6125732236278384,Low Yield,High Yield
1.524968500458015,-0.4124527369364195,-0.3762726785831657,-0.3242265676108046,-0.2924357320104626,0,1,0.5168967053920033,Low Yield,High Yield
-0.9361847377854152,1.98105573372698,-0.8878395896448583,1.987934291187635,1.9937021534461856,0,1,0.5905243588268764,Low Yield,High Yield
-1.0900068151756297,1.98105573372698,-1.179718208881148,1.987934291187635,1.9937021534461856,0,1,0.5721752266594922,Low Yield,High Yield
1.524968500458015,0.9428466309803676,-0.4911209267368491,1.430603772946628,1.589012908573027,1,1,0.6874971359606754,High Yield,High Yield
-1.8591172021267013,1.98105573372698,-0.7213096298220173,1.2920626173671046,1.9937021534461856,1,1,0.5167288834385622,High Yield,High Yield
1.217324345677586,-0.2238056148700099,-0.4190946682518961,-0.1328048428998877,-0.0121884994126406,0,1,0.5279432918694361,Low Yield,High Yield
0.6020360361167285,-0.5938671030717281,-0.4876754792922384,-0.5836653271130247,-0.5890756845277085,0,0,0.45016193305825625,Low Yield,Low Yield
0.2943918813362998,-0.2558592139461949,-0.3086986535371664,-0.1360905317518844,-0.143696442585666,1,0,0.4929364343933688,High Yield,Low Yield
-0.9361847377854152,-0.25999844173809,0.6023984646121506,-0.3755119508856256,-0.3018780433079987,1,0,0.4631670895604138,High Yield,Low Yield
1.217324345677586,-0.3495945689247619,0.5823820556482229,-0.2820964710669766,-0.1915302935967647,1,1,0.5578946300322878,High Yield,High Yield
-0.474718505614772,-0.6364067458873809,-0.0819330254578684,-0.639722552843866,-0.6465877956355027,0,0,0.42724783876009126,Low Yield,Low Yield
1.524968500458015,-0.7131785287223212,-0.0706122695684341,-0.7136038196825838,-0.7099081706006629,0,0,0.4900127013600974,Low Yield,Low Yield
-0.9361847377854152,-0.3485779164846473,2.151865401131274,-0.4416054001980751,-0.3816407255845541,1,1,0.5305932712580842,High Yield,High Yield
0.2943918813362998,-0.6668917954845318,-0.3086986535371664,-0.6551543779168192,-0.6526118463854024,0,0,0.44309687294160793,Low Yield,Low Yield
-0.0132522734441289,0.0444163460447989,-0.7597017584905343,0.1762793337966412,-0.2267575038028947,1,0,0.45469711703476307,High Yield,Low Yield
1.217324345677586,1.98105573372698,-0.9304975103876548,1.987934291187635,1.9937021534461856,0,1,0.6569825200793449,Low Yield,High Yield
-0.1670743508343432,-0.6212150537108111,1.2186413504196292,-0.6144594382275251,-0.6789460210204457,1,0,0.49589529604451343,High Yield,Low Yield
-0.3208964282245576,-0.5767873420778026,0.4375091940486481,-0.5764713782796989,-0.6280998721761994,0,0,0.45800319759601965,Low Yield,Low Yield
0.9096801908971572,-0.6702757957494847,2.011586469457846,-0.6625421415503436,-0.6568017085487655,1,1,0.571001867605012,High Yield,High Yield
-0.474718505614772,0.0666955580895962,-0.8563383558655622,0.0371724273137456,-0.0662289481660602,0,0,0.43641526125433744,Low Yield,Low Yield
-1.3976509699560582,-0.4846205365782695,-0.8084302294928829,-0.5445095347731239,-0.4869850529542611,0,0,0.3733199867134767,Low Yield,Low Yield
-0.7823626603952007,-0.6997296693002337,-0.5496935332952277,-0.7026616924224901,-0.6993640383518561,0,0,0.39189193818564366,Low Yield,Low Yield
1.524968500458015,-0.7091264425681502,2.151865401131274,-0.708357212258261,-0.7042829986521134,0,1,0.5933287763715592,Low Yield,High Yield
0.2943918813362998,-0.6464570814382281,1.3561311103521811,-0.6293488292947188,-0.6273108332358236,1,1,0.5231303145115098,High Yield,High Yield
0.9096801908971572,-0.4853321932863497,-0.5615064959624635,-0.4423880233211749,-0.4278158510883986,1,0,0.4728040332925371,High Yield,Low Yield
-0.7823626603952007,1.98105573372698,-0.4092505326958661,1.987934291187635,1.9937021534461856,0,1,0.6169068209397556,Low Yield,High Yield
1.3711464230678003,-0.7065848114678637,0.4890268367918719,-0.7055477981647628,-0.7012559880762932,1,1,0.5117801181077328,High Yield,High Yield
1.0635022682873716,-0.6263418867302462,2.151865401131274,-0.6132974001203022,-0.5958827801376358,1,1,0.587777617717475,High Yield,High Yield
-0.1670743508343432,-0.6453097165415274,-0.4089223948439983,-0.6404404597244028,-0.6870821677184784,0,0,0.41975881060951803,Low Yield,Low Yield
-0.0132522734441289,1.98105573372698,-1.0765188544687667,1.987934291187635,1.1916075611556718,0,1,0.5458985050286831,Low Yield,High Yield
1.3711464230678003,-0.4341219575171481,-1.1298412553972623,-0.3724007123238932,-0.3434638829307346,1,0,0.47028502300885994,High Yield,Low Yield
-0.7823626603952007,-0.7068462363810359,2.151865401131274,-0.7084738482040017,-0.7049712280593612,0,1,0.5160512842048199,Low Yield,High Yield
-1.3976509699560582,-0.239796105392384,-1.6200792060875568,-0.3633290519850414,-0.2481580053950079,1,0,0.35207117920056846,High Yield,Low Yield
-1.5514730473462726,-0.7123942539828043,1.56023285421387,-0.713019475039617,-0.7091463774800514,0,0,0.46216618014273336,Low Yield,Low Yield
0.6020360361167285,-0.7086181163480929,-0.4658543121430386,-0.7086544405704085,-0.7053210643851355,1,0,0.4409668149147391,High Yield,Low Yield
0.9096801908971572,-0.4109422818825349,-0.4619166579206268,-0.3538353773678372,-0.3357108124585888,0,0,0.48610252937401743,Low Yield,Low Yield
0.2943918813362998,-0.7063379101609787,-0.1057230197182742,-0.7049680737644558,-0.7014516130622013,0,0,0.44772058546588944,Low Yield,Low Yield
-1.0900068151756297,-0.6820689640548142,1.8854174654147284,-0.6914528654868186,-0.6807671316134954,1,0,0.49460432183830005,High Yield,Low Yield
0.2943918813362998,-0.6998894289693945,1.523332261384814,-0.6968247449881854,-0.6934674980384535,1,1,0.5244306381942279,High Yield,High Yield
0.9096801908971572,-0.6642339755339465,-0.6012111760384512,-0.6553500484779913,-0.6493210962742632,1,0,0.45024247471821255,High Yield,Low Yield
0.2943918813362998,-0.7116099792432873,-0.4246730117336466,-0.7116257952639743,-0.7079791665613463,0,0,0.4323964648709129,Low Yield,Low Yield
-0.9361847377854152,-0.6309894407421986,1.83882189044952,-0.6523263580404397,-0.6359423089371725,1,1,0.5004279742486648,High Yield,High Yield
1.0635022682873716,-0.6239019208739711,-0.6965352220060085,-0.6104786141601767,-0.5926786717333472,1,0,0.4559813290447256,High Yield,Low Yield
0.7558581135069429,-0.0943276648182706,-1.0184384546881895,-0.0093692663296405,0.0563020423110042,0,0,0.48937951565860677,Low Yield,Low Yield
1.3711464230678003,1.98105573372698,-1.2824253565157278,1.987934291187635,1.9937021534461856,1,1,0.646781609559393,High Yield,High Yield
0.4482139587265142,-0.5716605090583675,2.151865401131274,-0.5527417024949247,-0.5453281615648683,0,1,0.5719406857357898,Low Yield,High Yield
0.1405698039460854,-0.7085019274977941,-0.1234424637191281,-0.7077514918765055,-0.705739560176716,0,0,0.4413588615280476,Low Yield,Low Yield
-1.2438288925658438,-0.0800364362315166,0.7507167736563363,-0.2261969653116878,-0.0923119163428761,1,0,0.4746929911300848,High Yield,Low Yield
-1.2438288925658438,0.7390949583751122,0.2704870274480057,0.4044477643577624,0.7067534857062359,0,1,0.5040382980704826,Low Yield,High Yield
0.6020360361167285,0.1871979194557523,-1.5011292347855276,0.2670864173021939,0.2021609036703127,0,0,0.47293939170007915,Low Yield,Low Yield
0.2943918813362998,-0.7111307002358047,1.523332261384814,-0.7110205478549271,-0.7073857526068785,0,1,0.5230639153889657,Low Yield,High Yield
1.0635022682873716,-0.7131059106908845,0.0110940555466152,-0.7135320865833367,-0.7098193492282311,0,0,0.47822336154977635,Low Yield,Low Yield
-0.3208964282245576,-0.7131494815097466,-0.5331225717759104,-0.713599808173317,-0.7099593927418199,0,0,0.40697462917326055,Low Yield,Low Yield
-0.1670743508343432,-0.6896938573556738,2.151865401131274,-0.6882994119211826,-0.7020695482544569,0,1,0.5372519699537692,Low Yield,High Yield
0.6020360361167285,-0.0227843802467767,0.083940658661237,0.0383694697807593,-0.0105559298923602,0,1,0.5280685667222526,Low Yield,High Yield
0.9096801908971572,-0.641039776293046,-0.3792259192499747,-0.6277400181016773,-0.6206034573262338,0,0,0.4632209038807061,Low Yield,Low Yield
-0.7823626603952007,-0.6946754543122353,-1.4479709027829657,-0.6985338756633757,-0.6953817893350974,1,0,0.35291128105986613,High Yield,Low Yield
-0.7823626603952007,-0.562220164971589,-0.1259034976081356,-0.5903566088727916,-0.5910194013096979,0,0,0.417707327464299,Low Yield,Low Yield
-0.474718505614772,-0.2835557311361743,-0.720653354118282,-0.3000236508808994,-0.355335431518461,1,0,0.42041033915197606,High Yield,Low Yield
-0.6285405830049864,-0.7010513174723827,-0.0835737147172067,-0.7026748480707837,-0.7004053735832498,1,0,0.4179133287990403,High Yield,Low Yield
-1.2438288925658438,0.0357602766975374,0.5010038683850417,-0.1370457165589479,0.0206481625673644,0,0,0.4703598429642564,Low Yield,Low Yield
-1.2438288925658438,0.2769247590990104,0.7507167736563363,0.0486254844368183,0.255904917904696,1,0,0.4972496026882988,High Yield,Low Yield
0.2943918813362998,1.98105573372698,-0.8441972553464585,1.987934291187635,1.9937021534461856,0,1,0.6320421448854846,Low Yield,High Yield
-0.0132522734441289,1.98105573372698,-0.7839839595287418,1.987934291187635,1.2282450149928053,1,1,0.5624752080678033,High Yield,High Yield
0.2943918813362998,-0.456633547262543,-0.9675770876487012,-0.3896341736509007,-0.3922829427845126,1,0,0.4379978875250756,High Yield,Low Yield
0.7558581135069429,1.98105573372698,-0.1516623189797476,1.987934291187635,1.9937021534461856,1,1,0.6754553033155271,High Yield,High Yield
1.0635022682873716,-0.7130913870845972,0.3507167322296504,-0.7135153080954788,-0.709800277154396,0,0,0.494084201977319,Low Yield,Low Yield
-1.5514730473462726,-0.7050888800202665,-0.7290208693409076,-0.707174825376139,-0.7017458679156563,0,0,0.3594893681971946,Low Yield,Low Yield
0.1405698039460854,0.305579834303955,-0.0811126808281992,0.5620815329703958,0.2074051790585565,0,1,0.5367702848989689,Low Yield,High Yield
-1.0900068151756297,1.98105573372698,-1.7478888993900132,1.987934291187635,1.9937021534461856,1,1,0.5459984436810292,High Yield,High Yield
-0.474718505614772,1.98105573372698,-1.702769944758209,1.987934291187635,1.9937021534461856,1,1,0.5686383918137011,High Yield,High Yield
-1.705295124736487,-0.7016467853301641,1.2885347128674425,-0.7050630011387613,-0.6973870816697543,0,0,0.4451721125685235,Low Yield,Low Yield
1.0635022682873716,-0.6668917954845318,-1.0172899722066528,-0.6601429382195309,-0.6491320102850986,0,0,0.4360576017629335,Low Yield,Low Yield
0.6020360361167285,1.942027172731294,-0.50014471766321,1.987934291187635,1.9798427498484512,0,1,0.6579506103195193,Low Yield,High Yield
-0.9361847377854152,-0.7065848114678637,1.857853885857844,-0.7087317365731991,-0.7040132650364463,0,0,0.49714889043217814,Low Yield,Low Yield
-1.3976509699560582,0.2540210319838569,-0.649775578114866,0.0021166142235123,0.2335622558651313,0,0,0.42361126695550566,Low Yield,Low Yield
1.524968500458015,-0.6862953334844335,-0.0822611633097361,-0.6787956822545501,-0.6725884814366302,1,0,0.49314838136086747,High Yield,Low Yield
0.9096801908971572,1.98105573372698,-0.806297333455743,1.987934291187635,1.9937021534461856,0,1,0.652811508180142,Low Yield,High Yield
-1.705295124736487,-0.5842669993157887,-0.1744678996845506,-0.6176395140255105,-0.5696706667751369,1,0,0.3868929355540207,High Yield,Low Yield
0.6020360361167285,-0.7111307002358047,-0.4658543121430386,-0.7113911975161277,-0.7078663688675219,0,0,0.44074389106589923,Low Yield,Low Yield
0.6020360361167285,1.98105573372698,0.9397241763321124,1.987934291187635,1.9937021534461856,1,1,0.7142579922681807,High Yield,High Yield
