Actual_Yield,Predicted_Yield,Residual,Absolute_Error
3.82,1.563085344812488,2.256914655187512,2.256914655187512
1.395357143,1.563085344812488,-0.16772820181248793,0.16772820181248793
6.522727273,9.681046992228643,-3.1583197192286425,3.1583197192286425
0.812857143,1.563085344812488,-0.750228201812488,0.750228201812488
0.508,1.563085344812488,-1.055085344812488,1.055085344812488
0.358,1.563085344812488,-1.2050853448124879,1.2050853448124879
0.749090909,1.563085344812488,-0.813994435812488,0.813994435812488
1.835789474,1.563085344812488,0.2727041291875121,0.2727041291875121
75.314375,73.22800883000001,2.086366169999991,2.086366169999991
1.775,1.563085344812488,0.21191465518751196,0.21191465518751196
0.7708,1.563085344812488,-0.7922853448124879,0.7922853448124879
1.383043478,1.563085344812488,-0.1800418668124879,0.1800418668124879
0.94,1.563085344812488,-0.623085344812488,0.623085344812488
2.533636364,1.563085344812488,0.970551019187512,0.970551019187512
1.008,1.563085344812488,-0.555085344812488,0.555085344812488
1.413,1.563085344812488,-0.15008534481248792,0.15008534481248792
0.540153846,1.563085344812488,-1.022931498812488,1.022931498812488
0.953283582,1.563085344812488,-0.609801762812488,0.609801762812488
0.974339623,1.563085344812488,-0.588745721812488,0.588745721812488
1.347142857,1.563085344812488,-0.21594248781248804,0.21594248781248804
1.59625,1.563085344812488,0.03316465518751199,0.03316465518751199
18.17769231,9.681046992228643,8.496645317771359,8.496645317771359
1.475333333,1.563085344812488,-0.08775201181248793,0.08775201181248793
6.809230769,9.681046992228643,-2.8718162232286426,2.8718162232286426
0.96625,1.563085344812488,-0.5968353448124879,0.5968353448124879
2.363913043,1.563085344812488,0.8008276981875122,0.8008276981875122
0.407916667,1.563085344812488,-1.1551686778124879,1.1551686778124879
0.163571429,1.563085344812488,-1.3995139158124879,1.3995139158124879
0.903703704,1.563085344812488,-0.659381640812488,0.659381640812488
0.968928571,1.563085344812488,-0.594156773812488,0.594156773812488
11.04475,11.300836984059695,-0.256086984059694,0.256086984059694
1.321111111,1.563085344812488,-0.24197423381248795,0.24197423381248795
0.693333333,1.563085344812488,-0.869752011812488,0.869752011812488
0.932173913,1.563085344812488,-0.630911431812488,0.630911431812488
1.405,1.563085344812488,-0.15808534481248793,0.15808534481248793
0.272857143,1.563085344812488,-1.290228201812488,1.290228201812488
1.040526316,1.563085344812488,-0.522559028812488,0.522559028812488
0.34220339,1.563085344812488,-1.220881954812488,1.220881954812488
0.83,1.563085344812488,-0.733085344812488,0.733085344812488
0.921428571,1.563085344812488,-0.641656773812488,0.641656773812488
1.01,1.563085344812488,-0.553085344812488,0.553085344812488
0.472857143,1.563085344812488,-1.090228201812488,1.090228201812488
1.75,1.563085344812488,0.18691465518751205,0.18691465518751205
0.35,1.563085344812488,-1.2130853448124879,1.2130853448124879
0.923157895,1.563085344812488,-0.639927449812488,0.639927449812488
11.86631579,15.027901197857965,-3.161585407857965,3.161585407857965
0.338181818,1.563085344812488,-1.224903526812488,1.224903526812488
0.92,1.563085344812488,-0.6430853448124879,0.6430853448124879
0.57,1.563085344812488,-0.993085344812488,0.993085344812488
1.345,1.563085344812488,-0.21808534481248798,0.21808534481248798
1.118,1.563085344812488,-0.44508534481248785,0.44508534481248785
0.56,1.563085344812488,-1.003085344812488,1.003085344812488
1.0,1.563085344812488,-0.563085344812488,0.563085344812488
5.617142857,1.563085344812488,4.054057512187512,4.054057512187512
0.43,1.563085344812488,-1.133085344812488,1.133085344812488
0.31,1.563085344812488,-1.253085344812488,1.253085344812488
1.436363636,1.563085344812488,-0.1267217088124879,0.1267217088124879
1.083333333,1.563085344812488,-0.47975201181248806,0.47975201181248806
0.724666667,1.563085344812488,-0.8384186778124879,0.8384186778124879
5.091481481,6.225937468414633,-1.1344559874146336,1.1344559874146336
0.737916667,1.563085344812488,-0.8251686778124879,0.8251686778124879
0.832857143,1.563085344812488,-0.7302282018124879,0.7302282018124879
0.535789474,1.563085344812488,-1.027295870812488,1.027295870812488
3.0109375,1.563085344812488,1.4478521551875119,1.4478521551875119
2.3832,1.563085344812488,0.820114655187512,0.820114655187512
0.683333333,1.563085344812488,-0.879752011812488,0.879752011812488
0.236,1.563085344812488,-1.327085344812488,1.327085344812488
0.92625,1.563085344812488,-0.6368353448124879,0.6368353448124879
1.709230769,1.563085344812488,0.14614542418751197,0.14614542418751197
4.96,1.563085344812488,3.396914655187512,3.396914655187512
1.355,1.563085344812488,-0.20808534481248797,0.20808534481248797
1.174,1.563085344812488,-0.389085344812488,0.389085344812488
1.094285714,1.563085344812488,-0.468799630812488,0.468799630812488
0.736206897,1.563085344812488,-0.826878447812488,0.826878447812488
0.72,1.563085344812488,-0.843085344812488,0.843085344812488
0.311875,1.563085344812488,-1.2512103448124878,1.2512103448124878
1.128888889,1.563085344812488,-0.434196455812488,0.434196455812488
0.988571429,1.563085344812488,-0.574513915812488,0.574513915812488
20.20272727,9.030486875028037,11.172240394971963,11.172240394971963
0.607894737,1.563085344812488,-0.955190607812488,0.955190607812488
2.171428571,1.563085344812488,0.6083432261875119,0.6083432261875119
1.607647059,1.563085344812488,0.04456171418751209,0.04456171418751209
0.884310345,1.563085344812488,-0.6787749998124879,0.6787749998124879
0.362,1.563085344812488,-1.2010853448124879,1.2010853448124879
13.02666667,31.14411875857143,-18.117452088571433,18.117452088571433
0.506923077,1.563085344812488,-1.0561622678124878,1.0561622678124878
0.622,1.563085344812488,-0.941085344812488,0.941085344812488
1.18625,1.563085344812488,-0.3768353448124879,0.3768353448124879
2.646086957,1.563085344812488,1.0830016121875121,1.0830016121875121
0.77375,1.563085344812488,-0.7893353448124879,0.7893353448124879
0.26,1.563085344812488,-1.303085344812488,1.303085344812488
1.615,1.563085344812488,0.05191465518751204,0.05191465518751204
1.661428571,1.563085344812488,0.09834322618751212,0.09834322618751212
0.74,1.563085344812488,-0.823085344812488,0.823085344812488
0.535714286,1.563085344812488,-1.0273710588124878,1.0273710588124878
2.840555556,1.563085344812488,1.277470211187512,1.277470211187512
2.026206897,1.563085344812488,0.46312155218751183,0.46312155218751183
2.101851852,1.563085344812488,0.5387665071875118,0.5387665071875118
2.907692308,1.563085344812488,1.3446069631875122,1.3446069631875122
38.00357143,52.9206755686436,-14.917104138643602,14.917104138643602
0.586956522,1.563085344812488,-0.9761288228124879,0.9761288228124879
1.163529412,1.563085344812488,-0.399555932812488,0.399555932812488
2.88,1.563085344812488,1.316914655187512,1.316914655187512
1.251666667,1.563085344812488,-0.3114186778124879,0.3114186778124879
0.661363636,1.563085344812488,-0.9017217088124879,0.9017217088124879
11.75044118,11.300836984059695,0.44960419594030476,0.44960419594030476
1.0,1.563085344812488,-0.563085344812488,0.563085344812488
1.116666667,1.563085344812488,-0.4464186778124879,0.4464186778124879
0.526363636,1.563085344812488,-1.0367217088124878,1.0367217088124878
0.642727273,1.563085344812488,-0.920358071812488,0.920358071812488
4.231428571,1.563085344812488,2.6683432261875124,2.6683432261875124
0.94,1.563085344812488,-0.623085344812488,0.623085344812488
0.24,1.563085344812488,-1.323085344812488,1.323085344812488
0.680740741,1.563085344812488,-0.8823446038124879,0.8823446038124879
0.563,1.563085344812488,-1.000085344812488,1.000085344812488
0.08,1.563085344812488,-1.4830853448124879,1.4830853448124879
0.5,1.563085344812488,-1.063085344812488,1.063085344812488
13.465,52.9206755686436,-39.4556755686436,39.4556755686436
0.940526316,1.563085344812488,-0.6225590288124879,0.6225590288124879
1.12,1.563085344812488,-0.44308534481248785,0.44308534481248785
15.86,11.747499999999999,4.112500000000001,4.112500000000001
1.076,1.563085344812488,-0.4870853448124879,0.4870853448124879
1.107777778,1.563085344812488,-0.45530756681248796,0.45530756681248796
0.324166667,1.563085344812488,-1.2389186778124879,1.2389186778124879
0.400740741,1.563085344812488,-1.162344603812488,1.162344603812488
22.39388889,18.902,3.4918888899999985,3.4918888899999985
0.922222222,1.563085344812488,-0.6408631228124879,0.6408631228124879
0.828333333,1.563085344812488,-0.734752011812488,0.734752011812488
6.783076923,9.681046992228643,-2.8979700692286423,2.8979700692286423
2.551818182,1.563085344812488,0.9887328371875119,0.9887328371875119
1.318333333,1.563085344812488,-0.24475201181248796,0.24475201181248796
1.802222222,1.563085344812488,0.23913687718751198,0.23913687718751198
5.57,1.563085344812488,4.006914655187512,4.006914655187512
0.45,1.563085344812488,-1.113085344812488,1.113085344812488
0.640769231,1.563085344812488,-0.9223161138124879,0.9223161138124879
36.35782609,6.494657308971428,29.863168781028577,29.863168781028577
0.725,1.563085344812488,-0.838085344812488,0.838085344812488
1.364545455,1.563085344812488,-0.19853988981248794,0.19853988981248794
0.375625,1.563085344812488,-1.187460344812488,1.187460344812488
14.05764706,11.300836984059695,2.7568100759403062,2.7568100759403062
1.743636364,1.563085344812488,0.18055101918751215,0.18055101918751215
2.426666667,1.563085344812488,0.8635813221875122,0.8635813221875122
1.864117647,1.563085344812488,0.3010323021875121,0.3010323021875121
0.362181818,1.563085344812488,-1.200903526812488,1.200903526812488
1.285384615,1.563085344812488,-0.27770072981248806,0.27770072981248806
0.321304348,1.563085344812488,-1.241780996812488,1.241780996812488
20.18818182,9.030486875028037,11.157694944971963,11.157694944971963
1.01,1.563085344812488,-0.553085344812488,0.553085344812488
0.596956522,1.563085344812488,-0.9661288228124879,0.9661288228124879
0.503448276,1.563085344812488,-1.059637068812488,1.059637068812488
0.153181818,1.563085344812488,-1.409903526812488,1.409903526812488
0.796458333,1.563085344812488,-0.7666270118124879,0.7666270118124879
2.935,1.563085344812488,1.371914655187512,1.371914655187512
0.3496,1.563085344812488,-1.2134853448124878,1.2134853448124878
1.118,1.563085344812488,-0.44508534481248785,0.44508534481248785
0.447894737,1.563085344812488,-1.115190607812488,1.115190607812488
6.661666667,1.563085344812488,5.0985813221875125,5.0985813221875125
2.633333333,1.563085344812488,1.070247988187512,1.070247988187512
0.3325,1.563085344812488,-1.230585344812488,1.230585344812488
0.272380952,1.563085344812488,-1.290704392812488,1.290704392812488
0.833333333,1.563085344812488,-0.7297520118124879,0.7297520118124879
12327.335,14545.221668000002,-2217.886668000003,2217.886668000003
1.05,1.563085344812488,-0.5130853448124879,0.5130853448124879
0.241111111,1.563085344812488,-1.321974233812488,1.321974233812488
1.380638298,1.563085344812488,-0.1824470468124879,0.1824470468124879
1.570769231,1.563085344812488,0.007683886187512146,0.007683886187512146
1.3325,1.563085344812488,-0.23058534481248794,0.23058534481248794
0.758333333,1.563085344812488,-0.8047520118124879,0.8047520118124879
14.4,14.885982151818181,-0.48598215181818105,0.48598215181818105
4.882,9.681046992228643,-4.799046992228643,4.799046992228643
1.075217391,1.563085344812488,-0.48786795381248793,0.48786795381248793
7.653703704,9.681046992228643,-2.027343288228643,2.027343288228643
26.9,23.89038461538462,3.0096153846153797,3.0096153846153797
2.480833333,1.563085344812488,0.9177479881875121,0.9177479881875121
1.020909091,1.563085344812488,-0.5421762538124879,0.5421762538124879
0.615,1.563085344812488,-0.948085344812488,0.948085344812488
0.4275,1.563085344812488,-1.135585344812488,1.135585344812488
0.565135135,1.563085344812488,-0.9979502098124879,0.9979502098124879
0.075555556,1.563085344812488,-1.4875297888124879,1.4875297888124879
2.48,1.563085344812488,0.916914655187512,0.916914655187512
0.392333333,1.563085344812488,-1.170752011812488,1.170752011812488
0.267222222,1.563085344812488,-1.295863122812488,1.295863122812488
140.0,132.60125,7.398750000000007,7.398750000000007
1.17,1.563085344812488,-0.393085344812488,0.393085344812488
1.493333333,1.563085344812488,-0.06975201181248791,0.06975201181248791
0.07875,1.563085344812488,-1.4843353448124879,1.4843353448124879
1.775,1.563085344812488,0.21191465518751196,0.21191465518751196
0.73,1.563085344812488,-0.833085344812488,0.833085344812488
0.4544,1.563085344812488,-1.1086853448124878,1.1086853448124878
0.707368421,1.563085344812488,-0.855716923812488,0.855716923812488
0.684,1.563085344812488,-0.8790853448124879,0.8790853448124879
1.687142857,1.563085344812488,0.12405751218751204,0.12405751218751204
1.24,1.563085344812488,-0.32308534481248796,0.32308534481248796
1.09,1.563085344812488,-0.4730853448124879,0.4730853448124879
0.355714286,1.563085344812488,-1.207371058812488,1.207371058812488
0.097727273,1.563085344812488,-1.465358071812488,1.465358071812488
4.5035,1.563085344812488,2.940414655187512,2.940414655187512
0.94125,1.563085344812488,-0.6218353448124879,0.6218353448124879
8.115,6.664726452321429,1.450273547678571,1.450273547678571
1.702857143,1.563085344812488,0.13977179818751195,0.13977179818751195
1.389166667,1.563085344812488,-0.17391867781248793,0.17391867781248793
5.54,1.563085344812488,3.976914655187512,3.976914655187512
2.474736842,1.563085344812488,0.911651497187512,0.911651497187512
0.583333333,1.563085344812488,-0.9797520118124879,0.9797520118124879
0.616060606,1.563085344812488,-0.9470247388124879,0.9470247388124879
6.96,1.563085344812488,5.396914655187512,5.396914655187512
2.801395349,1.563085344812488,1.238310004187512,1.238310004187512
0.5725,1.563085344812488,-0.990585344812488,0.990585344812488
4.744761905,1.563085344812488,3.181676560187512,3.181676560187512
0.623181818,1.563085344812488,-0.9399035268124879,0.9399035268124879
1.20375,1.563085344812488,-0.35933534481248786,0.35933534481248786
2.037222222,1.563085344812488,0.4741368771875121,0.4741368771875121
0.44,1.563085344812488,-1.123085344812488,1.123085344812488
0.915714286,1.563085344812488,-0.6473710588124879,0.6473710588124879
0.184166667,1.563085344812488,-1.378918677812488,1.378918677812488
0.9816,1.563085344812488,-0.5814853448124879,0.5814853448124879
1.002894737,1.563085344812488,-0.5601906078124879,0.5601906078124879
0.412727273,1.563085344812488,-1.150358071812488,1.150358071812488
12.03882353,1.563085344812488,10.475738185187513,10.475738185187513
1.31,1.563085344812488,-0.2530853448124879,0.2530853448124879
0.5,1.563085344812488,-1.063085344812488,1.063085344812488
81.79941176,80.9779339253846,0.8214778346153935,0.8214778346153935
1.8296,1.563085344812488,0.26651465518751194,0.26651465518751194
2.338387097,1.563085344812488,0.7753017521875121,0.7753017521875121
0.379047619,1.563085344812488,-1.184037725812488,1.184037725812488
1.838,1.563085344812488,0.2749146551875121,0.2749146551875121
2.561428571,1.563085344812488,0.998343226187512,0.998343226187512
0.337368421,1.563085344812488,-1.225716923812488,1.225716923812488
0.479130435,1.563085344812488,-1.0839549098124879,1.0839549098124879
0.502727273,1.563085344812488,-1.0603580718124879,1.0603580718124879
3.463571429,6.494657308971428,-3.031085879971428,3.031085879971428
3.962,1.563085344812488,2.3989146551875122,2.3989146551875122
0.820909091,1.563085344812488,-0.742176253812488,0.742176253812488
2.928333333,1.563085344812488,1.365247988187512,1.365247988187512
0.470434783,1.563085344812488,-1.092650561812488,1.092650561812488
0.763,1.563085344812488,-0.8000853448124879,0.8000853448124879
5.426,9.681046992228643,-4.2550469922286425,4.2550469922286425
0.567272727,1.563085344812488,-0.995812617812488,0.995812617812488
1.574285714,1.563085344812488,0.011200369187511994,0.011200369187511994
2.538142857,1.563085344812488,0.975057512187512,0.975057512187512
1.731842105,1.563085344812488,0.16875676018751196,0.16875676018751196
8.500909091,11.300836984059695,-2.799927893059694,2.799927893059694
0.806363636,1.563085344812488,-0.7567217088124879,0.7567217088124879
0.584,1.563085344812488,-0.979085344812488,0.979085344812488
0.345714286,1.563085344812488,-1.217371058812488,1.217371058812488
9.146666667,9.681046992228643,-0.5343803252286428,0.5343803252286428
4.05,1.563085344812488,2.486914655187512,2.486914655187512
0.931333333,1.563085344812488,-0.631752011812488,0.631752011812488
1.297272727,1.563085344812488,-0.265812617812488,0.265812617812488
1.121428571,1.563085344812488,-0.4416567738124879,0.4416567738124879
1.64,1.563085344812488,0.07691465518751195,0.07691465518751195
37.13647059,52.9206755686436,-15.7842049786436,15.7842049786436
0.690909091,1.563085344812488,-0.872176253812488,0.872176253812488
1.89,1.563085344812488,0.32691465518751195,0.32691465518751195
0.709285714,1.563085344812488,-0.853799630812488,0.853799630812488
0.796666667,1.563085344812488,-0.766418677812488,0.766418677812488
0.256875,1.563085344812488,-1.306210344812488,1.306210344812488
0.624444444,1.563085344812488,-0.938640900812488,0.938640900812488
1.1028,1.563085344812488,-0.46028534481248795,0.46028534481248795
0.5375,1.563085344812488,-1.0255853448124879,1.0255853448124879
0.595555556,1.563085344812488,-0.967529788812488,0.967529788812488
0.9,1.563085344812488,-0.6630853448124879,0.6630853448124879
0.580666667,1.563085344812488,-0.9824186778124879,0.9824186778124879
0.971333333,1.563085344812488,-0.5917520118124879,0.5917520118124879
0.645,1.563085344812488,-0.9180853448124879,0.9180853448124879
1.010526316,1.563085344812488,-0.552559028812488,0.552559028812488
1.142307692,1.563085344812488,-0.420777652812488,0.420777652812488
0.878181818,1.563085344812488,-0.684903526812488,0.684903526812488
2.612222222,1.563085344812488,1.0491368771875123,1.0491368771875123
1.232142857,1.563085344812488,-0.33094248781248803,0.33094248781248803
0.640740741,1.563085344812488,-0.922344603812488,0.922344603812488
0.59,1.563085344812488,-0.973085344812488,0.973085344812488
1.965,1.563085344812488,0.4019146551875121,0.4019146551875121
0.395,1.563085344812488,-1.168085344812488,1.168085344812488
1.473333333,1.563085344812488,-0.08975201181248793,0.08975201181248793
1.14875,1.563085344812488,-0.414335344812488,0.414335344812488
0.781666667,1.563085344812488,-0.781418677812488,0.781418677812488
0.514642857,1.563085344812488,-1.0484424878124878,1.0484424878124878
12.475,1.563085344812488,10.911914655187513,10.911914655187513
68.724375,62.458975643800024,6.265399356199971,6.265399356199971
1.110508475,1.563085344812488,-0.4525768698124879,0.4525768698124879
34.15642857,35.514307235,-1.357878664999994,1.357878664999994
0.255714286,1.563085344812488,-1.307371058812488,1.307371058812488
0.748333333,1.563085344812488,-0.8147520118124879,0.8147520118124879
0.78,1.563085344812488,-0.7830853448124879,0.7830853448124879
11.01444444,6.494657308971428,4.519787131028572,4.519787131028572
0.683333333,1.563085344812488,-0.879752011812488,0.879752011812488
2.054545455,1.563085344812488,0.491460110187512,0.491460110187512
2.38,1.563085344812488,0.8169146551875119,0.8169146551875119
1.0,1.563085344812488,-0.563085344812488,0.563085344812488
1.516333333,1.563085344812488,-0.046752011812488004,0.046752011812488004
1.164074074,1.563085344812488,-0.399011270812488,0.399011270812488
53.14528571,62.458975643800024,-9.31368993380002,9.31368993380002
0.693695652,1.563085344812488,-0.8693896928124879,0.8693896928124879
0.9825,1.563085344812488,-0.5805853448124879,0.5805853448124879
67.23714286,62.458975643800024,4.778167216199982,4.778167216199982
1.495,1.563085344812488,-0.06808534481248785,0.06808534481248785
6.834285714,6.494657308971428,0.33962840502857183,0.33962840502857183
2.22,1.563085344812488,0.6569146551875122,0.6569146551875122
0.815,1.563085344812488,-0.748085344812488,0.748085344812488
1.060714286,1.563085344812488,-0.5023710588124879,0.5023710588124879
0.925833333,1.563085344812488,-0.6372520118124879,0.6372520118124879
0.367692308,1.563085344812488,-1.1953930368124879,1.1953930368124879
1.190833333,1.563085344812488,-0.3722520118124879,0.3722520118124879
1.004,1.563085344812488,-0.559085344812488,0.559085344812488
0.935555556,1.563085344812488,-0.627529788812488,0.627529788812488
2.3825,1.563085344812488,0.8194146551875119,0.8194146551875119
0.068571429,1.563085344812488,-1.494513915812488,1.494513915812488
1.101842105,1.563085344812488,-0.46124323981248794,0.46124323981248794
0.825555556,1.563085344812488,-0.737529788812488,0.737529788812488
0.70625,1.563085344812488,-0.8568353448124879,0.8568353448124879
0.3325,1.563085344812488,-1.230585344812488,1.230585344812488
10.3632,1.563085344812488,8.800114655187514,8.800114655187514
0.3675,1.563085344812488,-1.195585344812488,1.195585344812488
1.173333333,1.563085344812488,-0.389752011812488,0.389752011812488
0.484666667,1.563085344812488,-1.078418677812488,1.078418677812488
0.599655172,1.563085344812488,-0.963430172812488,0.963430172812488
2.946333333,1.563085344812488,1.3832479881875122,1.3832479881875122
0.796666667,1.563085344812488,-0.766418677812488,0.766418677812488
0.4,1.563085344812488,-1.163085344812488,1.163085344812488
0.453846154,1.563085344812488,-1.109239190812488,1.109239190812488
1.253636364,1.563085344812488,-0.30944898081248806,0.30944898081248806
18.4,9.030486875028037,9.369513124971961,9.369513124971961
0.507931034,1.563085344812488,-1.0551543108124881,1.0551543108124881
0.371,1.563085344812488,-1.192085344812488,1.192085344812488
1.36,1.563085344812488,-0.20308534481248786,0.20308534481248786
1.258,1.563085344812488,-0.30508534481248795,0.30508534481248795
0.994782609,1.563085344812488,-0.5683027358124879,0.5683027358124879
1.0,1.563085344812488,-0.563085344812488,0.563085344812488
9.332,9.681046992228643,-0.3490469922286419,0.3490469922286419
15.69,6.231987482240002,9.458012517759997,9.458012517759997
1.486818182,1.563085344812488,-0.07626716281248802,0.07626716281248802
0.315,1.563085344812488,-1.248085344812488,1.248085344812488
0.350434783,1.563085344812488,-1.2126505618124879,1.2126505618124879
0.3,1.563085344812488,-1.263085344812488,1.263085344812488
0.6425,1.563085344812488,-0.920585344812488,0.920585344812488
0.498148148,1.563085344812488,-1.0649371968124879,1.0649371968124879
1.324117647,1.563085344812488,-0.23896769781248794,0.23896769781248794
0.581666667,1.563085344812488,-0.9814186778124879,0.9814186778124879
1.299090909,1.563085344812488,-0.26399443581248794,0.26399443581248794
1.09,1.563085344812488,-0.4730853448124879,0.4730853448124879
7.827,1.563085344812488,6.263914655187512,6.263914655187512
22.18,1.563085344812488,20.61691465518751,20.61691465518751
1.4075,1.563085344812488,-0.15558534481248798,0.15558534481248798
1.639090909,1.563085344812488,0.07600556418751214,0.07600556418751214
5.14,1.563085344812488,3.5769146551875117,3.5769146551875117
1.515625,1.563085344812488,-0.04746034481248795,0.04746034481248795
0.316923077,1.563085344812488,-1.246162267812488,1.246162267812488
0.325625,1.563085344812488,-1.237460344812488,1.237460344812488
0.478333333,1.563085344812488,-1.0847520118124878,1.0847520118124878
1.035,1.563085344812488,-0.528085344812488,0.528085344812488
3.111724138,1.563085344812488,1.548638793187512,1.548638793187512
2.12,1.563085344812488,0.5569146551875122,0.5569146551875122
6522.32,6373.2304284,149.08957159999954,149.08957159999954
0.757391304,1.563085344812488,-0.805694040812488,0.805694040812488
0.239259259,1.563085344812488,-1.323826085812488,1.323826085812488
0.545714286,1.563085344812488,-1.017371058812488,1.017371058812488
2.0,1.563085344812488,0.43691465518751205,0.43691465518751205
0.444,1.563085344812488,-1.119085344812488,1.119085344812488
0.49,1.563085344812488,-1.073085344812488,1.073085344812488
0.5,1.563085344812488,-1.063085344812488,1.063085344812488
1.417,1.563085344812488,-0.14608534481248792,0.14608534481248792
6.267142857,9.030486875028037,-2.7633440180280378,2.7633440180280378
83.59,80.9779339253846,2.6120660746153987,2.6120660746153987
0.412727273,1.563085344812488,-1.150358071812488,1.150358071812488
0.390625,1.563085344812488,-1.172460344812488,1.172460344812488
0.450833333,1.563085344812488,-1.112252011812488,1.112252011812488
0.718333333,1.563085344812488,-0.8447520118124879,0.8447520118124879
22.45714286,15.027901197857965,7.4292416621420365,7.4292416621420365
1.497,1.563085344812488,-0.06608534481248785,0.06608534481248785
0.49,1.563085344812488,-1.073085344812488,1.073085344812488
0.255714286,1.563085344812488,-1.307371058812488,1.307371058812488
0.617407407,1.563085344812488,-0.945677937812488,0.945677937812488
2.120714286,1.563085344812488,0.5576289411875122,0.5576289411875122
2.924,1.563085344812488,1.360914655187512,1.360914655187512
1.49,1.563085344812488,-0.07308534481248796,0.07308534481248796
0.200666667,1.563085344812488,-1.362418677812488,1.362418677812488
0.5665,1.563085344812488,-0.996585344812488,0.996585344812488
4.245,1.563085344812488,2.681914655187512,2.681914655187512
0.586785714,1.563085344812488,-0.9762996308124879,0.9762996308124879
0.8025,1.563085344812488,-0.760585344812488,0.760585344812488
0.808181818,1.563085344812488,-0.754903526812488,0.754903526812488
0.675609756,1.563085344812488,-0.887475588812488,0.887475588812488
0.9225,1.563085344812488,-0.640585344812488,0.640585344812488
4.650434783,1.563085344812488,3.0873494381875117,3.0873494381875117
1.227666667,1.563085344812488,-0.3354186778124879,0.3354186778124879
0.343333333,1.563085344812488,-1.219752011812488,1.219752011812488
0.531363636,1.563085344812488,-1.031721708812488,1.031721708812488
36.48703704,52.9206755686436,-16.433638528643606,16.433638528643606
1.08,1.563085344812488,-0.4830853448124879,0.4830853448124879
1.835333333,1.563085344812488,0.27224798818751195,0.27224798818751195
0.472,1.563085344812488,-1.091085344812488,1.091085344812488
2.475,1.563085344812488,0.9119146551875121,0.9119146551875121
1.631818182,1.563085344812488,0.068732837187512,0.068732837187512
0.806111111,1.563085344812488,-0.756974233812488,0.756974233812488
0.337142857,1.563085344812488,-1.225942487812488,1.225942487812488
8.114074074,15.027901197857965,-6.913827123857965,6.913827123857965
0.78,1.563085344812488,-0.7830853448124879,0.7830853448124879
0.465,1.563085344812488,-1.0980853448124879,1.0980853448124879
0.58,1.563085344812488,-0.983085344812488,0.983085344812488
0.856875,1.563085344812488,-0.7062103448124879,0.7062103448124879
0.120384615,1.563085344812488,-1.4427007298124879,1.4427007298124879
0.651875,1.563085344812488,-0.911210344812488,0.911210344812488
2.378181818,1.563085344812488,0.8150964731875119,0.8150964731875119
0.657368421,1.563085344812488,-0.9057169238124879,0.9057169238124879
3.14875,6.494657308971428,-3.345907308971428,3.345907308971428
0.37,1.563085344812488,-1.1930853448124878,1.1930853448124878
1.410204082,1.563085344812488,-0.15288126281248804,0.15288126281248804
1.1525,1.563085344812488,-0.4105853448124879,0.4105853448124879
0.854705882,1.563085344812488,-0.708379462812488,0.708379462812488
12.75944444,6.494657308971428,6.264787131028571,6.264787131028571
165.0,132.60125,32.39875000000001,32.39875000000001
4.145294118,1.563085344812488,2.582208773187512,2.582208773187512
0.726,1.563085344812488,-0.837085344812488,0.837085344812488
1.756363636,1.563085344812488,0.19327829118751194,0.19327829118751194
1.663488372,1.563085344812488,0.10040302718751204,0.10040302718751204
11.37333333,15.027901197857965,-3.654567867857965,3.654567867857965
0.1875,1.563085344812488,-1.375585344812488,1.375585344812488
0.686666667,1.563085344812488,-0.876418677812488,0.876418677812488
4.425,1.563085344812488,2.861914655187512,2.861914655187512
1.7835,1.563085344812488,0.22041465518751213,0.22041465518751213
1.938148148,1.563085344812488,0.37506280318751206,0.37506280318751206
18.86708333,1.563085344812488,17.30399798518751,17.30399798518751
0.741111111,1.563085344812488,-0.8219742338124879,0.8219742338124879
0.6295,1.563085344812488,-0.933585344812488,0.933585344812488
1.7,1.563085344812488,0.136914655187512,0.136914655187512
0.65625,1.563085344812488,-0.906835344812488,0.906835344812488
2.148181818,1.563085344812488,0.5850964731875119,0.5850964731875119
0.592739726,1.563085344812488,-0.9703456188124879,0.9703456188124879
1.755714286,1.563085344812488,0.19262894118751195,0.19262894118751195
14.405,9.681046992228643,4.723953007771357,4.723953007771357
1.525,1.563085344812488,-0.03808534481248804,0.03808534481248804
1.0375,1.563085344812488,-0.5255853448124879,0.5255853448124879
3.366,1.563085344812488,1.8029146551875121,1.8029146551875121
1.73,1.563085344812488,0.16691465518751203,0.16691465518751203
0.644375,1.563085344812488,-0.9187103448124879,0.9187103448124879
2.785555556,1.563085344812488,1.2224702111875119,1.2224702111875119
0.807777778,1.563085344812488,-0.755307566812488,0.755307566812488
0.396,1.563085344812488,-1.167085344812488,1.167085344812488
1.360625,1.563085344812488,-0.20246034481248798,0.20246034481248798
1.154210526,1.563085344812488,-0.408874818812488,0.408874818812488
7.745,11.300836984059695,-3.5558369840596944,3.5558369840596944
0.492592593,1.563085344812488,-1.070492751812488,1.070492751812488
1.305526316,1.563085344812488,-0.25755902881248804,0.25755902881248804
1.3072,1.563085344812488,-0.25588534481248804,0.25588534481248804
1.122727273,1.563085344812488,-0.440358071812488,0.440358071812488
1.706923077,1.563085344812488,0.14383773218751195,0.14383773218751195
1.254230769,1.563085344812488,-0.3088545758124879,0.3088545758124879
6.365833333,9.681046992228643,-3.3152136592286423,3.3152136592286423
0.772307692,1.563085344812488,-0.7907776528124879,0.7907776528124879
1.038666667,1.563085344812488,-0.524418677812488,0.524418677812488
0.874390244,1.563085344812488,-0.688695100812488,0.688695100812488
0.654814815,1.563085344812488,-0.9082705298124879,0.9082705298124879
0.97,1.563085344812488,-0.593085344812488,0.593085344812488
7.803571429,7.801190476333333,0.0023809526666669356,0.0023809526666669356
0.6348,1.563085344812488,-0.9282853448124879,0.9282853448124879
0.510666667,1.563085344812488,-1.052418677812488,1.052418677812488
13.49166667,15.027901197857965,-1.5362345278579639,1.5362345278579639
1.322857143,1.563085344812488,-0.24022820181248794,0.24022820181248794
1.005,1.563085344812488,-0.5580853448124881,0.5580853448124881
0.733703704,1.563085344812488,-0.829381640812488,0.829381640812488
0.0,0.43250000000000005,-0.43250000000000005,0.43250000000000005
10.38925926,1.563085344812488,8.82617391518751,8.82617391518751
0.489090909,1.563085344812488,-1.073994435812488,1.073994435812488
0.509565217,1.563085344812488,-1.053520127812488,1.053520127812488
0.813225806,1.563085344812488,-0.7498595388124879,0.7498595388124879
0.938888889,1.563085344812488,-0.624196455812488,0.624196455812488
1.0,1.563085344812488,-0.563085344812488,0.563085344812488
0.5,1.563085344812488,-1.063085344812488,1.063085344812488
0.943076923,1.563085344812488,-0.6200084218124879,0.6200084218124879
8.488888889,9.681046992228643,-1.1921581032286426,1.1921581032286426
0.204210526,1.563085344812488,-1.358874818812488,1.358874818812488
2.482142857,1.563085344812488,0.919057512187512,0.919057512187512
2.016,1.563085344812488,0.45291465518751206,0.45291465518751206
0.331923077,1.563085344812488,-1.231162267812488,1.231162267812488
1.69125,1.563085344812488,0.12816465518751197,0.12816465518751197
2.5,1.563085344812488,0.936914655187512,0.936914655187512
1.0752,1.563085344812488,-0.487885344812488,0.487885344812488
0.475,1.563085344812488,-1.0880853448124879,1.0880853448124879
71.83,74.28545725,-2.455457249999995,2.455457249999995
0.5525,1.563085344812488,-1.010585344812488,1.010585344812488
0.564210526,1.563085344812488,-0.998874818812488,0.998874818812488
2.078421053,1.563085344812488,0.5153357081875121,0.5153357081875121
0.710833333,1.563085344812488,-0.852252011812488,0.852252011812488
2.850555556,6.494657308971428,-3.644101752971428,3.644101752971428
2.202142857,1.563085344812488,0.6390575121875122,0.6390575121875122
0.794444444,1.563085344812488,-0.7686409008124879,0.7686409008124879
1.788095238,1.563085344812488,0.22500989318751197,0.22500989318751197
0.225,1.563085344812488,-1.3380853448124879,1.3380853448124879
38.13857143,35.514307235,2.624264195000002,2.624264195000002
1.03,1.563085344812488,-0.5330853448124879,0.5330853448124879
23.71172414,39.20171686833333,-15.489992728333327,15.489992728333327
1.211935484,1.563085344812488,-0.3511498608124879,0.3511498608124879
3.579090909,1.563085344812488,2.016005564187512,2.016005564187512
0.827727273,1.563085344812488,-0.7353580718124879,0.7353580718124879
0.213888889,1.563085344812488,-1.349196455812488,1.349196455812488
48.41333333,60.74099506142857,-12.32766173142857,12.32766173142857
36.24925926,52.9206755686436,-16.6714163086436,16.6714163086436
0.6575,1.563085344812488,-0.905585344812488,0.905585344812488
0.426363636,1.563085344812488,-1.136721708812488,1.136721708812488
1.525517241,1.563085344812488,-0.037568103812487985,0.037568103812487985
1.891875,1.563085344812488,0.328789655187512,0.328789655187512
0.836153846,1.563085344812488,-0.726931498812488,0.726931498812488
0.828,6.494657308971428,-5.666657308971428,5.666657308971428
2.91,1.563085344812488,1.3469146551875122,1.3469146551875122
0.811333333,1.563085344812488,-0.751752011812488,0.751752011812488
0.4275,1.563085344812488,-1.135585344812488,1.135585344812488
1.272083333,1.563085344812488,-0.29100201181248786,0.29100201181248786
2.120322581,1.563085344812488,0.557237236187512,0.557237236187512
1.125384615,1.563085344812488,-0.437700729812488,0.437700729812488
0.342857143,1.563085344812488,-1.220228201812488,1.220228201812488
0.943333333,1.563085344812488,-0.619752011812488,0.619752011812488
0.93,1.563085344812488,-0.6330853448124879,0.6330853448124879
0.3875,1.563085344812488,-1.175585344812488,1.175585344812488
0.702857143,1.563085344812488,-0.8602282018124879,0.8602282018124879
21.05416667,14.885982151818181,6.168184518181819,6.168184518181819
0.288928571,1.563085344812488,-1.274156773812488,1.274156773812488
2.663333333,1.563085344812488,1.1002479881875122,1.1002479881875122
2.125,1.563085344812488,0.561914655187512,0.561914655187512
0.961666667,1.563085344812488,-0.6014186778124879,0.6014186778124879
0.356666667,1.563085344812488,-1.206418677812488,1.206418677812488
1.38375,1.563085344812488,-0.17933534481248792,0.17933534481248792
0.13,1.563085344812488,-1.433085344812488,1.433085344812488
0.6525,1.563085344812488,-0.910585344812488,0.910585344812488
0.455,1.563085344812488,-1.1080853448124879,1.1080853448124879
0.1195,1.563085344812488,-1.443585344812488,1.443585344812488
0.505714286,1.563085344812488,-1.057371058812488,1.057371058812488
0.9945,1.563085344812488,-0.5685853448124879,0.5685853448124879
0.159230769,1.563085344812488,-1.4038545758124878,1.4038545758124878
0.25125,1.563085344812488,-1.311835344812488,1.311835344812488
1.2684,1.563085344812488,-0.294685344812488,0.294685344812488
1.45173913,1.563085344812488,-0.11134621481248796,0.11134621481248796
0.19625,1.563085344812488,-1.366835344812488,1.366835344812488
1.594545455,1.563085344812488,0.03146011018751205,0.03146011018751205
0.792,1.563085344812488,-0.7710853448124879,0.7710853448124879
1.635,6.494657308971428,-4.859657308971428,4.859657308971428
17.018,19.683353174285717,-2.665353174285716,2.665353174285716
44.35692308,21.161445770045454,23.195477309954548,23.195477309954548
3.178333333,1.563085344812488,1.615247988187512,1.615247988187512
1.975,1.563085344812488,0.41191465518751214,0.41191465518751214
0.379473684,1.563085344812488,-1.183611660812488,1.183611660812488
0.843333333,1.563085344812488,-0.7197520118124879,0.7197520118124879
0.86625,1.563085344812488,-0.696835344812488,0.696835344812488
1.8875,1.563085344812488,0.324414655187512,0.324414655187512
3.883333333,1.563085344812488,2.320247988187512,2.320247988187512
0.823333333,1.563085344812488,-0.739752011812488,0.739752011812488
0.138333333,1.563085344812488,-1.424752011812488,1.424752011812488
0.73125,1.563085344812488,-0.831835344812488,0.831835344812488
0.7225,1.563085344812488,-0.8405853448124879,0.8405853448124879
1.0175,1.563085344812488,-0.5455853448124879,0.5455853448124879
0.534788732,1.563085344812488,-1.028296612812488,1.028296612812488
17.72565217,21.161445770045454,-3.4357936000454536,3.4357936000454536
0.218888889,1.563085344812488,-1.344196455812488,1.344196455812488
0.62,1.563085344812488,-0.943085344812488,0.943085344812488
0.763333333,1.563085344812488,-0.799752011812488,0.799752011812488
0.114,1.563085344812488,-1.4490853448124879,1.4490853448124879
1.828888889,1.563085344812488,0.26580354418751195,0.26580354418751195
0.5034,1.563085344812488,-1.0596853448124879,1.0596853448124879
0.7475,1.563085344812488,-0.8155853448124879,0.8155853448124879
0.306428571,1.563085344812488,-1.2566567738124879,1.2566567738124879
1.51,1.563085344812488,-0.053085344812487945,0.053085344812487945
3.489166667,1.563085344812488,1.9260813221875122,1.9260813221875122
0.885,1.563085344812488,-0.678085344812488,0.678085344812488
0.65137931,1.563085344812488,-0.9117060348124879,0.9117060348124879
20.16636364,9.030486875028037,11.135876764971963,11.135876764971963
1.172222222,1.563085344812488,-0.3908631228124879,0.3908631228124879
2.313333333,1.563085344812488,0.7502479881875121,0.7502479881875121
6.238695652,11.300836984059695,-5.062141332059695,5.062141332059695
0.72,1.563085344812488,-0.843085344812488,0.843085344812488
3.33,1.563085344812488,1.7669146551875121,1.7669146551875121
52.85172414,52.9206755686436,-0.06895142864360082,0.06895142864360082
7.949090909,1.563085344812488,6.386005564187512,6.386005564187512
0.564,1.563085344812488,-0.999085344812488,0.999085344812488
0.0,1.563085344812488,-1.563085344812488,1.563085344812488
9.08,1.563085344812488,7.516914655187512,7.516914655187512
0.24,1.563085344812488,-1.323085344812488,1.323085344812488
3.115555556,1.563085344812488,1.552470211187512,1.552470211187512
4.888,1.563085344812488,3.324914655187512,3.324914655187512
0.0,1.563085344812488,-1.563085344812488,1.563085344812488
0.231111111,1.563085344812488,-1.331974233812488,1.331974233812488
1.981666667,1.563085344812488,0.4185813221875121,0.4185813221875121
0.925333333,1.563085344812488,-0.637752011812488,0.637752011812488
3.3,1.563085344812488,1.7369146551875119,1.7369146551875119
0.187857143,1.563085344812488,-1.375228201812488,1.375228201812488
0.467272727,1.563085344812488,-1.0958126178124878,1.0958126178124878
1.910769231,1.563085344812488,0.347683886187512,0.347683886187512
6.596,9.681046992228643,-3.0850469922286425,3.0850469922286425
0.913157895,1.563085344812488,-0.649927449812488,0.649927449812488
0.824482759,1.563085344812488,-0.7386025858124879,0.7386025858124879
2.010952381,1.563085344812488,0.4478670361875121,0.4478670361875121
6785.354286,6739.5235716,45.83071440000003,45.83071440000003
2.00125,1.563085344812488,0.43816465518751224,0.43816465518751224
1.063846154,1.563085344812488,-0.499239190812488,0.499239190812488
0.68,1.563085344812488,-0.8830853448124879,0.8830853448124879
1.028148148,1.563085344812488,-0.5349371968124879,0.5349371968124879
0.793076923,1.563085344812488,-0.770008421812488,0.770008421812488
0.6725,1.563085344812488,-0.890585344812488,0.890585344812488
3.1475,1.563085344812488,1.584414655187512,1.584414655187512
2.055,1.563085344812488,0.4919146551875122,0.4919146551875122
0.532173913,1.563085344812488,-1.030911431812488,1.030911431812488
2.795,1.563085344812488,1.231914655187512,1.231914655187512
4972.855,4935.408888888889,37.44611111111044,37.44611111111044
2.0745,1.563085344812488,0.5114146551875121,0.5114146551875121
74.57733333,52.9206755686436,21.6566577613564,21.6566577613564
0.435,1.563085344812488,-1.128085344812488,1.128085344812488
3.232105263,1.563085344812488,1.6690199181875118,1.6690199181875118
6.931875,6.494657308971428,0.43721769102857166,0.43721769102857166
1.315,1.563085344812488,-0.248085344812488,0.248085344812488
0.987,1.563085344812488,-0.576085344812488,0.576085344812488
0.385384615,1.563085344812488,-1.177700729812488,1.177700729812488
0.68125,1.563085344812488,-0.8818353448124879,0.8818353448124879
0.321818182,1.563085344812488,-1.241267162812488,1.241267162812488
1.40125,1.563085344812488,-0.16183534481248785,0.16183534481248785
0.068888889,1.563085344812488,-1.494196455812488,1.494196455812488
1.211372549,1.563085344812488,-0.35171279581248793,0.35171279581248793
1.351052632,1.563085344812488,-0.21203271281248792,0.21203271281248792
0.9925,1.563085344812488,-0.5705853448124879,0.5705853448124879
0.534761905,1.563085344812488,-1.028323439812488,1.028323439812488
2.112592593,1.563085344812488,0.5495072481875121,0.5495072481875121
0.856,1.563085344812488,-0.707085344812488,0.707085344812488
1.084,1.563085344812488,-0.4790853448124879,0.4790853448124879
1.04,1.563085344812488,-0.5230853448124879,0.5230853448124879
0.279375,1.563085344812488,-1.283710344812488,1.283710344812488
1.13,1.563085344812488,-0.43308534481248806,0.43308534481248806
0.251538462,1.563085344812488,-1.3115468828124879,1.3115468828124879
0.793333333,1.563085344812488,-0.769752011812488,0.769752011812488
0.7352,1.563085344812488,-0.827885344812488,0.827885344812488
1.9925,1.60356555556,0.38893444444,0.38893444444
1.901666667,1.563085344812488,0.338581322187512,0.338581322187512
1.7395,1.563085344812488,0.1764146551875121,0.1764146551875121
0.360714286,1.563085344812488,-1.202371058812488,1.202371058812488
1.08,1.563085344812488,-0.4830853448124879,0.4830853448124879
1.166666667,1.563085344812488,-0.39641867781248785,0.39641867781248785
0.2975,1.563085344812488,-1.265585344812488,1.265585344812488
1.706923077,1.563085344812488,0.14383773218751195,0.14383773218751195
1.413181818,6.494657308971428,-5.081475490971428,5.081475490971428
0.75,1.563085344812488,-0.813085344812488,0.813085344812488
0.452,1.563085344812488,-1.111085344812488,1.111085344812488
0.90125,1.563085344812488,-0.661835344812488,0.661835344812488
0.901818182,1.563085344812488,-0.661267162812488,0.661267162812488
0.656666667,1.563085344812488,-0.906418677812488,0.906418677812488
0.177857143,1.563085344812488,-1.385228201812488,1.385228201812488
0.7325,1.563085344812488,-0.8305853448124879,0.8305853448124879
0.505625,1.563085344812488,-1.057460344812488,1.057460344812488
0.69375,1.563085344812488,-0.869335344812488,0.869335344812488
0.653333333,1.563085344812488,-0.909752011812488,0.909752011812488
0.418,1.563085344812488,-1.145085344812488,1.145085344812488
5.950740741,11.300836984059695,-5.350096243059695,5.350096243059695
0.432857143,1.563085344812488,-1.1302282018124878,1.1302282018124878
0.69,1.563085344812488,-0.873085344812488,0.873085344812488
6245.638519,7952.178522555555,-1706.540003555555,1706.540003555555
1.973636364,1.563085344812488,0.41055101918751213,0.41055101918751213
1.147857143,1.563085344812488,-0.415228201812488,0.415228201812488
23.69093333,23.493675654375,0.19725767562499996,0.19725767562499996
0.9465625,1.563085344812488,-0.616522844812488,0.616522844812488
5.84,6.231987482240002,-0.391987482240002,0.391987482240002
0.77,1.563085344812488,-0.7930853448124879,0.7930853448124879
2.444545455,1.563085344812488,0.8814601101875121,0.8814601101875121
0.64,1.563085344812488,-0.9230853448124879,0.9230853448124879
55.276,60.06111453,-4.785114529999994,4.785114529999994
0.554,1.563085344812488,-1.009085344812488,1.009085344812488
0.67875,1.563085344812488,-0.884335344812488,0.884335344812488
35.52157895,36.35200195,-0.8304230000000032,0.8304230000000032
1.056944444,1.563085344812488,-0.506140900812488,0.506140900812488
5.701538462,1.563085344812488,4.138453117187512,4.138453117187512
0.94,1.563085344812488,-0.623085344812488,0.623085344812488
5.77875,11.300836984059695,-5.522086984059695,5.522086984059695
0.136,1.563085344812488,-1.4270853448124878,1.4270853448124878
0.56962963,1.563085344812488,-0.993455714812488,0.993455714812488
1.17,1.563085344812488,-0.393085344812488,0.393085344812488
8.4792,9.030486875028037,-0.5512868750280369,0.5512868750280369
1.525454545,1.563085344812488,-0.03763079981248785,0.03763079981248785
0.081538462,1.563085344812488,-1.481546882812488,1.481546882812488
1.028571429,1.563085344812488,-0.5345139158124879,0.5345139158124879
8.912692308,15.027901197857965,-6.115208889857964,6.115208889857964
5.2475,6.494657308971428,-1.2471573089714285,1.2471573089714285
4.25125,9.681046992228643,-5.429796992228643,5.429796992228643
2.085142857,1.563085344812488,0.5220575121875122,0.5220575121875122
1.164545455,1.563085344812488,-0.3985398898124879,0.3985398898124879
16.91166667,18.40607143,-1.4944047600000019,1.4944047600000019
1.61,1.563085344812488,0.046914655187512144,0.046914655187512144
0.941111111,1.563085344812488,-0.621974233812488,0.621974233812488
1.712653061,1.563085344812488,0.14956771618751197,0.14956771618751197
17.0,1.563085344812488,15.436914655187511,15.436914655187511
2.52,1.563085344812488,0.9569146551875121,0.9569146551875121
7.387647059,1.563085344812488,5.824561714187512,5.824561714187512
7.377777778,6.494657308971428,0.8831204690285714,0.8831204690285714
9.565,1.563085344812488,8.001914655187512,8.001914655187512
1.55037037,1.563085344812488,-0.012714974812487956,0.012714974812487956
0.516290323,1.563085344812488,-1.046795021812488,1.046795021812488
1.11,1.563085344812488,-0.45308534481248786,0.45308534481248786
1.2828,1.563085344812488,-0.280285344812488,0.280285344812488
5.763333333,1.563085344812488,4.200247988187512,4.200247988187512
3.26,1.563085344812488,1.6969146551875118,1.6969146551875118
0.43,1.563085344812488,-1.133085344812488,1.133085344812488
0.564782609,1.563085344812488,-0.998302735812488,0.998302735812488
0.982857143,1.563085344812488,-0.5802282018124879,0.5802282018124879
2.662631579,1.563085344812488,1.0995462341875122,1.0995462341875122
0.8096,1.563085344812488,-0.753485344812488,0.753485344812488
0.872727273,1.563085344812488,-0.690358071812488,0.690358071812488
0.233076923,1.563085344812488,-1.330008421812488,1.330008421812488
2.57,1.563085344812488,1.0069146551875119,1.0069146551875119
1.398,1.563085344812488,-0.16508534481248804,0.16508534481248804
0.993928571,1.563085344812488,-0.569156773812488,0.569156773812488
0.634074074,1.563085344812488,-0.9290112708124879,0.9290112708124879
1.507407407,1.563085344812488,-0.055677937812487865,0.055677937812487865
1.686923077,1.563085344812488,0.12383773218751215,0.12383773218751215
0.76,1.563085344812488,-0.803085344812488,0.803085344812488
5.326296296,1.563085344812488,3.763210951187512,3.763210951187512
0.0,1.563085344812488,-1.563085344812488,1.563085344812488
1.1,1.563085344812488,-0.46308534481248786,0.46308534481248786
1.559,1.563085344812488,-0.004085344812488012,0.004085344812488012
1.04,1.563085344812488,-0.5230853448124879,0.5230853448124879
15.8,23.89038461538462,-8.090384615384618,8.090384615384618
0.8025,1.563085344812488,-0.760585344812488,0.760585344812488
0.25,1.563085344812488,-1.313085344812488,1.313085344812488
1.24,1.563085344812488,-0.32308534481248796,0.32308534481248796
1.0775,1.563085344812488,-0.48558534481248805,0.48558534481248805
3.010909091,1.563085344812488,1.4478237461875119,1.4478237461875119
0.471666667,1.563085344812488,-1.091418677812488,1.091418677812488
0.642083333,1.563085344812488,-0.921002011812488,0.921002011812488
0.544117647,1.563085344812488,-1.018967697812488,1.018967697812488
0.577857143,1.563085344812488,-0.9852282018124879,0.9852282018124879
0.763928571,1.563085344812488,-0.799156773812488,0.799156773812488
2.571052632,1.563085344812488,1.0079672871875118,1.0079672871875118
0.871538462,1.563085344812488,-0.691546882812488,0.691546882812488
2.493809524,1.563085344812488,0.930724179187512,0.930724179187512
22.38,1.563085344812488,20.81691465518751,20.81691465518751
1.0,1.563085344812488,-0.563085344812488,0.563085344812488
1.767142857,1.563085344812488,0.2040575121875121,0.2040575121875121
3.781176471,1.563085344812488,2.2180911261875123,2.2180911261875123
0.46,1.563085344812488,-1.103085344812488,1.103085344812488
2.396956522,6.231987482240002,-3.835030960240002,3.835030960240002
1.800952381,1.563085344812488,0.23786703618751215,0.23786703618751215
0.536,1.563085344812488,-1.027085344812488,1.027085344812488
17.15,11.300836984059695,5.849163015940304,5.849163015940304
0.6275,1.563085344812488,-0.935585344812488,0.935585344812488
1.133636364,1.563085344812488,-0.42944898081248795,0.42944898081248795
4.221764706,1.563085344812488,2.658679361187512,2.658679361187512
1.4625,1.563085344812488,-0.10058534481248804,0.10058534481248804
0.0,1.563085344812488,-1.563085344812488,1.563085344812488
0.982,1.563085344812488,-0.581085344812488,0.581085344812488
1.804444444,1.563085344812488,0.24135909918751208,0.24135909918751208
0.985555556,1.563085344812488,-0.577529788812488,0.577529788812488
4.706666667,1.563085344812488,3.1435813221875124,3.1435813221875124
0.46625,1.563085344812488,-1.096835344812488,1.096835344812488
0.5684,1.563085344812488,-0.9946853448124879,0.9946853448124879
3.045,1.563085344812488,1.481914655187512,1.481914655187512
0.68875,1.563085344812488,-0.874335344812488,0.874335344812488
4.437142857,1.563085344812488,2.8740575121875125,2.8740575121875125
3.02,1.563085344812488,1.456914655187512,1.456914655187512
1.39,1.563085344812488,-0.17308534481248805,0.17308534481248805
0.3625,1.563085344812488,-1.200585344812488,1.200585344812488
5.0,6.231987482240002,-1.2319874822400019,1.2319874822400019
0.5125,1.563085344812488,-1.050585344812488,1.050585344812488
0.330909091,1.563085344812488,-1.2321762538124879,1.2321762538124879
2.886666667,1.563085344812488,1.3235813221875121,1.3235813221875121
0.806333333,1.563085344812488,-0.756752011812488,0.756752011812488
0.661333333,1.563085344812488,-0.901752011812488,0.901752011812488
1.037777778,1.563085344812488,-0.525307566812488,0.525307566812488
1.76,1.563085344812488,0.19691465518751206,0.19691465518751206
1.028888889,1.563085344812488,-0.5341964558124879,0.5341964558124879
5238.051739,6809.669122333334,-1571.6173833333332,1571.6173833333332
3.0,1.563085344812488,1.436914655187512,1.436914655187512
6.25,9.681046992228643,-3.4310469922286426,3.4310469922286426
2.523333333,1.563085344812488,0.9602479881875121,0.9602479881875121
9.116363636,6.494657308971428,2.6217063270285728,2.6217063270285728
1.624615385,6.494657308971428,-4.870041923971428,4.870041923971428
0.31826087,1.563085344812488,-1.244824474812488,1.244824474812488
1.377735849,1.563085344812488,-0.18534949581248794,0.18534949581248794
0.466567164,1.563085344812488,-1.096518180812488,1.096518180812488
0.732647059,1.563085344812488,-0.8304382858124879,0.8304382858124879
0.548947368,1.563085344812488,-1.014137976812488,1.014137976812488
1.67,1.563085344812488,0.10691465518751198,0.10691465518751198
0.6675,1.563085344812488,-0.895585344812488,0.895585344812488
1.23,1.563085344812488,-0.33308534481248797,0.33308534481248797
1.644545455,6.494657308971428,-4.850111853971428,4.850111853971428
0.484285714,1.563085344812488,-1.078799630812488,1.078799630812488
0.300588235,1.563085344812488,-1.262497109812488,1.262497109812488
0.2492,1.563085344812488,-1.3138853448124879,1.3138853448124879
8.055714286,8.392142857124998,-0.3364285711249977,0.3364285711249977
1.170740741,1.563085344812488,-0.39234460381248804,0.39234460381248804
1.47875,1.563085344812488,-0.08433534481248794,0.08433534481248794
8.056875,9.681046992228643,-1.6241719922286428,1.6241719922286428
0.28,1.563085344812488,-1.283085344812488,1.283085344812488
0.6,1.563085344812488,-0.963085344812488,0.963085344812488
1.926,1.563085344812488,0.362914655187512,0.362914655187512
16254.0,11357.70797642857,4896.29202357143,4896.29202357143
1.228,1.563085344812488,-0.335085344812488,0.335085344812488
1.071428571,1.563085344812488,-0.49165677381248796,0.49165677381248796
0.258888889,1.563085344812488,-1.3041964558124879,1.3041964558124879
10.43333333,1.563085344812488,8.870247985187511,8.870247985187511
0.418571429,1.563085344812488,-1.144513915812488,1.144513915812488
1.121875,1.563085344812488,-0.441210344812488,0.441210344812488
0.4368,1.563085344812488,-1.1262853448124879,1.1262853448124879
3.025909091,1.563085344812488,1.462823746187512,1.462823746187512
2.8275,1.563085344812488,1.2644146551875122,1.2644146551875122
1.540769231,1.563085344812488,-0.02231611381248788,0.02231611381248788
1.215,1.563085344812488,-0.3480853448124879,0.3480853448124879
2.073333333,1.563085344812488,0.5102479881875119,0.5102479881875119
0.9675,1.563085344812488,-0.5955853448124879,0.5955853448124879
2.57,1.563085344812488,1.0069146551875119,1.0069146551875119
1.817916667,1.563085344812488,0.25483132218751203,0.25483132218751203
22.43019608,15.027901197857965,7.402294882142037,7.402294882142037
30.21326087,52.9206755686436,-22.707414698643603,22.707414698643603
3.395925926,6.225937468414633,-2.8300115424146335,2.8300115424146335
1.0732,1.563085344812488,-0.489885344812488,0.489885344812488
5636.355,5569.7222858,66.63271420000001,66.63271420000001
0.47,1.563085344812488,-1.093085344812488,1.093085344812488
13.58,31.14411875857143,-17.564118758571432,17.564118758571432
1.509090909,1.563085344812488,-0.05399443581248797,0.05399443581248797
1.117333333,1.563085344812488,-0.445752011812488,0.445752011812488
1.586052632,1.563085344812488,0.022967287187511953,0.022967287187511953
0.346153846,1.563085344812488,-1.216931498812488,1.216931498812488
0.972857143,1.563085344812488,-0.5902282018124879,0.5902282018124879
0.796666667,1.563085344812488,-0.766418677812488,0.766418677812488
0.181111111,1.563085344812488,-1.381974233812488,1.381974233812488
2.162,1.563085344812488,0.598914655187512,0.598914655187512
0.2575,1.563085344812488,-1.305585344812488,1.305585344812488
2.6825,1.563085344812488,1.1194146551875122,1.1194146551875122
0.584,1.563085344812488,-0.979085344812488,0.979085344812488
0.481818182,1.563085344812488,-1.081267162812488,1.081267162812488
0.6,1.563085344812488,-0.963085344812488,0.963085344812488
0.5575,1.563085344812488,-1.0055853448124878,1.0055853448124878
0.395925926,1.563085344812488,-1.167159418812488,1.167159418812488
0.400655738,1.563085344812488,-1.162429606812488,1.162429606812488
1.066666667,1.563085344812488,-0.49641867781248794,0.49641867781248794
1.884,1.563085344812488,0.32091465518751194,0.32091465518751194
42.421,39.106706349999996,3.3142936500000033,3.3142936500000033
5.58125,1.563085344812488,4.018164655187512,4.018164655187512
0.442222222,1.563085344812488,-1.120863122812488,1.120863122812488
0.416428571,1.563085344812488,-1.146656773812488,1.146656773812488
0.236,1.563085344812488,-1.327085344812488,1.327085344812488
2.49,1.563085344812488,0.9269146551875123,0.9269146551875123
1.0675,1.563085344812488,-0.49558534481248806,0.49558534481248806
4.964347826,6.231987482240002,-1.2676396562400019,1.2676396562400019
0.705,1.563085344812488,-0.858085344812488,0.858085344812488
5.4925,1.563085344812488,3.9294146551875118,3.9294146551875118
0.242,1.563085344812488,-1.321085344812488,1.321085344812488
2.661428571,1.563085344812488,1.0983432261875121,1.0983432261875121
1.38,1.563085344812488,-0.18308534481248806,0.18308534481248806
0.728888889,1.563085344812488,-0.8341964558124879,0.8341964558124879
1.386818182,1.563085344812488,-0.1762671628124879,0.1762671628124879
6.940740741,6.494657308971428,0.4460834320285718,0.4460834320285718
1.008,1.563085344812488,-0.555085344812488,0.555085344812488
1.792692308,1.563085344812488,0.22960696318751195,0.22960696318751195
0.584,1.563085344812488,-0.979085344812488,0.979085344812488
1.501304348,1.563085344812488,-0.061780996812488054,0.061780996812488054
2.124428571,1.563085344812488,0.5613432261875122,0.5613432261875122
0.924347826,1.563085344812488,-0.638737518812488,0.638737518812488
16.79111111,16.991193415555554,-0.20008230555555429,0.20008230555555429
0.8445,1.563085344812488,-0.7185853448124879,0.7185853448124879
2.525333333,1.563085344812488,0.9622479881875119,0.9622479881875119
6.367142857,9.030486875028037,-2.663344018028037,2.663344018028037
0.527272727,1.563085344812488,-1.0358126178124878,1.0358126178124878
0.8675,1.563085344812488,-0.6955853448124879,0.6955853448124879
0.285454545,1.563085344812488,-1.277630799812488,1.277630799812488
0.822888889,1.563085344812488,-0.7401964558124879,0.7401964558124879
1.696666667,1.563085344812488,0.13358132218751195,0.13358132218751195
0.161111111,1.563085344812488,-1.4019742338124879,1.4019742338124879
0.5156,1.563085344812488,-1.047485344812488,1.047485344812488
0.6076,1.563085344812488,-0.9554853448124879,0.9554853448124879
0.5,1.563085344812488,-1.063085344812488,1.063085344812488
0.283636364,1.563085344812488,-1.279448980812488,1.279448980812488
1.681111111,1.563085344812488,0.11802576618751215,0.11802576618751215
0.964461538,1.563085344812488,-0.598623806812488,0.598623806812488
0.533333333,1.563085344812488,-1.029752011812488,1.029752011812488
0.854285714,1.563085344812488,-0.708799630812488,0.708799630812488
1.349230769,1.563085344812488,-0.2138545758124879,0.2138545758124879
0.583939394,1.563085344812488,-0.979145950812488,0.979145950812488
1.101818182,1.563085344812488,-0.46126716281248803,0.46126716281248803
0.660769231,1.563085344812488,-0.902316113812488,0.902316113812488
0.508888889,1.563085344812488,-1.0541964558124879,1.0541964558124879
0.856666667,1.563085344812488,-0.7064186778124879,0.7064186778124879
10.47351351,15.027901197857965,-4.5543876878579646,4.5543876878579646
0.6525,1.563085344812488,-0.910585344812488,0.910585344812488
9619.11,14545.221668000002,-4926.111668000001,4926.111668000001
0.555483871,1.563085344812488,-1.007601473812488,1.007601473812488
18.69,23.89038461538462,-5.200384615384618,5.200384615384618
1.295714286,6.494657308971428,-5.198943022971428,5.198943022971428
2.057391304,1.563085344812488,0.49430595918751186,0.49430595918751186
0.329333333,1.563085344812488,-1.2337520118124878,1.2337520118124878
1.549230769,1.563085344812488,-0.013854575812487946,0.013854575812487946
0.785,1.563085344812488,-0.7780853448124879,0.7780853448124879
2.051111111,1.563085344812488,0.48802576618751203,0.48802576618751203
0.827727273,1.563085344812488,-0.7353580718124879,0.7353580718124879
2.121851852,1.563085344812488,0.5587665071875119,0.5587665071875119
0.8808,1.563085344812488,-0.6822853448124879,0.6822853448124879
1.21,1.563085344812488,-0.353085344812488,0.353085344812488
3.483,1.563085344812488,1.9199146551875121,1.9199146551875121
1.565454545,1.563085344812488,0.002369200187511966,0.002369200187511966
1.166818182,6.494657308971428,-5.327839126971428,5.327839126971428
0.496785714,1.563085344812488,-1.066299630812488,1.066299630812488
1.7792,1.563085344812488,0.21611465518751194,0.21611465518751194
1.223043478,1.563085344812488,-0.34004186681248805,0.34004186681248805
0.562,1.563085344812488,-1.001085344812488,1.001085344812488
1.736153846,1.563085344812488,0.17306850118751194,0.17306850118751194
1.797272727,1.563085344812488,0.234187382187512,0.234187382187512
0.943333333,1.563085344812488,-0.619752011812488,0.619752011812488
10.73090909,10.906278938695653,-0.1753698486956523,0.1753698486956523
2.33,1.563085344812488,0.7669146551875121,0.7669146551875121
0.325319149,1.563085344812488,-1.237766195812488,1.237766195812488
2.0,1.563085344812488,0.43691465518751205,0.43691465518751205
6.936666667,11.300836984059695,-4.364170317059695,4.364170317059695
1.206315789,1.563085344812488,-0.3567695558124879,0.3567695558124879
55.18416667,44.58286807428572,10.601298595714283,10.601298595714283
0.555,1.563085344812488,-1.0080853448124878,1.0080853448124878
1.976904762,1.563085344812488,0.41381941718751203,0.41381941718751203
0.477241379,1.563085344812488,-1.0858439658124879,1.0858439658124879
2.142857143,1.563085344812488,0.5797717981875121,0.5797717981875121
0.849333333,1.563085344812488,-0.7137520118124879,0.7137520118124879
0.81,1.563085344812488,-0.7530853448124879,0.7530853448124879
0.595,1.563085344812488,-0.968085344812488,0.968085344812488
1.348958333,1.563085344812488,-0.21412701181248806,0.21412701181248806
1.008518519,1.563085344812488,-0.5545668258124881,0.5545668258124881
0.75,1.563085344812488,-0.813085344812488,0.813085344812488
3.145,1.563085344812488,1.581914655187512,1.581914655187512
0.4,1.563085344812488,-1.163085344812488,1.163085344812488
4.022222222,1.563085344812488,2.459136877187512,2.459136877187512
0.975833333,1.563085344812488,-0.587252011812488,0.587252011812488
2.167857143,1.563085344812488,0.604771798187512,0.604771798187512
0.67,1.563085344812488,-0.8930853448124879,0.8930853448124879
0.500666667,1.563085344812488,-1.062418677812488,1.062418677812488
1.554,1.563085344812488,-0.009085344812487905,0.009085344812487905
0.6,1.563085344812488,-0.963085344812488,0.963085344812488
0.838823529,1.563085344812488,-0.7242618158124879,0.7242618158124879
0.278888889,1.563085344812488,-1.2841964558124879,1.2841964558124879
0.44,1.563085344812488,-1.123085344812488,1.123085344812488
0.53625,1.563085344812488,-1.026835344812488,1.026835344812488
0.428181818,1.563085344812488,-1.1349035268124879,1.1349035268124879
2.175306122,1.563085344812488,0.6122207771875119,0.6122207771875119
0.506956522,1.563085344812488,-1.056128822812488,1.056128822812488
0.43625,1.563085344812488,-1.126835344812488,1.126835344812488
0.72,1.563085344812488,-0.843085344812488,0.843085344812488
14.81125,15.027901197857965,-0.21665119785796527,0.21665119785796527
11.1,10.906278938695653,0.19372106130434652,0.19372106130434652
0.371666667,1.563085344812488,-1.191418677812488,1.191418677812488
14.03470588,1.563085344812488,12.471620535187512,12.471620535187512
3.8556,1.563085344812488,2.292514655187512,2.292514655187512
0.679333333,1.563085344812488,-0.883752011812488,0.883752011812488
16.6337037,16.991193415555554,-0.35748971555555187,0.35748971555555187
0.415555556,1.563085344812488,-1.147529788812488,1.147529788812488
1.128888889,1.563085344812488,-0.434196455812488,0.434196455812488
1.038888889,1.563085344812488,-0.5241964558124879,0.5241964558124879
34.52965517,36.35200195,-1.8223467800000037,1.8223467800000037
0.643,1.563085344812488,-0.9200853448124879,0.9200853448124879
1.359090909,1.563085344812488,-0.20399443581248788,0.20399443581248788
10.39166667,9.681046992228643,0.7106196777713567,0.7106196777713567
0.693076923,1.563085344812488,-0.8700084218124879,0.8700084218124879
1.904166667,1.563085344812488,0.34108132218751197,0.34108132218751197
2.213076923,1.563085344812488,0.6499915781875121,0.6499915781875121
1.14375,1.563085344812488,-0.4193353448124879,0.4193353448124879
8.54625,15.027901197857965,-6.481651197857964,6.481651197857964
4.36,1.563085344812488,2.7969146551875124,2.7969146551875124
0.75,1.563085344812488,-0.813085344812488,0.813085344812488
1.74,1.563085344812488,0.17691465518751204,0.17691465518751204
0.204,1.563085344812488,-1.359085344812488,1.359085344812488
1.0,1.563085344812488,-0.563085344812488,0.563085344812488
1.233157895,1.563085344812488,-0.329927449812488,0.329927449812488
1.486666667,1.563085344812488,-0.07641867781248801,0.07641867781248801
0.9075,1.563085344812488,-0.655585344812488,0.655585344812488
0.512173913,1.563085344812488,-1.050911431812488,1.050911431812488
0.573333333,1.563085344812488,-0.989752011812488,0.989752011812488
0.5112,1.563085344812488,-1.0518853448124879,1.0518853448124879
0.482758621,1.563085344812488,-1.080326723812488,1.080326723812488
1.486666667,1.563085344812488,-0.07641867781248801,0.07641867781248801
1.310909091,1.563085344812488,-0.25217625381248787,0.25217625381248787
0.696,1.563085344812488,-0.867085344812488,0.867085344812488
0.573,1.563085344812488,-0.990085344812488,0.990085344812488
0.606666667,1.563085344812488,-0.9564186778124879,0.9564186778124879
39.73108696,52.9206755686436,-13.189588608643604,13.189588608643604
1.1,1.563085344812488,-0.46308534481248786,0.46308534481248786
57.615,52.9206755686436,4.694324431356399,4.694324431356399
1.51,1.563085344812488,-0.053085344812487945,0.053085344812487945
3.539677419,1.563085344812488,1.9765920741875123,1.9765920741875123
72.55625,52.9206755686436,19.635574431356403,19.635574431356403
0.844666667,1.563085344812488,-0.7184186778124879,0.7184186778124879
1.115,1.563085344812488,-0.44808534481248796,0.44808534481248796
0.278125,1.563085344812488,-1.284960344812488,1.284960344812488
3.67,1.563085344812488,2.106914655187512,2.106914655187512
0.63,1.563085344812488,-0.933085344812488,0.933085344812488
1.144,1.563085344812488,-0.41908534481248805,0.41908534481248805
0.276,1.563085344812488,-1.287085344812488,1.287085344812488
0.62,1.563085344812488,-0.943085344812488,0.943085344812488
0.589285714,1.563085344812488,-0.973799630812488,0.973799630812488
1.73,1.563085344812488,0.16691465518751203,0.16691465518751203
1.163076923,1.563085344812488,-0.40000842181248797,0.40000842181248797
0.986190476,1.563085344812488,-0.576894868812488,0.576894868812488
0.9535,1.563085344812488,-0.6095853448124879,0.6095853448124879
1.15,1.563085344812488,-0.41308534481248804,0.41308534481248804
0.372857143,1.563085344812488,-1.190228201812488,1.190228201812488
0.785263158,1.563085344812488,-0.7778221868124879,0.7778221868124879
0.705,1.563085344812488,-0.858085344812488,0.858085344812488
1.98,1.563085344812488,0.41691465518751203,0.41691465518751203
1.4325,1.563085344812488,-0.13058534481248785,0.13058534481248785
0.085,1.563085344812488,-1.478085344812488,1.478085344812488
0.91,1.563085344812488,-0.6530853448124879,0.6530853448124879
0.384782609,1.563085344812488,-1.178302735812488,1.178302735812488
0.608,1.563085344812488,-0.955085344812488,0.955085344812488
1.221111111,1.563085344812488,-0.34197423381248804,0.34197423381248804
33.24096774,44.58286807428572,-11.341900334285718,11.341900334285718
0.79625,1.563085344812488,-0.7668353448124879,0.7668353448124879
26.90304348,52.9206755686436,-26.0176320886436,26.0176320886436
0.8,1.563085344812488,-0.7630853448124879,0.7630853448124879
1.846666667,1.563085344812488,0.2835813221875121,0.2835813221875121
0.5646,1.563085344812488,-0.998485344812488,0.998485344812488
1.978666667,1.563085344812488,0.415581322187512,0.415581322187512
2.135416667,1.563085344812488,0.5723313221875119,0.5723313221875119
0.787692308,1.563085344812488,-0.775393036812488,0.775393036812488
1.242162162,1.563085344812488,-0.3209231828124879,0.3209231828124879
1.177142857,1.563085344812488,-0.38594248781248797,0.38594248781248797
1.335,1.563085344812488,-0.228085344812488,0.228085344812488
0.95,1.563085344812488,-0.613085344812488,0.613085344812488
0.822222222,1.563085344812488,-0.740863122812488,0.740863122812488
0.8025,1.563085344812488,-0.760585344812488,0.760585344812488
0.473076923,1.563085344812488,-1.090008421812488,1.090008421812488
0.681304348,1.563085344812488,-0.881780996812488,0.881780996812488
2.056666667,1.563085344812488,0.49358132218751205,0.49358132218751205
2.668,1.563085344812488,1.1049146551875122,1.1049146551875122
1.360588235,1.563085344812488,-0.20249710981248792,0.20249710981248792
0.245,1.563085344812488,-1.3180853448124878,1.3180853448124878
31.71,6.494657308971428,25.215342691028575,25.215342691028575
1.17,1.563085344812488,-0.393085344812488,0.393085344812488
0.60862069,1.563085344812488,-0.954464654812488,0.954464654812488
3.061666667,1.563085344812488,1.498581322187512,1.498581322187512
1.305555556,1.563085344812488,-0.2575297888124879,0.2575297888124879
1.2225,1.563085344812488,-0.34058534481248803,0.34058534481248803
10.59809524,15.027901197857965,-4.429805957857965,4.429805957857965
0.322727273,1.563085344812488,-1.240358071812488,1.240358071812488
2.23,1.563085344812488,0.666914655187512,0.666914655187512
0.495454545,1.563085344812488,-1.0676307998124879,1.0676307998124879
0.259677419,1.563085344812488,-1.303407925812488,1.303407925812488
15.20103448,6.494657308971428,8.706377171028572,8.706377171028572
0.496,1.563085344812488,-1.067085344812488,1.067085344812488
0.932222222,1.563085344812488,-0.6308631228124879,0.6308631228124879
0.466666667,1.563085344812488,-1.096418677812488,1.096418677812488
1.765,1.563085344812488,0.20191465518751195,0.20191465518751195
0.587826087,1.563085344812488,-0.9752592578124879,0.9752592578124879
0.562083333,1.563085344812488,-1.001002011812488,1.001002011812488
0.697,1.563085344812488,-0.866085344812488,0.866085344812488
0.436666667,1.563085344812488,-1.126418677812488,1.126418677812488
16.47375,16.695736252222225,-0.22198625222222645,0.22198625222222645
0.6,1.563085344812488,-0.963085344812488,0.963085344812488
0.407586207,1.563085344812488,-1.155499137812488,1.155499137812488
0.0575,1.563085344812488,-1.5055853448124878,1.5055853448124878
0.913478261,1.563085344812488,-0.649607083812488,0.649607083812488
10.461,9.681046992228643,0.7799530077713577,0.7799530077713577
1.149487179,6.494657308971428,-5.345170129971428,5.345170129971428
0.22125,1.563085344812488,-1.341835344812488,1.341835344812488
0.331333333,1.563085344812488,-1.231752011812488,1.231752011812488
1.0325,1.563085344812488,-0.530585344812488,0.530585344812488
10.12181818,1.563085344812488,8.558732835187513,8.558732835187513
1.528974359,1.563085344812488,-0.03411098581248795,0.03411098581248795
12.59,9.681046992228643,2.9089530077713572,2.9089530077713572
1.033333333,1.563085344812488,-0.5297520118124879,0.5297520118124879
1.4825,1.563085344812488,-0.08058534481248802,0.08058534481248802
0.682857143,1.563085344812488,-0.880228201812488,0.880228201812488
0.416666667,1.563085344812488,-1.146418677812488,1.146418677812488
72.15153846,52.9206755686436,19.230862891356395,19.230862891356395
0.591666667,1.563085344812488,-0.9714186778124879,0.9714186778124879
2.89,1.563085344812488,1.3269146551875122,1.3269146551875122
1.08,1.563085344812488,-0.4830853448124879,0.4830853448124879
1.281111111,1.563085344812488,-0.281974233812488,0.281974233812488
0.281428571,1.563085344812488,-1.281656773812488,1.281656773812488
1.55,1.563085344812488,-0.013085344812487909,0.013085344812487909
34.38,47.997613636363646,-13.617613636363643,13.617613636363643
2.004545455,1.563085344812488,0.4414601101875122,0.4414601101875122
0.898928571,1.563085344812488,-0.6641567738124879,0.6641567738124879
3.75,1.563085344812488,2.186914655187512,2.186914655187512
6.087142857,9.030486875028037,-2.9433440180280375,2.9433440180280375
4.8875,6.494657308971428,-1.607157308971428,1.607157308971428
0.34875,1.563085344812488,-1.214335344812488,1.214335344812488
0.963030303,1.563085344812488,-0.6000550418124879,0.6000550418124879
0.455714286,1.563085344812488,-1.1073710588124879,1.1073710588124879
0.986666667,1.563085344812488,-0.5764186778124879,0.5764186778124879
7.239230769,1.563085344812488,5.676145424187512,5.676145424187512
0.612608696,1.563085344812488,-0.950476648812488,0.950476648812488
1.407,1.563085344812488,-0.15608534481248793,0.15608534481248793
1.268518519,1.563085344812488,-0.29456682581248805,0.29456682581248805
1.025,1.563085344812488,-0.538085344812488,0.538085344812488
0.745,1.563085344812488,-0.818085344812488,0.818085344812488
3.69,6.225937468414633,-2.5359374684146334,2.5359374684146334
2.696666667,1.563085344812488,1.1335813221875122,1.1335813221875122
0.82265625,1.563085344812488,-0.740429094812488,0.740429094812488
6.440909091,9.681046992228643,-3.2401379012286426,3.2401379012286426
0.517777778,1.563085344812488,-1.0453075668124878,1.0453075668124878
0.51,1.563085344812488,-1.053085344812488,1.053085344812488
0.518888889,1.563085344812488,-1.044196455812488,1.044196455812488
0.5436,1.563085344812488,-1.0194853448124879,1.0194853448124879
1.106666667,1.563085344812488,-0.4564186778124879,0.4564186778124879
0.823037975,1.563085344812488,-0.740047369812488,0.740047369812488
0.31,1.563085344812488,-1.253085344812488,1.253085344812488
1.297777778,1.563085344812488,-0.265307566812488,0.265307566812488
2.85,1.563085344812488,1.2869146551875121,1.2869146551875121
13.4,9.681046992228643,3.7189530077713577,3.7189530077713577
0.157,1.563085344812488,-1.406085344812488,1.406085344812488
0.250588235,1.563085344812488,-1.312497109812488,1.312497109812488
0.443333333,1.563085344812488,-1.119752011812488,1.119752011812488
1.78875,1.563085344812488,0.2256646551875121,0.2256646551875121
0.75,1.563085344812488,-0.813085344812488,0.813085344812488
0.548333333,1.563085344812488,-1.014752011812488,1.014752011812488
0.597826087,1.563085344812488,-0.965259257812488,0.965259257812488
2.775,1.563085344812488,1.211914655187512,1.211914655187512
1.401176471,1.563085344812488,-0.16190887381248786,0.16190887381248786
8.82875,6.494657308971428,2.3340926910285713,2.3340926910285713
1.16625,1.563085344812488,-0.39683534481248794,0.39683534481248794
4.455,9.681046992228643,-5.2260469922286426,5.2260469922286426
0.420454545,1.563085344812488,-1.1426307998124878,1.1426307998124878
12.976875,9.681046992228643,3.295828007771357,3.295828007771357
3.655714286,1.563085344812488,2.092628941187512,2.092628941187512
1.6196875,1.563085344812488,0.05660215518751199,0.05660215518751199
0.259166667,1.563085344812488,-1.3039186778124878,1.3039186778124878
1.214166667,1.563085344812488,-0.348918677812488,0.348918677812488
8.286666667,9.681046992228643,-1.3943803252286422,1.3943803252286422
4.379090909,1.563085344812488,2.8160055641875124,2.8160055641875124
0.276875,1.563085344812488,-1.286210344812488,1.286210344812488
0.305714286,1.563085344812488,-1.257371058812488,1.257371058812488
0.843947368,1.563085344812488,-0.7191379768124879,0.7191379768124879
0.123333333,1.563085344812488,-1.439752011812488,1.439752011812488
0.436666667,1.563085344812488,-1.126418677812488,1.126418677812488
0.693846154,1.563085344812488,-0.8692391908124879,0.8692391908124879
1.887285714,1.563085344812488,0.32420036918751194,0.32420036918751194
0.482333333,1.563085344812488,-1.080752011812488,1.080752011812488
0.453846154,1.563085344812488,-1.109239190812488,1.109239190812488
0.8136,1.563085344812488,-0.749485344812488,0.749485344812488
0.44,1.563085344812488,-1.123085344812488,1.123085344812488
1.263181818,1.563085344812488,-0.2999035268124879,0.2999035268124879
0.5025,1.563085344812488,-1.060585344812488,1.060585344812488
0.4,1.563085344812488,-1.163085344812488,1.163085344812488
51.06793103,52.9206755686436,-1.8527445386436057,1.8527445386436057
0.161428571,1.563085344812488,-1.4016567738124879,1.4016567738124879
1.513928571,1.563085344812488,-0.049156773812488064,0.049156773812488064
0.75,1.563085344812488,-0.813085344812488,0.813085344812488
1.268181818,1.563085344812488,-0.294903526812488,0.294903526812488
0.626190476,1.563085344812488,-0.936894868812488,0.936894868812488
12.88444444,17.526032606875,-4.641588166875,4.641588166875
0.175263158,1.563085344812488,-1.387822186812488,1.387822186812488
1.44,1.563085344812488,-0.123085344812488,0.123085344812488
1.5275,1.563085344812488,-0.035585344812487874,0.035585344812487874
1.462833333,1.563085344812488,-0.10025201181248788,0.10025201181248788
1.869444444,1.563085344812488,0.30635909918751203,0.30635909918751203
0.73125,1.563085344812488,-0.831835344812488,0.831835344812488
0.705483871,1.563085344812488,-0.857601473812488,0.857601473812488
17.71173913,1.563085344812488,16.148653785187513,16.148653785187513
0.773846154,1.563085344812488,-0.789239190812488,0.789239190812488
0.868571429,1.563085344812488,-0.694513915812488,0.694513915812488
0.445217391,1.563085344812488,-1.117867953812488,1.117867953812488
1.22,1.563085344812488,-0.343085344812488,0.343085344812488
12.1,9.681046992228643,2.418953007771357,2.418953007771357
13712.57308,14545.221668000002,-832.6485880000018,832.6485880000018
0.883571429,1.563085344812488,-0.679513915812488,0.679513915812488
1.0,1.563085344812488,-0.563085344812488,0.563085344812488
0.26,1.563085344812488,-1.303085344812488,1.303085344812488
0.575714286,1.563085344812488,-0.987371058812488,0.987371058812488
5.429230769,11.300836984059695,-5.871606215059694,5.871606215059694
0.862666667,1.563085344812488,-0.7004186778124879,0.7004186778124879
0.977,1.563085344812488,-0.586085344812488,0.586085344812488
0.605,1.563085344812488,-0.958085344812488,0.958085344812488
16.14384615,15.027901197857965,1.115944952142037,1.115944952142037
0.1828,1.563085344812488,-1.3802853448124879,1.3802853448124879
1.3015,1.563085344812488,-0.26158534481248785,0.26158534481248785
1.025454545,1.563085344812488,-0.5376307998124878,0.5376307998124878
0.910212766,1.563085344812488,-0.652872578812488,0.652872578812488
5013.69,6297.562714399999,-1283.8727143999995,1283.8727143999995
1.026666667,1.563085344812488,-0.536418677812488,0.536418677812488
0.854583333,1.563085344812488,-0.708502011812488,0.708502011812488
0.319473684,1.563085344812488,-1.2436116608124879,1.2436116608124879
0.003571429,1.563085344812488,-1.559513915812488,1.559513915812488
6.168,6.494657308971428,-0.326657308971428,0.326657308971428
7.395384615,6.231987482240002,1.1633971327599983,1.1633971327599983
2.514074074,1.563085344812488,0.9509887291875119,0.9509887291875119
5.097111111,11.300836984059695,-6.203725873059694,6.203725873059694
6.240714286,11.300836984059695,-5.060122698059694,5.060122698059694
0.231111111,1.563085344812488,-1.331974233812488,1.331974233812488
1.45,1.563085344812488,-0.113085344812488,0.113085344812488
1.61,1.563085344812488,0.046914655187512144,0.046914655187512144
45.10709677,40.5467101125,4.560386657499997,4.560386657499997
1.048421053,1.563085344812488,-0.514664291812488,0.514664291812488
0.878888889,1.563085344812488,-0.684196455812488,0.684196455812488
0.449565217,1.563085344812488,-1.113520127812488,1.113520127812488
0.852857143,1.563085344812488,-0.7102282018124879,0.7102282018124879
0.320454545,1.563085344812488,-1.242630799812488,1.242630799812488
16.32777778,21.161445770045454,-4.833667990045452,4.833667990045452
0.8,1.563085344812488,-0.7630853448124879,0.7630853448124879
1.673888889,1.563085344812488,0.11080354418751215,0.11080354418751215
0.270909091,1.563085344812488,-1.292176253812488,1.292176253812488
0.775,1.563085344812488,-0.7880853448124879,0.7880853448124879
2.579459459,1.563085344812488,1.0163741141875122,1.0163741141875122
0.827959184,1.563085344812488,-0.7351261608124879,0.7351261608124879
10.2886,1.563085344812488,8.725514655187514,8.725514655187514
0.3,1.563085344812488,-1.263085344812488,1.263085344812488
1.13,1.563085344812488,-0.43308534481248806,0.43308534481248806
1.042,1.563085344812488,-0.5210853448124879,0.5210853448124879
0.91,1.563085344812488,-0.6530853448124879,0.6530853448124879
1.214324324,1.563085344812488,-0.34876102081248805,0.34876102081248805
0.288076923,1.563085344812488,-1.275008421812488,1.275008421812488
36.67259259,52.9206755686436,-16.248082978643602,16.248082978643602
1.031818182,1.563085344812488,-0.5312671628124879,0.5312671628124879
0.21,1.563085344812488,-1.353085344812488,1.353085344812488
1.83,1.563085344812488,0.2669146551875121,0.2669146551875121
1.939,1.563085344812488,0.3759146551875121,0.3759146551875121
0.67,1.563085344812488,-0.8930853448124879,0.8930853448124879
0.676296296,1.563085344812488,-0.886789048812488,0.886789048812488
1.686363636,1.563085344812488,0.1232782911875121,0.1232782911875121
0.5884,1.563085344812488,-0.9746853448124879,0.9746853448124879
0.653,1.563085344812488,-0.9100853448124879,0.9100853448124879
1.907931034,1.563085344812488,0.344845689187512,0.344845689187512
0.575,1.563085344812488,-0.988085344812488,0.988085344812488
0.575454545,1.563085344812488,-0.9876307998124879,0.9876307998124879
14.14285714,6.225937468414633,7.916919671585367,7.916919671585367
0.520895522,1.563085344812488,-1.042189822812488,1.042189822812488
0.562,1.563085344812488,-1.001085344812488,1.001085344812488
1.002916667,1.563085344812488,-0.5601686778124879,0.5601686778124879
1.261111111,1.563085344812488,-0.301974233812488,0.301974233812488
0.541,1.563085344812488,-1.022085344812488,1.022085344812488
0.173076923,1.563085344812488,-1.390008421812488,1.390008421812488
0.137761194,1.563085344812488,-1.4253241508124879,1.4253241508124879
1.01028169,1.563085344812488,-0.5528036548124879,0.5528036548124879
1.835714286,1.563085344812488,0.272628941187512,0.272628941187512
0.8,1.563085344812488,-0.7630853448124879,0.7630853448124879
0.290263158,1.563085344812488,-1.2728221868124878,1.2728221868124878
7.32,11.747499999999999,-4.427499999999998,4.427499999999998
18.39901408,15.027901197857965,3.371112882142036,3.371112882142036
1.822307692,1.563085344812488,0.25922234718751214,0.25922234718751214
37.17272727,52.9206755686436,-15.7479482986436,15.7479482986436
0.917166667,1.563085344812488,-0.6459186778124879,0.6459186778124879
0.497307692,1.563085344812488,-1.0657776528124878,1.0657776528124878
0.918387097,1.563085344812488,-0.644698247812488,0.644698247812488
0.541428571,1.563085344812488,-1.021656773812488,1.021656773812488
0.199375,1.563085344812488,-1.3637103448124879,1.3637103448124879
2.246666667,1.563085344812488,0.683581322187512,0.683581322187512
11.719375,1.563085344812488,10.15628965518751,10.15628965518751
2.2625,1.563085344812488,0.6994146551875122,0.6994146551875122
8.936315789,15.027901197857965,-6.091585408857965,6.091585408857965
1.500666667,1.563085344812488,-0.062418677812488,0.062418677812488
0.9275,1.563085344812488,-0.635585344812488,0.635585344812488
11.26714286,10.906278938695653,0.36086392130434675,0.36086392130434675
0.992,1.563085344812488,-0.571085344812488,0.571085344812488
2.839642857,1.563085344812488,1.276557512187512,1.276557512187512
0.221363636,1.563085344812488,-1.341721708812488,1.341721708812488
4.336,1.563085344812488,2.7729146551875123,2.7729146551875123
0.263333333,1.563085344812488,-1.299752011812488,1.299752011812488
0.596111111,1.563085344812488,-0.9669742338124879,0.9669742338124879
1.215,1.563085344812488,-0.3480853448124879,0.3480853448124879
3.01,1.563085344812488,1.4469146551875118,1.4469146551875118
0.230833333,1.563085344812488,-1.3322520118124879,1.3322520118124879
16.44,15.027901197857965,1.4120988021420366,1.4120988021420366
2.743529412,1.563085344812488,1.180444067187512,1.180444067187512
1.964545455,1.563085344812488,0.40146011018751215,0.40146011018751215
9.0,11.300836984059695,-2.3008369840596945,2.3008369840596945
0.55375,1.563085344812488,-1.009335344812488,1.009335344812488
11.33333333,16.991193415555554,-5.657860085555553,5.657860085555553
0.5,1.563085344812488,-1.063085344812488,1.063085344812488
1.559375,1.563085344812488,-0.003710344812487998,0.003710344812487998
0.538333333,1.563085344812488,-1.024752011812488,1.024752011812488
0.193333333,1.563085344812488,-1.369752011812488,1.369752011812488
1.637692308,1.563085344812488,0.07460696318751214,0.07460696318751214
2.428148148,1.563085344812488,0.865062803187512,0.865062803187512
0.984285714,1.60356555556,-0.6192798415599999,0.6192798415599999
0.3865,1.563085344812488,-1.1765853448124879,1.1765853448124879
0.927777778,1.563085344812488,-0.6353075668124879,0.6353075668124879
0.031428571,1.563085344812488,-1.531656773812488,1.531656773812488
1.106666667,1.563085344812488,-0.4564186778124879,0.4564186778124879
2.292857143,1.563085344812488,0.729771798187512,0.729771798187512
0.7625,1.563085344812488,-0.800585344812488,0.800585344812488
0.775,1.563085344812488,-0.7880853448124879,0.7880853448124879
0.3575,1.563085344812488,-1.205585344812488,1.205585344812488
0.841818182,1.563085344812488,-0.7212671628124879,0.7212671628124879
0.5425,1.563085344812488,-1.020585344812488,1.020585344812488
3.517058824,1.563085344812488,1.9539734791875119,1.9539734791875119
0.4468,1.563085344812488,-1.1162853448124879,1.1162853448124879
2.116,1.563085344812488,0.5529146551875121,0.5529146551875121
1.9425,1.563085344812488,0.37941465518751194,0.37941465518751194
0.878888889,1.563085344812488,-0.684196455812488,0.684196455812488
13.8292,11.300836984059695,2.5283630159403057,2.5283630159403057
3.109230769,1.563085344812488,1.5461454241875119,1.5461454241875119
1.094444444,1.563085344812488,-0.4686409008124879,0.4686409008124879
1.88,1.563085344812488,0.31691465518751194,0.31691465518751194
0.185833333,1.563085344812488,-1.377252011812488,1.377252011812488
1.06,1.563085344812488,-0.5030853448124879,0.5030853448124879
45.41,47.997613636363646,-2.587613636363649,2.587613636363649
0.5,1.563085344812488,-1.063085344812488,1.063085344812488
0.874545455,1.563085344812488,-0.6885398898124879,0.6885398898124879
0.5625,1.563085344812488,-1.000585344812488,1.000585344812488
0.565,1.563085344812488,-0.998085344812488,0.998085344812488
0.723333333,1.563085344812488,-0.8397520118124879,0.8397520118124879
1.625517241,1.563085344812488,0.062431896187512104,0.062431896187512104
15.18,1.563085344812488,13.61691465518751,13.61691465518751
9.942727273,9.681046992228643,0.2616802807713565,0.2616802807713565
1.8985,1.563085344812488,0.3354146551875121,0.3354146551875121
1.126,1.563085344812488,-0.43708534481248806,0.43708534481248806
1.060434783,1.563085344812488,-0.5026505618124879,0.5026505618124879
12091.08136,12478.374679000002,-387.29331900000216,387.29331900000216
0.462592593,1.563085344812488,-1.1004927518124878,1.1004927518124878
1.024074074,1.563085344812488,-0.5390112708124879,0.5390112708124879
6.265,1.563085344812488,4.701914655187512,4.701914655187512
1.51,1.563085344812488,-0.053085344812487945,0.053085344812487945
0.0,1.563085344812488,-1.563085344812488,1.563085344812488
2.08,1.563085344812488,0.5169146551875121,0.5169146551875121
2.387142857,1.563085344812488,0.8240575121875122,0.8240575121875122
0.887142857,1.563085344812488,-0.675942487812488,0.675942487812488
1.033636364,1.563085344812488,-0.529448980812488,0.529448980812488
4.58,1.563085344812488,3.016914655187512,3.016914655187512
0.3096,1.563085344812488,-1.2534853448124879,1.2534853448124879
1.015,1.563085344812488,-0.548085344812488,0.548085344812488
2.564545455,1.563085344812488,1.0014601101875122,1.0014601101875122
0.864545455,1.563085344812488,-0.6985398898124879,0.6985398898124879
0.35,1.563085344812488,-1.2130853448124879,1.2130853448124879
0.879230769,1.563085344812488,-0.683854575812488,0.683854575812488
12.63666667,9.681046992228643,2.9556196777713577,2.9556196777713577
0.881666667,1.563085344812488,-0.681418677812488,0.681418677812488
1.205,1.563085344812488,-0.3580853448124879,0.3580853448124879
1.006842105,1.563085344812488,-0.5562432398124879,0.5562432398124879
0.785555556,1.563085344812488,-0.7775297888124879,0.7775297888124879
0.893333333,1.563085344812488,-0.669752011812488,0.669752011812488
3.2,1.563085344812488,1.6369146551875122,1.6369146551875122
2.897142857,1.563085344812488,1.334057512187512,1.334057512187512
1.641428571,1.563085344812488,0.0783432261875121,0.0783432261875121
1.03115942,1.563085344812488,-0.5319259248124879,0.5319259248124879
0.7,1.563085344812488,-0.863085344812488,0.863085344812488
9.668181818,6.494657308971428,3.1735245090285726,3.1735245090285726
2.71,1.563085344812488,1.146914655187512,1.146914655187512
0.308125,1.563085344812488,-1.254960344812488,1.254960344812488
42.40736842,52.9206755686436,-10.513307148643605,10.513307148643605
0.48,1.563085344812488,-1.083085344812488,1.083085344812488
2.67,2.4685799755384616,0.20142002446153828,0.20142002446153828
1.665454545,1.563085344812488,0.10236920018751205,0.10236920018751205
0.97,1.563085344812488,-0.593085344812488,0.593085344812488
9.120909091,6.494657308971428,2.6262517820285716,2.6262517820285716
2.371111111,1.563085344812488,0.8080257661875119,0.8080257661875119
6.84375,6.664726452321429,0.17902354767857087,0.17902354767857087
0.256363636,1.563085344812488,-1.3067217088124878,1.3067217088124878
8.515454545,6.225937468414633,2.2895170765853674,2.2895170765853674
8.547777778,11.300836984059695,-2.753059206059694,2.753059206059694
1.02875,1.563085344812488,-0.5343353448124879,0.5343353448124879
0.03875,1.563085344812488,-1.524335344812488,1.524335344812488
0.29,1.563085344812488,-1.273085344812488,1.273085344812488
1.737727273,1.563085344812488,0.174641928187512,0.174641928187512
0.568888889,1.563085344812488,-0.994196455812488,0.994196455812488
2.6325,1.563085344812488,1.0694146551875119,1.0694146551875119
0.299166667,1.563085344812488,-1.263918677812488,1.263918677812488
0.14,1.563085344812488,-1.4230853448124878,1.4230853448124878
2.363611111,1.563085344812488,0.800525766187512,0.800525766187512
0.364375,1.563085344812488,-1.198710344812488,1.198710344812488
1.253529412,1.563085344812488,-0.30955593281248794,0.30955593281248794
0.908,1.563085344812488,-0.6550853448124879,0.6550853448124879
0.568571429,1.563085344812488,-0.9945139158124879,0.9945139158124879
0.016666667,1.563085344812488,-1.546418677812488,1.546418677812488
1.0744,1.563085344812488,-0.48868534481248793,0.48868534481248793
1.331666667,1.563085344812488,-0.23141867781248804,0.23141867781248804
73.26,62.458975643800024,10.801024356199981,10.801024356199981
0.173076923,1.563085344812488,-1.390008421812488,1.390008421812488
0.7025,1.563085344812488,-0.8605853448124879,0.8605853448124879
1.584,1.563085344812488,0.02091465518751212,0.02091465518751212
10719.08742,10883.163143142858,-164.0757231428579,164.0757231428579
0.759,1.563085344812488,-0.804085344812488,0.804085344812488
36.30214286,35.514307235,0.7878356249999996,0.7878356249999996
0.78,1.563085344812488,-0.7830853448124879,0.7830853448124879
8.257272727,9.681046992228643,-1.4237742652286425,1.4237742652286425
6.890909091,9.681046992228643,-2.7901379012286425,2.7901379012286425
13.89074074,14.037497316666668,-0.14675657666666808,0.14675657666666808
2.253333333,1.563085344812488,0.6902479881875121,0.6902479881875121
7.626818182,9.681046992228643,-2.0542288102286426,2.0542288102286426
2.831428571,1.563085344812488,1.268343226187512,1.268343226187512
0.258125,1.563085344812488,-1.304960344812488,1.304960344812488
4.252857143,1.563085344812488,2.689771798187512,2.689771798187512
111.4553333,102.19977777833333,9.255555521666679,9.255555521666679
0.743333333,1.563085344812488,-0.8197520118124879,0.8197520118124879
0.723333333,1.563085344812488,-0.8397520118124879,0.8397520118124879
2.166153846,1.563085344812488,0.6030685011875119,0.6030685011875119
0.855,1.563085344812488,-0.708085344812488,0.708085344812488
0.908275862,1.563085344812488,-0.654809482812488,0.654809482812488
0.532173913,1.563085344812488,-1.030911431812488,1.030911431812488
10.27692308,15.027901197857965,-4.750978117857965,4.750978117857965
2.991666667,1.563085344812488,1.428581322187512,1.428581322187512
0.176875,1.563085344812488,-1.386210344812488,1.386210344812488
2.983333333,1.563085344812488,1.420247988187512,1.420247988187512
4.148421053,1.563085344812488,2.585335708187512,2.585335708187512
3.688533333,1.563085344812488,2.125447988187512,2.125447988187512
2.171111111,1.563085344812488,0.6080257661875121,0.6080257661875121
1.118181818,1.563085344812488,-0.4449035268124879,0.4449035268124879
0.565,1.563085344812488,-0.998085344812488,0.998085344812488
1.0,1.563085344812488,-0.563085344812488,0.563085344812488
0.874,1.563085344812488,-0.689085344812488,0.689085344812488
16935.05846,10883.163143142858,6051.8953168571425,6051.8953168571425
43.47545455,52.9206755686436,-9.4452210186436,9.4452210186436
1.367727273,1.563085344812488,-0.19535807181248788,0.19535807181248788
1.29,1.563085344812488,-0.2730853448124879,0.2730853448124879
1.183333333,1.563085344812488,-0.37975201181248797,0.37975201181248797
1.631818182,1.563085344812488,0.068732837187512,0.068732837187512
0.882727273,1.563085344812488,-0.680358071812488,0.680358071812488
1.98,1.563085344812488,0.41691465518751203,0.41691465518751203
0.835,1.563085344812488,-0.728085344812488,0.728085344812488
1.853,1.563085344812488,0.289914655187512,0.289914655187512
11.16703704,15.027901197857965,-3.8608641578579643,3.8608641578579643
0.583636364,1.563085344812488,-0.979448980812488,0.979448980812488
0.725,1.563085344812488,-0.838085344812488,0.838085344812488
0.6812,1.563085344812488,-0.8818853448124879,0.8818853448124879
11.15094595,11.300836984059695,-0.14989103405969395,0.14989103405969395
0.4965,1.563085344812488,-1.066585344812488,1.066585344812488
6.66,9.681046992228643,-3.0210469922286425,3.0210469922286425
5027.095,4935.408888888889,91.68611111111113,91.68611111111113
0.5875,1.563085344812488,-0.9755853448124879,0.9755853448124879
1.6,1.563085344812488,0.036914655187512135,0.036914655187512135
1.023333333,1.563085344812488,-0.5397520118124879,0.5397520118124879
0.79,1.563085344812488,-0.7730853448124879,0.7730853448124879
0.6864,1.563085344812488,-0.8766853448124879,0.8766853448124879
6.696,6.494657308971428,0.2013426910285716,0.2013426910285716
0.55,1.563085344812488,-1.013085344812488,1.013085344812488
0.833333333,1.563085344812488,-0.7297520118124879,0.7297520118124879
0.725076923,1.563085344812488,-0.8380084218124879,0.8380084218124879
0.597142857,1.563085344812488,-0.9659424878124879,0.9659424878124879
3.31,1.563085344812488,1.746914655187512,1.746914655187512
1.394516129,1.563085344812488,-0.16856921581248785,0.16856921581248785
0.395,1.563085344812488,-1.168085344812488,1.168085344812488
2.87,1.563085344812488,1.3069146551875122,1.3069146551875122
3.0,1.563085344812488,1.436914655187512,1.436914655187512
1.25,1.563085344812488,-0.31308534481248795,0.31308534481248795
0.962413793,1.563085344812488,-0.600671551812488,0.600671551812488
2.63,1.563085344812488,1.066914655187512,1.066914655187512
3.0538,1.563085344812488,1.490714655187512,1.490714655187512
1.435098039,1.563085344812488,-0.12798730581248785,0.12798730581248785
2.075416667,1.563085344812488,0.5123313221875119,0.5123313221875119
0.335909091,1.563085344812488,-1.227176253812488,1.227176253812488
0.200625,1.563085344812488,-1.362460344812488,1.362460344812488
0.433333333,1.563085344812488,-1.129752011812488,1.129752011812488
1.0,1.563085344812488,-0.563085344812488,0.563085344812488
0.448627451,1.563085344812488,-1.1144578938124878,1.1144578938124878
64.44533333,62.458975643800024,1.9863576861999732,1.9863576861999732
0.586666667,1.563085344812488,-0.9764186778124879,0.9764186778124879
0.23125,1.563085344812488,-1.331835344812488,1.331835344812488
0.473333333,1.563085344812488,-1.089752011812488,1.089752011812488
0.8025,1.563085344812488,-0.760585344812488,0.760585344812488
1.505263158,1.563085344812488,-0.05782218681248796,0.05782218681248796
0.069411765,1.563085344812488,-1.493673579812488,1.493673579812488
5.656818182,11.300836984059695,-5.644018802059694,5.644018802059694
1.035263158,1.563085344812488,-0.5278221868124879,0.5278221868124879
1.084814815,1.563085344812488,-0.47827052981248785,0.47827052981248785
0.4725,1.563085344812488,-1.090585344812488,1.090585344812488
0.452,1.563085344812488,-1.111085344812488,1.111085344812488
0.795806452,1.563085344812488,-0.767278892812488,0.767278892812488
0.588214286,1.563085344812488,-0.9748710588124879,0.9748710588124879
0.064166667,1.563085344812488,-1.4989186778124879,1.4989186778124879
2.96962963,1.563085344812488,1.406544285187512,1.406544285187512
0.849,1.563085344812488,-0.714085344812488,0.714085344812488
2.675,2.4685799755384616,0.20642002446153818,0.20642002446153818
2.427777778,1.563085344812488,0.8646924331875119,0.8646924331875119
1.52,6.494657308971428,-4.9746573089714285,4.9746573089714285
0.306666667,1.563085344812488,-1.256418677812488,1.256418677812488
0.8,1.563085344812488,-0.7630853448124879,0.7630853448124879
2.89,1.563085344812488,1.3269146551875122,1.3269146551875122
0.51,1.563085344812488,-1.053085344812488,1.053085344812488
0.846,1.563085344812488,-0.717085344812488,0.717085344812488
0.5,1.563085344812488,-1.063085344812488,1.063085344812488
0.431538462,1.563085344812488,-1.131546882812488,1.131546882812488
1.451,1.563085344812488,-0.11208534481248789,0.11208534481248789
16.15106061,15.027901197857965,1.1231594121420336,1.1231594121420336
0.955172414,1.563085344812488,-0.607912930812488,0.607912930812488
0.48,1.563085344812488,-1.083085344812488,1.083085344812488
0.55,1.563085344812488,-1.013085344812488,1.013085344812488
0.901428571,1.563085344812488,-0.661656773812488,0.661656773812488
8.193666667,6.225937468414633,1.967729198585367,1.967729198585367
15.73,23.89038461538462,-8.160384615384618,8.160384615384618
2.171428571,1.563085344812488,0.6083432261875119,0.6083432261875119
33.76481481,52.9206755686436,-19.155860758643605,19.155860758643605
0.538333333,1.563085344812488,-1.024752011812488,1.024752011812488
1.101818182,1.563085344812488,-0.46126716281248803,0.46126716281248803
0.605,1.563085344812488,-0.958085344812488,0.958085344812488
0.73,1.563085344812488,-0.833085344812488,0.833085344812488
6.915,6.494657308971428,0.4203426910285719,0.4203426910285719
2.412307692,1.563085344812488,0.8492223471875122,0.8492223471875122
0.588333333,1.563085344812488,-0.9747520118124879,0.9747520118124879
1.168888889,1.563085344812488,-0.39419645581248797,0.39419645581248797
0.772916667,1.563085344812488,-0.790168677812488,0.790168677812488
0.24,1.563085344812488,-1.323085344812488,1.323085344812488
0.71,1.563085344812488,-0.853085344812488,0.853085344812488
2.107857143,1.563085344812488,0.544771798187512,0.544771798187512
1.106363636,1.563085344812488,-0.45672170881248797,0.45672170881248797
0.624615385,1.563085344812488,-0.9384699598124879,0.9384699598124879
2.668333333,1.563085344812488,1.1052479881875121,1.1052479881875121
0.523,1.563085344812488,-1.0400853448124878,1.0400853448124878
5.068636364,1.563085344812488,3.5055510191875117,3.5055510191875117
0.426666667,1.563085344812488,-1.1364186778124878,1.1364186778124878
1.458461538,1.563085344812488,-0.10462380681248806,0.10462380681248806
0.062666667,1.563085344812488,-1.500418677812488,1.500418677812488
0.505555556,1.563085344812488,-1.057529788812488,1.057529788812488
1.525384615,1.563085344812488,-0.03770072981248784,0.03770072981248784
17.0,1.563085344812488,15.436914655187511,15.436914655187511
0.87,1.563085344812488,-0.693085344812488,0.693085344812488
0.5575,1.563085344812488,-1.0055853448124878,1.0055853448124878
2.8075,1.563085344812488,1.2444146551875122,1.2444146551875122
0.628888889,1.563085344812488,-0.934196455812488,0.934196455812488
1.26,1.563085344812488,-0.30308534481248794,0.30308534481248794
0.848648649,1.563085344812488,-0.7144366958124879,0.7144366958124879
0.4225,1.563085344812488,-1.140585344812488,1.140585344812488
61.4215,52.9206755686436,8.5008244313564,8.5008244313564
0.4,1.563085344812488,-1.163085344812488,1.163085344812488
1.595,1.563085344812488,0.03191465518751202,0.03191465518751202
0.528571429,1.563085344812488,-1.034513915812488,1.034513915812488
0.538387097,1.563085344812488,-1.024698247812488,1.024698247812488
0.5,1.563085344812488,-1.063085344812488,1.063085344812488
1.464897959,1.563085344812488,-0.09818738581248798,0.09818738581248798
3.435652174,6.225937468414633,-2.7902852944146335,2.7902852944146335
0.888666667,1.563085344812488,-0.674418677812488,0.674418677812488
0.740806452,1.563085344812488,-0.822278892812488,0.822278892812488
12012.7625,11357.70797642857,655.0545235714308,655.0545235714308
11.11777778,9.030486875028037,2.0872909049719635,2.0872909049719635
1.073333333,1.563085344812488,-0.48975201181248806,0.48975201181248806
0.844054054,1.563085344812488,-0.719031290812488,0.719031290812488
1.0,1.563085344812488,-0.563085344812488,0.563085344812488
2.125,6.231987482240002,-4.106987482240002,4.106987482240002
4.798888889,1.563085344812488,3.2358035441875117,3.2358035441875117
0.33,1.563085344812488,-1.2330853448124879,1.2330853448124879
0.65,1.563085344812488,-0.9130853448124879,0.9130853448124879
0.572941176,1.563085344812488,-0.9901441688124879,0.9901441688124879
1.17,1.563085344812488,-0.393085344812488,0.393085344812488
0.307674419,1.563085344812488,-1.255410925812488,1.255410925812488
0.509583333,1.563085344812488,-1.0535020118124878,1.0535020118124878
1.25,1.563085344812488,-0.31308534481248795,0.31308534481248795
0.63,1.563085344812488,-0.933085344812488,0.933085344812488
0.29875,1.563085344812488,-1.2643353448124879,1.2643353448124879
0.078,1.563085344812488,-1.4850853448124879,1.4850853448124879
8.970909091,6.225937468414633,2.744971622585366,2.744971622585366
0.26,1.563085344812488,-1.303085344812488,1.303085344812488
1.950555556,1.563085344812488,0.3874702111875121,0.3874702111875121
1.745714286,1.563085344812488,0.18262894118751194,0.18262894118751194
0.764666667,1.563085344812488,-0.798418677812488,0.798418677812488
0.848125,1.563085344812488,-0.7149603448124879,0.7149603448124879
0.902592593,1.563085344812488,-0.6604927518124879,0.6604927518124879
0.1,1.563085344812488,-1.4630853448124879,1.4630853448124879
1.02,1.563085344812488,-0.5430853448124879,0.5430853448124879
1.608333333,1.563085344812488,0.04524798818751208,0.04524798818751208
3.558666667,1.563085344812488,1.9955813221875118,1.9955813221875118
2.71,1.563085344812488,1.146914655187512,1.146914655187512
8.786842105,9.681046992228643,-0.8942048872286428,0.8942048872286428
0.59625,1.563085344812488,-0.966835344812488,0.966835344812488
2.59,1.563085344812488,1.026914655187512,1.026914655187512
1.4475,1.563085344812488,-0.11558534481248794,0.11558534481248794
0.48,1.563085344812488,-1.083085344812488,1.083085344812488
0.58625,1.563085344812488,-0.9768353448124879,0.9768353448124879
11.85666667,1.563085344812488,10.29358132518751,10.29358132518751
0.619375,1.563085344812488,-0.943710344812488,0.943710344812488
1.056666667,1.563085344812488,-0.506418677812488,0.506418677812488
0.937777778,1.563085344812488,-0.625307566812488,0.625307566812488
17.08227273,1.563085344812488,15.51918738518751,15.51918738518751
0.851666667,1.563085344812488,-0.7114186778124879,0.7114186778124879
0.7,1.563085344812488,-0.863085344812488,0.863085344812488
0.382413793,1.563085344812488,-1.180671551812488,1.180671551812488
0.446764706,1.563085344812488,-1.116320638812488,1.116320638812488
1.967857143,1.563085344812488,0.4047717981875121,0.4047717981875121
1.276363636,1.563085344812488,-0.28672170881248804,0.28672170881248804
15.335,9.681046992228643,5.653953007771358,5.653953007771358
1.902,1.563085344812488,0.33891465518751196,0.33891465518751196
0.5375,1.563085344812488,-1.0255853448124879,1.0255853448124879
4.981818182,6.494657308971428,-1.5128391269714285,1.5128391269714285
1.991707317,1.563085344812488,0.42862197218751197,0.42862197218751197
2.018611111,1.563085344812488,0.45552576618751184,0.45552576618751184
1.781111111,1.563085344812488,0.21802576618751202,0.21802576618751202
0.284615385,1.563085344812488,-1.278469959812488,1.278469959812488
1.741666667,1.563085344812488,0.1785813221875121,0.1785813221875121
0.167142857,1.563085344812488,-1.395942487812488,1.395942487812488
1.94,1.563085344812488,0.376914655187512,0.376914655187512
2.745,1.563085344812488,1.1819146551875122,1.1819146551875122
6.207083333,15.027901197857965,-8.820817864857965,8.820817864857965
1.76875,1.563085344812488,0.2056646551875121,0.2056646551875121
1.201538462,1.563085344812488,-0.3615468828124879,0.3615468828124879
0.3125,1.563085344812488,-1.250585344812488,1.250585344812488
0.775909091,1.563085344812488,-0.7871762538124879,0.7871762538124879
50.18152174,52.9206755686436,-2.7391538286436017,2.7391538286436017
19.99538462,9.681046992228643,10.314337627771357,10.314337627771357
0.41,1.563085344812488,-1.153085344812488,1.153085344812488
0.55,1.563085344812488,-1.013085344812488,1.013085344812488
1.043333333,1.563085344812488,-0.5197520118124879,0.5197520118124879
0.213913043,1.563085344812488,-1.349172301812488,1.349172301812488
1.696923077,1.563085344812488,0.13383773218751194,0.13383773218751194
1.225925926,1.563085344812488,-0.337159418812488,0.337159418812488
1.998888889,1.563085344812488,0.4358035441875121,0.4358035441875121
0.508846154,1.563085344812488,-1.054239190812488,1.054239190812488
0.7625,1.563085344812488,-0.800585344812488,0.800585344812488
0.67,1.563085344812488,-0.8930853448124879,0.8930853448124879
21.5625,24.290925926666663,-2.728425926666663,2.728425926666663
16.78333333,11.300836984059695,5.482496345940307,5.482496345940307
2.413333333,1.60356555556,0.8097677774400003,0.8097677774400003
0.781538462,1.563085344812488,-0.781546882812488,0.781546882812488
0.76375,1.563085344812488,-0.7993353448124879,0.7993353448124879
0.342592593,1.563085344812488,-1.220492751812488,1.220492751812488
9678.503667,8084.125616200001,1594.3780508,1594.3780508
0.646875,1.563085344812488,-0.916210344812488,0.916210344812488
0.808461538,1.563085344812488,-0.754623806812488,0.754623806812488
12.275,1.563085344812488,10.711914655187513,10.711914655187513
0.966875,1.563085344812488,-0.5962103448124879,0.5962103448124879
0.8,1.563085344812488,-0.7630853448124879,0.7630853448124879
2.79,1.563085344812488,1.226914655187512,1.226914655187512
3.972380952,1.563085344812488,2.409295607187512,2.409295607187512
0.825555556,1.563085344812488,-0.737529788812488,0.737529788812488
77.968,52.9206755686436,25.0473244313564,25.0473244313564
1.8744,1.563085344812488,0.3113146551875121,0.3113146551875121
0.9525,1.563085344812488,-0.6105853448124879,0.6105853448124879
0.76,1.563085344812488,-0.803085344812488,0.803085344812488
0.895,1.563085344812488,-0.6680853448124879,0.6680853448124879
1.402692308,1.563085344812488,-0.16039303681248795,0.16039303681248795
12616.92333,12261.328440125002,355.59488987499753,355.59488987499753
0.471212121,1.563085344812488,-1.091873223812488,1.091873223812488
2.208076923,1.563085344812488,0.6449915781875122,0.6449915781875122
2.001111111,1.563085344812488,0.4380257661875122,0.4380257661875122
0.805882353,1.563085344812488,-0.757202991812488,0.757202991812488
51.83875,53.4375,-1.5987500000000026,1.5987500000000026
0.34,1.563085344812488,-1.2230853448124879,1.2230853448124879
0.973571429,1.563085344812488,-0.5895139158124879,0.5895139158124879
0.6992,1.563085344812488,-0.8638853448124879,0.8638853448124879
0.807272727,1.563085344812488,-0.755812617812488,0.755812617812488
7.482608696,9.681046992228643,-2.198438296228643,2.198438296228643
0.790833333,1.563085344812488,-0.7722520118124879,0.7722520118124879
0.747878788,1.563085344812488,-0.815206556812488,0.815206556812488
0.683846154,1.563085344812488,-0.8792391908124879,0.8792391908124879
0.432777778,1.563085344812488,-1.130307566812488,1.130307566812488
0.465454545,1.563085344812488,-1.097630799812488,1.097630799812488
5.11,1.563085344812488,3.5469146551875124,3.5469146551875124
29.0,23.89038461538462,5.109615384615381,5.109615384615381
1.5125,1.563085344812488,-0.050585344812488,0.050585344812488
0.290666667,1.563085344812488,-1.272418677812488,1.272418677812488
0.6,1.563085344812488,-0.963085344812488,0.963085344812488
1.472857143,1.563085344812488,-0.09022820181248803,0.09022820181248803
1.61,1.563085344812488,0.046914655187512144,0.046914655187512144
1.09,1.563085344812488,-0.4730853448124879,0.4730853448124879
0.750434783,1.563085344812488,-0.812650561812488,0.812650561812488
1.65,1.563085344812488,0.08691465518751196,0.08691465518751196
20.19111111,24.816198268888893,-4.625087158888892,4.625087158888892
0.24125,1.563085344812488,-1.321835344812488,1.321835344812488
3.43,1.563085344812488,1.8669146551875122,1.8669146551875122
1.390833333,1.563085344812488,-0.17225201181248795,0.17225201181248795
0.205882353,1.563085344812488,-1.357202991812488,1.357202991812488
0.965,1.563085344812488,-0.598085344812488,0.598085344812488
5.096756757,1.563085344812488,3.5336714121875117,3.5336714121875117
15.2126087,12.143343386000002,3.069265313999999,3.069265313999999
1.23,1.563085344812488,-0.33308534481248797,0.33308534481248797
0.449,1.563085344812488,-1.1140853448124879,1.1140853448124879
0.767407407,1.563085344812488,-0.795677937812488,0.795677937812488
0.344791667,1.563085344812488,-1.218293677812488,1.218293677812488
0.414705882,1.563085344812488,-1.148379462812488,1.148379462812488
1.247647059,1.563085344812488,-0.315438285812488,0.315438285812488
57.96166667,60.06111453,-2.099447859999998,2.099447859999998
10.135,1.563085344812488,8.571914655187513,8.571914655187513
1.3775,1.563085344812488,-0.185585344812488,0.185585344812488
1.472272727,1.563085344812488,-0.09081261781248795,0.09081261781248795
2.510909091,1.563085344812488,0.9478237461875119,0.9478237461875119
0.8275,1.563085344812488,-0.7355853448124879,0.7355853448124879
1.353,1.563085344812488,-0.21008534481248797,0.21008534481248797
0.415454545,1.563085344812488,-1.147630799812488,1.147630799812488
3.21,1.563085344812488,1.646914655187512,1.646914655187512
0.499310345,1.563085344812488,-1.063774999812488,1.063774999812488
0.572857143,1.563085344812488,-0.9902282018124879,0.9902282018124879
0.368421053,1.563085344812488,-1.194664291812488,1.194664291812488
0.83037037,1.563085344812488,-0.7327149748124879,0.7327149748124879
0.725625,1.563085344812488,-0.837460344812488,0.837460344812488
1.4005,6.494657308971428,-5.094157308971428,5.094157308971428
1.535352113,1.563085344812488,-0.02773323181248788,0.02773323181248788
0.732592593,1.563085344812488,-0.8304927518124879,0.8304927518124879
0.52,1.563085344812488,-1.043085344812488,1.043085344812488
1.145,1.563085344812488,-0.41808534481248794,0.41808534481248794
0.68,1.563085344812488,-0.8830853448124879,0.8830853448124879
56.588,52.9206755686436,3.6673244313563984,3.6673244313563984
34.189375,21.161445770045454,13.027929229954545,13.027929229954545
0.3595,1.563085344812488,-1.203585344812488,1.203585344812488
1.389545455,1.563085344812488,-0.17353988981248802,0.17353988981248802
39.05510204,62.458975643800024,-23.403873603800022,23.403873603800022
0.63,1.563085344812488,-0.933085344812488,0.933085344812488
1.506363636,1.563085344812488,-0.05672170881248806,0.05672170881248806
0.872881356,1.563085344812488,-0.6902039888124879,0.6902039888124879
0.574285714,1.563085344812488,-0.988799630812488,0.988799630812488
59.56181818,52.9206755686436,6.6411426113564005,6.6411426113564005
1.443333333,1.563085344812488,-0.11975201181248796,0.11975201181248796
2.46,1.563085344812488,0.896914655187512,0.896914655187512
0.72047619,1.563085344812488,-0.842609154812488,0.842609154812488
1.294705882,1.563085344812488,-0.26837946281248803,0.26837946281248803
0.49,1.563085344812488,-1.073085344812488,1.073085344812488
1.028571429,1.563085344812488,-0.5345139158124879,0.5345139158124879
3.246153846,1.563085344812488,1.683068501187512,1.683068501187512
0.499565217,1.563085344812488,-1.063520127812488,1.063520127812488
0.8,1.563085344812488,-0.7630853448124879,0.7630853448124879
1.18,1.563085344812488,-0.383085344812488,0.383085344812488
26.06142857,22.860669299166663,3.2007592708333377,3.2007592708333377
1.42,1.563085344812488,-0.14308534481248802,0.14308534481248802
0.0,1.563085344812488,-1.563085344812488,1.563085344812488
0.923333333,1.563085344812488,-0.639752011812488,0.639752011812488
2.76,1.563085344812488,1.1969146551875118,1.1969146551875118
2.9475,1.563085344812488,1.3844146551875118,1.3844146551875118
12.69703704,9.681046992228643,3.015990047771357,3.015990047771357
1.730666667,1.563085344812488,0.16758132218751198,0.16758132218751198
0.938571429,1.563085344812488,-0.6245139158124879,0.6245139158124879
1.225,1.563085344812488,-0.33808534481248786,0.33808534481248786
1.850357143,1.563085344812488,0.28727179818751214,0.28727179818751214
16.5,6.231987482240002,10.268012517759999,10.268012517759999
0.781578947,1.563085344812488,-0.781506397812488,0.781506397812488
2.0,6.494657308971428,-4.494657308971428,4.494657308971428
0.252,1.563085344812488,-1.311085344812488,1.311085344812488
1.0,1.563085344812488,-0.563085344812488,0.563085344812488
5.834375,6.225937468414633,-0.3915624684146337,0.3915624684146337
0.838181818,1.563085344812488,-0.7249035268124879,0.7249035268124879
1.48,1.563085344812488,-0.08308534481248797,0.08308534481248797
1.026,1.563085344812488,-0.5370853448124879,0.5370853448124879
0.278571429,1.563085344812488,-1.284513915812488,1.284513915812488
1.543888889,1.563085344812488,-0.019196455812487967,0.019196455812487967
8.015333333,1.563085344812488,6.452247988187511,6.452247988187511
2.987222222,1.563085344812488,1.4241368771875123,1.4241368771875123
2.252857143,1.563085344812488,0.689771798187512,0.689771798187512
0.940555556,1.563085344812488,-0.622529788812488,0.622529788812488
2.421428571,1.563085344812488,0.8583432261875119,0.8583432261875119
0.733666667,1.563085344812488,-0.8294186778124879,0.8294186778124879
1.34,1.563085344812488,-0.22308534481248787,0.22308534481248787
0.205714286,1.563085344812488,-1.3573710588124879,1.3573710588124879
74.30307692,1.563085344812488,72.7399915751875,72.7399915751875
8.973333333,1.563085344812488,7.410247988187511,7.410247988187511
0.2655,1.563085344812488,-1.2975853448124879,1.2975853448124879
0.806,1.563085344812488,-0.7570853448124879,0.7570853448124879
0.5,1.563085344812488,-1.063085344812488,1.063085344812488
0.5,1.563085344812488,-1.063085344812488,1.063085344812488
1.469090909,1.563085344812488,-0.09399443581248801,0.09399443581248801
1.288571429,1.563085344812488,-0.27451391581248785,0.27451391581248785
1.619,1.563085344812488,0.05591465518751204,0.05591465518751204
1.83,1.563085344812488,0.2669146551875121,0.2669146551875121
0.607894737,1.563085344812488,-0.955190607812488,0.955190607812488
1.757777778,1.563085344812488,0.19469243318751195,0.19469243318751195
0.766923077,1.563085344812488,-0.796162267812488,0.796162267812488
0.67875,1.563085344812488,-0.884335344812488,0.884335344812488
1.00472973,1.563085344812488,-0.558355614812488,0.558355614812488
0.509259259,1.563085344812488,-1.053826085812488,1.053826085812488
2.72,2.4685799755384616,0.25142002446153855,0.25142002446153855
0.86125,1.563085344812488,-0.701835344812488,0.701835344812488
0.78,1.563085344812488,-0.7830853448124879,0.7830853448124879
2.82,1.563085344812488,1.2569146551875119,1.2569146551875119
0.32625,1.563085344812488,-1.236835344812488,1.236835344812488
0.543333333,1.563085344812488,-1.0197520118124879,1.0197520118124879
1.2075,1.563085344812488,-0.35558534481248794,0.35558534481248794
0.3545,1.563085344812488,-1.208585344812488,1.208585344812488
0.875,1.563085344812488,-0.688085344812488,0.688085344812488
1.3396,1.563085344812488,-0.22348534481248805,0.22348534481248805
1.3675,1.563085344812488,-0.19558534481248802,0.19558534481248802
0.848181818,1.563085344812488,-0.7149035268124879,0.7149035268124879
9.015,1.563085344812488,7.451914655187513,7.451914655187513
2.745333333,1.563085344812488,1.182247988187512,1.182247988187512
17.36147059,11.300836984059695,6.060633605940305,6.060633605940305
0.824545455,1.563085344812488,-0.738539889812488,0.738539889812488
0.296,1.563085344812488,-1.267085344812488,1.267085344812488
26.55666667,24.290925926666663,2.2657407433333354,2.2657407433333354
0.53,1.563085344812488,-1.033085344812488,1.033085344812488
20.73388889,18.902,1.8318888899999983,1.8318888899999983
32.28931034,52.9206755686436,-20.631365228643602,20.631365228643602
58.57666667,52.9206755686436,5.655991101356399,5.655991101356399
0.723703704,1.563085344812488,-0.839381640812488,0.839381640812488
2.556190476,1.563085344812488,0.9931051311875119,0.9931051311875119
1.22375,1.563085344812488,-0.33933534481248806,0.33933534481248806
0.285172414,1.563085344812488,-1.277912930812488,1.277912930812488
1.874,1.563085344812488,0.31091465518751216,0.31091465518751216
1.27,1.563085344812488,-0.29308534481248794,0.29308534481248794
1.846,1.563085344812488,0.28291465518751213,0.28291465518751213
0.7825,1.563085344812488,-0.780585344812488,0.780585344812488
3.562580645,1.563085344812488,1.9994953001875122,1.9994953001875122
0.862727273,1.563085344812488,-0.700358071812488,0.700358071812488
7.44,7.5040000000000004,-0.06400000000000006,0.06400000000000006
1.237733333,1.563085344812488,-0.32535201181248796,0.32535201181248796
1.242352941,1.563085344812488,-0.3207324038124879,0.3207324038124879
6.849375,9.681046992228643,-2.8316719922286424,2.8316719922286424
0.712727273,1.563085344812488,-0.8503580718124879,0.8503580718124879
1.102244898,1.563085344812488,-0.46084044681248804,0.46084044681248804
2.6759375,1.563085344812488,1.112852155187512,1.112852155187512
0.925,1.563085344812488,-0.6380853448124879,0.6380853448124879
0.21,1.563085344812488,-1.353085344812488,1.353085344812488
0.719565217,1.563085344812488,-0.843520127812488,0.843520127812488
1.695,1.563085344812488,0.1319146551875121,0.1319146551875121
0.583333333,6.494657308971428,-5.9113239759714284,5.9113239759714284
0.854603175,1.563085344812488,-0.7084821698124879,0.7084821698124879
1.01,1.563085344812488,-0.553085344812488,0.553085344812488
0.474,1.563085344812488,-1.089085344812488,1.089085344812488
0.45,1.563085344812488,-1.113085344812488,1.113085344812488
1.5,1.563085344812488,-0.06308534481248795,0.06308534481248795
0.3,1.563085344812488,-1.263085344812488,1.263085344812488
3.632142857,1.563085344812488,2.069057512187512,2.069057512187512
0.206,1.563085344812488,-1.357085344812488,1.357085344812488
0.58125,1.563085344812488,-0.9818353448124879,0.9818353448124879
8.431,6.231987482240002,2.1990125177599973,2.1990125177599973
14.13615385,1.563085344812488,12.57306850518751,12.57306850518751
1.016,1.563085344812488,-0.5470853448124879,0.5470853448124879
0.633333333,1.563085344812488,-0.9297520118124879,0.9297520118124879
1.118,1.563085344812488,-0.44508534481248785,0.44508534481248785
9.842142857,1.563085344812488,8.279057512187514,8.279057512187514
0.580149254,1.563085344812488,-0.982936090812488,0.982936090812488
0.548571429,1.563085344812488,-1.014513915812488,1.014513915812488
1.9375,1.563085344812488,0.37441465518751205,0.37441465518751205
1.10375,1.563085344812488,-0.45933534481248794,0.45933534481248794
34.51142857,35.514307235,-1.0028786649999972,1.0028786649999972
0.733333333,1.563085344812488,-0.8297520118124879,0.8297520118124879
0.253103448,1.563085344812488,-1.309981896812488,1.309981896812488
53.25,52.9206755686436,0.32932443135639744,0.32932443135639744
1.0,1.563085344812488,-0.563085344812488,0.563085344812488
0.703125,1.563085344812488,-0.859960344812488,0.859960344812488
3.997333333,1.563085344812488,2.434247988187512,2.434247988187512
0.66,1.563085344812488,-0.9030853448124879,0.9030853448124879
0.973448276,1.563085344812488,-0.589637068812488,0.589637068812488
4.36,1.563085344812488,2.7969146551875124,2.7969146551875124
0.113,1.563085344812488,-1.450085344812488,1.450085344812488
1.6528125,1.563085344812488,0.08972715518751206,0.08972715518751206
0.6508,1.563085344812488,-0.9122853448124879,0.9122853448124879
0.43,1.563085344812488,-1.133085344812488,1.133085344812488
0.636,1.563085344812488,-0.9270853448124879,0.9270853448124879
14.10642857,11.300836984059695,2.8055915859403058,2.8055915859403058
1.825,1.563085344812488,0.261914655187512,0.261914655187512
2.77875,6.664726452321429,-3.885976452321429,3.885976452321429
0.5715625,1.563085344812488,-0.991522844812488,0.991522844812488
75.33,78.66399999999999,-3.333999999999989,3.333999999999989
0.557142857,1.563085344812488,-1.0059424878124879,1.0059424878124879
1.202857143,1.563085344812488,-0.36022820181248805,0.36022820181248805
0.899666667,1.563085344812488,-0.663418677812488,0.663418677812488
1.25952381,1.563085344812488,-0.30356153481248804,0.30356153481248804
3.464285714,1.563085344812488,1.901200369187512,1.901200369187512
0.8775,1.563085344812488,-0.685585344812488,0.685585344812488
0.590625,1.563085344812488,-0.972460344812488,0.972460344812488
5.177727273,1.563085344812488,3.6146419281875124,3.6146419281875124
2.733571429,1.563085344812488,1.170486084187512,1.170486084187512
0.6732,1.563085344812488,-0.8898853448124879,0.8898853448124879
0.285,1.563085344812488,-1.278085344812488,1.278085344812488
1.121111111,1.563085344812488,-0.4419742338124879,0.4419742338124879
0.688888889,1.563085344812488,-0.874196455812488,0.874196455812488
0.46,1.563085344812488,-1.103085344812488,1.103085344812488
1.756428571,1.563085344812488,0.1933432261875121,0.1933432261875121
0.890909091,1.563085344812488,-0.6721762538124879,0.6721762538124879
0.793636364,1.563085344812488,-0.7694489808124879,0.7694489808124879
3.0,1.563085344812488,1.436914655187512,1.436914655187512
0.586666667,1.563085344812488,-0.9764186778124879,0.9764186778124879
0.852307692,1.563085344812488,-0.710777652812488,0.710777652812488
1.665490196,1.563085344812488,0.10240485118751197,0.10240485118751197
1.057619048,1.563085344812488,-0.5054662968124879,0.5054662968124879
2.310740741,1.563085344812488,0.7476553961875121,0.7476553961875121
0.326153846,1.563085344812488,-1.236931498812488,1.236931498812488
0.753333333,1.563085344812488,-0.8097520118124879,0.8097520118124879
8.551111111,15.027901197857965,-6.476790086857964,6.476790086857964
1.36,1.563085344812488,-0.20308534481248786,0.20308534481248786
0.825961538,1.563085344812488,-0.7371238068124879,0.7371238068124879
2.676153846,1.563085344812488,1.113068501187512,1.113068501187512
0.472173913,1.563085344812488,-1.090911431812488,1.090911431812488
1.66,1.563085344812488,0.09691465518751197,0.09691465518751197
0.727837838,1.563085344812488,-0.8352475068124879,0.8352475068124879
0.607,1.563085344812488,-0.956085344812488,0.956085344812488
1.008888889,1.563085344812488,-0.5541964558124879,0.5541964558124879
0.437272727,1.563085344812488,-1.1258126178124879,1.1258126178124879
0.489,1.563085344812488,-1.074085344812488,1.074085344812488
0.208888889,1.563085344812488,-1.354196455812488,1.354196455812488
0.29,1.563085344812488,-1.273085344812488,1.273085344812488
2.8275,1.563085344812488,1.2644146551875122,1.2644146551875122
0.79125,1.563085344812488,-0.771835344812488,0.771835344812488
0.997105263,1.563085344812488,-0.5659800818124879,0.5659800818124879
0.789130435,1.563085344812488,-0.7739549098124879,0.7739549098124879
0.935555556,1.563085344812488,-0.627529788812488,0.627529788812488
2.035333333,6.494657308971428,-4.459323975971428,4.459323975971428
7.566956522,9.681046992228643,-2.1140904702286427,2.1140904702286427
2.593333333,1.563085344812488,1.030247988187512,1.030247988187512
2.0,1.563085344812488,0.43691465518751205,0.43691465518751205
4.84,1.563085344812488,3.276914655187512,3.276914655187512
0.84875,1.563085344812488,-0.714335344812488,0.714335344812488
1.199444444,1.563085344812488,-0.3636409008124879,0.3636409008124879
0.616666667,1.563085344812488,-0.946418677812488,0.946418677812488
3.159655172,1.563085344812488,1.596569827187512,1.596569827187512
1.4,1.563085344812488,-0.16308534481248804,0.16308534481248804
3.393214286,1.563085344812488,1.8301289411875121,1.8301289411875121
0.258333333,1.563085344812488,-1.304752011812488,1.304752011812488
0.498333333,1.563085344812488,-1.064752011812488,1.064752011812488
0.62,1.563085344812488,-0.943085344812488,0.943085344812488
2.03,1.563085344812488,0.46691465518751185,0.46691465518751185
2.819545455,1.563085344812488,1.2564601101875121,1.2564601101875121
0.397777778,1.563085344812488,-1.165307566812488,1.165307566812488
8.92,1.563085344812488,7.356914655187512,7.356914655187512
1.16125,1.563085344812488,-0.40183534481248806,0.40183534481248806
10.67857143,9.522489545400001,1.156081884599999,1.156081884599999
0.232857143,1.563085344812488,-1.330228201812488,1.330228201812488
4955.305,4935.408888888889,19.896111111111168,19.896111111111168
9923.938333,8334.3596838,1589.5786492000007,1589.5786492000007
1.226666667,1.563085344812488,-0.336418677812488,0.336418677812488
1.26,1.563085344812488,-0.30308534481248794,0.30308534481248794
0.65037037,1.563085344812488,-0.912714974812488,0.912714974812488
0.82,1.563085344812488,-0.743085344812488,0.743085344812488
0.906153846,1.563085344812488,-0.6569314988124879,0.6569314988124879
22.369,9.681046992228643,12.687953007771357,12.687953007771357
0.078421053,1.563085344812488,-1.484664291812488,1.484664291812488
1.6,1.563085344812488,0.036914655187512135,0.036914655187512135
0.304666667,1.563085344812488,-1.258418677812488,1.258418677812488
0.722222222,1.563085344812488,-0.840863122812488,0.840863122812488
70.62176471,62.458975643800024,8.16278906619997,8.16278906619997
0.495454545,1.563085344812488,-1.0676307998124879,1.0676307998124879
0.707222222,1.563085344812488,-0.855863122812488,0.855863122812488
2.280740741,1.563085344812488,0.7176553961875118,0.7176553961875118
0.655,1.563085344812488,-0.9080853448124879,0.9080853448124879
1.038888889,1.563085344812488,-0.5241964558124879,0.5241964558124879
0.346666667,1.563085344812488,-1.216418677812488,1.216418677812488
0.526,1.563085344812488,-1.037085344812488,1.037085344812488
0.964782609,1.563085344812488,-0.5983027358124879,0.5983027358124879
0.99,1.563085344812488,-0.573085344812488,0.573085344812488
0.503421053,1.563085344812488,-1.0596642918124881,1.0596642918124881
3.076666667,1.563085344812488,1.513581322187512,1.513581322187512
3.788823529,1.563085344812488,2.225738184187512,2.225738184187512
5.5184,15.027901197857965,-9.509501197857965,9.509501197857965
13.81571429,14.885982151818181,-1.0702678618181807,1.0702678618181807
8.962,1.563085344812488,7.398914655187512,7.398914655187512
0.558571429,1.563085344812488,-1.0045139158124878,1.0045139158124878
6.73,6.494657308971428,0.2353426910285723,0.2353426910285723
0.741111111,1.563085344812488,-0.8219742338124879,0.8219742338124879
1.0,1.563085344812488,-0.563085344812488,0.563085344812488
0.412,1.563085344812488,-1.151085344812488,1.151085344812488
2.5,1.563085344812488,0.936914655187512,0.936914655187512
2.625263158,1.563085344812488,1.0621778131875121,1.0621778131875121
0.745833333,1.563085344812488,-0.817252011812488,0.817252011812488
1.382727273,1.563085344812488,-0.18035807181248797,0.18035807181248797
0.312083333,1.563085344812488,-1.251002011812488,1.251002011812488
1.940555556,1.563085344812488,0.3774702111875121,0.3774702111875121
0.224166667,1.563085344812488,-1.338918677812488,1.338918677812488
1.926666667,1.563085344812488,0.36358132218751216,0.36358132218751216
4.095,1.563085344812488,2.531914655187512,2.531914655187512
0.847619048,1.563085344812488,-0.715466296812488,0.715466296812488
2.462222222,1.563085344812488,0.8991368771875119,0.8991368771875119
2.605294118,1.563085344812488,1.0422087731875123,1.0422087731875123
0.566666667,1.563085344812488,-0.9964186778124879,0.9964186778124879
5.467142857,1.563085344812488,3.904057512187512,3.904057512187512
1.662857143,1.563085344812488,0.09977179818751214,0.09977179818751214
0.44047619,1.563085344812488,-1.122609154812488,1.122609154812488
0.973461538,1.563085344812488,-0.5896238068124879,0.5896238068124879
0.516153846,1.563085344812488,-1.046931498812488,1.046931498812488
0.513611111,1.563085344812488,-1.049474233812488,1.049474233812488
11.95,6.494657308971428,5.455342691028571,5.455342691028571
1.166333333,1.563085344812488,-0.39675201181248787,0.39675201181248787
0.58,1.563085344812488,-0.983085344812488,0.983085344812488
8.51,6.225937468414633,2.2840625315853664,2.2840625315853664
1.376363636,1.563085344812488,-0.18672170881248795,0.18672170881248795
0.367727273,1.563085344812488,-1.1953580718124879,1.1953580718124879
1.008888889,1.563085344812488,-0.5541964558124879,0.5541964558124879
0.808888889,1.563085344812488,-0.754196455812488,0.754196455812488
0.699230769,1.563085344812488,-0.8638545758124879,0.8638545758124879
0.057777778,1.563085344812488,-1.505307566812488,1.505307566812488
0.689259259,1.563085344812488,-0.873826085812488,0.873826085812488
0.9,1.563085344812488,-0.6630853448124879,0.6630853448124879
18.03076923,15.027901197857965,3.002868032142036,3.002868032142036
97.33137931,91.10437738333334,6.227001926666659,6.227001926666659
2.6425,1.563085344812488,1.0794146551875121,1.0794146551875121
3.6,1.563085344812488,2.036914655187512,2.036914655187512
0.4182,1.563085344812488,-1.1448853448124878,1.1448853448124878
0.2296875,1.563085344812488,-1.333397844812488,1.333397844812488
1.12,1.563085344812488,-0.44308534481248785,0.44308534481248785
1.088125,1.563085344812488,-0.47496034481248794,0.47496034481248794
0.8775,1.563085344812488,-0.685585344812488,0.685585344812488
5.142857143,1.563085344812488,3.5797717981875117,3.5797717981875117
0.168125,1.563085344812488,-1.3949603448124879,1.3949603448124879
1.094,1.563085344812488,-0.46908534481248787,0.46908534481248787
3.898571429,1.563085344812488,2.335486084187512,2.335486084187512
0.282727273,1.563085344812488,-1.280358071812488,1.280358071812488
0.87,1.563085344812488,-0.693085344812488,0.693085344812488
0.231071429,1.563085344812488,-1.332013915812488,1.332013915812488
0.7692,1.563085344812488,-0.793885344812488,0.793885344812488
1.545714286,1.563085344812488,-0.017371058812488016,0.017371058812488016
0.872727273,1.563085344812488,-0.690358071812488,0.690358071812488
0.336666667,1.563085344812488,-1.226418677812488,1.226418677812488
0.370454545,1.563085344812488,-1.1926307998124879,1.1926307998124879
2.497857143,1.563085344812488,0.9347717981875121,0.9347717981875121
0.1975,1.563085344812488,-1.365585344812488,1.365585344812488
0.831875,1.563085344812488,-0.7312103448124879,0.7312103448124879
1.929666667,1.563085344812488,0.36658132218751205,0.36658132218751205
0.692291667,1.563085344812488,-0.870793677812488,0.870793677812488
1.482702703,1.563085344812488,-0.080382641812488,0.080382641812488
0.268846154,1.563085344812488,-1.294239190812488,1.294239190812488
2.911363636,1.563085344812488,1.348278291187512,1.348278291187512
1.116666667,1.563085344812488,-0.4464186778124879,0.4464186778124879
1.3975,1.563085344812488,-0.165585344812488,0.165585344812488
1.154666667,1.563085344812488,-0.40841867781248786,0.40841867781248786
0.9,1.563085344812488,-0.6630853448124879,0.6630853448124879
2.0,1.563085344812488,0.43691465518751205,0.43691465518751205
4.251428571,1.563085344812488,2.688343226187512,2.688343226187512
0.244666667,1.563085344812488,-1.318418677812488,1.318418677812488
1.322857143,1.563085344812488,-0.24022820181248794,0.24022820181248794
0.84,1.563085344812488,-0.723085344812488,0.723085344812488
2.8475,1.563085344812488,1.2844146551875122,1.2844146551875122
0.589166667,1.563085344812488,-0.973918677812488,0.973918677812488
1.07,1.563085344812488,-0.4930853448124879,0.4930853448124879
0.786666667,1.563085344812488,-0.776418677812488,0.776418677812488
0.785384615,1.563085344812488,-0.777700729812488,0.777700729812488
1.085625,1.563085344812488,-0.4774603448124879,0.4774603448124879
2.449411765,9.681046992228643,-7.231635227228643,7.231635227228643
1.692727273,1.563085344812488,0.12964192818751208,0.12964192818751208
0.9,6.494657308971428,-5.594657308971428,5.594657308971428
0.965909091,1.563085344812488,-0.597176253812488,0.597176253812488
0.77875,1.563085344812488,-0.7843353448124879,0.7843353448124879
3.046666667,1.563085344812488,1.4835813221875123,1.4835813221875123
0.446666667,1.563085344812488,-1.1164186778124878,1.1164186778124878
0.63047619,1.563085344812488,-0.932609154812488,0.932609154812488
0.560714286,1.563085344812488,-1.002371058812488,1.002371058812488
9.706,1.563085344812488,8.14291465518751,8.14291465518751
0.194,1.563085344812488,-1.369085344812488,1.369085344812488
5.754166667,6.231987482240002,-0.4778208152400021,0.4778208152400021
0.285,1.563085344812488,-1.278085344812488,1.278085344812488
0.266,1.563085344812488,-1.297085344812488,1.297085344812488
9.781851852,9.681046992228643,0.10080485977135822,0.10080485977135822
0.590666667,1.563085344812488,-0.9724186778124879,0.9724186778124879
126.3876923,39.20171686833333,87.18597543166666,87.18597543166666
3.354285714,1.563085344812488,1.791200369187512,1.791200369187512
0.655357143,1.563085344812488,-0.9077282018124879,0.9077282018124879
1.676363636,1.563085344812488,0.11327829118751209,0.11327829118751209
1.3,9.030486875028037,-7.7304868750280376,7.7304868750280376
1.27,1.563085344812488,-0.29308534481248794,0.29308534481248794
3.0,1.563085344812488,1.436914655187512,1.436914655187512
0.592,1.563085344812488,-0.971085344812488,0.971085344812488
1.55,1.563085344812488,-0.013085344812487909,0.013085344812487909
0.423333333,1.563085344812488,-1.139752011812488,1.139752011812488
0.49,1.563085344812488,-1.073085344812488,1.073085344812488
11820.71,11357.70797642857,463.00202357142916,463.00202357142916
1.081176471,1.563085344812488,-0.4819088738124879,0.4819088738124879
1.0,1.563085344812488,-0.563085344812488,0.563085344812488
36.88928571,35.514307235,1.374978475000006,1.374978475000006
0.93,1.563085344812488,-0.6330853448124879,0.6330853448124879
19.95642857,49.251312250000005,-29.294883680000005,29.294883680000005
0.9,1.563085344812488,-0.6630853448124879,0.6630853448124879
0.062857143,1.563085344812488,-1.500228201812488,1.500228201812488
1.0138,1.563085344812488,-0.5492853448124879,0.5492853448124879
0.5245,1.563085344812488,-1.038585344812488,1.038585344812488
0.217931034,1.563085344812488,-1.345154310812488,1.345154310812488
0.48,1.563085344812488,-1.083085344812488,1.083085344812488
7.302,9.681046992228643,-2.379046992228643,2.379046992228643
5.58,1.563085344812488,4.016914655187512,4.016914655187512
1.20137931,1.563085344812488,-0.36170603481248786,0.36170603481248786
1.691764706,1.563085344812488,0.1286793611875121,0.1286793611875121
0.846666667,1.563085344812488,-0.7164186778124879,0.7164186778124879
1.390909091,1.563085344812488,-0.17217625381248802,0.17217625381248802
0.5475,1.563085344812488,-1.015585344812488,1.015585344812488
8.505,1.563085344812488,6.941914655187513,6.941914655187513
1.98,1.563085344812488,0.41691465518751203,0.41691465518751203
0.242857143,1.563085344812488,-1.320228201812488,1.320228201812488
0.4,1.563085344812488,-1.163085344812488,1.163085344812488
3.506666667,1.563085344812488,1.9435813221875122,1.9435813221875122
0.632222222,1.563085344812488,-0.930863122812488,0.930863122812488
1.402173913,1.563085344812488,-0.16091143181248801,0.16091143181248801
0.528666667,1.563085344812488,-1.034418677812488,1.034418677812488
1.545,1.563085344812488,-0.018085344812488025,0.018085344812488025
1.947619048,1.563085344812488,0.384533703187512,0.384533703187512
6.125365854,1.563085344812488,4.562280509187512,4.562280509187512
1.075833333,1.563085344812488,-0.4872520118124879,0.4872520118124879
1.709333333,1.563085344812488,0.14624798818751206,0.14624798818751206
1.183043478,1.563085344812488,-0.38004186681248786,0.38004186681248786
1.669230769,1.563085344812488,0.10614542418751194,0.10614542418751194
1.085384615,1.563085344812488,-0.477700729812488,0.477700729812488
2.211428571,1.563085344812488,0.648343226187512,0.648343226187512
0.7936,1.563085344812488,-0.769485344812488,0.769485344812488
0.2275,1.563085344812488,-1.335585344812488,1.335585344812488
21.92,39.20171686833333,-17.281716868333326,17.281716868333326
0.82,1.563085344812488,-0.743085344812488,0.743085344812488
0.6125,1.563085344812488,-0.9505853448124879,0.9505853448124879
0.881458333,1.563085344812488,-0.681627011812488,0.681627011812488
0.26,1.563085344812488,-1.303085344812488,1.303085344812488
0.213333333,1.563085344812488,-1.349752011812488,1.349752011812488
0.569333333,1.563085344812488,-0.993752011812488,0.993752011812488
0.907272727,1.563085344812488,-0.655812617812488,0.655812617812488
0.63625,1.563085344812488,-0.926835344812488,0.926835344812488
15.82153846,9.681046992228643,6.140491467771357,6.140491467771357
1.040625,1.563085344812488,-0.522460344812488,0.522460344812488
2.26,1.563085344812488,0.6969146551875118,0.6969146551875118
4.458333333,9.681046992228643,-5.222713659228643,5.222713659228643
0.712727273,1.563085344812488,-0.8503580718124879,0.8503580718124879
3.855555556,1.563085344812488,2.292470211187512,2.292470211187512
1.025,1.563085344812488,-0.538085344812488,0.538085344812488
0.445,1.563085344812488,-1.118085344812488,1.118085344812488
2.936666667,1.563085344812488,1.373581322187512,1.373581322187512
73.83961538,62.458975643800024,11.380639736199974,11.380639736199974
1.084615385,1.563085344812488,-0.47846995981248797,0.47846995981248797
1.896363636,1.563085344812488,0.33327829118751207,0.33327829118751207
1.213636364,1.563085344812488,-0.3494489808124879,0.3494489808124879
0.7115625,1.563085344812488,-0.851522844812488,0.851522844812488
7.253333333,1.563085344812488,5.690247988187512,5.690247988187512
1.044545455,1.563085344812488,-0.518539889812488,0.518539889812488
0.223076923,1.563085344812488,-1.340008421812488,1.340008421812488
0.587142857,1.563085344812488,-0.9759424878124879,0.9759424878124879
0.83,1.563085344812488,-0.733085344812488,0.733085344812488
0.339333333,1.563085344812488,-1.223752011812488,1.223752011812488
0.382,1.563085344812488,-1.1810853448124878,1.1810853448124878
0.335263158,1.563085344812488,-1.227822186812488,1.227822186812488
98.52,91.05845664545453,7.461543354545469,7.461543354545469
1.566875,1.563085344812488,0.0037896551875120643,0.0037896551875120643
3.100434783,9.522489545400001,-6.422054762400001,6.422054762400001
1.12375,6.494657308971428,-5.370907308971428,5.370907308971428
5.48,15.027901197857965,-9.547901197857964,9.547901197857964
0.375,1.563085344812488,-1.188085344812488,1.188085344812488
5.624285714,1.563085344812488,4.061200369187512,4.061200369187512
14.36222222,21.161445770045454,-6.799223550045454,6.799223550045454
1.066153846,1.563085344812488,-0.496931498812488,0.496931498812488
1.156363636,1.563085344812488,-0.4067217088124879,0.4067217088124879
7.237407407,15.027901197857965,-7.790493790857965,7.790493790857965
1.444285714,1.563085344812488,-0.1187996308124879,0.1187996308124879
0.22,1.563085344812488,-1.343085344812488,1.343085344812488
0.588571429,1.563085344812488,-0.9745139158124879,0.9745139158124879
0.375,1.563085344812488,-1.188085344812488,1.188085344812488
13834.07258,12261.328440125002,1572.744139874998,1572.744139874998
0.514615385,1.563085344812488,-1.048469959812488,1.048469959812488
0.857692308,1.563085344812488,-0.705393036812488,0.705393036812488
0.799056604,1.563085344812488,-0.764028740812488,0.764028740812488
14.71,9.681046992228643,5.028953007771358,5.028953007771358
0.392941176,1.563085344812488,-1.170144168812488,1.170144168812488
1.456315789,1.563085344812488,-0.10676955581248793,0.10676955581248793
1.897,1.563085344812488,0.33391465518751207,0.33391465518751207
0.976666667,1.563085344812488,-0.5864186778124879,0.5864186778124879
0.234166667,1.563085344812488,-1.328918677812488,1.328918677812488
3.715384615,1.563085344812488,2.152299270187512,2.152299270187512
1.048571429,1.563085344812488,-0.5145139158124878,0.5145139158124878
1.849677419,1.563085344812488,0.2865920741875121,0.2865920741875121
0.2695,1.563085344812488,-1.2935853448124879,1.2935853448124879
0.758571429,1.563085344812488,-0.804513915812488,0.804513915812488
0.77625,1.563085344812488,-0.786835344812488,0.786835344812488
15.30888889,14.885982151818181,0.422906738181819,0.422906738181819
0.346818182,1.563085344812488,-1.216267162812488,1.216267162812488
1.0152,1.563085344812488,-0.5478853448124879,0.5478853448124879
1.234333333,1.563085344812488,-0.32875201181248803,0.32875201181248803
0.781111111,1.563085344812488,-0.781974233812488,0.781974233812488
1.1,1.563085344812488,-0.46308534481248786,0.46308534481248786
83.41653846,91.10437738333334,-7.687838923333345,7.687838923333345
0.428571429,1.563085344812488,-1.134513915812488,1.134513915812488
30.12733333,15.027901197857965,15.099432132142034,15.099432132142034
0.933333333,1.563085344812488,-0.629752011812488,0.629752011812488
1.3375,1.563085344812488,-0.22558534481248804,0.22558534481248804
0.843333333,1.563085344812488,-0.7197520118124879,0.7197520118124879
6.21047619,1.563085344812488,4.647390845187512,4.647390845187512
1.375333333,1.563085344812488,-0.18775201181248802,0.18775201181248802
1.5,1.563085344812488,-0.06308534481248795,0.06308534481248795
0.571666667,1.563085344812488,-0.9914186778124879,0.9914186778124879
0.332592593,1.563085344812488,-1.230492751812488,1.230492751812488
0.6525,1.563085344812488,-0.910585344812488,0.910585344812488
1.4975,1.563085344812488,-0.0655853448124879,0.0655853448124879
85.06461538,80.9779339253846,4.086681454615402,4.086681454615402
0.649230769,1.563085344812488,-0.913854575812488,0.913854575812488
1.162941176,1.563085344812488,-0.40014416881248804,0.40014416881248804
0.733333333,1.563085344812488,-0.8297520118124879,0.8297520118124879
1.141818182,1.563085344812488,-0.421267162812488,0.421267162812488
0.817777778,1.563085344812488,-0.745307566812488,0.745307566812488
0.701818182,1.563085344812488,-0.8612671628124879,0.8612671628124879
0.884782609,1.563085344812488,-0.6783027358124879,0.6783027358124879
0.44037037,1.563085344812488,-1.1227149748124878,1.1227149748124878
0.604,1.563085344812488,-0.959085344812488,0.959085344812488
0.693888889,1.563085344812488,-0.869196455812488,0.869196455812488
0.54,6.494657308971428,-5.954657308971428,5.954657308971428
0.796666667,1.563085344812488,-0.766418677812488,0.766418677812488
0.691428571,1.563085344812488,-0.871656773812488,0.871656773812488
1.58,1.563085344812488,0.016914655187512118,0.016914655187512118
0.976,1.563085344812488,-0.587085344812488,0.587085344812488
0.826666667,1.563085344812488,-0.7364186778124879,0.7364186778124879
4.409473684,1.563085344812488,2.846388339187512,2.846388339187512
0.66,1.563085344812488,-0.9030853448124879,0.9030853448124879
0.2804,1.563085344812488,-1.282685344812488,1.282685344812488
0.75,1.563085344812488,-0.813085344812488,0.813085344812488
2.288,1.563085344812488,0.7249146551875119,0.7249146551875119
0.433333333,1.563085344812488,-1.129752011812488,1.129752011812488
80.268,143.52093434800003,-63.252934348000025,63.252934348000025
1.725806452,1.563085344812488,0.1627211071875121,0.1627211071875121
0.08,1.563085344812488,-1.4830853448124879,1.4830853448124879
1.705,1.563085344812488,0.14191465518751212,0.14191465518751212
0.606956522,1.563085344812488,-0.9561288228124879,0.9561288228124879
0.628333333,1.563085344812488,-0.9347520118124879,0.9347520118124879
1.539166667,1.563085344812488,-0.02391867781248802,0.02391867781248802
0.595757576,1.563085344812488,-0.9673277688124879,0.9673277688124879
1.48875,1.563085344812488,-0.07433534481248794,0.07433534481248794
1.536923077,1.563085344812488,-0.026162267812487983,0.026162267812487983
0.562,1.563085344812488,-1.001085344812488,1.001085344812488
13.44588235,1.563085344812488,11.882797005187513,11.882797005187513
1.220322581,1.563085344812488,-0.34276276381248794,0.34276276381248794
1.0,1.563085344812488,-0.563085344812488,0.563085344812488
1.2425,1.563085344812488,-0.320585344812488,0.320585344812488
1.65625,1.563085344812488,0.09316465518751205,0.09316465518751205
2.94,1.563085344812488,1.376914655187512,1.376914655187512
1.117,1.563085344812488,-0.44608534481248796,0.44608534481248796
5.096071429,1.563085344812488,3.5329860841875123,3.5329860841875123
0.403125,1.563085344812488,-1.159960344812488,1.159960344812488
0.842222222,1.563085344812488,-0.720863122812488,0.720863122812488
1.016153846,1.563085344812488,-0.546931498812488,0.546931498812488
0.864090909,1.563085344812488,-0.698994435812488,0.698994435812488
23.16333333,15.027901197857965,8.135432132142036,8.135432132142036
1.295416667,1.563085344812488,-0.26766867781248793,0.26766867781248793
9.558571429,9.030486875028037,0.5280845539719632,0.5280845539719632
9.675652174,1.563085344812488,8.11256682918751,8.11256682918751
0.212537313,1.563085344812488,-1.350548031812488,1.350548031812488
0.317777778,1.563085344812488,-1.245307566812488,1.245307566812488
56.43,52.9206755686436,3.509324431356397,3.509324431356397
0.926,1.563085344812488,-0.6370853448124879,0.6370853448124879
0.6475,1.563085344812488,-0.915585344812488,0.915585344812488
0.610384615,1.563085344812488,-0.952700729812488,0.952700729812488
81.17,75.176,5.994,5.994
0.515,1.563085344812488,-1.0480853448124878,1.0480853448124878
0.18,1.563085344812488,-1.383085344812488,1.383085344812488
0.67,1.563085344812488,-0.8930853448124879,0.8930853448124879
0.778333333,1.563085344812488,-0.784752011812488,0.784752011812488
5.12125,1.563085344812488,3.558164655187512,3.558164655187512
6.214285714,1.563085344812488,4.651200369187512,4.651200369187512
4.384347826,9.030486875028037,-4.646139049028037,4.646139049028037
1.04,1.563085344812488,-0.5230853448124879,0.5230853448124879
1.043333333,1.563085344812488,-0.5197520118124879,0.5197520118124879
1.966363636,1.563085344812488,0.40327829118751213,0.40327829118751213
1.44,1.563085344812488,-0.123085344812488,0.123085344812488
0.540689655,1.563085344812488,-1.022395689812488,1.022395689812488
0.575555556,1.563085344812488,-0.987529788812488,0.987529788812488
2.81,1.563085344812488,1.246914655187512,1.246914655187512
0.458461538,1.563085344812488,-1.104623806812488,1.104623806812488
0.77,1.563085344812488,-0.7930853448124879,0.7930853448124879
1.41962963,1.563085344812488,-0.14345571481248798,0.14345571481248798
2.884642857,1.563085344812488,1.3215575121875118,1.3215575121875118
1.335,1.563085344812488,-0.228085344812488,0.228085344812488
19.55793103,17.526032606875,2.031898423125,2.031898423125
0.2795,1.563085344812488,-1.2835853448124879,1.2835853448124879
2.31625,1.563085344812488,0.7531646551875122,0.7531646551875122
0.596,1.563085344812488,-0.967085344812488,0.967085344812488
1.196666667,1.563085344812488,-0.36641867781248805,0.36641867781248805
0.353,1.563085344812488,-1.210085344812488,1.210085344812488
0.511904762,1.563085344812488,-1.051180582812488,1.051180582812488
1.21,1.563085344812488,-0.353085344812488,0.353085344812488
0.725,1.563085344812488,-0.838085344812488,0.838085344812488
0.352,1.563085344812488,-1.211085344812488,1.211085344812488
0.68,1.563085344812488,-0.8830853448124879,0.8830853448124879
1.129545455,1.563085344812488,-0.43353988981248803,0.43353988981248803
3.212941176,1.563085344812488,1.6498558311875122,1.6498558311875122
0.945,1.563085344812488,-0.618085344812488,0.618085344812488
0.840526316,1.563085344812488,-0.7225590288124879,0.7225590288124879
6.716666667,9.681046992228643,-2.9643803252286425,2.9643803252286425
1.057333333,6.494657308971428,-5.437323975971428,5.437323975971428
10.01090909,9.681046992228643,0.32986209777135755,0.32986209777135755
0.779166667,1.563085344812488,-0.7839186778124879,0.7839186778124879
0.688571429,1.563085344812488,-0.8745139158124879,0.8745139158124879
2.78,1.563085344812488,1.2169146551875119,1.2169146551875119
0.838666667,1.563085344812488,-0.7244186778124879,0.7244186778124879
5.782931034,1.563085344812488,4.219845689187512,4.219845689187512
4.287272727,1.563085344812488,2.7241873821875124,2.7241873821875124
6.345,1.563085344812488,4.781914655187512,4.781914655187512
1.65875,1.563085344812488,0.095664655187512,0.095664655187512
4.0,6.231987482240002,-2.231987482240002,2.231987482240002
0.62,1.563085344812488,-0.943085344812488,0.943085344812488
1.47,1.563085344812488,-0.09308534481248798,0.09308534481248798
0.811818182,1.563085344812488,-0.751267162812488,0.751267162812488
0.408333333,1.563085344812488,-1.1547520118124879,1.1547520118124879
2.172962963,1.563085344812488,0.6098776181875118,0.6098776181875118
0.56,1.563085344812488,-1.003085344812488,1.003085344812488
1.836,1.563085344812488,0.2729146551875121,0.2729146551875121
1.284074074,1.563085344812488,-0.2790112708124879,0.2790112708124879
2.185,1.563085344812488,0.6219146551875121,0.6219146551875121
3.875,1.563085344812488,2.311914655187512,2.311914655187512
0.325,1.563085344812488,-1.238085344812488,1.238085344812488
0.397,1.563085344812488,-1.166085344812488,1.166085344812488
0.805471698,1.563085344812488,-0.757613646812488,0.757613646812488
0.455714286,1.563085344812488,-1.1073710588124879,1.1073710588124879
1.185714286,1.563085344812488,-0.3773710588124879,0.3773710588124879
0.8476,1.563085344812488,-0.7154853448124879,0.7154853448124879
1.402857143,1.563085344812488,-0.16022820181248787,0.16022820181248787
0.734615385,1.563085344812488,-0.8284699598124879,0.8284699598124879
0.803947368,1.563085344812488,-0.759137976812488,0.759137976812488
0.26,1.563085344812488,-1.303085344812488,1.303085344812488
1.543076923,1.563085344812488,-0.020008421812487853,0.020008421812487853
3.035,1.563085344812488,1.4719146551875122,1.4719146551875122
0.282777778,1.563085344812488,-1.280307566812488,1.280307566812488
0.728888889,1.563085344812488,-0.8341964558124879,0.8341964558124879
3.0,1.563085344812488,1.436914655187512,1.436914655187512
63.462,52.9206755686436,10.5413244313564,10.5413244313564
0.49,1.563085344812488,-1.073085344812488,1.073085344812488
1.133333333,1.563085344812488,-0.429752011812488,0.429752011812488
58.185,52.9206755686436,5.2643244313564,5.2643244313564
2.015714286,1.563085344812488,0.4526289411875122,0.4526289411875122
0.9875,1.563085344812488,-0.5755853448124879,0.5755853448124879
3.703043478,1.563085344812488,2.139958133187512,2.139958133187512
1.46875,1.563085344812488,-0.09433534481248795,0.09433534481248795
2.085263158,1.563085344812488,0.5221778131875121,0.5221778131875121
1.6,1.563085344812488,0.036914655187512135,0.036914655187512135
0.892307692,1.563085344812488,-0.6707776528124879,0.6707776528124879
1.163636364,1.563085344812488,-0.3994489808124879,0.3994489808124879
1.037272727,1.563085344812488,-0.525812617812488,0.525812617812488
0.98,1.563085344812488,-0.583085344812488,0.583085344812488
16.14615385,15.027901197857965,1.1182526521420364,1.1182526521420364
9.321071429,9.681046992228643,-0.35997556322864277,0.35997556322864277
1.52,1.563085344812488,-0.043085344812487936,0.043085344812487936
2.015,1.563085344812488,0.45191465518751217,0.45191465518751217
1.577936508,1.563085344812488,0.014851163187512118,0.014851163187512118
1.612222222,1.563085344812488,0.04913687718751203,0.04913687718751203
0.436666667,1.563085344812488,-1.126418677812488,1.126418677812488
2.073333333,1.563085344812488,0.5102479881875119,0.5102479881875119
0.604615385,1.563085344812488,-0.958469959812488,0.958469959812488
0.70125,1.563085344812488,-0.8618353448124879,0.8618353448124879
1.6,1.563085344812488,0.036914655187512135,0.036914655187512135
14.50666667,6.494657308971428,8.012009361028571,8.012009361028571
4.166470588,1.563085344812488,2.603385243187512,2.603385243187512
0.847142857,1.563085344812488,-0.7159424878124879,0.7159424878124879
1.905,1.563085344812488,0.3419146551875121,0.3419146551875121
3.0,6.231987482240002,-3.231987482240002,3.231987482240002
0.214,1.563085344812488,-1.349085344812488,1.349085344812488
2.15,1.563085344812488,0.586914655187512,0.586914655187512
2.135,1.563085344812488,0.5719146551875118,0.5719146551875118
33.995,52.9206755686436,-18.925675568643605,18.925675568643605
30.362,52.9206755686436,-22.558675568643604,22.558675568643604
1.3925,1.563085344812488,-0.17058534481248788,0.17058534481248788
0.666666667,1.563085344812488,-0.896418677812488,0.896418677812488
0.814705882,1.563085344812488,-0.7483794628124879,0.7483794628124879
1.0,1.563085344812488,-0.563085344812488,0.563085344812488
1.586153846,1.563085344812488,0.023068501187512025,0.023068501187512025
0.644230769,1.563085344812488,-0.918854575812488,0.918854575812488
1.603157895,1.563085344812488,0.0400725501875121,0.0400725501875121
1.065333333,1.563085344812488,-0.49775201181248785,0.49775201181248785
0.246052632,1.563085344812488,-1.317032712812488,1.317032712812488
1.623636364,1.563085344812488,0.060551019187512045,0.060551019187512045
0.5025,1.563085344812488,-1.060585344812488,1.060585344812488
1.690909091,1.563085344812488,0.12782374618751202,0.12782374618751202
0.298780488,1.563085344812488,-1.264304856812488,1.264304856812488
0.758431373,1.563085344812488,-0.804653971812488,0.804653971812488
0.761111111,1.563085344812488,-0.801974233812488,0.801974233812488
2.93,1.563085344812488,1.3669146551875122,1.3669146551875122
1.0425,1.563085344812488,-0.520585344812488,0.520585344812488
1.665555556,1.563085344812488,0.10247021118751198,0.10247021118751198
0.39,1.563085344812488,-1.1730853448124878,1.1730853448124878
0.492,1.563085344812488,-1.071085344812488,1.071085344812488
11.15727273,9.030486875028037,2.1267858549719634,2.1267858549719634
0.575,1.563085344812488,-0.988085344812488,0.988085344812488
0.982941176,1.563085344812488,-0.580144168812488,0.580144168812488
43.52,43.91795498857143,-0.39795498857142775,0.39795498857142775
7.205333333,9.681046992228643,-2.475713659228643,2.475713659228643
2.909090909,1.563085344812488,1.3460055641875122,1.3460055641875122
0.274666667,1.563085344812488,-1.288418677812488,1.288418677812488
1.41,1.563085344812488,-0.15308534481248803,0.15308534481248803
0.565,1.563085344812488,-0.998085344812488,0.998085344812488
3.0,1.563085344812488,1.436914655187512,1.436914655187512
9.934,1.563085344812488,8.370914655187512,8.370914655187512
0.165714286,1.563085344812488,-1.397371058812488,1.397371058812488
0.448333333,1.563085344812488,-1.114752011812488,1.114752011812488
1.09,1.563085344812488,-0.4730853448124879,0.4730853448124879
0.5808,1.563085344812488,-0.982285344812488,0.982285344812488
0.217777778,1.563085344812488,-1.3453075668124879,1.3453075668124879
0.695294118,1.563085344812488,-0.867791226812488,0.867791226812488
25.43055556,1.563085344812488,23.86747021518751,23.86747021518751
9.559090909,6.494657308971428,3.064433600028572,3.064433600028572
6.35,11.300836984059695,-4.950836984059695,4.950836984059695
1.66125,1.563085344812488,0.09816465518751194,0.09816465518751194
0.933571429,1.563085344812488,-0.629513915812488,0.629513915812488
1.149166667,1.563085344812488,-0.4139186778124879,0.4139186778124879
0.479615385,1.563085344812488,-1.083469959812488,1.083469959812488
8.821764706,11.300836984059695,-2.4790722780596948,2.4790722780596948
1.1575,1.563085344812488,-0.405585344812488,0.405585344812488
0.76,1.563085344812488,-0.803085344812488,0.803085344812488
9.942,9.681046992228643,0.26095300777135755,0.26095300777135755
0.8875,1.563085344812488,-0.675585344812488,0.675585344812488
0.54,1.563085344812488,-1.023085344812488,1.023085344812488
0.899583333,1.563085344812488,-0.6635020118124879,0.6635020118124879
0.464117647,1.563085344812488,-1.0989676978124878,1.0989676978124878
0.695555556,1.563085344812488,-0.867529788812488,0.867529788812488
0.600344828,1.563085344812488,-0.962740516812488,0.962740516812488
5.5525,1.563085344812488,3.9894146551875123,3.9894146551875123
3.563571429,6.494657308971428,-2.931085879971428,2.931085879971428
8.729333333,1.563085344812488,7.166247988187512,7.166247988187512
0.45,1.563085344812488,-1.113085344812488,1.113085344812488
2.969545455,1.563085344812488,1.406460110187512,1.406460110187512
2.046666667,1.563085344812488,0.48358132218751226,0.48358132218751226
0.921851852,1.563085344812488,-0.641233492812488,0.641233492812488
0.94,1.563085344812488,-0.623085344812488,0.623085344812488
1.9,1.563085344812488,0.33691465518751196,0.33691465518751196
1.254,1.563085344812488,-0.30908534481248795,0.30908534481248795
0.715,1.563085344812488,-0.848085344812488,0.848085344812488
1.062142857,1.563085344812488,-0.500942487812488,0.500942487812488
6.69125,6.664726452321429,0.026523547678571013,0.026523547678571013
0.751612903,1.563085344812488,-0.8114724418124879,0.8114724418124879
0.43875,1.563085344812488,-1.124335344812488,1.124335344812488
1.67037037,1.563085344812488,0.10728502518751215,0.10728502518751215
3.236818182,1.563085344812488,1.673732837187512,1.673732837187512
1.138888889,1.563085344812488,-0.424196455812488,0.424196455812488
0.916666667,1.563085344812488,-0.646418677812488,0.646418677812488
1.8775,1.563085344812488,0.314414655187512,0.314414655187512
0.706666667,1.563085344812488,-0.8564186778124879,0.8564186778124879
0.345,1.563085344812488,-1.218085344812488,1.218085344812488
2.19173913,1.563085344812488,0.6286537851875122,0.6286537851875122
1.137647059,1.563085344812488,-0.4254382858124879,0.4254382858124879
0.594117647,1.563085344812488,-0.9689676978124879,0.9689676978124879
2.13,1.563085344812488,0.5669146551875119,0.5669146551875119
0.884,1.563085344812488,-0.679085344812488,0.679085344812488
0.939230769,1.563085344812488,-0.6238545758124879,0.6238545758124879
0.287777778,1.563085344812488,-1.275307566812488,1.275307566812488
1.331428571,1.563085344812488,-0.23165677381248795,0.23165677381248795
1.882777778,1.563085344812488,0.31969243318751195,0.31969243318751195
0.94125,1.563085344812488,-0.6218353448124879,0.6218353448124879
8.149090909,9.681046992228643,-1.5319560832286427,1.5319560832286427
0.680512821,1.563085344812488,-0.882572523812488,0.882572523812488
1.191052632,1.563085344812488,-0.37203271281248806,0.37203271281248806
2.52375,1.563085344812488,0.9606646551875122,0.9606646551875122
2.234444444,1.563085344812488,0.6713590991875122,0.6713590991875122
0.643333333,1.563085344812488,-0.919752011812488,0.919752011812488
0.923846154,1.563085344812488,-0.6392391908124879,0.6392391908124879
2.609459459,1.563085344812488,1.046374114187512,1.046374114187512
0.1888,1.563085344812488,-1.3742853448124879,1.3742853448124879
0.71875,1.563085344812488,-0.844335344812488,0.844335344812488
4.306666667,1.563085344812488,2.743581322187512,2.743581322187512
0.928888889,1.563085344812488,-0.634196455812488,0.634196455812488
0.330869565,1.563085344812488,-1.232215779812488,1.232215779812488
2.070909091,1.563085344812488,0.5078237461875119,0.5078237461875119
4.232857143,1.563085344812488,2.6697717981875124,2.6697717981875124
1.027631579,1.563085344812488,-0.535453765812488,0.535453765812488
0.76,1.563085344812488,-0.803085344812488,0.803085344812488
0.528333333,1.563085344812488,-1.034752011812488,1.034752011812488
2.428181818,1.563085344812488,0.8650964731875121,0.8650964731875121
0.0,1.563085344812488,-1.563085344812488,1.563085344812488
0.325416667,1.563085344812488,-1.237668677812488,1.237668677812488
0.67,1.563085344812488,-0.8930853448124879,0.8930853448124879
0.878095238,1.563085344812488,-0.684990106812488,0.684990106812488
0.917407407,1.563085344812488,-0.645677937812488,0.645677937812488
1.233125,1.563085344812488,-0.3299603448124879,0.3299603448124879
0.447,1.563085344812488,-1.116085344812488,1.116085344812488
1.18,1.563085344812488,-0.383085344812488,0.383085344812488
9.12,6.231987482240002,2.8880125177599973,2.8880125177599973
0.9475,1.563085344812488,-0.615585344812488,0.615585344812488
0.883333333,1.563085344812488,-0.6797520118124879,0.6797520118124879
0.47,1.563085344812488,-1.093085344812488,1.093085344812488
0.43,1.563085344812488,-1.133085344812488,1.133085344812488
0.212222222,1.563085344812488,-1.3508631228124879,1.3508631228124879
0.939166667,1.563085344812488,-0.623918677812488,0.623918677812488
1.747142857,6.494657308971428,-4.747514451971428,4.747514451971428
1.294,1.563085344812488,-0.2690853448124879,0.2690853448124879
0.595454545,1.563085344812488,-0.967630799812488,0.967630799812488
1.61,1.563085344812488,0.046914655187512144,0.046914655187512144
2.37037037,6.231987482240002,-3.861617112240002,3.861617112240002
0.420833333,1.563085344812488,-1.142252011812488,1.142252011812488
0.135454545,1.563085344812488,-1.427630799812488,1.427630799812488
1.159375,1.563085344812488,-0.4037103448124879,0.4037103448124879
1.9825,1.563085344812488,0.419414655187512,0.419414655187512
1.057826087,1.563085344812488,-0.5052592578124879,0.5052592578124879
9.53,9.030486875028037,0.499513124971962,0.499513124971962
1.674545455,1.563085344812488,0.11146011018751212,0.11146011018751212
0.435555556,1.563085344812488,-1.127529788812488,1.127529788812488
0.25875,1.563085344812488,-1.304335344812488,1.304335344812488
0.68,1.563085344812488,-0.8830853448124879,0.8830853448124879
2.051818182,1.563085344812488,0.4887328371875119,0.4887328371875119
0.5485,1.563085344812488,-1.014585344812488,1.014585344812488
8.455,1.563085344812488,6.891914655187512,6.891914655187512
18.15833333,15.027901197857965,3.1304321321420367,3.1304321321420367
0.622340426,1.563085344812488,-0.940744918812488,0.940744918812488
1.64,1.563085344812488,0.07691465518751195,0.07691465518751195
1.43,1.563085344812488,-0.13308534481248802,0.13308534481248802
0.25,1.563085344812488,-1.313085344812488,1.313085344812488
0.975625,1.563085344812488,-0.587460344812488,0.587460344812488
1.51,1.563085344812488,-0.053085344812487945,0.053085344812487945
1.0075,1.563085344812488,-0.5555853448124879,0.5555853448124879
0.7825,1.563085344812488,-0.780585344812488,0.780585344812488
1.643333333,1.563085344812488,0.080247988187512,0.080247988187512
1.086428571,1.563085344812488,-0.47665677381248805,0.47665677381248805
0.61,1.563085344812488,-0.953085344812488,0.953085344812488
0.53,1.563085344812488,-1.033085344812488,1.033085344812488
0.255671642,1.563085344812488,-1.307413702812488,1.307413702812488
0.788666667,1.563085344812488,-0.774418677812488,0.774418677812488
4.31,1.563085344812488,2.7469146551875117,2.7469146551875117
0.83,1.563085344812488,-0.733085344812488,0.733085344812488
1.492592593,1.563085344812488,-0.07049275181248804,0.07049275181248804
0.462380952,1.563085344812488,-1.100704392812488,1.100704392812488
1.078181818,1.563085344812488,-0.48490352681248794,0.48490352681248794
0.335,1.563085344812488,-1.228085344812488,1.228085344812488
29.17666667,24.290925926666663,4.885740743333336,4.885740743333336
1.475681818,1.563085344812488,-0.08740352681248797,0.08740352681248797
0.81125,1.563085344812488,-0.7518353448124879,0.7518353448124879
0.354259259,1.563085344812488,-1.208826085812488,1.208826085812488
1.113076923,1.563085344812488,-0.450008421812488,0.450008421812488
1.0145,1.563085344812488,-0.548585344812488,0.548585344812488
0.427894737,1.563085344812488,-1.135190607812488,1.135190607812488
0.522083333,1.563085344812488,-1.041002011812488,1.041002011812488
1.213333333,1.563085344812488,-0.34975201181248794,0.34975201181248794
1.505862069,1.563085344812488,-0.057223275812487984,0.057223275812487984
9.615454545,11.300836984059695,-1.685382439059694,1.685382439059694
5.56,9.681046992228643,-4.121046992228643,4.121046992228643
1.269259259,1.563085344812488,-0.2938260858124879,0.2938260858124879
0.331428571,1.563085344812488,-1.231656773812488,1.231656773812488
1.089130435,1.563085344812488,-0.473954909812488,0.473954909812488
0.512857143,1.563085344812488,-1.050228201812488,1.050228201812488
6.574615385,9.681046992228643,-3.106431607228642,3.106431607228642
0.0,1.563085344812488,-1.563085344812488,1.563085344812488
0.550289855,1.563085344812488,-1.012795489812488,1.012795489812488
0.321428571,1.563085344812488,-1.241656773812488,1.241656773812488
0.770327869,1.563085344812488,-0.7927574758124879,0.7927574758124879
0.687,1.563085344812488,-0.8760853448124879,0.8760853448124879
0.535714286,1.563085344812488,-1.0273710588124878,1.0273710588124878
3.206111111,1.563085344812488,1.6430257661875118,1.6430257661875118
2.892,1.563085344812488,1.328914655187512,1.328914655187512
0.8,1.563085344812488,-0.7630853448124879,0.7630853448124879
0.928666667,1.563085344812488,-0.634418677812488,0.634418677812488
1.43,1.563085344812488,-0.13308534481248802,0.13308534481248802
0.767878788,1.563085344812488,-0.795206556812488,0.795206556812488
2.0,1.563085344812488,0.43691465518751205,0.43691465518751205
0.240666667,1.563085344812488,-1.322418677812488,1.322418677812488
1.321428571,6.494657308971428,-5.173228737971428,5.173228737971428
0.3025,1.563085344812488,-1.260585344812488,1.260585344812488
0.453214286,1.563085344812488,-1.1098710588124878,1.1098710588124878
14.15512195,15.027901197857965,-0.8727792478579648,0.8727792478579648
0.362592593,1.563085344812488,-1.200492751812488,1.200492751812488
1.017142857,1.563085344812488,-0.5459424878124879,0.5459424878124879
0.766666667,1.563085344812488,-0.796418677812488,0.796418677812488
7.761428571,1.563085344812488,6.198343226187512,6.198343226187512
3.600769231,1.563085344812488,2.037683886187512,2.037683886187512
3.5,6.225937468414633,-2.7259374684146334,2.7259374684146334
8.815,8.392142857124998,0.4228571428750012,0.4228571428750012
0.63,1.563085344812488,-0.933085344812488,0.933085344812488
0.62,1.563085344812488,-0.943085344812488,0.943085344812488
2.072222222,1.563085344812488,0.5091368771875122,0.5091368771875122
0.753333333,1.563085344812488,-0.8097520118124879,0.8097520118124879
1.312222222,1.563085344812488,-0.250863122812488,0.250863122812488
0.866875,1.563085344812488,-0.696210344812488,0.696210344812488
0.677826087,1.563085344812488,-0.8852592578124879,0.8852592578124879
0.75,1.563085344812488,-0.813085344812488,0.813085344812488
2.645,1.563085344812488,1.081914655187512,1.081914655187512
1.040909091,1.563085344812488,-0.5221762538124879,0.5221762538124879
3.28,9.681046992228643,-6.401046992228643,6.401046992228643
2.34,1.563085344812488,0.7769146551875119,0.7769146551875119
0.519130435,1.563085344812488,-1.0439549098124878,1.0439549098124878
0.7975,1.563085344812488,-0.765585344812488,0.765585344812488
5.198888889,9.681046992228643,-4.482158103228643,4.482158103228643
0.49,1.563085344812488,-1.073085344812488,1.073085344812488
0.43,1.563085344812488,-1.133085344812488,1.133085344812488
12.75155556,15.027901197857965,-2.2763456378579647,2.2763456378579647
0.728571429,1.563085344812488,-0.8345139158124879,0.8345139158124879
10750.0,11357.70797642857,-607.70797642857,607.70797642857
0.725714286,1.563085344812488,-0.837371058812488,0.837371058812488
0.538888889,1.563085344812488,-1.024196455812488,1.024196455812488
0.496363636,1.563085344812488,-1.066721708812488,1.066721708812488
0.38,1.563085344812488,-1.183085344812488,1.183085344812488
0.433333333,1.563085344812488,-1.129752011812488,1.129752011812488
1.92,1.563085344812488,0.356914655187512,0.356914655187512
2.31,1.563085344812488,0.7469146551875121,0.7469146551875121
0.29875,1.563085344812488,-1.2643353448124879,1.2643353448124879
1.02125,1.563085344812488,-0.541835344812488,0.541835344812488
0.995479452,1.563085344812488,-0.567605892812488,0.567605892812488
0.405,1.563085344812488,-1.158085344812488,1.158085344812488
0.191,1.563085344812488,-1.372085344812488,1.372085344812488
1.412777778,1.563085344812488,-0.15030756681248802,0.15030756681248802
0.2172,1.563085344812488,-1.345885344812488,1.345885344812488
0.91,1.563085344812488,-0.6530853448124879,0.6530853448124879
8.256153846,15.027901197857965,-6.7717473518579645,6.7717473518579645
1.016388889,1.563085344812488,-0.546696455812488,0.546696455812488
3.159090909,1.563085344812488,1.5960055641875122,1.5960055641875122
1.93125,1.563085344812488,0.36816465518751196,0.36816465518751196
1.630909091,1.563085344812488,0.06782374618751197,0.06782374618751197
10.7724,1.563085344812488,9.209314655187512,9.209314655187512
3.541538462,1.563085344812488,1.9784531171875122,1.9784531171875122
0.0,1.563085344812488,-1.563085344812488,1.563085344812488
1.097727273,1.563085344812488,-0.4653580718124879,0.4653580718124879
1.199,1.563085344812488,-0.3640853448124879,0.3640853448124879
5.765714286,6.494657308971428,-0.7289430229714284,0.7289430229714284
8.716428571,1.563085344812488,7.153343226187512,7.153343226187512
1.527741935,1.563085344812488,-0.03534340981248785,0.03534340981248785
0.913333333,1.563085344812488,-0.649752011812488,0.649752011812488
0.567692308,1.563085344812488,-0.9953930368124879,0.9953930368124879
0.511111111,1.563085344812488,-1.051974233812488,1.051974233812488
0.69,1.563085344812488,-0.873085344812488,0.873085344812488
1.824545455,1.563085344812488,0.26146011018751203,0.26146011018751203
13.99944444,20.635220872666665,-6.635776432666665,6.635776432666665
0.2945,1.563085344812488,-1.268585344812488,1.268585344812488
0.774,1.563085344812488,-0.7890853448124879,0.7890853448124879
8486.539565,7952.178522555555,534.3610424444441,534.3610424444441
0.419230769,1.563085344812488,-1.143854575812488,1.143854575812488
0.325,1.563085344812488,-1.238085344812488,1.238085344812488
0.595769231,1.563085344812488,-0.9673161138124879,0.9673161138124879
0.605,1.563085344812488,-0.958085344812488,0.958085344812488
0.627,1.563085344812488,-0.936085344812488,0.936085344812488
0.748571429,1.563085344812488,-0.814513915812488,0.814513915812488
8.033333333,15.027901197857965,-6.994567864857965,6.994567864857965
0.5925,1.563085344812488,-0.9705853448124879,0.9705853448124879
3.32,1.563085344812488,1.7569146551875119,1.7569146551875119
1.236363636,1.563085344812488,-0.32672170881248785,0.32672170881248785
0.923636364,1.563085344812488,-0.6394489808124879,0.6394489808124879
0.998571429,1.563085344812488,-0.564513915812488,0.564513915812488
62.97384615,52.9206755686436,10.053170581356397,10.053170581356397
0.4912,1.563085344812488,-1.0718853448124879,1.0718853448124879
0.28625,1.563085344812488,-1.276835344812488,1.276835344812488
1.044347826,1.563085344812488,-0.5187375188124879,0.5187375188124879
0.864285714,1.563085344812488,-0.698799630812488,0.698799630812488
0.608461538,1.563085344812488,-0.9546238068124879,0.9546238068124879
6728.865,6373.2304284,355.6345715999996,355.6345715999996
0.581818182,1.563085344812488,-0.9812671628124879,0.9812671628124879
2.737083333,1.563085344812488,1.1739979881875122,1.1739979881875122
2.877407407,1.563085344812488,1.3143220621875122,1.3143220621875122
0.69,1.563085344812488,-0.873085344812488,0.873085344812488
2.397368421,1.563085344812488,0.834283076187512,0.834283076187512
3.029583333,1.563085344812488,1.4664979881875122,1.4664979881875122
0.918333333,1.563085344812488,-0.644752011812488,0.644752011812488
0.487391304,1.563085344812488,-1.075694040812488,1.075694040812488
12.0725,9.681046992228643,2.391453007771357,2.391453007771357
2.2175,1.563085344812488,0.6544146551875119,0.6544146551875119
0.5575,1.563085344812488,-1.0055853448124878,1.0055853448124878
4.705454545,1.563085344812488,3.1423692001875123,3.1423692001875123
0.515294118,1.563085344812488,-1.047791226812488,1.047791226812488
1.1375,1.563085344812488,-0.425585344812488,0.425585344812488
0.973333333,1.563085344812488,-0.5897520118124879,0.5897520118124879
39.59461538,44.58286807428572,-4.98825269428572,4.98825269428572
0.685,1.563085344812488,-0.8780853448124879,0.8780853448124879
0.39,1.563085344812488,-1.1730853448124878,1.1730853448124878
0.945,1.563085344812488,-0.618085344812488,0.618085344812488
2.569,1.563085344812488,1.005914655187512,1.005914655187512
1.338636364,1.563085344812488,-0.22444898081248787,0.22444898081248787
0.733913043,1.563085344812488,-0.8291723018124879,0.8291723018124879
57.1205,1.563085344812488,55.557414655187515,55.557414655187515
0.783529412,1.563085344812488,-0.7795559328124879,0.7795559328124879
12.0,9.681046992228643,2.3189530077713574,2.3189530077713574
1.001176471,1.563085344812488,-0.561908873812488,0.561908873812488
0.686666667,1.563085344812488,-0.876418677812488,0.876418677812488
1.471290323,1.563085344812488,-0.09179502181248789,0.09179502181248789
0.765833333,1.563085344812488,-0.797252011812488,0.797252011812488
0.229166667,1.563085344812488,-1.333918677812488,1.333918677812488
1.228571429,1.563085344812488,-0.3345139158124879,0.3345139158124879
0.284444444,1.563085344812488,-1.278640900812488,1.278640900812488
0.968,1.563085344812488,-0.595085344812488,0.595085344812488
1.276086957,1.563085344812488,-0.286998387812488,0.286998387812488
0.386666667,1.563085344812488,-1.1764186778124879,1.1764186778124879
0.5075,1.563085344812488,-1.0555853448124881,1.0555853448124881
0.457777778,1.563085344812488,-1.1053075668124879,1.1053075668124879
0.21125,1.563085344812488,-1.351835344812488,1.351835344812488
0.338,1.563085344812488,-1.2250853448124879,1.2250853448124879
0.58,1.563085344812488,-0.983085344812488,0.983085344812488
0.618,1.563085344812488,-0.945085344812488,0.945085344812488
1.3865,1.563085344812488,-0.1765853448124879,0.1765853448124879
1.6195,1.563085344812488,0.056414655187511986,0.056414655187511986
0.806363636,1.563085344812488,-0.7567217088124879,0.7567217088124879
1.852857143,1.563085344812488,0.2897717981875121,0.2897717981875121
1.0,1.563085344812488,-0.563085344812488,0.563085344812488
0.96,1.563085344812488,-0.603085344812488,0.603085344812488
0.577931034,1.563085344812488,-0.9851543108124879,0.9851543108124879
0.792222222,1.563085344812488,-0.7708631228124879,0.7708631228124879
0.651428571,1.563085344812488,-0.911656773812488,0.911656773812488
0.611818182,1.563085344812488,-0.9512671628124879,0.9512671628124879
0.71,1.563085344812488,-0.853085344812488,0.853085344812488
90.19,52.9206755686436,37.269324431356395,37.269324431356395
9.38,1.563085344812488,7.816914655187513,7.816914655187513
1.276666667,1.563085344812488,-0.286418677812488,0.286418677812488
0.81,1.563085344812488,-0.7530853448124879,0.7530853448124879
3.0012,1.563085344812488,1.438114655187512,1.438114655187512
0.535,1.563085344812488,-1.0280853448124878,1.0280853448124878
1.508181818,1.563085344812488,-0.054903526812488,0.054903526812488
2.352631579,1.563085344812488,0.7895462341875121,0.7895462341875121
0.17,1.563085344812488,-1.393085344812488,1.393085344812488
1.045416667,1.563085344812488,-0.5176686778124879,0.5176686778124879
2.081,1.563085344812488,0.517914655187512,0.517914655187512
0.7475,1.563085344812488,-0.8155853448124879,0.8155853448124879
0.336363636,1.563085344812488,-1.226721708812488,1.226721708812488
3.834090909,1.563085344812488,2.271005564187512,2.271005564187512
0.295925926,1.563085344812488,-1.267159418812488,1.267159418812488
0.606923077,1.563085344812488,-0.9561622678124879,0.9561622678124879
0.697142857,1.563085344812488,-0.865942487812488,0.865942487812488
1.176,1.563085344812488,-0.387085344812488,0.387085344812488
4.657368421,1.563085344812488,3.094283076187512,3.094283076187512
1.35,1.563085344812488,-0.21308534481248786,0.21308534481248786
0.7,1.563085344812488,-0.863085344812488,0.863085344812488
0.66483871,1.563085344812488,-0.8982466348124879,0.8982466348124879
1.82,1.563085344812488,0.2569146551875121,0.2569146551875121
1.0,1.563085344812488,-0.563085344812488,0.563085344812488
1.517916667,1.563085344812488,-0.04516867781248801,0.04516867781248801
6.84,6.494657308971428,0.34534269102857174,0.34534269102857174
2.165714286,1.563085344812488,0.6026289411875121,0.6026289411875121
0.688181818,1.563085344812488,-0.874903526812488,0.874903526812488
0.666666667,1.563085344812488,-0.896418677812488,0.896418677812488
1.67375,1.563085344812488,0.11066465518751212,0.11066465518751212
7.125,9.681046992228643,-2.5560469922286426,2.5560469922286426
1.1125,1.563085344812488,-0.4505853448124879,0.4505853448124879
0.67,1.563085344812488,-0.8930853448124879,0.8930853448124879
0.791666667,1.563085344812488,-0.771418677812488,0.771418677812488
0.5,1.563085344812488,-1.063085344812488,1.063085344812488
0.300740741,1.563085344812488,-1.262344603812488,1.262344603812488
1.4175,1.563085344812488,-0.14558534481248797,0.14558534481248797
0.253181818,1.563085344812488,-1.309903526812488,1.309903526812488
4.02625,1.563085344812488,2.463164655187512,2.463164655187512
1.155555556,1.563085344812488,-0.407529788812488,0.407529788812488
2.013928571,1.563085344812488,0.45084322618751216,0.45084322618751216
0.417222222,1.563085344812488,-1.145863122812488,1.145863122812488
0.426190476,1.563085344812488,-1.136894868812488,1.136894868812488
0.249545455,1.563085344812488,-1.313539889812488,1.313539889812488
5.0675,1.563085344812488,3.504414655187512,3.504414655187512
14.996875,1.563085344812488,13.43378965518751,13.43378965518751
0.545714286,1.563085344812488,-1.017371058812488,1.017371058812488
0.764,1.563085344812488,-0.7990853448124879,0.7990853448124879
83.89230769,83.53674425999999,0.3555634300000037,0.3555634300000037
0.52,1.563085344812488,-1.043085344812488,1.043085344812488
0.1988,1.563085344812488,-1.3642853448124879,1.3642853448124879
1.033333333,1.563085344812488,-0.5297520118124879,0.5297520118124879
60.0,60.458333333333336,-0.4583333333333357,0.4583333333333357
0.995,1.563085344812488,-0.568085344812488,0.568085344812488
0.657142857,1.563085344812488,-0.905942487812488,0.905942487812488
0.495,1.563085344812488,-1.0680853448124878,1.0680853448124878
0.5425,1.563085344812488,-1.020585344812488,1.020585344812488
64.52933333,73.22800883000001,-8.698675500000007,8.698675500000007
9.954,6.231987482240002,3.7220125177599988,3.7220125177599988
0.685714286,1.563085344812488,-0.877371058812488,0.877371058812488
0.263703704,1.563085344812488,-1.2993816408124879,1.2993816408124879
0.905,1.563085344812488,-0.6580853448124879,0.6580853448124879
0.560909091,1.563085344812488,-1.0021762538124879,1.0021762538124879
1.567857143,1.563085344812488,0.004771798187511944,0.004771798187511944
0.811428571,1.563085344812488,-0.751656773812488,0.751656773812488
0.332272727,1.563085344812488,-1.230812617812488,1.230812617812488
0.3,1.563085344812488,-1.263085344812488,1.263085344812488
0.258,1.563085344812488,-1.305085344812488,1.305085344812488
16.048,9.681046992228643,6.366953007771356,6.366953007771356
1.88,1.563085344812488,0.31691465518751194,0.31691465518751194
10.72727273,10.906278938695653,-0.17900620869565387,0.17900620869565387
0.767692308,1.563085344812488,-0.795393036812488,0.795393036812488
5.578518519,6.225937468414633,-0.6474189494146332,0.6474189494146332
1.561666667,1.563085344812488,-0.0014186778124880561,0.0014186778124880561
0.419047619,1.563085344812488,-1.1440377258124879,1.1440377258124879
0.931111111,1.563085344812488,-0.631974233812488,0.631974233812488
2.568571429,1.563085344812488,1.005486084187512,1.005486084187512
0.4236,1.563085344812488,-1.139485344812488,1.139485344812488
1.965,1.563085344812488,0.4019146551875121,0.4019146551875121
1.0,1.563085344812488,-0.563085344812488,0.563085344812488
0.909,1.563085344812488,-0.6540853448124879,0.6540853448124879
0.957391304,1.563085344812488,-0.6056940408124879,0.6056940408124879
36.84958333,52.9206755686436,-16.0710922386436,16.0710922386436
2.112592593,1.563085344812488,0.5495072481875121,0.5495072481875121
0.749047619,1.563085344812488,-0.8140377258124879,0.8140377258124879
0.485,1.563085344812488,-1.078085344812488,1.078085344812488
15.2939726,15.027901197857965,0.2660714021420354,0.2660714021420354
0.383103448,1.563085344812488,-1.179981896812488,1.179981896812488
2.0,1.563085344812488,0.43691465518751205,0.43691465518751205
1.182666667,1.563085344812488,-0.38041867781248806,0.38041867781248806
0.256,1.563085344812488,-1.307085344812488,1.307085344812488
0.742941176,1.563085344812488,-0.820144168812488,0.820144168812488
0.795,1.563085344812488,-0.7680853448124879,0.7680853448124879
0.58,1.563085344812488,-0.983085344812488,0.983085344812488
0.85,1.563085344812488,-0.713085344812488,0.713085344812488
0.449354839,1.563085344812488,-1.113730505812488,1.113730505812488
0.138,1.563085344812488,-1.425085344812488,1.425085344812488
70.365,60.06111453,10.303885469999997,10.303885469999997
0.61,1.563085344812488,-0.953085344812488,0.953085344812488
25.34375,19.953178654615385,5.390571345384615,5.390571345384615
78.94444444,52.9206755686436,26.023768871356395,26.023768871356395
1.331818182,1.563085344812488,-0.23126716281248805,0.23126716281248805
9.480909091,9.681046992228643,-0.2001379012286435,0.2001379012286435
0.98,1.563085344812488,-0.583085344812488,0.583085344812488
0.4648,1.563085344812488,-1.098285344812488,1.098285344812488
6.945333333,1.563085344812488,5.382247988187512,5.382247988187512
6.22,1.563085344812488,4.656914655187512,4.656914655187512
4.273333333,1.563085344812488,2.710247988187512,2.710247988187512
0.6,1.563085344812488,-0.963085344812488,0.963085344812488
0.643333333,1.563085344812488,-0.919752011812488,0.919752011812488
0.796086957,1.563085344812488,-0.766998387812488,0.766998387812488
0.34375,1.563085344812488,-1.219335344812488,1.219335344812488
1.785925926,1.563085344812488,0.22284058118751204,0.22284058118751204
0.895185185,1.563085344812488,-0.667900159812488,0.667900159812488
1.0675,1.563085344812488,-0.49558534481248806,0.49558534481248806
0.437058824,1.563085344812488,-1.126026520812488,1.126026520812488
1.214375,1.563085344812488,-0.34871034481248797,0.34871034481248797
0.351666667,1.563085344812488,-1.211418677812488,1.211418677812488
1.065263158,1.563085344812488,-0.4978221868124879,0.4978221868124879
1.837037037,1.563085344812488,0.27395169218751203,0.27395169218751203
0.662916667,1.563085344812488,-0.900168677812488,0.900168677812488
1.25,1.563085344812488,-0.31308534481248795,0.31308534481248795
0.61,1.563085344812488,-0.953085344812488,0.953085344812488
0.39375,1.563085344812488,-1.169335344812488,1.169335344812488
66.67,60.458333333333336,6.211666666666666,6.211666666666666
1.056785714,1.563085344812488,-0.5062996308124879,0.5062996308124879
0.2975,1.563085344812488,-1.265585344812488,1.265585344812488
0.69,1.563085344812488,-0.873085344812488,0.873085344812488
1.218235294,1.563085344812488,-0.3448500508124879,0.3448500508124879
0.258333333,1.563085344812488,-1.304752011812488,1.304752011812488
11263.83,12261.328440125002,-997.4984401250022,997.4984401250022
1.705,1.563085344812488,0.14191465518751212,0.14191465518751212
0.97952381,1.563085344812488,-0.583561534812488,0.583561534812488
0.0,6.494657308971428,-6.494657308971428,6.494657308971428
2.633076923,1.563085344812488,1.069991578187512,1.069991578187512
1.22,1.563085344812488,-0.343085344812488,0.343085344812488
2.0,1.563085344812488,0.43691465518751205,0.43691465518751205
0.527777778,1.563085344812488,-1.035307566812488,1.035307566812488
0.4425,1.563085344812488,-1.120585344812488,1.120585344812488
0.605333333,1.563085344812488,-0.9577520118124879,0.9577520118124879
6.122857143,9.030486875028037,-2.9076297320280373,2.9076297320280373
0.519230769,1.563085344812488,-1.043854575812488,1.043854575812488
2.8,1.563085344812488,1.2369146551875119,1.2369146551875119
1.491538462,1.563085344812488,-0.07154688281248789,0.07154688281248789
0.693333333,1.563085344812488,-0.869752011812488,0.869752011812488
1.560344828,1.563085344812488,-0.002740516812487881,0.002740516812487881
0.26,1.563085344812488,-1.303085344812488,1.303085344812488
14.46173333,15.027901197857965,-0.5661678678579651,0.5661678678579651
1.837906977,1.563085344812488,0.2748216321875121,0.2748216321875121
0.415925926,1.563085344812488,-1.147159418812488,1.147159418812488
0.850833333,1.563085344812488,-0.712252011812488,0.712252011812488
0.918823529,1.563085344812488,-0.644261815812488,0.644261815812488
0.568333333,1.563085344812488,-0.994752011812488,0.994752011812488
7.258148148,9.681046992228643,-2.4228988442286425,2.4228988442286425
0.603636364,1.563085344812488,-0.959448980812488,0.959448980812488
2.238571429,1.563085344812488,0.6754860841875119,0.6754860841875119
2.074,1.563085344812488,0.5109146551875119,0.5109146551875119
0.387142857,1.563085344812488,-1.175942487812488,1.175942487812488
0.146,1.563085344812488,-1.417085344812488,1.417085344812488
2.875,1.563085344812488,1.311914655187512,1.311914655187512
0.696153846,1.563085344812488,-0.866931498812488,0.866931498812488
0.536086957,1.563085344812488,-1.026998387812488,1.026998387812488
1.008888889,1.563085344812488,-0.5541964558124879,0.5541964558124879
0.32,1.563085344812488,-1.243085344812488,1.243085344812488
1.50625,1.563085344812488,-0.056835344812487865,0.056835344812487865
0.833333333,1.563085344812488,-0.7297520118124879,0.7297520118124879
0.274444444,1.563085344812488,-1.288640900812488,1.288640900812488
0.782857143,1.563085344812488,-0.780228201812488,0.780228201812488
8.576666667,1.563085344812488,7.013581322187512,7.013581322187512
4.34,1.563085344812488,2.776914655187512,2.776914655187512
0.7895,1.563085344812488,-0.773585344812488,0.773585344812488
0.563714286,1.563085344812488,-0.999371058812488,0.999371058812488
0.671818182,1.563085344812488,-0.891267162812488,0.891267162812488
12.40285714,9.681046992228643,2.7218101477713574,2.7218101477713574
0.55,1.563085344812488,-1.013085344812488,1.013085344812488
0.96,1.563085344812488,-0.603085344812488,0.603085344812488
13934.1225,10883.163143142858,3050.9593568571418,3050.9593568571418
6.998,6.494657308971428,0.5033426910285721,0.5033426910285721
1.296326531,1.563085344812488,-0.2667588138124879,0.2667588138124879
53.21444444,52.9206755686436,0.2937688713563986,0.2937688713563986
3.67,1.563085344812488,2.106914655187512,2.106914655187512
9.853636364,1.563085344812488,8.290551019187511,8.290551019187511
1.5825,1.563085344812488,0.019414655187512064,0.019414655187512064
0.577142857,1.563085344812488,-0.9859424878124879,0.9859424878124879
3.123888889,1.563085344812488,1.5608035441875119,1.5608035441875119
32.65666667,26.270142857999996,6.386523812000004,6.386523812000004
0.481111111,1.563085344812488,-1.081974233812488,1.081974233812488
3.892857143,1.563085344812488,2.329771798187512,2.329771798187512
6.543913043,15.027901197857965,-8.483988154857965,8.483988154857965
1.798571429,1.563085344812488,0.23548608418751216,0.23548608418751216
11.46928571,6.225937468414633,5.243348241585366,5.243348241585366
0.636666667,1.563085344812488,-0.926418677812488,0.926418677812488
0.0,21.161445770045454,-21.161445770045454,21.161445770045454
4.573243243,1.563085344812488,3.0101578981875123,3.0101578981875123
0.755,1.563085344812488,-0.808085344812488,0.808085344812488
0.247333333,1.563085344812488,-1.315752011812488,1.315752011812488
0.241904762,1.563085344812488,-1.321180582812488,1.321180582812488
0.338888889,1.563085344812488,-1.2241964558124878,1.2241964558124878
14.88166667,11.300836984059695,3.580829685940305,3.580829685940305
0.605588235,1.563085344812488,-0.9574971098124879,0.9574971098124879
0.802,1.563085344812488,-0.7610853448124879,0.7610853448124879
1.423333333,1.563085344812488,-0.13975201181248798,0.13975201181248798
1.059090909,1.563085344812488,-0.5039944358124879,0.5039944358124879
5.225,1.563085344812488,3.6619146551875117,3.6619146551875117
0.691176471,1.563085344812488,-0.8719088738124879,0.8719088738124879
1.0,1.563085344812488,-0.563085344812488,0.563085344812488
0.548333333,1.563085344812488,-1.014752011812488,1.014752011812488
2.483571429,1.563085344812488,0.920486084187512,0.920486084187512
0.308666667,1.563085344812488,-1.254418677812488,1.254418677812488
5.056451613,1.563085344812488,3.493366268187512,3.493366268187512
4.623809524,1.563085344812488,3.0607241791875124,3.0607241791875124
0.608076923,1.563085344812488,-0.9550084218124879,0.9550084218124879
2.352727273,1.563085344812488,0.7896419281875122,0.7896419281875122
1.36,1.563085344812488,-0.20308534481248786,0.20308534481248786
0.788070175,1.563085344812488,-0.775015169812488,0.775015169812488
3.595,1.563085344812488,2.0319146551875122,2.0319146551875122
0.748055556,1.563085344812488,-0.815029788812488,0.815029788812488
0.504285714,1.563085344812488,-1.058799630812488,1.058799630812488
0.3098,1.563085344812488,-1.2532853448124879,1.2532853448124879
1.021111111,1.563085344812488,-0.541974233812488,0.541974233812488
6.06,6.231987482240002,-0.17198748224000227,0.17198748224000227
0.862307692,1.563085344812488,-0.7007776528124879,0.7007776528124879
3.608,1.563085344812488,2.044914655187512,2.044914655187512
0.97,1.563085344812488,-0.593085344812488,0.593085344812488
0.43627451,1.563085344812488,-1.126810834812488,1.126810834812488
2.287777778,1.563085344812488,0.7246924331875122,0.7246924331875122
2.115,1.563085344812488,0.5519146551875123,0.5519146551875123
1.123333333,1.563085344812488,-0.439752011812488,0.439752011812488
1.501666667,1.563085344812488,-0.06141867781248789,0.06141867781248789
3.304333333,1.563085344812488,1.7412479881875123,1.7412479881875123
0.658518519,1.563085344812488,-0.9045668258124879,0.9045668258124879
0.992,1.563085344812488,-0.571085344812488,0.571085344812488
4.298823529,1.563085344812488,2.735738184187512,2.735738184187512
0.965,1.563085344812488,-0.598085344812488,0.598085344812488
8.115,20.635220872666665,-12.520220872666664,12.520220872666664
0.1825,1.563085344812488,-1.3805853448124878,1.3805853448124878
0.33,1.563085344812488,-1.2330853448124879,1.2330853448124879
1.398888889,1.563085344812488,-0.16419645581248798,0.16419645581248798
0.121666667,1.563085344812488,-1.441418677812488,1.441418677812488
1.982727273,1.563085344812488,0.4196419281875121,0.4196419281875121
0.4,1.563085344812488,-1.163085344812488,1.163085344812488
0.92,1.563085344812488,-0.6430853448124879,0.6430853448124879
78.571875,73.22800883000001,5.343866169999998,5.343866169999998
0.853333333,1.563085344812488,-0.7097520118124879,0.7097520118124879
3.27,1.563085344812488,1.706914655187512,1.706914655187512
1.035555556,1.563085344812488,-0.5275297888124879,0.5275297888124879
0.566666667,1.563085344812488,-0.9964186778124879,0.9964186778124879
2.636419753,1.563085344812488,1.0733344081875122,1.0733344081875122
1.03375,1.563085344812488,-0.529335344812488,0.529335344812488
3.55,1.563085344812488,1.9869146551875119,1.9869146551875119
1.1925,1.563085344812488,-0.37058534481248806,0.37058534481248806
0.314347826,1.563085344812488,-1.2487375188124878,1.2487375188124878
0.39125,1.563085344812488,-1.171835344812488,1.171835344812488
0.647105263,1.563085344812488,-0.9159800818124879,0.9159800818124879
0.81,1.563085344812488,-0.7530853448124879,0.7530853448124879
1.465555556,1.563085344812488,-0.09752978881248797,0.09752978881248797
0.812105263,1.563085344812488,-0.750980081812488,0.750980081812488
0.817777778,1.563085344812488,-0.745307566812488,0.745307566812488
7.347857143,8.392142857124998,-1.0442857141249986,1.0442857141249986
0.134285714,1.563085344812488,-1.428799630812488,1.428799630812488
2.8575,1.563085344812488,1.294414655187512,1.294414655187512
0.2775,1.563085344812488,-1.2855853448124879,1.2855853448124879
0.344761905,1.563085344812488,-1.218323439812488,1.218323439812488
1.645833333,1.563085344812488,0.08274798818751194,0.08274798818751194
0.895714286,1.563085344812488,-0.6673710588124879,0.6673710588124879
0.902881356,1.563085344812488,-0.660203988812488,0.660203988812488
0.34,1.563085344812488,-1.2230853448124879,1.2230853448124879
1.091666667,1.563085344812488,-0.47141867781248803,0.47141867781248803
0.708666667,1.563085344812488,-0.8544186778124879,0.8544186778124879
6.318571429,9.030486875028037,-2.711915446028037,2.711915446028037
0.18625,1.563085344812488,-1.376835344812488,1.376835344812488
1.9025,1.563085344812488,0.3394146551875121,0.3394146551875121
0.58625,1.563085344812488,-0.9768353448124879,0.9768353448124879
0.899047619,1.563085344812488,-0.664037725812488,0.664037725812488
9.715,9.681046992228643,0.033953007771357235,0.033953007771357235
0.588333333,1.563085344812488,-0.9747520118124879,0.9747520118124879
0.358461538,1.563085344812488,-1.204623806812488,1.204623806812488
0.649444444,1.563085344812488,-0.9136409008124879,0.9136409008124879
0.067777778,1.563085344812488,-1.495307566812488,1.495307566812488
0.652307692,1.563085344812488,-0.9107776528124879,0.9107776528124879
2.41,1.563085344812488,0.8469146551875122,0.8469146551875122
0.344285714,1.563085344812488,-1.218799630812488,1.218799630812488
1.185,1.563085344812488,-0.3780853448124879,0.3780853448124879
7.0,6.231987482240002,0.7680125177599981,0.7680125177599981
0.692857143,1.563085344812488,-0.870228201812488,0.870228201812488
1.473333333,1.563085344812488,-0.08975201181248793,0.08975201181248793
1.169189189,1.563085344812488,-0.39389615581248805,0.39389615581248805
0.197058824,1.563085344812488,-1.366026520812488,1.366026520812488
0.96,1.563085344812488,-0.603085344812488,0.603085344812488
2.018888889,1.563085344812488,0.4558035441875119,0.4558035441875119
0.476896552,1.563085344812488,-1.086188792812488,1.086188792812488
1.36,1.563085344812488,-0.20308534481248786,0.20308534481248786
0.606666667,1.563085344812488,-0.9564186778124879,0.9564186778124879
1.019714286,1.563085344812488,-0.543371058812488,0.543371058812488
0.815,1.563085344812488,-0.748085344812488,0.748085344812488
6.952727273,1.563085344812488,5.389641928187512,5.389641928187512
41.42769231,60.74099506142857,-19.313302751428573,19.313302751428573
0.656363636,1.563085344812488,-0.9067217088124879,0.9067217088124879
1.877777778,1.563085344812488,0.31469243318751206,0.31469243318751206
4993.77,4935.408888888889,58.36111111111131,58.36111111111131
0.582272727,1.563085344812488,-0.980812617812488,0.980812617812488
9.507666667,6.225937468414633,3.281729198585367,3.281729198585367
3.77,1.563085344812488,2.206914655187512,2.206914655187512
0.651290323,1.563085344812488,-0.911795021812488,0.911795021812488
0.505,1.563085344812488,-1.058085344812488,1.058085344812488
0.839166667,1.563085344812488,-0.723918677812488,0.723918677812488
1.714444444,1.563085344812488,0.151359099187512,0.151359099187512
1.02,1.563085344812488,-0.5430853448124879,0.5430853448124879
20.62111111,22.860669299166663,-2.2395581891666616,2.2395581891666616
0.5458,1.563085344812488,-1.0172853448124881,1.0172853448124881
0.817037037,1.563085344812488,-0.746048307812488,0.746048307812488
0.8475,1.563085344812488,-0.7155853448124879,0.7155853448124879
0.9724,1.563085344812488,-0.5906853448124879,0.5906853448124879
3.981666667,1.563085344812488,2.418581322187512,2.418581322187512
10.1544,15.027901197857965,-4.873501197857964,4.873501197857964
5.950625,6.494657308971428,-0.5440323089714285,0.5440323089714285
0.773888889,1.563085344812488,-0.789196455812488,0.789196455812488
0.0,1.563085344812488,-1.563085344812488,1.563085344812488
1.003333333,1.563085344812488,-0.5597520118124879,0.5597520118124879
1.0,1.563085344812488,-0.563085344812488,0.563085344812488
5011.155,4935.408888888889,75.74611111111062,75.74611111111062
0.255,1.563085344812488,-1.308085344812488,1.308085344812488
1.232083333,1.563085344812488,-0.3310020118124879,0.3310020118124879
0.108571429,1.563085344812488,-1.454513915812488,1.454513915812488
1.545652174,1.563085344812488,-0.017433170812487964,0.017433170812487964
0.256666667,1.563085344812488,-1.306418677812488,1.306418677812488
0.9025,1.563085344812488,-0.660585344812488,0.660585344812488
0.899090909,1.563085344812488,-0.663994435812488,0.663994435812488
1.357142857,1.563085344812488,-0.20594248781248803,0.20594248781248803
0.193478261,1.563085344812488,-1.3696070838124879,1.3696070838124879
7.241428571,9.681046992228643,-2.4396184212286425,2.4396184212286425
3.389444444,1.563085344812488,1.826359099187512,1.826359099187512
0.250714286,1.563085344812488,-1.312371058812488,1.312371058812488
2.0885,1.563085344812488,0.5254146551875118,0.5254146551875118
1.9425,1.563085344812488,0.37941465518751194,0.37941465518751194
0.710434783,1.563085344812488,-0.852650561812488,0.852650561812488
18.40631579,19.953178654615385,-1.5468628646153846,1.5468628646153846
1.778,1.563085344812488,0.21491465518751207,0.21491465518751207
2.078333333,6.231987482240002,-4.153654149240002,4.153654149240002
92.69038462,91.10437738333334,1.58600723666666,1.58600723666666
0.923333333,1.563085344812488,-0.639752011812488,0.639752011812488
0.43,1.563085344812488,-1.133085344812488,1.133085344812488
2.234444444,1.563085344812488,0.6713590991875122,0.6713590991875122
1.3475,1.563085344812488,-0.21558534481248803,0.21558534481248803
1.155,1.563085344812488,-0.4080853448124879,0.4080853448124879
0.93,1.563085344812488,-0.6330853448124879,0.6330853448124879
1.158125,6.494657308971428,-5.336532308971428,5.336532308971428
1.644444444,1.563085344812488,0.08135909918751194,0.08135909918751194
0.505,1.563085344812488,-1.058085344812488,1.058085344812488
1.0155,1.563085344812488,-0.5475853448124879,0.5475853448124879
1.386470588,1.563085344812488,-0.17661475681248806,0.17661475681248806
0.74,1.563085344812488,-0.823085344812488,0.823085344812488
1.433,1.563085344812488,-0.1300853448124879,0.1300853448124879
2.131,1.563085344812488,0.5679146551875118,0.5679146551875118
0.914285714,1.563085344812488,-0.6487996308124879,0.6487996308124879
1.211666667,1.563085344812488,-0.3514186778124879,0.3514186778124879
12.85294118,6.494657308971428,6.358283871028572,6.358283871028572
0.949642857,1.563085344812488,-0.613442487812488,0.613442487812488
1.398,1.563085344812488,-0.16508534481248804,0.16508534481248804
82.35,52.9206755686436,29.42932443135639,29.42932443135639
1.232307692,1.563085344812488,-0.33077765281248794,0.33077765281248794
0.844745763,1.563085344812488,-0.7183395818124879,0.7183395818124879
0.19625,1.563085344812488,-1.366835344812488,1.366835344812488
0.85,1.563085344812488,-0.713085344812488,0.713085344812488
1.643333333,1.563085344812488,0.080247988187512,0.080247988187512
3.347037037,6.231987482240002,-2.8849504452400017,2.8849504452400017
0.493333333,1.563085344812488,-1.069752011812488,1.069752011812488
23.52454545,9.030486875028037,14.494058574971964,14.494058574971964
0.278275862,1.563085344812488,-1.2848094828124879,1.2848094828124879
2.086666667,1.563085344812488,0.5235813221875119,0.5235813221875119
0.571724138,1.563085344812488,-0.991361206812488,0.991361206812488
0.522,1.563085344812488,-1.041085344812488,1.041085344812488
0.995909091,1.563085344812488,-0.5671762538124879,0.5671762538124879
12.524,11.300836984059695,1.2231630159403046,1.2231630159403046
8.02,9.681046992228643,-1.661046992228643,1.661046992228643
0.726666667,1.563085344812488,-0.8364186778124879,0.8364186778124879
12.72,12.143343386000002,0.5766566139999991,0.5766566139999991
1.553684211,1.563085344812488,-0.009401133812487972,0.009401133812487972
21.46470588,15.602440629999998,5.862265250000002,5.862265250000002
1.63125,1.563085344812488,0.06816465518751214,0.06816465518751214
0.360625,1.563085344812488,-1.202460344812488,1.202460344812488
0.528181818,1.563085344812488,-1.034903526812488,1.034903526812488
1.96952381,1.563085344812488,0.40643846518751214,0.40643846518751214
2.11,6.231987482240002,-4.1219874822400016,4.1219874822400016
0.583703704,1.563085344812488,-0.9793816408124879,0.9793816408124879
11.22666667,1.563085344812488,9.663581325187511,9.663581325187511
2.36,1.563085344812488,0.7969146551875119,0.7969146551875119
0.661818182,1.563085344812488,-0.901267162812488,0.901267162812488
0.7325,1.563085344812488,-0.8305853448124879,0.8305853448124879
0.69875,1.563085344812488,-0.864335344812488,0.864335344812488
1.715238095,1.563085344812488,0.15215275018751195,0.15215275018751195
0.498,1.563085344812488,-1.065085344812488,1.065085344812488
0.385,1.563085344812488,-1.178085344812488,1.178085344812488
11.29588235,11.300836984059695,-0.0049546340596950955,0.0049546340596950955
0.498571429,1.563085344812488,-1.0645139158124879,1.0645139158124879
0.370526316,1.563085344812488,-1.1925590288124879,1.1925590288124879
0.835,1.563085344812488,-0.728085344812488,0.728085344812488
1.056666667,1.563085344812488,-0.506418677812488,0.506418677812488
1.608823529,1.563085344812488,0.045738184187511965,0.045738184187511965
7.385666667,15.027901197857965,-7.642234530857965,7.642234530857965
1.088181818,1.563085344812488,-0.47490352681248793,0.47490352681248793
1.508181818,1.563085344812488,-0.054903526812488,0.054903526812488
2.7368,1.563085344812488,1.1737146551875122,1.1737146551875122
0.634615385,1.563085344812488,-0.9284699598124879,0.9284699598124879
1.360289855,1.563085344812488,-0.20279548981248796,0.20279548981248796
0.301764706,1.563085344812488,-1.261320638812488,1.261320638812488
0.442,1.563085344812488,-1.121085344812488,1.121085344812488
0.772,1.563085344812488,-0.7910853448124879,0.7910853448124879
0.386451613,1.563085344812488,-1.176633731812488,1.176633731812488
2.7,1.563085344812488,1.1369146551875122,1.1369146551875122
0.593333333,1.563085344812488,-0.9697520118124879,0.9697520118124879
3.967,1.563085344812488,2.403914655187512,2.403914655187512
10.16783784,15.027901197857965,-4.860063357857964,4.860063357857964
4.191052632,1.563085344812488,2.627967287187512,2.627967287187512
21.084,15.027901197857965,6.056098802142035,6.056098802142035
1.739285714,1.563085344812488,0.17620036918751203,0.17620036918751203
0.78,1.563085344812488,-0.7830853448124879,0.7830853448124879
0.81,1.563085344812488,-0.7530853448124879,0.7530853448124879
1.06875,1.563085344812488,-0.49433534481248786,0.49433534481248786
0.977586207,1.563085344812488,-0.585499137812488,0.585499137812488
1.3575,1.563085344812488,-0.20558534481248802,0.20558534481248802
0.9875,1.563085344812488,-0.5755853448124879,0.5755853448124879
1.0,6.225937468414633,-5.225937468414633,5.225937468414633
0.847777778,1.563085344812488,-0.715307566812488,0.715307566812488
0.927413793,1.563085344812488,-0.6356715518124879,0.6356715518124879
0.47,1.563085344812488,-1.093085344812488,1.093085344812488
3.0,6.494657308971428,-3.494657308971428,3.494657308971428
31.0,23.89038461538462,7.109615384615381,7.109615384615381
2.58,1.563085344812488,1.0169146551875121,1.0169146551875121
12.08833333,11.300836984059695,0.7874963459403048,0.7874963459403048
0.93,1.563085344812488,-0.6330853448124879,0.6330853448124879
0.5125,1.563085344812488,-1.050585344812488,1.050585344812488
25.71,6.664726452321429,19.045273547678573,19.045273547678573
0.145,1.563085344812488,-1.418085344812488,1.418085344812488
0.3275,1.563085344812488,-1.2355853448124878,1.2355853448124878
1.004,1.563085344812488,-0.559085344812488,0.559085344812488
9.303333333,9.681046992228643,-0.3777136592286432,0.3777136592286432
0.813333333,1.563085344812488,-0.749752011812488,0.749752011812488
1.41,1.563085344812488,-0.15308534481248803,0.15308534481248803
1.168181818,1.563085344812488,-0.39490352681248786,0.39490352681248786
1.708333333,1.563085344812488,0.14524798818751194,0.14524798818751194
0.9,1.563085344812488,-0.6630853448124879,0.6630853448124879
5.57952381,6.231987482240002,-0.6524636722400015,0.6524636722400015
3.0,1.563085344812488,1.436914655187512,1.436914655187512
1.133333333,1.563085344812488,-0.429752011812488,0.429752011812488
1.13125,1.563085344812488,-0.43183534481248786,0.43183534481248786
1.324,1.563085344812488,-0.2390853448124879,0.2390853448124879
58.47166667,52.9206755686436,5.550991101356395,5.550991101356395
1.6425,1.563085344812488,0.07941465518751212,0.07941465518751212
2.327692308,1.563085344812488,0.7646069631875121,0.7646069631875121
6.312,1.563085344812488,4.748914655187512,4.748914655187512
1.85,1.563085344812488,0.28691465518751214,0.28691465518751214
0.705384615,1.563085344812488,-0.8577007298124879,0.8577007298124879
1.689130435,1.563085344812488,0.1260450901875121,0.1260450901875121
14.07352941,1.563085344812488,12.510444065187514,12.510444065187514
4.174090909,1.563085344812488,2.6110055641875123,2.6110055641875123
9.98,9.681046992228643,0.2989530077713578,0.2989530077713578
0.04625,1.563085344812488,-1.516835344812488,1.516835344812488
0.5225,1.563085344812488,-1.040585344812488,1.040585344812488
0.635652174,1.563085344812488,-0.927433170812488,0.927433170812488
1.194285714,1.563085344812488,-0.3687996308124879,0.3687996308124879
6.94,6.494657308971428,0.44534269102857227,0.44534269102857227
0.668928571,1.563085344812488,-0.8941567738124879,0.8941567738124879
1.495714286,1.563085344812488,-0.06737105881248806,0.06737105881248806
1.0,1.563085344812488,-0.563085344812488,0.563085344812488
15.37055556,14.885982151818181,0.48457340818181827,0.48457340818181827
0.5795,1.563085344812488,-0.9835853448124879,0.9835853448124879
0.977916667,1.563085344812488,-0.5851686778124879,0.5851686778124879
36.27592593,52.9206755686436,-16.644749638643603,16.644749638643603
0.90877193,1.563085344812488,-0.654313414812488,0.654313414812488
1.2325,1.563085344812488,-0.330585344812488,0.330585344812488
0.334166667,1.563085344812488,-1.228918677812488,1.228918677812488
12.70956522,9.030486875028037,3.6790783449719626,3.6790783449719626
1.008,1.563085344812488,-0.555085344812488,0.555085344812488
0.495,1.563085344812488,-1.0680853448124878,1.0680853448124878
8.391666667,9.681046992228643,-1.2893803252286418,1.2893803252286418
1.038461538,1.563085344812488,-0.524623806812488,0.524623806812488
0.797,1.563085344812488,-0.7660853448124879,0.7660853448124879
0.845555556,1.563085344812488,-0.717529788812488,0.717529788812488
0.37,1.563085344812488,-1.1930853448124878,1.1930853448124878
1.184411765,1.563085344812488,-0.37867357981248806,0.37867357981248806
4.797272727,1.563085344812488,3.2341873821875122,3.2341873821875122
0.3472,1.563085344812488,-1.215885344812488,1.215885344812488
1.06,1.563085344812488,-0.5030853448124879,0.5030853448124879
3.58547619,1.563085344812488,2.022390845187512,2.022390845187512
3.538888889,1.563085344812488,1.975803544187512,1.975803544187512
0.466153846,1.563085344812488,-1.0969314988124879,1.0969314988124879
22.459,6.494657308971428,15.964342691028572,15.964342691028572
0.62,1.563085344812488,-0.943085344812488,0.943085344812488
1.128181818,1.563085344812488,-0.4349035268124879,0.4349035268124879
1.221666667,1.563085344812488,-0.3414186778124879,0.3414186778124879
0.594285714,1.563085344812488,-0.968799630812488,0.968799630812488
13.28542857,15.027901197857965,-1.742472627857964,1.742472627857964
3.923636364,1.563085344812488,2.360551019187512,2.360551019187512
1.481538462,1.563085344812488,-0.0815468828124879,0.0815468828124879
0.684,1.563085344812488,-0.8790853448124879,0.8790853448124879
83.8575,52.9206755686436,30.9368244313564,30.9368244313564
1.666666667,1.563085344812488,0.10358132218751215,0.10358132218751215
2.975,1.563085344812488,1.4119146551875121,1.4119146551875121
0.188571429,1.563085344812488,-1.374513915812488,1.374513915812488
2.81,1.563085344812488,1.246914655187512,1.246914655187512
0.35125,1.563085344812488,-1.211835344812488,1.211835344812488
1.867142857,1.563085344812488,0.304057512187512,0.304057512187512
0.602222222,1.563085344812488,-0.960863122812488,0.960863122812488
1.383333333,1.563085344812488,-0.179752011812488,0.179752011812488
22.6352,23.493675654375,-0.858475654374999,0.858475654374999
0.782727273,1.563085344812488,-0.780358071812488,0.780358071812488
1.847777778,1.563085344812488,0.28469243318751203,0.28469243318751203
0.58,1.563085344812488,-0.983085344812488,0.983085344812488
2.081666667,1.563085344812488,0.518581322187512,0.518581322187512
1.0,1.563085344812488,-0.563085344812488,0.563085344812488
0.416842105,1.563085344812488,-1.146243239812488,1.146243239812488
0.291111111,1.563085344812488,-1.271974233812488,1.271974233812488
4.42,1.563085344812488,2.856914655187512,2.856914655187512
25.4704,23.493675654375,1.9767243456250014,1.9767243456250014
1.8,1.563085344812488,0.2369146551875121,0.2369146551875121
0.771666667,1.563085344812488,-0.791418677812488,0.791418677812488
11.27153846,11.300836984059695,-0.02929852405969413,0.02929852405969413
1.304375,1.563085344812488,-0.2587103448124879,0.2587103448124879
1.372068966,1.563085344812488,-0.1910163788124879,0.1910163788124879
1.386153846,1.563085344812488,-0.17693149881248793,0.17693149881248793
6.001,6.231987482240002,-0.23098748224000154,0.23098748224000154
0.602777778,1.563085344812488,-0.960307566812488,0.960307566812488
77.1065,80.9779339253846,-3.8714339253846077,3.8714339253846077
0.4825,1.563085344812488,-1.080585344812488,1.080585344812488
0.625,1.563085344812488,-0.938085344812488,0.938085344812488
24.42333333,9.681046992228643,14.742286337771356,14.742286337771356
0.324444444,1.563085344812488,-1.238640900812488,1.238640900812488
1.342105263,1.563085344812488,-0.22098008181248785,0.22098008181248785
0.602857143,1.563085344812488,-0.9602282018124879,0.9602282018124879
3.852,1.563085344812488,2.288914655187512,2.288914655187512
1.584736842,1.563085344812488,0.021651497187512136,0.021651497187512136
22.17956522,21.161445770045454,1.018119449954547,1.018119449954547
0.669130435,1.563085344812488,-0.8939549098124879,0.8939549098124879
1.03125,1.563085344812488,-0.531835344812488,0.531835344812488
3.493333333,1.563085344812488,1.9302479881875119,1.9302479881875119
0.94,1.563085344812488,-0.623085344812488,0.623085344812488
0.285,1.563085344812488,-1.278085344812488,1.278085344812488
0.81,1.563085344812488,-0.7530853448124879,0.7530853448124879
1.5,1.563085344812488,-0.06308534481248795,0.06308534481248795
0.4492,1.563085344812488,-1.113885344812488,1.113885344812488
3.0,1.563085344812488,1.436914655187512,1.436914655187512
12.43307692,9.681046992228643,2.752029927771357,2.752029927771357
1.0,1.563085344812488,-0.563085344812488,0.563085344812488
4164.715926,4439.166717666666,-274.4507916666662,274.4507916666662
0.282903226,1.563085344812488,-1.280182118812488,1.280182118812488
1.494285714,1.563085344812488,-0.06879963081248786,0.06879963081248786
5.77625,1.563085344812488,4.213164655187512,4.213164655187512
1.750769231,1.563085344812488,0.18768388618751208,0.18768388618751208
1.397777778,1.563085344812488,-0.16530756681248793,0.16530756681248793
13.78428571,15.027901197857965,-1.243615487857964,1.243615487857964
0.76,1.563085344812488,-0.803085344812488,0.803085344812488
1.480909091,1.563085344812488,-0.08217625381248794,0.08217625381248794
0.82,1.563085344812488,-0.743085344812488,0.743085344812488
1.815,1.563085344812488,0.251914655187512,0.251914655187512
2.168333333,1.563085344812488,0.6052479881875121,0.6052479881875121
1.333333333,1.563085344812488,-0.22975201181248806,0.22975201181248806
2.036818182,1.563085344812488,0.47373283718751225,0.47373283718751225
0.699333333,1.563085344812488,-0.863752011812488,0.863752011812488
6.102142857,11.300836984059695,-5.198694127059695,5.198694127059695
0.74,1.563085344812488,-0.823085344812488,0.823085344812488
5.828,1.563085344812488,4.264914655187512,4.264914655187512
1.933333333,1.563085344812488,0.37024798818751203,0.37024798818751203
0.414285714,1.563085344812488,-1.148799630812488,1.148799630812488
8.408,6.231987482240002,2.1760125177599976,2.1760125177599976
0.385,1.563085344812488,-1.178085344812488,1.178085344812488
0.827857143,1.563085344812488,-0.7352282018124879,0.7352282018124879
0.96,1.563085344812488,-0.603085344812488,0.603085344812488
75.25,60.458333333333336,14.791666666666664,14.791666666666664
0.745,1.563085344812488,-0.818085344812488,0.818085344812488
7.162857143,6.494657308971428,0.668199834028572,0.668199834028572
0.278181818,1.563085344812488,-1.284903526812488,1.284903526812488
1.076666667,1.563085344812488,-0.48641867781248793,0.48641867781248793
0.928421053,1.563085344812488,-0.634664291812488,0.634664291812488
4.3205,1.563085344812488,2.757414655187512,2.757414655187512
0.166206897,1.563085344812488,-1.396878447812488,1.396878447812488
4.343809524,1.563085344812488,2.780724179187512,2.780724179187512
6.209444444,1.563085344812488,4.646359099187512,4.646359099187512
1.0375,1.563085344812488,-0.5255853448124879,0.5255853448124879
7.506363636,1.563085344812488,5.943278291187512,5.943278291187512
1.240454545,1.563085344812488,-0.322630799812488,0.322630799812488
1.1916,1.563085344812488,-0.37148534481248796,0.37148534481248796
1.977777778,1.563085344812488,0.41469243318751214,0.41469243318751214
0.7,1.563085344812488,-0.863085344812488,0.863085344812488
1.775454545,1.563085344812488,0.21236920018751215,0.21236920018751215
1.022592593,1.563085344812488,-0.540492751812488,0.540492751812488
0.803333333,1.563085344812488,-0.759752011812488,0.759752011812488
16.7075,6.231987482240002,10.475512517759999,10.475512517759999
8.778275862,1.563085344812488,7.215190517187511,7.215190517187511
0.625384615,1.563085344812488,-0.937700729812488,0.937700729812488
0.55,1.563085344812488,-1.013085344812488,1.013085344812488
1.909230769,1.563085344812488,0.34614542418751215,0.34614542418751215
0.9432,1.563085344812488,-0.6198853448124879,0.6198853448124879
0.9,6.494657308971428,-5.594657308971428,5.594657308971428
0.550526316,1.563085344812488,-1.012559028812488,1.012559028812488
0.596875,1.563085344812488,-0.9662103448124879,0.9662103448124879
5.7176,15.027901197857965,-9.310301197857964,9.310301197857964
1.602222222,1.563085344812488,0.03913687718751202,0.03913687718751202
0.647777778,1.563085344812488,-0.9153075668124879,0.9153075668124879
2.231,1.563085344812488,0.6679146551875119,0.6679146551875119
0.896315789,1.563085344812488,-0.666769555812488,0.666769555812488
0.72559322,1.563085344812488,-0.8374921248124879,0.8374921248124879
0.665909091,1.563085344812488,-0.897176253812488,0.897176253812488
0.737916667,1.563085344812488,-0.8251686778124879,0.8251686778124879
0.860833333,1.563085344812488,-0.702252011812488,0.702252011812488
1.301785714,1.563085344812488,-0.26129963081248797,0.26129963081248797
1.644285714,1.563085344812488,0.08120036918751206,0.08120036918751206
1.441481481,1.563085344812488,-0.12160386381248789,0.12160386381248789
0.556363636,1.563085344812488,-1.006721708812488,1.006721708812488
0.633529412,1.563085344812488,-0.9295559328124879,0.9295559328124879
6.236666667,1.563085344812488,4.673581322187512,4.673581322187512
1.0455,1.563085344812488,-0.5175853448124879,0.5175853448124879
21.34230769,9.681046992228643,11.661260697771356,11.661260697771356
0.935,1.563085344812488,-0.6280853448124879,0.6280853448124879
0.77625,1.563085344812488,-0.786835344812488,0.786835344812488
75.33,78.66399999999999,-3.333999999999989,3.333999999999989
1.943478261,1.563085344812488,0.38039291618751214,0.38039291618751214
0.599166667,1.563085344812488,-0.963918677812488,0.963918677812488
1.256818182,1.563085344812488,-0.306267162812488,0.306267162812488
0.2825,1.563085344812488,-1.280585344812488,1.280585344812488
0.517142857,1.563085344812488,-1.0459424878124879,1.0459424878124879
5.938913043,11.300836984059695,-5.361923941059694,5.361923941059694
0.236666667,1.563085344812488,-1.326418677812488,1.326418677812488
30.195,21.161445770045454,9.033554229954547,9.033554229954547
1.509285714,1.563085344812488,-0.05379963081248795,0.05379963081248795
0.8765,1.563085344812488,-0.686585344812488,0.686585344812488
0.213333333,1.563085344812488,-1.349752011812488,1.349752011812488
0.633703704,1.563085344812488,-0.929381640812488,0.929381640812488
2.5508,1.563085344812488,0.9877146551875122,0.9877146551875122
0.484583333,1.563085344812488,-1.078502011812488,1.078502011812488
1.02625,1.563085344812488,-0.5368353448124878,0.5368353448124878
3.0,1.563085344812488,1.436914655187512,1.436914655187512
1.117272727,1.563085344812488,-0.44581261781248793,0.44581261781248793
1.511333333,1.563085344812488,-0.0517520118124879,0.0517520118124879
0.256153846,1.563085344812488,-1.3069314988124878,1.3069314988124878
3.415151515,1.563085344812488,1.8520661701875119,1.8520661701875119
0.635,1.563085344812488,-0.928085344812488,0.928085344812488
19.98210526,6.494657308971428,13.487447951028573,13.487447951028573
1.453870968,1.563085344812488,-0.10921437681248802,0.10921437681248802
2.293870968,1.563085344812488,0.7307856231875118,0.7307856231875118
0.732962963,1.563085344812488,-0.830122381812488,0.830122381812488
0.93,1.563085344812488,-0.6330853448124879,0.6330853448124879
0.585714286,1.563085344812488,-0.977371058812488,0.977371058812488
0.25,1.563085344812488,-1.313085344812488,1.313085344812488
5.897142857,6.494657308971428,-0.5975144519714277,0.5975144519714277
6.250869565,6.231987482240002,0.018882082759998475,0.018882082759998475
0.400344828,1.563085344812488,-1.162740516812488,1.162740516812488
0.979210526,1.563085344812488,-0.5838748188124879,0.5838748188124879
1.28,1.563085344812488,-0.2830853448124879,0.2830853448124879
1.08,1.563085344812488,-0.4830853448124879,0.4830853448124879
10.163,9.681046992228643,0.48195300777135763,0.48195300777135763
2.986086957,1.563085344812488,1.423001612187512,1.423001612187512
0.554489796,1.563085344812488,-1.008595548812488,1.008595548812488
5.8825,1.563085344812488,4.319414655187512,4.319414655187512
1.62,1.563085344812488,0.05691465518751215,0.05691465518751215
2.41,1.563085344812488,0.8469146551875122,0.8469146551875122
0.711111111,1.563085344812488,-0.8519742338124879,0.8519742338124879
45.97483871,60.74099506142857,-14.76615635142857,14.76615635142857
0.648666667,1.563085344812488,-0.914418677812488,0.914418677812488
1.908181818,1.563085344812488,0.34509647318751213,0.34509647318751213
2.883529412,1.563085344812488,1.3204440671875122,1.3204440671875122
2.62,1.563085344812488,1.0569146551875122,1.0569146551875122
1.7805,1.563085344812488,0.21741465518751202,0.21741465518751202
3.697272727,6.225937468414633,-2.5286647414146333,2.5286647414146333
1.1105,1.563085344812488,-0.4525853448124879,0.4525853448124879
2.411666667,1.563085344812488,0.848581322187512,0.848581322187512
0.41,1.563085344812488,-1.153085344812488,1.153085344812488
1.067916667,1.563085344812488,-0.49516867781248797,0.49516867781248797
4.63,9.681046992228643,-5.051046992228643,5.051046992228643
0.461538462,1.563085344812488,-1.101546882812488,1.101546882812488
43.71090909,52.9206755686436,-9.209766478643601,9.209766478643601
0.803684211,1.563085344812488,-0.759401133812488,0.759401133812488
4.095,1.563085344812488,2.531914655187512,2.531914655187512
0.73375,1.563085344812488,-0.8293353448124879,0.8293353448124879
0.1235,1.563085344812488,-1.439585344812488,1.439585344812488
0.795,1.563085344812488,-0.7680853448124879,0.7680853448124879
0.616896552,1.563085344812488,-0.9461887928124879,0.9461887928124879
12.485,1.563085344812488,10.92191465518751,10.92191465518751
10.72545455,10.906278938695653,-0.18082438869565287,0.18082438869565287
4.660952381,1.563085344812488,3.0978670361875125,3.0978670361875125
2.156666667,1.563085344812488,0.5935813221875121,0.5935813221875121
1.467272727,1.563085344812488,-0.09581261781248784,0.09581261781248784
1.29,1.563085344812488,-0.2730853448124879,0.2730853448124879
1.0,1.563085344812488,-0.563085344812488,0.563085344812488
2.168571429,1.563085344812488,0.605486084187512,0.605486084187512
2.9272,1.563085344812488,1.364114655187512,1.364114655187512
0.45,1.563085344812488,-1.113085344812488,1.113085344812488
4.94,1.563085344812488,3.3769146551875124,3.3769146551875124
1.156,1.563085344812488,-0.40708534481248804,0.40708534481248804
1.133333333,1.563085344812488,-0.429752011812488,0.429752011812488
0.66,1.563085344812488,-0.9030853448124879,0.9030853448124879
0.0,1.563085344812488,-1.563085344812488,1.563085344812488
0.375,1.563085344812488,-1.188085344812488,1.188085344812488
35.91833333,35.514307235,0.4040260950000061,0.4040260950000061
0.64,1.563085344812488,-0.9230853448124879,0.9230853448124879
1.095882353,1.563085344812488,-0.46720299181248803,0.46720299181248803
1.502222222,1.563085344812488,-0.060863122812487847,0.060863122812487847
1.002962963,1.563085344812488,-0.5601223818124879,0.5601223818124879
1.44,1.563085344812488,-0.123085344812488,0.123085344812488
11.5,6.225937468414633,5.274062531585367,5.274062531585367
1.50875,1.563085344812488,-0.05433534481248792,0.05433534481248792
1.760769231,1.563085344812488,0.1976838861875121,0.1976838861875121
1.1125,2.4685799755384616,-1.3560799755384616,1.3560799755384616
0.42875,1.563085344812488,-1.134335344812488,1.134335344812488
0.231304348,1.563085344812488,-1.3317809968124878,1.3317809968124878
15.5455,14.885982151818181,0.6595178481818191,0.6595178481818191
0.838676471,1.563085344812488,-0.724408873812488,0.724408873812488
0.386666667,1.563085344812488,-1.1764186778124879,1.1764186778124879
0.653636364,1.563085344812488,-0.9094489808124879,0.9094489808124879
1.3459375,1.563085344812488,-0.21714784481248794,0.21714784481248794
0.696842105,1.563085344812488,-0.866243239812488,0.866243239812488
0.823636364,1.563085344812488,-0.739448980812488,0.739448980812488
1.39,1.563085344812488,-0.17308534481248805,0.17308534481248805
1.08,1.563085344812488,-0.4830853448124879,0.4830853448124879
5.54375,11.300836984059695,-5.757086984059694,5.757086984059694
81.0915,91.05845664545453,-9.96695664545453,9.96695664545453
0.0,0.43250000000000005,-0.43250000000000005,0.43250000000000005
1.013333333,1.563085344812488,-0.5497520118124879,0.5497520118124879
1.078333333,1.563085344812488,-0.48475201181248795,0.48475201181248795
0.57,1.563085344812488,-0.993085344812488,0.993085344812488
0.465238095,1.563085344812488,-1.0978472498124878,1.0978472498124878
2.335909091,1.563085344812488,0.772823746187512,0.772823746187512
8.018181818,6.231987482240002,1.7861943357599985,1.7861943357599985
1.035,1.563085344812488,-0.528085344812488,0.528085344812488
8.714333333,15.027901197857965,-6.313567864857964,6.313567864857964
4.133571429,1.563085344812488,2.570486084187512,2.570486084187512
0.588695652,1.563085344812488,-0.974389692812488,0.974389692812488
7.288571429,9.681046992228643,-2.3924755632286425,2.3924755632286425
0.78,1.563085344812488,-0.7830853448124879,0.7830853448124879
1.080625,1.563085344812488,-0.482460344812488,0.482460344812488
0.603571429,1.563085344812488,-0.9595139158124879,0.9595139158124879
23.98133333,23.493675654375,0.4876576756249982,0.4876576756249982
2.7724,1.563085344812488,1.2093146551875122,1.2093146551875122
0.520714286,1.563085344812488,-1.042371058812488,1.042371058812488
8.331,6.231987482240002,2.0990125177599976,2.0990125177599976
0.421666667,1.563085344812488,-1.141418677812488,1.141418677812488
0.9875,1.563085344812488,-0.5755853448124879,0.5755853448124879
0.732222222,1.563085344812488,-0.830863122812488,0.830863122812488
7.255,1.563085344812488,5.691914655187512,5.691914655187512
0.8725,1.563085344812488,-0.6905853448124879,0.6905853448124879
0.7375,1.563085344812488,-0.8255853448124879,0.8255853448124879
13.76444444,7.801190476333333,5.963253963666667,5.963253963666667
1.7575,1.563085344812488,0.1944146551875121,0.1944146551875121
0.391818182,1.563085344812488,-1.171267162812488,1.171267162812488
0.85625,1.563085344812488,-0.706835344812488,0.706835344812488
0.31,1.563085344812488,-1.253085344812488,1.253085344812488
0.966,1.563085344812488,-0.597085344812488,0.597085344812488
3.55,1.563085344812488,1.9869146551875119,1.9869146551875119
0.585217391,1.563085344812488,-0.9778679538124879,0.9778679538124879
1.773333333,1.563085344812488,0.2102479881875121,0.2102479881875121
0.4475,1.563085344812488,-1.115585344812488,1.115585344812488
7.283125,9.681046992228643,-2.3979219922286426,2.3979219922286426
2.835,1.563085344812488,1.271914655187512,1.271914655187512
1.450833333,6.494657308971428,-5.043823975971428,5.043823975971428
0.74,1.563085344812488,-0.823085344812488,0.823085344812488
1.948571429,1.563085344812488,0.38548608418751207,0.38548608418751207
1.457272727,1.563085344812488,-0.10581261781248785,0.10581261781248785
1.1875,1.563085344812488,-0.37558534481248795,0.37558534481248795
0.236666667,1.563085344812488,-1.326418677812488,1.326418677812488
1.884827586,1.563085344812488,0.32174224118751216,0.32174224118751216
1.603636364,1.563085344812488,0.04055101918751203,0.04055101918751203
0.594444444,1.563085344812488,-0.968640900812488,0.968640900812488
0.3416,1.563085344812488,-1.2214853448124878,1.2214853448124878
48.145,52.9206755686436,-4.775675568643599,4.775675568643599
0.7376,1.563085344812488,-0.8254853448124879,0.8254853448124879
1.304583333,1.563085344812488,-0.2585020118124879,0.2585020118124879
1.302727273,1.563085344812488,-0.26035807181248805,0.26035807181248805
0.9764,1.563085344812488,-0.5866853448124879,0.5866853448124879
0.733076923,1.563085344812488,-0.8300084218124879,0.8300084218124879
0.834545455,1.563085344812488,-0.728539889812488,0.728539889812488
3.16,1.563085344812488,1.5969146551875122,1.5969146551875122
4.663913043,1.563085344812488,3.100827698187512,3.100827698187512
0.495,1.563085344812488,-1.0680853448124878,1.0680853448124878
0.690967742,1.563085344812488,-0.872117602812488,0.872117602812488
0.458148148,1.563085344812488,-1.104937196812488,1.104937196812488
2.096666667,1.563085344812488,0.5335813221875121,0.5335813221875121
0.35,1.563085344812488,-1.2130853448124879,1.2130853448124879
2.378,1.563085344812488,0.8149146551875122,0.8149146551875122
19.705,6.494657308971428,13.21034269102857,13.21034269102857
1.051764706,1.563085344812488,-0.511320638812488,0.511320638812488
2.528,1.563085344812488,0.9649146551875121,0.9649146551875121
0.832962963,1.563085344812488,-0.730122381812488,0.730122381812488
0.813333333,1.563085344812488,-0.749752011812488,0.749752011812488
6.07,6.494657308971428,-0.42465730897142784,0.42465730897142784
16.65909091,14.885982151818181,1.7731087581818183,1.7731087581818183
0.467,1.563085344812488,-1.0960853448124879,1.0960853448124879
0.680740741,1.563085344812488,-0.8823446038124879,0.8823446038124879
3.258571429,6.494657308971428,-3.2360858799714283,3.2360858799714283
1.5675,1.563085344812488,0.00441465518751194,0.00441465518751194
0.470454545,1.563085344812488,-1.092630799812488,1.092630799812488
0.318181818,1.563085344812488,-1.244903526812488,1.244903526812488
4.596666667,1.563085344812488,3.033581322187512,3.033581322187512
3.015,9.522489545400001,-6.5074895454,6.5074895454
1.20125,1.563085344812488,-0.361835344812488,0.361835344812488
1.0,1.563085344812488,-0.563085344812488,0.563085344812488
0.249333333,1.563085344812488,-1.313752011812488,1.313752011812488
0.556666667,1.563085344812488,-1.006418677812488,1.006418677812488
1.47625,1.563085344812488,-0.08683534481248789,0.08683534481248789
0.985,1.563085344812488,-0.578085344812488,0.578085344812488
0.501666667,1.563085344812488,-1.061418677812488,1.061418677812488
5.802727273,1.563085344812488,4.239641928187512,4.239641928187512
0.976428571,1.563085344812488,-0.5866567738124879,0.5866567738124879
0.962222222,1.563085344812488,-0.600863122812488,0.600863122812488
1.123636364,1.563085344812488,-0.43944898081248795,0.43944898081248795
2.066842105,1.563085344812488,0.5037567601875121,0.5037567601875121
0.402857143,1.563085344812488,-1.160228201812488,1.160228201812488
0.368181818,1.563085344812488,-1.194903526812488,1.194903526812488
9.466666667,6.231987482240002,3.2346791847599983,3.2346791847599983
2.288,6.494657308971428,-4.206657308971428,4.206657308971428
0.97,1.563085344812488,-0.593085344812488,0.593085344812488
0.69,1.563085344812488,-0.873085344812488,0.873085344812488
0.307777778,1.563085344812488,-1.255307566812488,1.255307566812488
0.877142857,1.563085344812488,-0.6859424878124879,0.6859424878124879
2.042857143,1.563085344812488,0.47977179818751203,0.47977179818751203
3.6,6.225937468414633,-2.6259374684146333,2.6259374684146333
0.176666667,1.563085344812488,-1.3864186778124878,1.3864186778124878
0.521111111,1.563085344812488,-1.041974233812488,1.041974233812488
1.450740741,1.563085344812488,-0.11234460381248801,0.11234460381248801
20.17047619,19.953178654615385,0.21729753538461338,0.21729753538461338
0.272272727,1.563085344812488,-1.290812617812488,1.290812617812488
1.5,1.563085344812488,-0.06308534481248795,0.06308534481248795
1.244,1.563085344812488,-0.31908534481248796,0.31908534481248796
3.717894737,6.494657308971428,-2.776762571971428,2.776762571971428
0.801875,1.563085344812488,-0.761210344812488,0.761210344812488
1.024444444,1.563085344812488,-0.5386409008124879,0.5386409008124879
0.578387097,1.563085344812488,-0.9846982478124879,0.9846982478124879
0.686923077,1.563085344812488,-0.876162267812488,0.876162267812488
1.109166667,1.563085344812488,-0.45391867781248796,0.45391867781248796
0.826923077,1.563085344812488,-0.736162267812488,0.736162267812488
1.521666667,1.563085344812488,-0.04141867781248787,0.04141867781248787
2.61,1.563085344812488,1.046914655187512,1.046914655187512
1.1768,1.563085344812488,-0.3862853448124879,0.3862853448124879
0.9625,1.563085344812488,-0.6005853448124879,0.6005853448124879
0.243846154,1.563085344812488,-1.3192391908124879,1.3192391908124879
1.353333333,6.494657308971428,-5.141323975971428,5.141323975971428
0.203703704,1.563085344812488,-1.359381640812488,1.359381640812488
1.286666667,1.563085344812488,-0.27641867781248797,0.27641867781248797
0.331428571,1.563085344812488,-1.231656773812488,1.231656773812488
1.038421053,1.563085344812488,-0.524664291812488,0.524664291812488
0.836,1.563085344812488,-0.727085344812488,0.727085344812488
1.929166667,1.563085344812488,0.3660813221875121,0.3660813221875121
76.31571429,80.9779339253846,-4.662219635384602,4.662219635384602
0.201904762,1.563085344812488,-1.3611805828124879,1.3611805828124879
5.253846154,1.563085344812488,3.6907608091875117,3.6907608091875117
28.00928571,35.514307235,-7.5050215249999965,7.5050215249999965
0.8034375,1.563085344812488,-0.7596478448124879,0.7596478448124879
1.604,1.563085344812488,0.04091465518751214,0.04091465518751214
1.0,1.563085344812488,-0.563085344812488,0.563085344812488
0.703636364,1.563085344812488,-0.859448980812488,0.859448980812488
1.374,1.563085344812488,-0.18908534481248784,0.18908534481248784
0.576428571,1.563085344812488,-0.986656773812488,0.986656773812488
2.446428571,1.563085344812488,0.8833432261875123,0.8833432261875123
1.7775,1.563085344812488,0.21441465518751213,0.21441465518751213
0.946216216,1.563085344812488,-0.6168691288124879,0.6168691288124879
9.679090909,9.681046992228643,-0.0019560832286433794,0.0019560832286433794
5.602272727,1.563085344812488,4.039187382187512,4.039187382187512
1.477272727,1.563085344812488,-0.08581261781248806,0.08581261781248806
0.68625,1.563085344812488,-0.8768353448124879,0.8768353448124879
0.7875,1.563085344812488,-0.775585344812488,0.775585344812488
3.611785714,1.563085344812488,2.048700369187512,2.048700369187512
0.042857143,1.563085344812488,-1.520228201812488,1.520228201812488
0.072727273,1.563085344812488,-1.490358071812488,1.490358071812488
1.248181818,1.563085344812488,-0.314903526812488,0.314903526812488
0.469090909,1.563085344812488,-1.093994435812488,1.093994435812488
18.37333333,15.602440629999998,2.7708927000000028,2.7708927000000028
0.6525,1.563085344812488,-0.910585344812488,0.910585344812488
3.848333333,1.563085344812488,2.285247988187512,2.285247988187512
3.803636364,1.563085344812488,2.240551019187512,2.240551019187512
0.6296,1.563085344812488,-0.9334853448124879,0.9334853448124879
1.211071429,1.563085344812488,-0.352013915812488,0.352013915812488
1.0,1.563085344812488,-0.563085344812488,0.563085344812488
0.118,1.563085344812488,-1.445085344812488,1.445085344812488
0.36,1.563085344812488,-1.203085344812488,1.203085344812488
0.43875,1.563085344812488,-1.124335344812488,1.124335344812488
0.66,1.563085344812488,-0.9030853448124879,0.9030853448124879
0.609285714,1.563085344812488,-0.953799630812488,0.953799630812488
1.56,1.563085344812488,-0.0030853448124879,0.0030853448124879
0.775555556,1.563085344812488,-0.7875297888124879,0.7875297888124879
0.66,1.563085344812488,-0.9030853448124879,0.9030853448124879
0.904545455,1.563085344812488,-0.6585398898124879,0.6585398898124879
11.95545455,9.681046992228643,2.274407557771358,2.274407557771358
0.475,1.563085344812488,-1.0880853448124879,1.0880853448124879
4.94875,9.681046992228643,-4.732296992228642,4.732296992228642
61.44,52.9206755686436,8.519324431356395,8.519324431356395
0.637,1.563085344812488,-0.9260853448124879,0.9260853448124879
1.09,1.563085344812488,-0.4730853448124879,0.4730853448124879
0.631666667,1.563085344812488,-0.931418677812488,0.931418677812488
3.745714286,6.225937468414633,-2.4802231824146332,2.4802231824146332
0.68,1.563085344812488,-0.8830853448124879,0.8830853448124879
85.75,75.176,10.573999999999998,10.573999999999998
2.205714286,1.60356555556,0.6021487304400002,0.6021487304400002
0.6,1.563085344812488,-0.963085344812488,0.963085344812488
1.81,1.563085344812488,0.2469146551875121,0.2469146551875121
0.92375,1.563085344812488,-0.639335344812488,0.639335344812488
0.27,1.563085344812488,-1.293085344812488,1.293085344812488
0.82,1.563085344812488,-0.743085344812488,0.743085344812488
1.33875,1.563085344812488,-0.22433534481248785,0.22433534481248785
0.951818182,1.563085344812488,-0.6112671628124879,0.6112671628124879
26.21611111,21.161445770045454,5.054665339954546,5.054665339954546
0.982857143,1.563085344812488,-0.5802282018124879,0.5802282018124879
0.485,1.563085344812488,-1.078085344812488,1.078085344812488
0.5,1.563085344812488,-1.063085344812488,1.063085344812488
1.219375,1.563085344812488,-0.34371034481248786,0.34371034481248786
0.438888889,1.563085344812488,-1.124196455812488,1.124196455812488
0.817142857,1.563085344812488,-0.745942487812488,0.745942487812488
0.6325,1.563085344812488,-0.930585344812488,0.930585344812488
1.01,1.563085344812488,-0.553085344812488,0.553085344812488
0.207142857,1.563085344812488,-1.355942487812488,1.355942487812488
1.654375,1.563085344812488,0.09128965518751198,0.09128965518751198
0.956363636,1.563085344812488,-0.606721708812488,0.606721708812488
1.73,1.563085344812488,0.16691465518751203,0.16691465518751203
5.5225,6.494657308971428,-0.9721573089714282,0.9721573089714282
12.7775,11.300836984059695,1.4766630159403054,1.4766630159403054
0.6,1.563085344812488,-0.963085344812488,0.963085344812488
1.856923077,1.563085344812488,0.2938377321875121,0.2938377321875121
0.995,1.563085344812488,-0.568085344812488,0.568085344812488
0.669130435,1.563085344812488,-0.8939549098124879,0.8939549098124879
1.147142857,1.563085344812488,-0.415942487812488,0.415942487812488
16.57,16.695736252222225,-0.12573625222222518,0.12573625222222518
3.585,1.563085344812488,2.021914655187512,2.021914655187512
0.279111111,1.563085344812488,-1.283974233812488,1.283974233812488
10.60275862,6.494657308971428,4.108101311028571,4.108101311028571
52.375,52.9206755686436,-0.5456755686436026,0.5456755686436026
0.71047619,1.563085344812488,-0.852609154812488,0.852609154812488
0.34625,1.563085344812488,-1.216835344812488,1.216835344812488
0.25,1.563085344812488,-1.313085344812488,1.313085344812488
0.583333333,1.563085344812488,-0.9797520118124879,0.9797520118124879
0.639230769,1.563085344812488,-0.923854575812488,0.923854575812488
0.52,1.563085344812488,-1.043085344812488,1.043085344812488
1.7625,1.563085344812488,0.199414655187512,0.199414655187512
0.2196,1.563085344812488,-1.343485344812488,1.343485344812488
0.530909091,1.563085344812488,-1.032176253812488,1.032176253812488
10.06,9.681046992228643,0.3789530077713579,0.3789530077713579
0.224444444,1.563085344812488,-1.338640900812488,1.338640900812488
0.429615385,1.563085344812488,-1.133469959812488,1.133469959812488
0.543333333,1.563085344812488,-1.0197520118124879,1.0197520118124879
5.0,6.231987482240002,-1.2319874822400019,1.2319874822400019
1.98,1.563085344812488,0.41691465518751203,0.41691465518751203
1.225625,1.563085344812488,-0.337460344812488,0.337460344812488
1.601428571,1.563085344812488,0.03834322618751207,0.03834322618751207
20.86636364,22.860669299166663,-1.9943056591666632,1.9943056591666632
1.032,1.563085344812488,-0.5310853448124879,0.5310853448124879
0.970909091,1.563085344812488,-0.592176253812488,0.592176253812488
1.440625,1.563085344812488,-0.12246034481248791,0.12246034481248791
1.512,1.563085344812488,-0.05108534481248794,0.05108534481248794
25.09052632,19.953178654615385,5.137347665384613,5.137347665384613
1.1125,1.563085344812488,-0.4505853448124879,0.4505853448124879
0.505555556,1.563085344812488,-1.057529788812488,1.057529788812488
1.491363636,1.563085344812488,-0.07172170881248796,0.07172170881248796
1.282,1.563085344812488,-0.2810853448124879,0.2810853448124879
1.53,1.563085344812488,-0.03308534481248793,0.03308534481248793
0.781666667,1.563085344812488,-0.781418677812488,0.781418677812488
0.879565217,1.563085344812488,-0.6835201278124879,0.6835201278124879
2.684545455,1.563085344812488,1.121460110187512,1.121460110187512
1.690833333,1.563085344812488,0.1277479881875121,0.1277479881875121
0.944444444,1.563085344812488,-0.6186409008124879,0.6186409008124879
0.351,1.563085344812488,-1.212085344812488,1.212085344812488
2.286666667,1.563085344812488,0.723581322187512,0.723581322187512
0.73625,1.563085344812488,-0.826835344812488,0.826835344812488
1.296363636,1.563085344812488,-0.266721708812488,0.266721708812488
5.191111111,9.681046992228643,-4.489935881228643,4.489935881228643
1.144642857,1.563085344812488,-0.41844248781248794,0.41844248781248794
1.28,1.563085344812488,-0.2830853448124879,0.2830853448124879
0.445833333,1.563085344812488,-1.117252011812488,1.117252011812488
0.733333333,1.563085344812488,-0.8297520118124879,0.8297520118124879
13.81285714,52.9206755686436,-39.107818428643604,39.107818428643604
0.475384615,1.563085344812488,-1.0877007298124879,1.0877007298124879
0.793076923,1.563085344812488,-0.770008421812488,0.770008421812488
10.674,9.030486875028037,1.6435131249719621,1.6435131249719621
4.241764706,1.563085344812488,2.6786793611875117,2.6786793611875117
0.229333333,1.563085344812488,-1.333752011812488,1.333752011812488
0.975333333,1.563085344812488,-0.5877520118124879,0.5877520118124879
0.722,1.563085344812488,-0.841085344812488,0.841085344812488
0.346041667,1.563085344812488,-1.217043677812488,1.217043677812488
2.928181818,1.563085344812488,1.3650964731875121,1.3650964731875121
1.032222222,1.563085344812488,-0.530863122812488,0.530863122812488
6.31,1.563085344812488,4.746914655187512,4.746914655187512
1.009583333,1.563085344812488,-0.553502011812488,0.553502011812488
13.33404255,9.681046992228643,3.652995557771357,3.652995557771357
0.9375,1.563085344812488,-0.625585344812488,0.625585344812488
0.341875,1.563085344812488,-1.221210344812488,1.221210344812488
0.8,1.563085344812488,-0.7630853448124879,0.7630853448124879
0.502,1.563085344812488,-1.061085344812488,1.061085344812488
1.851754386,1.563085344812488,0.28866904118751213,0.28866904118751213
0.61,1.563085344812488,-0.953085344812488,0.953085344812488
0.575294118,1.563085344812488,-0.987791226812488,0.987791226812488
2.178947368,1.563085344812488,0.6158620231875123,0.6158620231875123
0.222307692,1.563085344812488,-1.340777652812488,1.340777652812488
3.286521739,1.563085344812488,1.723436394187512,1.723436394187512
0.537692308,1.563085344812488,-1.025393036812488,1.025393036812488
4.67,9.681046992228643,-5.011046992228643,5.011046992228643
0.312708333,1.563085344812488,-1.250377011812488,1.250377011812488
0.33,1.563085344812488,-1.2330853448124879,1.2330853448124879
2.57,1.563085344812488,1.0069146551875119,1.0069146551875119
11.36285714,10.906278938695653,0.456578201304346,0.456578201304346
30.82,52.9206755686436,-22.100675568643602,22.100675568643602
11.8,6.494657308971428,5.305342691028573,5.305342691028573
1.50125,1.563085344812488,-0.06183534481248798,0.06183534481248798
0.845925926,1.563085344812488,-0.7171594188124879,0.7171594188124879
0.346521739,1.563085344812488,-1.216563605812488,1.216563605812488
0.2375,1.563085344812488,-1.325585344812488,1.325585344812488
0.64173913,1.563085344812488,-0.9213462148124879,0.9213462148124879
2.425,1.563085344812488,0.8619146551875119,0.8619146551875119
1.197586207,1.563085344812488,-0.3654991378124879,0.3654991378124879
1.194736842,6.494657308971428,-5.299920466971428,5.299920466971428
0.374,1.563085344812488,-1.1890853448124878,1.1890853448124878
1.11,1.563085344812488,-0.45308534481248786,0.45308534481248786
10.75538462,1.563085344812488,9.192299275187512,9.192299275187512
0.668095238,1.563085344812488,-0.8949901068124879,0.8949901068124879
0.32,1.563085344812488,-1.243085344812488,1.243085344812488
1.104545455,1.563085344812488,-0.45853988981248794,0.45853988981248794
0.294285714,1.563085344812488,-1.268799630812488,1.268799630812488
0.35,1.563085344812488,-1.2130853448124879,1.2130853448124879
33.11285714,1.563085344812488,31.549771795187514,31.549771795187514
1.8225,1.563085344812488,0.25941465518751206,0.25941465518751206
0.58,1.563085344812488,-0.983085344812488,0.983085344812488
0.9456,1.563085344812488,-0.617485344812488,0.617485344812488
1.799444444,6.494657308971428,-4.695212864971428,4.695212864971428
9.342727273,1.563085344812488,7.7796419281875115,7.7796419281875115
0.42952381,1.563085344812488,-1.133561534812488,1.133561534812488
0.239375,1.563085344812488,-1.323710344812488,1.323710344812488
0.666333333,1.563085344812488,-0.896752011812488,0.896752011812488
0.3625,1.563085344812488,-1.200585344812488,1.200585344812488
0.215555556,1.563085344812488,-1.347529788812488,1.347529788812488
0.746153846,1.563085344812488,-0.8169314988124879,0.8169314988124879
0.425689655,1.563085344812488,-1.137395689812488,1.137395689812488
0.145,1.563085344812488,-1.418085344812488,1.418085344812488
1.81125,1.563085344812488,0.24816465518751207,0.24816465518751207
12.98,9.681046992228643,3.298953007771358,3.298953007771358
13.15894737,1.563085344812488,11.595862025187511,11.595862025187511
0.633913043,1.563085344812488,-0.929172301812488,0.929172301812488
0.464,1.563085344812488,-1.099085344812488,1.099085344812488
0.591034483,1.563085344812488,-0.9720508618124879,0.9720508618124879
0.437307692,1.563085344812488,-1.1257776528124879,1.1257776528124879
0.218571429,1.563085344812488,-1.344513915812488,1.344513915812488
3.134642857,1.563085344812488,1.5715575121875118,1.5715575121875118
0.454166667,1.563085344812488,-1.108918677812488,1.108918677812488
42.13096774,36.35200195,5.778965790000001,5.778965790000001
1.0,1.563085344812488,-0.563085344812488,0.563085344812488
0.40625,1.563085344812488,-1.156835344812488,1.156835344812488
13.93277778,11.300836984059695,2.631940795940306,2.631940795940306
2.48,1.563085344812488,0.916914655187512,0.916914655187512
48.04833333,44.58286807428572,3.465465255714278,3.465465255714278
0.924,1.563085344812488,-0.6390853448124879,0.6390853448124879
0.812,1.563085344812488,-0.7510853448124879,0.7510853448124879
11.718,6.225937468414633,5.492062531585367,5.492062531585367
0.484285714,1.563085344812488,-1.078799630812488,1.078799630812488
0.887222222,1.563085344812488,-0.675863122812488,0.675863122812488
13.51289474,9.681046992228643,3.8318477477713575,3.8318477477713575
0.186,1.563085344812488,-1.377085344812488,1.377085344812488
1.509032258,1.563085344812488,-0.054053086812487994,0.054053086812487994
0.261666667,1.563085344812488,-1.3014186778124879,1.3014186778124879
0.230909091,1.563085344812488,-1.332176253812488,1.332176253812488
2.080952381,1.563085344812488,0.517867036187512,0.517867036187512
16.25875,1.563085344812488,14.69566465518751,14.69566465518751
7.4525,9.681046992228643,-2.228546992228643,2.228546992228643
0.993888889,1.563085344812488,-0.5691964558124879,0.5691964558124879
8.184444444,1.563085344812488,6.621359099187512,6.621359099187512
0.93375,1.563085344812488,-0.629335344812488,0.629335344812488
11.70933333,9.681046992228643,2.028286337771357,2.028286337771357
0.542,1.563085344812488,-1.021085344812488,1.021085344812488
1.12,1.563085344812488,-0.44308534481248785,0.44308534481248785
0.95,1.563085344812488,-0.613085344812488,0.613085344812488
0.280714286,1.563085344812488,-1.282371058812488,1.282371058812488
0.357142857,1.563085344812488,-1.205942487812488,1.205942487812488
77.12619048,80.9779339253846,-3.8517434453845993,3.8517434453845993
0.118360656,1.563085344812488,-1.444724688812488,1.444724688812488
0.241428571,1.563085344812488,-1.321656773812488,1.321656773812488
1.627,1.563085344812488,0.06391465518751205,0.06391465518751205
0.688888889,1.563085344812488,-0.874196455812488,0.874196455812488
0.59,1.563085344812488,-0.973085344812488,0.973085344812488
0.351538462,1.563085344812488,-1.211546882812488,1.211546882812488
0.71,1.563085344812488,-0.853085344812488,0.853085344812488
1.02,1.563085344812488,-0.5430853448124879,0.5430853448124879
20.80111111,16.695736252222225,4.105374857777775,4.105374857777775
1.942244898,1.563085344812488,0.37915955318751204,0.37915955318751204
6.455714286,1.563085344812488,4.892628941187512,4.892628941187512
31.65611111,15.027901197857965,16.628209912142037,16.628209912142037
0.466666667,1.563085344812488,-1.096418677812488,1.096418677812488
2.796896552,1.563085344812488,1.2338112071875122,1.2338112071875122
1.060909091,1.563085344812488,-0.5021762538124879,0.5021762538124879
1.499333333,1.563085344812488,-0.06375201181248791,0.06375201181248791
0.4775,1.563085344812488,-1.085585344812488,1.085585344812488
0.58,1.563085344812488,-0.983085344812488,0.983085344812488
0.6375,1.563085344812488,-0.925585344812488,0.925585344812488
0.805,1.563085344812488,-0.7580853448124879,0.7580853448124879
2.3525,1.563085344812488,0.7894146551875121,0.7894146551875121
0.475,1.563085344812488,-1.0880853448124879,1.0880853448124879
1.0,1.563085344812488,-0.563085344812488,0.563085344812488
0.356666667,1.563085344812488,-1.206418677812488,1.206418677812488
0.823333333,1.563085344812488,-0.739752011812488,0.739752011812488
2.637857143,1.563085344812488,1.0747717981875122,1.0747717981875122
2.951428571,6.494657308971428,-3.543228737971428,3.543228737971428
0.4992,1.563085344812488,-1.0638853448124879,1.0638853448124879
1.202857143,1.563085344812488,-0.36022820181248805,0.36022820181248805
3.1396,1.563085344812488,1.5765146551875122,1.5765146551875122
0.722173913,1.563085344812488,-0.840911431812488,0.840911431812488
0.218333333,1.563085344812488,-1.344752011812488,1.344752011812488
1.42,1.563085344812488,-0.14308534481248802,0.14308534481248802
0.471111111,1.563085344812488,-1.091974233812488,1.091974233812488
0.608,1.563085344812488,-0.955085344812488,0.955085344812488
1.0,1.563085344812488,-0.563085344812488,0.563085344812488
0.493,1.563085344812488,-1.070085344812488,1.070085344812488
0.246875,1.563085344812488,-1.316210344812488,1.316210344812488
0.816666667,1.563085344812488,-0.7464186778124879,0.7464186778124879
0.405217391,1.563085344812488,-1.157867953812488,1.157867953812488
57.58454545,52.9206755686436,4.663869881356398,4.663869881356398
2.426428571,1.563085344812488,0.8633432261875122,0.8633432261875122
1.086666667,1.563085344812488,-0.4764186778124879,0.4764186778124879
8.895,9.681046992228643,-0.786046992228643,0.786046992228643
11.48692308,6.225937468414633,5.260985611585367,5.260985611585367
0.568,1.563085344812488,-0.995085344812488,0.995085344812488
0.853333333,1.563085344812488,-0.7097520118124879,0.7097520118124879
0.335,1.563085344812488,-1.228085344812488,1.228085344812488
1.4075,1.563085344812488,-0.15558534481248798,0.15558534481248798
0.734473684,1.563085344812488,-0.8286116608124879,0.8286116608124879
47.765,47.997613636363646,-0.23261363636364507,0.23261363636364507
0.38,1.563085344812488,-1.183085344812488,1.183085344812488
8.47,9.681046992228643,-1.211046992228642,1.211046992228642
2.0,1.563085344812488,0.43691465518751205,0.43691465518751205
0.651111111,1.563085344812488,-0.911974233812488,0.911974233812488
0.603333333,1.563085344812488,-0.9597520118124879,0.9597520118124879
1.301764706,1.563085344812488,-0.261320638812488,0.261320638812488
0.0,1.563085344812488,-1.563085344812488,1.563085344812488
0.521666667,1.563085344812488,-1.041418677812488,1.041418677812488
32.50806452,35.514307235,-3.006242714999999,3.006242714999999
2.107536232,1.563085344812488,0.5444508871875122,0.5444508871875122
8.145,1.563085344812488,6.581914655187512,6.581914655187512
1.346666667,6.494657308971428,-5.147990641971428,5.147990641971428
0.483333333,1.563085344812488,-1.079752011812488,1.079752011812488
0.445454545,1.563085344812488,-1.117630799812488,1.117630799812488
1.5375,1.563085344812488,-0.025585344812487865,0.025585344812487865
4.508,1.563085344812488,2.944914655187512,2.944914655187512
0.767368421,1.563085344812488,-0.7957169238124879,0.7957169238124879
0.969166667,1.563085344812488,-0.593918677812488,0.593918677812488
4974.045,4935.408888888889,38.63611111111095,38.63611111111095
0.491428571,1.563085344812488,-1.071656773812488,1.071656773812488
0.573913043,1.563085344812488,-0.9891723018124879,0.9891723018124879
0.639375,1.563085344812488,-0.9237103448124879,0.9237103448124879
1.13,1.563085344812488,-0.43308534481248806,0.43308534481248806
0.21,1.563085344812488,-1.353085344812488,1.353085344812488
7.9475,1.563085344812488,6.384414655187512,6.384414655187512
6.275,9.681046992228643,-3.4060469922286423,3.4060469922286423
2.596666667,1.563085344812488,1.033581322187512,1.033581322187512
0.64,1.563085344812488,-0.9230853448124879,0.9230853448124879
6.605714286,6.494657308971428,0.11105697702857231,0.11105697702857231
0.0,1.563085344812488,-1.563085344812488,1.563085344812488
0.714285714,1.563085344812488,-0.848799630812488,0.848799630812488
75.31714286,62.458975643800024,12.85816721619998,12.85816721619998
8.33,1.563085344812488,6.766914655187512,6.766914655187512
1.05,1.563085344812488,-0.5130853448124879,0.5130853448124879
5.947173913,11.300836984059695,-5.353663071059694,5.353663071059694
0.765,1.563085344812488,-0.7980853448124879,0.7980853448124879
0.749,1.563085344812488,-0.814085344812488,0.814085344812488
0.56,1.563085344812488,-1.003085344812488,1.003085344812488
0.672307692,1.563085344812488,-0.890777652812488,0.890777652812488
0.656666667,1.563085344812488,-0.906418677812488,0.906418677812488
7.2075,9.030486875028037,-1.8229868750280378,1.8229868750280378
0.852142857,1.563085344812488,-0.7109424878124879,0.7109424878124879
1.7325,1.563085344812488,0.16941465518751198,0.16941465518751198
2.63047619,1.563085344812488,1.067390845187512,1.067390845187512
69.62148148,62.458975643800024,7.162505836199976,7.162505836199976
1.983333333,6.494657308971428,-4.511323975971428,4.511323975971428
0.153846154,1.563085344812488,-1.409239190812488,1.409239190812488
8.33,6.231987482240002,2.098012517759998,2.098012517759998
10.31714286,10.906278938695653,-0.5891360786956525,0.5891360786956525
0.556666667,1.563085344812488,-1.006418677812488,1.006418677812488
0.862222222,1.563085344812488,-0.700863122812488,0.700863122812488
32.7475,26.270142857999996,6.477357142000006,6.477357142000006
5.865,11.300836984059695,-5.435836984059694,5.435836984059694
0.575454545,1.563085344812488,-0.9876307998124879,0.9876307998124879
0.832307692,1.563085344812488,-0.730777652812488,0.730777652812488
0.70125,1.563085344812488,-0.8618353448124879,0.8618353448124879
2.4092,1.563085344812488,0.8461146551875118,0.8461146551875118
2.76,1.563085344812488,1.1969146551875118,1.1969146551875118
3.74,1.563085344812488,2.1769146551875123,2.1769146551875123
0.6575,1.563085344812488,-0.905585344812488,0.905585344812488
0.855526316,1.563085344812488,-0.707559028812488,0.707559028812488
1.437407407,1.563085344812488,-0.12567793781248793,0.12567793781248793
0.22375,1.563085344812488,-1.339335344812488,1.339335344812488
5.2775,6.494657308971428,-1.2171573089714283,1.2171573089714283
2.413448276,1.563085344812488,0.850362931187512,0.850362931187512
2.5968,1.563085344812488,1.033714655187512,1.033714655187512
0.6875,1.563085344812488,-0.875585344812488,0.875585344812488
7.44,9.681046992228643,-2.2410469922286422,2.2410469922286422
2.43962963,1.563085344812488,0.8765442851875123,0.8765442851875123
0.285714286,1.563085344812488,-1.277371058812488,1.277371058812488
104.9803571,112.90506835000001,-7.924711250000001,7.924711250000001
1.759285714,1.563085344812488,0.19620036918751205,0.19620036918751205
0.671,1.563085344812488,-0.8920853448124879,0.8920853448124879
0.77,1.563085344812488,-0.7930853448124879,0.7930853448124879
12.37333333,9.681046992228643,2.692286337771357,2.692286337771357
0.86,1.563085344812488,-0.703085344812488,0.703085344812488
1.532,1.563085344812488,-0.031085344812487925,0.031085344812487925
13248.16226,12261.328440125002,986.8338198749971,986.8338198749971
1.1425,1.563085344812488,-0.4205853448124879,0.4205853448124879
0.243333333,1.563085344812488,-1.319752011812488,1.319752011812488
1.113076923,1.563085344812488,-0.450008421812488,0.450008421812488
0.68,1.563085344812488,-0.8830853448124879,0.8830853448124879
7.930714286,8.392142857124998,-0.4614285711249986,0.4614285711249986
1.624285714,1.563085344812488,0.06120036918751204,0.06120036918751204
1.52952381,1.563085344812488,-0.033561534812488025,0.033561534812488025
0.273571429,1.563085344812488,-1.289513915812488,1.289513915812488
1.546774194,1.563085344812488,-0.016311150812488018,0.016311150812488018
0.341666667,1.563085344812488,-1.221418677812488,1.221418677812488
0.545,1.563085344812488,-1.018085344812488,1.018085344812488
18.23722222,18.902,-0.6647777800000014,0.6647777800000014
0.574594595,1.563085344812488,-0.988490749812488,0.988490749812488
0.57,1.563085344812488,-0.993085344812488,0.993085344812488
0.58,1.563085344812488,-0.983085344812488,0.983085344812488
0.346666667,1.563085344812488,-1.216418677812488,1.216418677812488
0.425555556,1.563085344812488,-1.137529788812488,1.137529788812488
0.663333333,1.563085344812488,-0.899752011812488,0.899752011812488
0.823636364,1.563085344812488,-0.739448980812488,0.739448980812488
31.91931034,1.563085344812488,30.35622499518751,30.35622499518751
0.748421053,1.563085344812488,-0.814664291812488,0.814664291812488
6.369090909,1.563085344812488,4.806005564187512,4.806005564187512
0.499285714,1.563085344812488,-1.063799630812488,1.063799630812488
7.076666667,1.563085344812488,5.513581322187512,5.513581322187512
0.7015,1.563085344812488,-0.8615853448124879,0.8615853448124879
1.513333333,1.563085344812488,-0.049752011812487895,0.049752011812487895
0.42625,1.563085344812488,-1.136835344812488,1.136835344812488
0.4375,1.563085344812488,-1.125585344812488,1.125585344812488
1.155,1.563085344812488,-0.4080853448124879,0.4080853448124879
0.585,1.563085344812488,-0.978085344812488,0.978085344812488
1.063333333,1.563085344812488,-0.49975201181248785,0.49975201181248785
0.352142857,1.563085344812488,-1.210942487812488,1.210942487812488
0.907272727,1.563085344812488,-0.655812617812488,0.655812617812488
0.3575,1.563085344812488,-1.205585344812488,1.205585344812488
1.223529412,1.563085344812488,-0.33955593281248797,0.33955593281248797
12.21604167,15.027901197857965,-2.8118595278579654,2.8118595278579654
0.2495,1.563085344812488,-1.313585344812488,1.313585344812488
0.975,1.563085344812488,-0.588085344812488,0.588085344812488
0.688125,1.563085344812488,-0.874960344812488,0.874960344812488
3.0,1.563085344812488,1.436914655187512,1.436914655187512
0.366666667,1.563085344812488,-1.196418677812488,1.196418677812488
2.68125,1.563085344812488,1.118164655187512,1.118164655187512
0.662307692,1.563085344812488,-0.900777652812488,0.900777652812488
1.186,1.563085344812488,-0.377085344812488,0.377085344812488
0.63875,1.563085344812488,-0.9243353448124879,0.9243353448124879
0.0,1.563085344812488,-1.563085344812488,1.563085344812488
2.75,1.563085344812488,1.186914655187512,1.186914655187512
0.931944444,1.563085344812488,-0.631140900812488,0.631140900812488
1.936111111,1.563085344812488,0.37302576618751204,0.37302576618751204
0.625,1.563085344812488,-0.938085344812488,0.938085344812488
0.888571429,1.563085344812488,-0.674513915812488,0.674513915812488
72.95916667,60.06111453,12.898052140000004,12.898052140000004
1.149,1.563085344812488,-0.41408534481248793,0.41408534481248793
0.457272727,1.563085344812488,-1.105812617812488,1.105812617812488
0.603333333,1.563085344812488,-0.9597520118124879,0.9597520118124879
1.2,1.563085344812488,-0.363085344812488,0.363085344812488
1.305,1.563085344812488,-0.258085344812488,0.258085344812488
0.8775,1.563085344812488,-0.685585344812488,0.685585344812488
0.695925926,1.563085344812488,-0.8671594188124879,0.8671594188124879
0.842727273,1.563085344812488,-0.7203580718124879,0.7203580718124879
0.636,1.563085344812488,-0.9270853448124879,0.9270853448124879
1.9025,1.563085344812488,0.3394146551875121,0.3394146551875121
2.78,1.563085344812488,1.2169146551875119,1.2169146551875119
9.29,6.494657308971428,2.795342691028571,2.795342691028571
0.113157895,1.563085344812488,-1.449927449812488,1.449927449812488
0.902857143,1.563085344812488,-0.660228201812488,0.660228201812488
1.115555556,1.563085344812488,-0.44752978881248806,0.44752978881248806
0.436,1.563085344812488,-1.127085344812488,1.127085344812488
1.097037037,1.563085344812488,-0.46604830781248796,0.46604830781248796
71.79642857,62.458975643800024,9.33745292619998,9.33745292619998
1.454444444,1.563085344812488,-0.108640900812488,0.108640900812488
1.045,1.563085344812488,-0.518085344812488,0.518085344812488
1.195454545,1.563085344812488,-0.3676307998124879,0.3676307998124879
0.964,1.563085344812488,-0.599085344812488,0.599085344812488
0.164285714,1.563085344812488,-1.398799630812488,1.398799630812488
0.941818182,1.563085344812488,-0.621267162812488,0.621267162812488
0.79,1.563085344812488,-0.7730853448124879,0.7730853448124879
4.02625,1.563085344812488,2.463164655187512,2.463164655187512
1.173529412,1.563085344812488,-0.389555932812488,0.389555932812488
3.305,1.563085344812488,1.7419146551875122,1.7419146551875122
0.7175,1.563085344812488,-0.8455853448124879,0.8455853448124879
11.604,9.681046992228643,1.9229530077713566,1.9229530077713566
3.844736842,1.563085344812488,2.281651497187512,2.281651497187512
1.621923077,1.563085344812488,0.05883773218751198,0.05883773218751198
0.349655172,1.563085344812488,-1.2134301728124879,1.2134301728124879
71.59666667,52.9206755686436,18.675991101356402,18.675991101356402
10.2626087,1.563085344812488,8.699523355187512,8.699523355187512
2.552727273,1.563085344812488,0.989641928187512,0.989641928187512
0.222916667,1.563085344812488,-1.340168677812488,1.340168677812488
0.661694915,1.563085344812488,-0.901390429812488,0.901390429812488
0.5,1.563085344812488,-1.063085344812488,1.063085344812488
0.3,1.563085344812488,-1.263085344812488,1.263085344812488
4.862857143,1.563085344812488,3.2997717981875123,3.2997717981875123
0.561052632,1.563085344812488,-1.002032712812488,1.002032712812488
2.081428571,1.563085344812488,0.518343226187512,0.518343226187512
0.31,1.563085344812488,-1.253085344812488,1.253085344812488
0.5196,1.563085344812488,-1.043485344812488,1.043485344812488
3.990526316,1.563085344812488,2.427440971187512,2.427440971187512
1.0,1.563085344812488,-0.563085344812488,0.563085344812488
1.025833333,1.563085344812488,-0.5372520118124879,0.5372520118124879
0.77,1.563085344812488,-0.7930853448124879,0.7930853448124879
1.624473684,1.563085344812488,0.061388339187512075,0.061388339187512075
54.9975,52.9206755686436,2.0768244313563997,2.0768244313563997
1.4275,1.563085344812488,-0.13558534481248796,0.13558534481248796
2.205,1.563085344812488,0.6419146551875121,0.6419146551875121
1.161,1.563085344812488,-0.4020853448124879,0.4020853448124879
0.368,1.563085344812488,-1.195085344812488,1.195085344812488
0.455,1.563085344812488,-1.1080853448124879,1.1080853448124879
1.896190476,1.563085344812488,0.33310513118751195,0.33310513118751195
0.314545455,1.563085344812488,-1.248539889812488,1.248539889812488
0.894915254,1.563085344812488,-0.6681700908124879,0.6681700908124879
8.578461538,1.563085344812488,7.015376193187513,7.015376193187513
0.756666667,1.563085344812488,-0.806418677812488,0.806418677812488
0.845555556,1.563085344812488,-0.717529788812488,0.717529788812488
0.3108,1.563085344812488,-1.252285344812488,1.252285344812488
0.8,1.563085344812488,-0.7630853448124879,0.7630853448124879
64.525,52.9206755686436,11.604324431356403,11.604324431356403
2.408888889,1.563085344812488,0.845803544187512,0.845803544187512
7.0436,15.027901197857965,-7.984301197857965,7.984301197857965
0.36,1.563085344812488,-1.203085344812488,1.203085344812488
1.383333333,1.563085344812488,-0.179752011812488,0.179752011812488
0.702727273,1.563085344812488,-0.8603580718124879,0.8603580718124879
0.448333333,1.563085344812488,-1.114752011812488,1.114752011812488
